[INFO] Starting MCP Gateway in containerized mode...
[INFO] Auto-detected baked-in WASM guards at /guards
[INFO] MCP_GATEWAY_WASM_GUARDS_DIR=/guards
[INFO] Running in containerized environment
[WARN] Could not determine container ID
[INFO] Docker daemon is accessible
[INFO] Required environment variables are set
[INFO] Set DOCKER_API_VERSION=1.48 (server current)
[INFO] Detecting host IP for container networking...
[INFO] Method 1 (primary interface): 10.1.1.230
[INFO] Using host IP: 10.1.1.230
[INFO] host.docker.internal already exists in /etc/hosts
[INFO] Gateway will listen on 0.0.0.0:8080
[INFO] Log directory: /tmp/gh-aw/mcp-logs/
[INFO] Command: ./awmg --routed --listen 0.0.0.0:8080 --config-stdin --log-dir /tmp/gh-aw/mcp-logs/
[INFO] Waiting for JSON configuration on stdin...
[INFO] 
[INFO] IMPORTANT: Configuration must be provided via stdin.
[INFO] No default configuration is used in containerized mode.
[INFO] 
config:feature Registered defaults setter: total=1 +56µs
config:feature Registered defaults setter: total=2 +10µs
config:feature Registered stdin converter: total=1 +1µs
cmd:root Checking for baked-in guard at /guards/github/00-github-guard.wasm +1µs
cmd:root Auto-detected baked-in guard: /guards/github/00-github-guard.wasm +35µs
cmd:root WASM cache dir resolved from default (logDir="/tmp/gh-aw/mcp-logs/"): "/tmp/gh-aw/mcp-logs/wazero-cache" +18µs
cmd:root Registering 5 flag groups +20µs
cmd:root WASM cache dir resolved from default (logDir="/tmp/gh-aw/mcp-logs/"): "/tmp/gh-aw/mcp-logs/wazero-cache" +42µs
cmd:root Flag group registration complete +19µs
cmd:root Registering flag completion functions +7µs
main:main Starting MCP Gateway application +821ns
version:version BuildVersionString: mainVersion="v0.3.19", gitCommit="", buildDate="" +3ms
version:version vcsCommitFromBuildInfo: vcs.revision not found in build settings +16µs
version:version BuildVersionString: result="v0.3.19" +12µs
main:main Built version string: v0.3.19 +34µs
version:version Setting gateway version: v0.3.19 +16µs
main:main Executing root command +16µs
2026/09/29 15:25:14 Logging level: DEBUG=* (from environment)
2026/09/29 15:25:14 Logging to file: /tmp/gh-aw/mcp-logs/mcp-gateway.log
2026/09/29 15:25:14 Initialized per-serverID logging in directory: /tmp/gh-aw/mcp-logs/
2026/09/29 15:25:14 Tools logging to file: /tmp/gh-aw/mcp-logs/tools.json
cmd:root Starting MCPG with config: stdin, listen: 0.0.0.0:8080 +1ms
cmd:root WASM cache dir resolved from default (logDir="/tmp/gh-aw/mcp-logs/"): "/tmp/gh-aw/mcp-logs/wazero-cache" +234µs
cmd:root Configuring WASM compilation cache: resolvedDir="/tmp/gh-aw/mcp-logs/wazero-cache", flagChanged=false +209µs
guard:wasm Configuring global compilation cache: dir="/tmp/gh-aw/mcp-logs/wazero-cache" +5ms
guard:wasm Creating disk-backed compilation cache: dir=/tmp/gh-aw/mcp-logs/wazero-cache +195µs
guard:wasm Global compilation cache replaced successfully +334µs
cmd:root WASM compilation cache configured: mode=disk, dir="/tmp/gh-aw/mcp-logs/wazero-cache" +1ms
2026/09/29 15:25:14 WASM compilation cache directory: /tmp/gh-aw/mcp-logs/wazero-cache
2026/09/29 15:25:14 Reading configuration from stdin...
config:config Loading configuration from stdin JSON +5ms
config:config Read 735 bytes from stdin +221µs
config:validation Expanding variables: context=raw JSON data +5ms
config:validation Expanded variable: GITHUB_SERVER_URL (found in environment) +228µs
config:validation Expanded variable: GITHUB_MCP_SERVER_TOKEN (found in environment) +235µs
config:validation Expanded variable: GH_AW_SAFE_OUTPUTS_API_KEY (found in environment) +244µs
config:validation Variable expansion completed: context=raw JSON data, undefined_count=0 +229µs
config:validation_schema Starting JSON schema validation: data_size=1113 bytes +7ms
config:validation_schema Compiling JSON schema for the first time +234µs
config:validation_schema Applied customServerConfig type fix: replaced negative-lookahead pattern with not-enum constraint +1ms
config:validation_schema Applied customSchemas patternProperties fix: replaced negative-lookahead key "^(?!stdio$|http$)[a-z][a-z0-9-]*$" with ^[a-z][a-z0-9-]*$ +278µs
config:validation_schema Added registry and Added guard-policies fields in stdioServerConfig +257µs
config:validation_schema Added registry and Updated guard-policies fields in httpServerConfig +242µs
config:validation_schema Added trustedBots and keepaliveInterval fields to gatewayConfig +216µs
config:validation_schema Schema fixes applied in 2.511571ms +341µs
config:validation_schema Schema compiled and cached successfully +1ms
config:validation_schema Schema compilation/retrieval took: 4.66563ms +267µs
config:validation_schema JSON parsing took: 18.017µs +231µs
config:validation_schema Schema validation took: 88.61µs +337µs
config:validation_schema Total validation completed successfully in 5.6692ms +199µs
config:config Parsed stdin config with 2 servers +7ms
config:validation_schema Validating string patterns: server_count=2 +644µs
config:validation_schema Validating server: name=github, type=stdio +214µs
config:validation_schema Validating server: name=safeoutputs, type=http +212µs
config:validation Validating gateway configuration +7ms
config:validation Validating gateway port: 8080 +194µs
config:rules Validating port range: port=8080, jsonPath=gateway.port +16ms
config:validation Validating payload directory: /tmp/gh-aw/mcp-payloads +525µs
config:rules Validating absolute path: field=payloadDir, value=/tmp/gh-aw/mcp-payloads, jsonPath=gateway.payloadDir +525µs
config:rules Valid Unix absolute path: /tmp/gh-aw/mcp-payloads +213µs
config:validation Gateway config validation passed +661µs
config:validation Validating gateway configuration +225µs
config:validation Validating gateway port: 8080 +206µs
config:rules Validating port range: port=8080, jsonPath=gateway.port +872µs
config:validation Validating payload directory: /tmp/gh-aw/mcp-payloads +445µs
config:rules Validating absolute path: field=payloadDir, value=/tmp/gh-aw/mcp-payloads, jsonPath=gateway.payloadDir +458µs
config:rules Valid Unix absolute path: /tmp/gh-aw/mcp-payloads +211µs
config:validation Gateway config validation passed +671µs
config:config_stdin Converting stdin config: 2 servers +17ms
config:config MCP_GATEWAY_TOOL_TIMEOUT not set in environment +4ms
config:feature Applying 2 default setter(s) +17ms
config:feature All default setters applied +200µs
config:validation Validating server config: name=github, type=stdio +1ms
config:validation Server config validation passed: name=github, type=stdio +198µs
config:config_stdin Server "github": expanding 4 environment variable(s) +1ms
config:validation Expanding env variables for server: github, count=4 +425µs
config:validation Expanding variables: context=jsonPath=mcpServers.github.env.GITHUB_HOST +232µs
config:validation Variable expansion completed: context=jsonPath=mcpServers.github.env.GITHUB_HOST, undefined_count=0 +210µs
config:validation Expanding variables: context=jsonPath=mcpServers.github.env.GITHUB_PERSONAL_ACCESS_TOKEN +233µs
config:validation Variable expansion completed: context=jsonPath=mcpServers.github.env.GITHUB_PERSONAL_ACCESS_TOKEN, undefined_count=0 +228µs
config:validation Expanding variables: context=jsonPath=mcpServers.github.env.GITHUB_READ_ONLY +288µs
config:validation Variable expansion completed: context=jsonPath=mcpServers.github.env.GITHUB_READ_ONLY, undefined_count=0 +223µs
config:validation Expanding variables: context=jsonPath=mcpServers.github.env.GITHUB_TOOLSETS +218µs
config:validation Variable expansion completed: context=jsonPath=mcpServers.github.env.GITHUB_TOOLSETS, undefined_count=0 +224µs
config:validation Env variable expansion completed for server: github +228µs
config:config_stdin Converting server "github": type=stdio +2ms
config:config_stdin Server "github": configured stdio container=ghcr.io/github/github-mcp-server:v1.0.4, env_vars=4, mounts=0 +203µs
config:config Configured stdio MCP server: name=github, container=ghcr.io/github/github-mcp-server:v1.0.4 +3ms
config:validation Validating server config: name=safeoutputs, type=http +833µs
config:validation Server config validation passed: name=safeoutputs, type=http +217µs
config:config_stdin Server "safeoutputs": expanding 1 HTTP header(s) +867µs
config:validation Expanding env variables for server: safeoutputs, count=1 +472µs
config:validation Expanding variables: context=jsonPath=mcpServers.safeoutputs.env.Authorization +305µs
config:validation Variable expansion completed: context=jsonPath=mcpServers.safeoutputs.env.Authorization, undefined_count=0 +243µs
config:validation Env variable expansion completed for server: safeoutputs +248µs
config:config_stdin Converting server "safeoutputs": type=http +1ms
config:config Configured HTTP MCP server: name=safeoutputs, url=http://host.docker.internal:3001 +2ms
2026/09/29 15:25:14 [CONFIG] Configured HTTP MCP server: safeoutputs -> http://host.docker.internal:3001
config:feature Applying 1 stdin converter(s) +5ms
config:feature All stdin converters applied +224µs
config:validation Validating guard policies: count=0 +1ms
config:config Converted stdin config to internal format with 2 servers +898µs
cmd:root Configuration loaded with 2 servers +20ms
2026/09/29 15:25:14 Loaded 2 MCP server(s)
config:guard_policy ResolveGuardPolicyOverride: cliChanged=false, hasCLIPolicyJSON=false, allowOnlyPublic=false, owner="", repo="", minIntegrity="" +25ms
config:guard_policy ResolveGuardPolicyOverride: no guard policy configured (nil) +284µs
difc:sink_server_ids Setting sink server IDs: input_count=0 +28ms
difc:sink_server_ids No sink server IDs provided, clearing configuration +233µs
2026/09/29 15:25:14 Guards sink server ID logging enrichment disabled (no sink server IDs configured)
2026/09/29 15:25:14 Parallel server launching enabled (default)
cmd:root Server mode: routed, guards mode: strict +2ms
cmd:root Initializing tracing provider +215µs
tracing:provider Tracing disabled: no OTLP endpoint configured +26ms
cmd:root Tracing provider initialized successfully +430µs
2026/09/29 15:25:14 OpenTelemetry tracing disabled (no OTLP endpoint configured)
server:unified Creating new unified server: sequentialLaunch=false, servers=2 +27ms
launcher:launcher Creating new launcher with 2 configured servers +28ms
sys:container Detecting container environment +30ms
sys:container Container detected via /.dockerenv +224µs
2026/09/29 15:25:14 [LAUNCHER] Detected running inside a container
config:config Resolved gateway config after defaulting: port=8080, startupTimeout=30, toolTimeout=60, keepaliveInterval=1500 +4ms
config:feature Applying 2 default setter(s) +5ms
config:feature All default setters applied +257µs
launcher:launcher Using startup timeout: 30s +1ms
launcher:pool Creating new session connection pool: idleTimeout=6h0m0s, cleanupInterval=5m0s, maxErrors=10 +29ms
server:unified Payload configuration: dir=/tmp/gh-aw/mcp-payloads, pathPrefix=, sizeThreshold=524288 bytes (512.00 KB) +2ms
launcher:pool Cleanup goroutine started +270µs
difc:agent Creating agent registry with defaults: secrecyTags=0, integrityTags=0 +32ms
difc:capabilities Creating new capabilities set +33ms
launcher:launcher Retrieved server IDs: count=2, ids=[github safeoutputs] +1ms
server:system_tools Creating new SysServer with 2 servers: [github safeoutputs] +30ms
server:unified Built allowed tool sets: 0 server(s) with tool restrictions +1ms
server:circuit_breaker Creating circuit breaker: serverID=github, threshold=3, cooldown=1m0s +30ms
server:circuit_breaker Created circuit breaker for server github: threshold=0, cooldown=0s +476µs
server:circuit_breaker Creating circuit breaker: serverID=safeoutputs, threshold=3, cooldown=1m0s +212µs
server:circuit_breaker Created circuit breaker for server safeoutputs: threshold=0, cooldown=0s +209µs
server:circuit_breaker buildCircuitBreakers: created 2 circuit breakers +208µs
guard:registry Creating new guard registry +35ms
launcher:launcher Retrieved server IDs: count=2, ids=[github safeoutputs] +2ms
server:guard_init Searching for WASM guard file: serverID=github, dir=/guards/github +33ms
server:guard_init Found WASM guard file: serverID=github, path=/guards/github/00-github-guard.wasm +295µs
guard:wasm Creating WASM guard: name=github, path=/guards/github/00-github-guard.wasm +30ms
guard:wasm Creating WASM guard from bytes: name=github, size=310015 +271µs
guard:wasm Instantiating WASM host functions: guard=github +1ms
guard:wasm WASM host functions instantiated: guard=github (call_backend, host_log) +325µs
guard:wasm WASM guard created successfully: name=github +101ms
server:guard_init Resolving guard policy: serverID=github +104ms
config:guard_policy ParseServerGuardPolicy: serverID=github, keyCount=1 +113ms
config:guard_policy ParsePolicyMap: hasAllowOnly=true, hasWriteSink=false, keyCount=1 +241µs
config:guard_policy Parsing guard policy JSON: len=112 +436µs
config:guard_policy UnmarshalJSON: parsing guard policy, keys=1 +296µs
config:guard_policy UnmarshalJSON: parsing allow-only policy, fields=5 +272µs
config:guard_policy UnmarshalJSON: allow-only policy parsed, repos=string, minIntegrity=none +262µs
config:guard_policy UnmarshalJSON: guard policy type is allow-only +271µs
config:guard_policy ValidateGuardPolicy: delegating to allow-only normalization +218µs
config:guard_policy Normalizing guard policy: integrity=none, reposType=string +238µs
config:guard_policy Guard policy normalized: scopeKind=all, integrity=none +215µs
server:guard_init Using server-level guard policy: serverID=github +2ms
guard:registry Registering guard for serverID=github, guardName=github +108ms
server:guard_init Searching for WASM guard file: serverID=safeoutputs, dir=/guards/safeoutputs +1ms
server:guard_init No WASM guard directory found for serverID=safeoutputs +222µs
server:guard_init Resolving guard policy: serverID=safeoutputs +258µs
config:guard_policy ParseServerGuardPolicy: serverID=safeoutputs, keyCount=1 +2ms
config:guard_policy ParsePolicyMap: hasAllowOnly=false, hasWriteSink=true, keyCount=1 +310µs
config:guard_policy Parsing guard policy JSON: len=31 +233µs
config:guard_policy UnmarshalJSON: parsing guard policy, keys=1 +248µs
config:guard_policy UnmarshalJSON: guard policy type is write-sink +239µs
config:guard_policy ValidateGuardPolicy: delegating to write-sink validation, acceptCount=1 +213µs
config:guard_policy ValidateWriteSinkPolicy: acceptCount=1 +242µs
config:guard_policy ValidateWriteSinkPolicy: wildcard accept, policy is valid +227µs
server:guard_init Using server-level guard policy: serverID=safeoutputs +2ms
guard:write-sink Creating write-sink guard with 1 accept patterns +148ms
server:guard_init Resolving guard policy: serverID=safeoutputs +906µs
config:guard_policy ParseServerGuardPolicy: serverID=safeoutputs, keyCount=1 +1ms
config:guard_policy ParsePolicyMap: hasAllowOnly=false, hasWriteSink=true, keyCount=1 +227µs
config:guard_policy Parsing guard policy JSON: len=31 +233µs
config:guard_policy UnmarshalJSON: parsing guard policy, keys=1 +235µs
config:guard_policy UnmarshalJSON: guard policy type is write-sink +270µs
config:guard_policy ValidateGuardPolicy: delegating to write-sink validation, acceptCount=1 +239µs
config:guard_policy ValidateWriteSinkPolicy: acceptCount=1 +224µs
config:guard_policy ValidateWriteSinkPolicy: wildcard accept, policy is valid +286µs
server:guard_init Using server-level guard policy: serverID=safeoutputs +2ms
guard:registry Registering guard for serverID=safeoutputs, guardName=write-sink +7ms
server:unified Auto-enabled DIFC: non-noop guard, global policy, or per-server guard policies detected +118ms
launcher:launcher Retrieved server IDs: count=2, ids=[safeoutputs github] +116ms
server:unified Registered 2 sys tools +1ms
launcher:launcher Retrieved server IDs: count=2, ids=[github safeoutputs] +831µs
server:unified Registering tools in parallel from 2 backends +406µs
server:unified Registering tools from backend: safeoutputs +312µs
server:unified Registering tools from backend: github +726ns
launcher:launcher Connection not found in cache, launching new: serverID=safeoutputs +1ms
launcher:launcher Retrieved server config: serverID=safeoutputs, type=http +480µs
mcp:http_transport Wrapping HTTP client with 1 custom header(s) +153ms
mcp:http_transport Attempting streamable HTTP transport: serverID=safeoutputs, url=http://host.docker.internal:3001, connectTimeout=30s +229µs
mcp:http_transport Creating HTTP connection: serverID=safeoutputs, url=http://host.docker.internal:3001, transport=streamable, headers=1, keepAlive=25m0s, connectTimeout=30s +4ms
mcp:connection Connected with streamable HTTP transport +158ms
launcher:launcher Recorded server start: serverID=safeoutputs +6ms
launcher:launcher Connection not found in cache, launching new: serverID=github +205µs
launcher:launcher Retrieved server config: serverID=github, type=stdio +190µs
mcp:connection Dispatching SDK method: tools/list, serverID=safeoutputs +2ms
launcher:launcher Launching new server: serverID=github, command=docker, inContainer=true, isDirectCommand=false +1ms
mcp:connection listTools: listing tools from serverID=safeoutputs +212µs
mcp:connection listtools: requesting tools list from backend serverID=safeoutputs +266µs
2026/09/29 15:25:14 [LAUNCHER] Command: docker
2026/09/29 15:25:14 [LAUNCHER] Args: [run --rm -i -e NO_COLOR=... -e TERM=... -e PYTHONUNBUFFERED=... -e GITHUB_TOOLSETS=issu... -e GITHUB_HOST=http... -e GITHUB_PERSONAL_ACCESS_TOKEN=ghs_... -e GITHUB_READ_ONLY=... ghcr.io/github/github-mcp-server:v1.0.4]
2026/09/29 15:25:14 [LAUNCHER] Starting server with 30s timeout
launcher:launcher Starting server with timeout: serverID=github, sessionID=, timeout=30s +1ms
launcher:launcher Starting connection goroutine: serverID=github +216µs
mcp:connection listtools: received page of 6 tools from serverID=safeoutputs +1ms
envutil:expand Expanding env args: input_count=18 +165ms
mcp:connection listtools: received 6 tools total from serverID=safeoutputs +214µs
envutil:expand Env args expansion complete: output_count=18 +709µs
mcp:connection Expanded args for Docker env: [run --rm -i -e NO_COLOR=... -e TERM=... -e PYTHONUNBUFFERED=... -e GITHUB_TOOLSETS=issu... -e GITHUB_HOST=http... -e GITHUB_PERSONAL_ACCESS_TOKEN=ghs_... -e GITHUB_READ_ONLY=... ghcr.io/github/github-mcp-server:v1.0.4] +708µs
mcp:connection Initiating MCP server connection and handshake +1ms
mcp:schema Normalizing input schema for tool: safeoutputs___add_comment +175ms
mcp:schema Tool safeoutputs___add_comment schema analysis: hasType=true +235µs
mcp:schema Tool safeoutputs___add_comment object type schema: hasProperties=true, hasAdditionalProperties=true +289µs
mcp:schema Tool safeoutputs___add_comment schema is valid, no normalization needed +240µs
middleware:jqschema ShouldApplyMiddleware: tool=safeoutputs___add_comment, applies=true +176ms
middleware:jqschema WrapToolHandler: wrapping tool=safeoutputs___add_comment, sizeThreshold=524288 bytes, baseDir=/tmp/gh-aw/mcp-payloads, pathPrefixSet=false +226µs
server:unified Registered tool: safeoutputs-add_comment +25ms
mcp:schema Normalizing input schema for tool: safeoutputs___add_labels +997µs
mcp:schema Tool safeoutputs___add_labels schema analysis: hasType=true +244µs
mcp:schema Tool safeoutputs___add_labels object type schema: hasProperties=true, hasAdditionalProperties=true +197µs
mcp:schema Tool safeoutputs___add_labels schema is valid, no normalization needed +197µs
middleware:jqschema ShouldApplyMiddleware: tool=safeoutputs___add_labels, applies=true +1ms
middleware:jqschema WrapToolHandler: wrapping tool=safeoutputs___add_labels, sizeThreshold=524288 bytes, baseDir=/tmp/gh-aw/mcp-payloads, pathPrefixSet=false +278µs
server:unified Registered tool: safeoutputs-add_labels +1ms
mcp:schema Normalizing input schema for tool: safeoutputs___missing_tool +964µs
mcp:schema Tool safeoutputs___missing_tool schema analysis: hasType=true +223µs
mcp:schema Tool safeoutputs___missing_tool object type schema: hasProperties=true, hasAdditionalProperties=true +208µs
mcp:schema Tool safeoutputs___missing_tool schema is valid, no normalization needed +214µs
middleware:jqschema ShouldApplyMiddleware: tool=safeoutputs___missing_tool, applies=true +1ms
middleware:jqschema WrapToolHandler: wrapping tool=safeoutputs___missing_tool, sizeThreshold=524288 bytes, baseDir=/tmp/gh-aw/mcp-payloads, pathPrefixSet=false +241µs
server:unified Registered tool: safeoutputs-missing_tool +1ms
mcp:schema Normalizing input schema for tool: safeoutputs___noop +1ms
mcp:schema Tool safeoutputs___noop schema analysis: hasType=true +274µs
mcp:schema Tool safeoutputs___noop object type schema: hasProperties=true, hasAdditionalProperties=true +243µs
mcp:schema Tool safeoutputs___noop schema is valid, no normalization needed +228µs
middleware:jqschema ShouldApplyMiddleware: tool=safeoutputs___noop, applies=true +2ms
middleware:jqschema WrapToolHandler: wrapping tool=safeoutputs___noop, sizeThreshold=524288 bytes, baseDir=/tmp/gh-aw/mcp-payloads, pathPrefixSet=false +387µs
server:unified Registered tool: safeoutputs-noop +2ms
mcp:schema Normalizing input schema for tool: safeoutputs___missing_data +8ms
mcp:schema Tool safeoutputs___missing_data schema analysis: hasType=true +1ms
mcp:schema Tool safeoutputs___missing_data object type schema: hasProperties=true, hasAdditionalProperties=true +175µs
mcp:schema Tool safeoutputs___missing_data schema is valid, no normalization needed +428µs
middleware:jqschema ShouldApplyMiddleware: tool=safeoutputs___missing_data, applies=true +10ms
middleware:jqschema WrapToolHandler: wrapping tool=safeoutputs___missing_data, sizeThreshold=524288 bytes, baseDir=/tmp/gh-aw/mcp-payloads, pathPrefixSet=false +522µs
server:unified Registered tool: safeoutputs-missing_data +11ms
mcp:schema Normalizing input schema for tool: safeoutputs___report_incomplete +1ms
mcp:schema Tool safeoutputs___report_incomplete schema analysis: hasType=true +297µs
mcp:schema Tool safeoutputs___report_incomplete object type schema: hasProperties=true, hasAdditionalProperties=true +1ms
mcp:schema Tool safeoutputs___report_incomplete schema is valid, no normalization needed +364µs
middleware:jqschema ShouldApplyMiddleware: tool=safeoutputs___report_incomplete, applies=true +2ms
middleware:jqschema WrapToolHandler: wrapping tool=safeoutputs___report_incomplete, sizeThreshold=524288 bytes, baseDir=/tmp/gh-aw/mcp-payloads, pathPrefixSet=false +335µs
server:unified Registered tool: safeoutputs-report_incomplete +3ms
server:unified Registered 6 tools from safeoutputs: safeoutputs-add_comment, safeoutputs-add_labels, safeoutputs-missing_tool, safeoutputs-noop, safeoutputs-missing_data, safeoutputs-report_incomplete +256µs
launcher:launcher Connection established: serverID=github +162ms
launcher:launcher Recorded server start: serverID=github +254µs
mcp:connection Dispatching SDK method: tools/list, serverID=github +160ms
mcp:connection listTools: listing tools from serverID=github +651µs
mcp:connection listtools: requesting tools list from backend serverID=github +242µs
mcp:connection listtools: received page of 6 tools from serverID=github +1ms
mcp:connection listtools: received 6 tools total from serverID=github +20ms
mcp:schema Normalizing input schema for tool: github___get_label +177ms
mcp:schema Tool github___get_label schema analysis: hasType=true +347µs
mcp:schema Tool github___get_label object type schema: hasProperties=true, hasAdditionalProperties=false +314µs
mcp:schema Tool github___get_label schema is valid, no normalization needed +241µs
middleware:jqschema ShouldApplyMiddleware: tool=github___get_label, applies=true +177ms
middleware:jqschema WrapToolHandler: wrapping tool=github___get_label, sizeThreshold=524288 bytes, baseDir=/tmp/gh-aw/mcp-payloads, pathPrefixSet=false +253µs
server:unified Registered tool: github-get_label +177ms
mcp:schema Normalizing input schema for tool: github___issue_read +1ms
mcp:schema Tool github___issue_read schema analysis: hasType=true +271µs
mcp:schema Tool github___issue_read object type schema: hasProperties=true, hasAdditionalProperties=false +258µs
mcp:schema Tool github___issue_read schema is valid, no normalization needed +220µs
middleware:jqschema ShouldApplyMiddleware: tool=github___issue_read, applies=true +1ms
middleware:jqschema WrapToolHandler: wrapping tool=github___issue_read, sizeThreshold=524288 bytes, baseDir=/tmp/gh-aw/mcp-payloads, pathPrefixSet=false +237µs
server:unified Registered tool: github-issue_read +1ms
mcp:schema Normalizing input schema for tool: github___list_issue_types +989µs
mcp:schema Tool github___list_issue_types schema analysis: hasType=true +273µs
mcp:schema Tool github___list_issue_types object type schema: hasProperties=true, hasAdditionalProperties=false +224µs
mcp:schema Tool github___list_issue_types schema is valid, no normalization needed +298µs
middleware:jqschema ShouldApplyMiddleware: tool=github___list_issue_types, applies=true +1ms
middleware:jqschema WrapToolHandler: wrapping tool=github___list_issue_types, sizeThreshold=524288 bytes, baseDir=/tmp/gh-aw/mcp-payloads, pathPrefixSet=false +223µs
server:unified Registered tool: github-list_issue_types +1ms
mcp:schema Normalizing input schema for tool: github___list_issues +890µs
mcp:schema Tool github___list_issues schema analysis: hasType=true +241µs
mcp:schema Tool github___list_issues object type schema: hasProperties=true, hasAdditionalProperties=false +230µs
mcp:schema Tool github___list_issues schema is valid, no normalization needed +224µs
middleware:jqschema ShouldApplyMiddleware: tool=github___list_issues, applies=true +1ms
middleware:jqschema WrapToolHandler: wrapping tool=github___list_issues, sizeThreshold=524288 bytes, baseDir=/tmp/gh-aw/mcp-payloads, pathPrefixSet=false +246µs
server:unified Registered tool: github-list_issues +1ms
mcp:schema Normalizing input schema for tool: github___list_label +966µs
mcp:schema Tool github___list_label schema analysis: hasType=true +235µs
mcp:schema Tool github___list_label object type schema: hasProperties=true, hasAdditionalProperties=false +353µs
mcp:schema Tool github___list_label schema is valid, no normalization needed +280µs
middleware:jqschema ShouldApplyMiddleware: tool=github___list_label, applies=true +1ms
middleware:jqschema WrapToolHandler: wrapping tool=github___list_label, sizeThreshold=524288 bytes, baseDir=/tmp/gh-aw/mcp-payloads, pathPrefixSet=false +242µs
server:unified Registered tool: github-list_label +1ms
mcp:schema Normalizing input schema for tool: github___search_issues +1ms
mcp:schema Tool github___search_issues schema analysis: hasType=true +228µs
mcp:schema Tool github___search_issues object type schema: hasProperties=true, hasAdditionalProperties=false +234µs
mcp:schema Tool github___search_issues schema is valid, no normalization needed +256µs
middleware:jqschema ShouldApplyMiddleware: tool=github___search_issues, applies=true +1ms
middleware:jqschema WrapToolHandler: wrapping tool=github___search_issues, sizeThreshold=524288 bytes, baseDir=/tmp/gh-aw/mcp-payloads, pathPrefixSet=false +238µs
server:unified Registered tool: github-search_issues +1ms
server:unified Registered 6 tools from github: github-get_label, github-issue_read, github-list_issue_types, github-list_issues, github-list_label, github-search_issues +261µs
server:unified Successfully registered tools from safeoutputs (took 46.253868ms) +269µs
server:unified Successfully registered tools from github (took 232.813755ms) +772µs
launcher:health Creating health monitor: interval=30s, maxRestartFailures=3 +385ms
launcher:health Starting health monitor: interval=30s +329µs
server:unified Unified server created successfully with 14 tools +1ms
launcher:health Health monitor goroutine started: interval=30s +518µs
2026/09/29 15:25:14 Starting MCPG in ROUTED mode on 0.0.0.0:8080
launcher:launcher Retrieved server IDs: count=2, ids=[github safeoutputs] +62ms
2026/09/29 15:25:14 Routes: /mcp/<server> where <server> is one of: [github safeoutputs]
server:routed Creating HTTP server for routed mode: addr=0.0.0.0:8080 +387ms
launcher:launcher Retrieved server IDs: count=2, ids=[github safeoutputs] +922µs
server:routed Registering routes for 2 backends: [github safeoutputs] +455µs
server:http_server Building MCP HTTP server: addr=0.0.0.0:8080, auth_enabled=true, hmac_enabled=false +388ms
server:handlers Creating OAuth discovery handler +388ms
server:handlers Creating OAuth discovery handler +241µs
server:handlers Creating close handler +247µs
server:auth Initialized auth middleware +389ms
server:http_server Session timeout configured: 6h0m0s +1ms
server:routed [CACHE] Creating filtered server cache: ttl=6h0m0s, maxSize=1000 +1ms
server:helpers Wrapping handler with middleware: logTag=routed:github, authEnabled=true, hmacEnabled=false +389ms
server:auth Initialized auth middleware +955µs
tracing:provider Registering HTTP handler with OTel span: span=gateway.request, extraAttrs=1 +363ms
server:helpers Middleware wrapping complete: logTag=routed:github +718µs
2026/09/29 15:25:14 Registered route: /mcp/github
server:helpers Wrapping handler with middleware: logTag=routed:safeoutputs, authEnabled=true, hmacEnabled=false +247µs
server:auth Initialized auth middleware +954µs
tracing:provider Registering HTTP handler with OTel span: span=gateway.request, extraAttrs=1 +993µs
server:helpers Middleware wrapping complete: logTag=routed:safeoutputs +744µs
2026/09/29 15:25:14 Registered route: /mcp/safeoutputs
server:http_server MCP HTTP server scaffold ready: addr=0.0.0.0:8080 +2ms
server:http_server Creating HTTP server: addr=0.0.0.0:8080 +212µs
2026/09/29 15:25:14 TLS not configured — listening on http://0.0.0.0:8080 (set --tls-cert/--tls-key to enable)
cmd:root Writing gateway config: listenAddr=0.0.0.0:8080, mode=routed, serverCount=2 +366ms
cmd:root Parsed listen address: host=0.0.0.0, port=8080 +282µs
cmd:root Resolved gateway address: host=0.0.0.0, port=8080 +206µs
cmd:root Gateway config: auth_enabled=true +230µs
cmd:root Gateway auth: apiKeyConfigured=true +239µs
cmd:root Writing server config: name=github, url=http://127.0.0.1:8080/mcp/github, toolCount=0 +449µs
cmd:root Wrote server config entry: name=github, url=http://127.0.0.1:8080/mcp/github, toolCount=0 +240µs
cmd:root Writing server config: name=safeoutputs, url=http://127.0.0.1:8080/mcp/safeoutputs, toolCount=0 +223µs
cmd:root Wrote server config entry: name=safeoutputs, url=http://127.0.0.1:8080/mcp/safeoutputs, toolCount=0 +250µs
cmd:root Gateway config written successfully: serverCount=2 +280µs
server:response_writer Creating new response writer with default status 200 +4.8s
server:health Health check request: method=GET, remote=[::1]:42986 +4.8s
server:health Building health response +251µs
launcher:launcher Retrieved server IDs: count=2, ids=[github safeoutputs] +4.4s
server:health Retrieved status for 2 servers +499µs
server:health Overall health status determined: healthy +212µs
server:health Health response: status=healthy, servers=2 +220µs
httputil:httputil Writing JSON response: statusCode=200 +4.8s
server:response_writer Setting response status code: 200 +2ms
httputil:httputil JSON response body size: 168 bytes +526µs
server:response_writer Writing response body: 168 bytes +509µs
server:response_writer Retrieving captured body: 168 bytes +195µs
server:response_writer Retrieving captured body: 168 bytes +222µs
server:response_writer Retrieving captured status code: 200 +258µs
server:helpers [[::1]:42986] GET /health - Status: 200, Response: {"status":"healthy","specVersion":"1.9.0","gatewayVersion":"v0.3.19","servers":{"github":{"status":"running","uptime":4},"safeoutputs":{"status":"running","uptime":4}}} +4.4s
tracing:provider Handling request: span=gateway.request, method=POST, path=/mcp/github, remoteParent=false +4.5s
tracing:provider Span started: span=gateway.request, traceID=00000000000000000000000000000000 +463µs
server:auth Authenticating request: method=POST, path=/mcp/github, remote=127.0.0.1:42580 +4.5s
auth:header Extracting session ID from auth header: sanitized=r9hB... +4.9s
auth:header Using plain API key as session ID +218µs
server:sdk-frontend >>> SDK Request [routed:github] session=r9hBDzr7... mcp-session=(none) method=POST path=/mcp/github +4.9s
server:sdk-frontend     JSON-RPC Request: method=ping id=1 +263µs
server:response_writer Creating new response writer with default status 200 +64ms
server:session Extracting session from request: remote=127.0.0.1:42580, path=/mcp/github +4.9s
auth:header Extracting session ID from auth header: sanitized=r9hB... +1ms
auth:header Using plain API key as session ID +227µs
server:session Session extracted successfully: sessionID=r9hBDzr7..., remote=127.0.0.1:42580 +696µs
server:helpers Checking request body: method=POST, hasBody=true, sessionID=r9hBDzr7... +65ms
server:helpers Request body read: size=40 bytes, sessionID=r9hBDzr7..., backendID=github +210µs
server:helpers Request body logged for debugging +397µs
server:session Injecting session context: sessionID=r9hBDzr7..., backendID=github +1ms
guard:context Setting agent ID in context: r9hBDzr7i7fbNU8wge9KaPQDr8vB9RkNYd7tKEjAW0hbweUjRiiscSu1zfKA +4.9s
server:session Adding backend ID to context: backendID=github +490µs
server:session Session context injected successfully +207µs
server:routed [CACHE] Creating new filtered server: backend=github, session=r9hBDzr7... +4.5s
server:routed Creating filtered server: backend=github +211µs
server:unified GetToolsForBackend: backendID=github, found=6 tools +4.5s
2026/09/29 15:25:18 Creating filtered server for github with 6 tools
server:routed Backend github has 6 tools available +384µs
server:routed [INFO] server connecting +392µs
server:routed [INFO] server session connected session_id=VAQLHUKMBAV2MEIV3LXYBG3YKJ +230µs
server:response_writer Writing response body: 59 bytes +4ms
server:routed [INFO] server session disconnected session_id=VAQLHUKMBAV2MEIV3LXYBG3YKJ +632µs
server:response_writer Retrieving captured body: 59 bytes +586µs
server:response_writer Retrieving captured status code: 200 +215µs
server:sdk-frontend <<< SDK Response [routed:github] status=200 duration=6.355003ms (non-JSON or stream) +6ms
server:sdk-frontend     Raw response: event: message
data: {"jsonrpc":"2.0","id":1,"result":{}}

 +209µs
tracing:provider Handling request: span=gateway.request, method=POST, path=/mcp/github, remoteParent=false +16ms
tracing:provider Span started: span=gateway.request, traceID=00000000000000000000000000000000 +312µs
server:auth Authenticating request: method=POST, path=/mcp/github, remote=127.0.0.1:42592 +16ms
auth:header Extracting session ID from auth header: sanitized=r9hB... +14ms
auth:header Using plain API key as session ID +182µs
server:sdk-frontend >>> SDK Request [routed:github] session=r9hBDzr7... mcp-session=(none) method=POST path=/mcp/github +9ms
server:sdk-frontend     JSON-RPC Request: method=initialize id=2 +227µs
server:response_writer Creating new response writer with default status 200 +10ms
server:session Extracting session from request: remote=127.0.0.1:42592, path=/mcp/github +13ms
auth:header Extracting session ID from auth header: sanitized=r9hB... +1ms
auth:header Using plain API key as session ID +227µs
server:session Session extracted successfully: sessionID=r9hBDzr7..., remote=127.0.0.1:42592 +687µs
server:helpers Checking request body: method=POST, hasBody=true, sessionID=r9hBDzr7... +15ms
server:helpers Request body read: size=166 bytes, sessionID=r9hBDzr7..., backendID=github +197µs
server:helpers Request body logged for debugging +467µs
server:session Injecting session context: sessionID=r9hBDzr7..., backendID=github +1ms
guard:context Setting agent ID in context: r9hBDzr7i7fbNU8wge9KaPQDr8vB9RkNYd7tKEjAW0hbweUjRiiscSu1zfKA +16ms
server:session Adding backend ID to context: backendID=github +498µs
server:session Session context injected successfully +178µs
server:routed [CACHE] Cache hit: key=github/r9hBDzr7... +14ms
server:routed [INFO] server connecting +225µs
server:routed [INFO] server session connected session_id=PLU65ESFQJ2KXWCBP6EHWK6BOH +228µs
server:response_writer Writing response body: 204 bytes +4ms
server:response_writer Retrieving captured body: 204 bytes +296µs
server:response_writer Retrieving captured status code: 200 +236µs
server:sdk-frontend <<< SDK Response [routed:github] status=200 duration=5.344395ms (non-JSON or stream) +5ms
server:sdk-frontend     Raw response: event: message
data: {"jsonrpc":"2.0","id":2,"result":{"capabilities":{"logging":{},"tools":{"listChanged":true}},"protocolVersion":"2024-11-05","serverInfo":{"name":"awmg-github","version":"v0.3.19"}}}

 +204µs
tracing:provider Handling request: span=gateway.request, method=POST, path=/mcp/github, remoteParent=false +17ms
tracing:provider Span started: span=gateway.request, traceID=00000000000000000000000000000000 +284µs
server:auth Authenticating request: method=POST, path=/mcp/github, remote=127.0.0.1:42596 +18ms
auth:header Extracting session ID from auth header: sanitized=r9hB... +16ms
auth:header Using plain API key as session ID +254µs
server:sdk-frontend >>> SDK Request [routed:github] session=r9hBDzr7... mcp-session=PLU65ESF... method=POST path=/mcp/github +12ms
server:sdk-frontend     JSON-RPC Request: method=tools/list id=3 +289µs
server:response_writer Creating new response writer with default status 200 +13ms
server:response_writer Writing response body: 4441 bytes +460µs
server:response_writer Retrieving captured body: 4441 bytes +289µs
server:response_writer Retrieving captured status code: 200 +240µs
server:sdk-frontend <<< SDK Response [routed:github] status=200 duration=2.053253ms (non-JSON or stream) +1ms
server:sdk-frontend     Raw response (truncated): event: message
data: {"jsonrpc":"2.0","id":3,"result":{"tools":[{"description":"[github] Get a specific label from a repository.","inputSchema":{"properties":{"name":{"description":"Label name.","type":"string"},"owner":{"description":"Repository owner (username or organization name)","type":"string"},"repo":{"description":"Repository name","type":"string"}},"required":["owner","repo","name"],"type":"object"},"name":"get_label"},{"description":"[github] Get information about a specific issue in ... +197µs
tracing:provider Handling request: span=gateway.request, method=POST, path=/mcp/safeoutputs, remoteParent=false +31ms
tracing:provider Span started: span=gateway.request, traceID=00000000000000000000000000000000 +374µs
server:auth Authenticating request: method=POST, path=/mcp/safeoutputs, remote=127.0.0.1:42606 +31ms
auth:header Extracting session ID from auth header: sanitized=r9hB... +39ms
auth:header Using plain API key as session ID +421µs
server:sdk-frontend >>> SDK Request [routed:safeoutputs] session=r9hBDzr7... mcp-session=(none) method=POST path=/mcp/safeoutputs +37ms
server:sdk-frontend     JSON-RPC Request: method=ping id=1 +309µs
server:response_writer Creating new response writer with default status 200 +38ms
server:session Extracting session from request: remote=127.0.0.1:42606, path=/mcp/safeoutputs +55ms
auth:header Extracting session ID from auth header: sanitized=r9hB... +1ms
auth:header Using plain API key as session ID +231µs
server:session Session extracted successfully: sessionID=r9hBDzr7..., remote=127.0.0.1:42606 +747µs
server:helpers Checking request body: method=POST, hasBody=true, sessionID=r9hBDzr7... +57ms
server:helpers Request body read: size=40 bytes, sessionID=r9hBDzr7..., backendID=safeoutputs +233µs
server:helpers Request body logged for debugging +441µs
server:session Injecting session context: sessionID=r9hBDzr7..., backendID=safeoutputs +1ms
guard:context Setting agent ID in context: r9hBDzr7i7fbNU8wge9KaPQDr8vB9RkNYd7tKEjAW0hbweUjRiiscSu1zfKA +77ms
server:session Adding backend ID to context: backendID=safeoutputs +20ms
server:session Session context injected successfully +852µs
server:routed [CACHE] Creating new filtered server: backend=safeoutputs, session=r9hBDzr7... +78ms
server:routed Creating filtered server: backend=safeoutputs +296µs
server:unified GetToolsForBackend: backendID=safeoutputs, found=6 tools +95ms
2026/09/29 15:25:18 Creating filtered server for safeoutputs with 6 tools
server:routed Backend safeoutputs has 6 tools available +600µs
server:routed [INFO] server connecting +457µs
server:routed [INFO] server session connected session_id=WYXWW35QW6A26ULWCYGPU7H6FZ +249µs
server:response_writer Writing response body: 59 bytes +25ms
server:routed [INFO] server session disconnected session_id=WYXWW35QW6A26ULWCYGPU7H6FZ +717µs
server:response_writer Retrieving captured body: 59 bytes +681µs
server:response_writer Retrieving captured status code: 200 +238µs
server:sdk-frontend <<< SDK Response [routed:safeoutputs] status=200 duration=27.842086ms (non-JSON or stream) +27ms
server:sdk-frontend     Raw response: event: message
data: {"jsonrpc":"2.0","id":1,"result":{}}

 +271µs
tracing:provider Handling request: span=gateway.request, method=POST, path=/mcp/safeoutputs, remoteParent=false +46ms
tracing:provider Span started: span=gateway.request, traceID=00000000000000000000000000000000 +325µs
server:auth Authenticating request: method=POST, path=/mcp/safeoutputs, remote=127.0.0.1:42622 +46ms
auth:header Extracting session ID from auth header: sanitized=r9hB... +38ms
auth:header Using plain API key as session ID +349µs
server:sdk-frontend >>> SDK Request [routed:safeoutputs] session=r9hBDzr7... mcp-session=(none) method=POST path=/mcp/safeoutputs +12ms
server:sdk-frontend     JSON-RPC Request: method=initialize id=2 +236µs
server:response_writer Creating new response writer with default status 200 +14ms
server:session Extracting session from request: remote=127.0.0.1:42622, path=/mcp/safeoutputs +17ms
auth:header Extracting session ID from auth header: sanitized=r9hB... +1ms
auth:header Using plain API key as session ID +209µs
server:session Session extracted successfully: sessionID=r9hBDzr7..., remote=127.0.0.1:42622 +674µs
server:helpers Checking request body: method=POST, hasBody=true, sessionID=r9hBDzr7... +39ms
server:helpers Request body read: size=166 bytes, sessionID=r9hBDzr7..., backendID=safeoutputs +227µs
server:helpers Request body logged for debugging +505µs
server:session Injecting session context: sessionID=r9hBDzr7..., backendID=safeoutputs +1ms
guard:context Setting agent ID in context: r9hBDzr7i7fbNU8wge9KaPQDr8vB9RkNYd7tKEjAW0hbweUjRiiscSu1zfKA +21ms
server:session Adding backend ID to context: backendID=safeoutputs +440µs
server:session Session context injected successfully +215µs
server:routed [CACHE] Cache hit: key=safeoutputs/r9hBDzr7... +17ms
server:routed [INFO] server connecting +224µs
server:routed [INFO] server session connected session_id=AFHGLMGW6PQCBJDW536A77SRC7 +263µs
server:response_writer Writing response body: 209 bytes +4ms
server:response_writer Retrieving captured body: 209 bytes +281µs
server:response_writer Retrieving captured status code: 200 +231µs
server:sdk-frontend <<< SDK Response [routed:safeoutputs] status=200 duration=5.565998ms (non-JSON or stream) +5ms
server:sdk-frontend     Raw response: event: message
data: {"jsonrpc":"2.0","id":2,"result":{"capabilities":{"logging":{},"tools":{"listChanged":true}},"protocolVersion":"2024-11-05","serverInfo":{"name":"awmg-safeoutputs","version":"v0.3.19"}}}

 +208µs
tracing:provider Handling request: span=gateway.request, method=POST, path=/mcp/safeoutputs, remoteParent=false +20ms
tracing:provider Span started: span=gateway.request, traceID=00000000000000000000000000000000 +332µs
server:auth Authenticating request: method=POST, path=/mcp/safeoutputs, remote=127.0.0.1:42630 +21ms
auth:header Extracting session ID from auth header: sanitized=r9hB... +16ms
auth:header Using plain API key as session ID +213µs
server:sdk-frontend >>> SDK Request [routed:safeoutputs] session=r9hBDzr7... mcp-session=AFHGLMGW... method=POST path=/mcp/safeoutputs +13ms
server:sdk-frontend     JSON-RPC Request: method=tools/list id=3 +217µs
server:response_writer Creating new response writer with default status 200 +14ms
server:response_writer Writing response body: 8550 bytes +458µs
server:response_writer Retrieving captured body: 8550 bytes +309µs
server:response_writer Retrieving captured status code: 200 +272µs
server:sdk-frontend <<< SDK Response [routed:safeoutputs] status=200 duration=1.991787ms (non-JSON or stream) +1ms
server:sdk-frontend     Raw response (truncated): event: message
data: {"jsonrpc":"2.0","id":3,"result":{"tools":[{"description":"[safeoutputs] WRITE-ONCE: do NOT call this tool with empty or placeholder arguments to probe or discover its schema — the required `body` field is listed in this schema; if you are not ready to post a real comment, call `noop` instead. Adds a comment to an existing GitHub issue, pull request, or discussion. Use this to provide feedback, answer questions, or add information to an existing conversation. For creating ... +226µs
tracing:provider Handling request: span=gateway.request, method=POST, path=/mcp/safeoutputs, remoteParent=false +121ms
tracing:provider Span started: span=gateway.request, traceID=00000000000000000000000000000000 +586µs
server:auth Authenticating request: method=POST, path=/mcp/safeoutputs, remote=127.0.0.1:42640 +122ms
auth:header Extracting session ID from auth header: sanitized=r9hB... +122ms
auth:header Using plain API key as session ID +192µs
server:sdk-frontend >>> SDK Request [routed:safeoutputs] session=r9hBDzr7... mcp-session=(none) method=POST path=/mcp/safeoutputs +120ms
server:sdk-frontend     JSON-RPC Request: method=initialize id=1 +256µs
server:response_writer Creating new response writer with default status 200 +121ms
server:session Extracting session from request: remote=127.0.0.1:42640, path=/mcp/safeoutputs +138ms
auth:header Extracting session ID from auth header: sanitized=r9hB... +1ms
auth:header Using plain API key as session ID +201µs
server:session Session extracted successfully: sessionID=r9hBDzr7..., remote=127.0.0.1:42640 +668µs
server:helpers Checking request body: method=POST, hasBody=true, sessionID=r9hBDzr7... +140ms
server:helpers Request body read: size=162 bytes, sessionID=r9hBDzr7..., backendID=safeoutputs +205µs
server:helpers Request body logged for debugging +858µs
server:session Injecting session context: sessionID=r9hBDzr7..., backendID=safeoutputs +1ms
guard:context Setting agent ID in context: r9hBDzr7i7fbNU8wge9KaPQDr8vB9RkNYd7tKEjAW0hbweUjRiiscSu1zfKA +141ms
server:session Adding backend ID to context: backendID=safeoutputs +521µs
server:session Session context injected successfully +236µs
server:routed [CACHE] Cache hit: key=safeoutputs/r9hBDzr7... +141ms
server:routed [INFO] server connecting +229µs
server:routed [INFO] server session connected session_id=BEQOWPY6AUUOP3YWGCMSM5KDQK +229µs
server:response_writer Writing response body: 209 bytes +4ms
server:response_writer Retrieving captured body: 209 bytes +304µs
server:response_writer Retrieving captured status code: 200 +236µs
server:sdk-frontend <<< SDK Response [routed:safeoutputs] status=200 duration=5.708253ms (non-JSON or stream) +5ms
server:sdk-frontend     Raw response: event: message
data: {"jsonrpc":"2.0","id":1,"result":{"capabilities":{"logging":{},"tools":{"listChanged":true}},"protocolVersion":"2024-11-05","serverInfo":{"name":"awmg-safeoutputs","version":"v0.3.19"}}}

 +223µs
tracing:provider Handling request: span=gateway.request, method=POST, path=/mcp/safeoutputs, remoteParent=false +9ms
tracing:provider Span started: span=gateway.request, traceID=00000000000000000000000000000000 +300µs
server:auth Authenticating request: method=POST, path=/mcp/safeoutputs, remote=127.0.0.1:42640 +9ms
auth:header Extracting session ID from auth header: sanitized=r9hB... +8ms
auth:header Using plain API key as session ID +217µs
server:sdk-frontend >>> SDK Request [routed:safeoutputs] session=r9hBDzr7... mcp-session=BEQOWPY6... method=POST path=/mcp/safeoutputs +3ms
server:sdk-frontend     JSON-RPC Request: method=notifications/initialized id=<nil> +227µs
server:response_writer Creating new response writer with default status 200 +5ms
server:response_writer Setting response status code: 202 +285µs
server:routed [INFO] session initialized +6ms
server:response_writer Retrieving captured body: 0 bytes +262µs
server:response_writer Retrieving captured status code: 202 +624µs
server:sdk-frontend <<< SDK Response [routed:safeoutputs] status=202 duration=1.62793ms (empty body) +1ms
tracing:provider Handling request: span=gateway.request, method=POST, path=/mcp/safeoutputs, remoteParent=false +4ms
tracing:provider Span started: span=gateway.request, traceID=00000000000000000000000000000000 +272µs
server:auth Authenticating request: method=POST, path=/mcp/safeoutputs, remote=127.0.0.1:42640 +4ms
auth:header Extracting session ID from auth header: sanitized=r9hB... +4ms
auth:header Using plain API key as session ID +223µs
server:sdk-frontend >>> SDK Request [routed:safeoutputs] session=r9hBDzr7... mcp-session=BEQOWPY6... method=POST path=/mcp/safeoutputs +2ms
server:sdk-frontend     JSON-RPC Request: method=tools/list id=2 +333µs
server:response_writer Creating new response writer with default status 200 +3ms
server:response_writer Writing response body: 8550 bytes +434µs
server:response_writer Retrieving captured body: 8550 bytes +285µs
server:response_writer Retrieving captured status code: 200 +286µs
server:sdk-frontend <<< SDK Response [routed:safeoutputs] status=200 duration=1.923446ms (non-JSON or stream) +1ms
server:sdk-frontend     Raw response (truncated): event: message
data: {"jsonrpc":"2.0","id":2,"result":{"tools":[{"description":"[safeoutputs] WRITE-ONCE: do NOT call this tool with empty or placeholder arguments to probe or discover its schema — the required `body` field is listed in this schema; if you are not ready to post a real comment, call `noop` instead. Adds a comment to an existing GitHub issue, pull request, or discussion. Use this to provide feedback, answer questions, or add information to an existing conversation. For creating ... +207µs
tracing:provider Handling request: span=gateway.request, method=POST, path=/mcp/github, remoteParent=false +15.8s
tracing:provider Span started: span=gateway.request, traceID=00000000000000000000000000000000 +440µs
server:auth Authenticating request: method=POST, path=/mcp/github, remote=172.30.0.20:48162 +15.8s
auth:header Extracting session ID from auth header: sanitized=r9hB... +15.8s
auth:header Using plain API key as session ID +215µs
server:sdk-frontend >>> SDK Request [routed:github] session=r9hBDzr7... mcp-session=(none) method=POST path=/mcp/github +15.8s
server:sdk-frontend     JSON-RPC Request: method=initialize id=0 +312µs
tracing:provider Handling request: span=gateway.request, method=POST, path=/mcp/safeoutputs, remoteParent=false +2ms
server:response_writer Creating new response writer with default status 200 +15.8s
tracing:provider Span started: span=gateway.request, traceID=00000000000000000000000000000000 +343µs
server:auth Authenticating request: method=POST, path=/mcp/safeoutputs, remote=172.30.0.20:48168 +2ms
auth:header Extracting session ID from auth header: sanitized=r9hB... +2ms
auth:header Using plain API key as session ID +271µs
server:session Extracting session from request: remote=172.30.0.20:48162, path=/mcp/github +15.9s
auth:header Extracting session ID from auth header: sanitized=r9hB... +539µs
auth:header Using plain API key as session ID +250µs
server:session Session extracted successfully: sessionID=r9hBDzr7..., remote=172.30.0.20:48162 +760µs
server:sdk-frontend >>> SDK Request [routed:safeoutputs] session=r9hBDzr7... mcp-session=(none) method=POST path=/mcp/safeoutputs +3ms
server:sdk-frontend     JSON-RPC Request: method=initialize id=0 +241µs
server:response_writer Creating new response writer with default status 200 +3ms
server:session Extracting session from request: remote=172.30.0.20:48168, path=/mcp/safeoutputs +1ms
auth:header Extracting session ID from auth header: sanitized=r9hB... +1ms
server:helpers Checking request body: method=POST, hasBody=true, sessionID=r9hBDzr7... +15.9s
server:helpers Request body read: size=208 bytes, sessionID=r9hBDzr7..., backendID=github +224µs
auth:header Using plain API key as session ID +989µs
server:session Session extracted successfully: sessionID=r9hBDzr7..., remote=172.30.0.20:48168 +1ms
server:helpers Checking request body: method=POST, hasBody=true, sessionID=r9hBDzr7... +1ms
server:helpers Request body read: size=208 bytes, sessionID=r9hBDzr7..., backendID=safeoutputs +217µs
server:helpers Request body logged for debugging +456µs
server:session Injecting session context: sessionID=r9hBDzr7..., backendID=github +1ms
guard:context Setting agent ID in context: r9hBDzr7i7fbNU8wge9KaPQDr8vB9RkNYd7tKEjAW0hbweUjRiiscSu1zfKA +15.9s
server:session Adding backend ID to context: backendID=github +491µs
server:session Session context injected successfully +581µs
server:routed [CACHE] Cache hit: key=github/r9hBDzr7... +15.9s
server:helpers Request body logged for debugging +1ms
server:session Injecting session context: sessionID=r9hBDzr7..., backendID=safeoutputs +760µs
guard:context Setting agent ID in context: r9hBDzr7i7fbNU8wge9KaPQDr8vB9RkNYd7tKEjAW0hbweUjRiiscSu1zfKA +1ms
server:session Adding backend ID to context: backendID=safeoutputs +457µs
server:session Session context injected successfully +224µs
server:routed [INFO] server connecting +1ms
server:routed [CACHE] Cache hit: key=safeoutputs/r9hBDzr7... +84µs
server:routed [INFO] server session connected session_id=BYVAAWFVEU7EGJWCGLKJ5JXICQ +207µs
server:response_writer Writing response body: 204 bytes +6ms
server:routed [INFO] server connecting +416µs
server:routed [INFO] server session connected session_id=KVZQUHEFXRRHU5GOGGKHQJJJ3J +295µs
server:response_writer Writing response body: 209 bytes +689µs
server:response_writer Retrieving captured body: 204 bytes +229µs
server:response_writer Retrieving captured body: 209 bytes +358µs
server:response_writer Retrieving captured status code: 200 +200µs
server:sdk-frontend <<< SDK Response [routed:github] status=200 duration=12.30138ms (non-JSON or stream) +8ms
server:response_writer Retrieving captured status code: 200 +599µs
server:sdk-frontend <<< SDK Response [routed:safeoutputs] status=200 duration=10.364635ms (non-JSON or stream) +468µs
server:sdk-frontend     Raw response: event: message
data: {"jsonrpc":"2.0","id":0,"result":{"capabilities":{"logging":{},"tools":{"listChanged":true}},"protocolVersion":"2025-11-25","serverInfo":{"name":"awmg-safeoutputs","version":"v0.3.19"}}}

 +270µs
server:sdk-frontend     Raw response: event: message
data: {"jsonrpc":"2.0","id":0,"result":{"capabilities":{"logging":{},"tools":{"listChanged":true}},"protocolVersion":"2025-11-25","serverInfo":{"name":"awmg-github","version":"v0.3.19"}}}

 +527µs
tracing:provider Handling request: span=gateway.request, method=POST, path=/mcp/github, remoteParent=false +25ms
tracing:provider Span started: span=gateway.request, traceID=00000000000000000000000000000000 +320µs
server:auth Authenticating request: method=POST, path=/mcp/github, remote=172.30.0.20:48178 +26ms
auth:header Extracting session ID from auth header: sanitized=r9hB... +22ms
auth:header Using plain API key as session ID +242µs
server:sdk-frontend >>> SDK Request [routed:github] session=r9hBDzr7... mcp-session=BYVAAWFV... method=POST path=/mcp/github +14ms
server:sdk-frontend     JSON-RPC Request: method=notifications/initialized id=<nil> +274µs
tracing:provider Handling request: span=gateway.request, method=POST, path=/mcp/safeoutputs, remoteParent=false +1ms
server:response_writer Creating new response writer with default status 200 +16ms
server:response_writer Setting response status code: 202 +264µs
server:routed [INFO] session initialized +18ms
server:response_writer Retrieving captured body: 0 bytes +327µs
tracing:provider Span started: span=gateway.request, traceID=00000000000000000000000000000000 +1ms
server:auth Authenticating request: method=POST, path=/mcp/safeoutputs, remote=172.30.0.20:48190 +2ms
server:response_writer Retrieving captured status code: 202 +915µs
server:sdk-frontend <<< SDK Response [routed:github] status=202 duration=1.802992ms (empty body) +2ms
tracing:provider Handling request: span=gateway.request, method=GET, path=/mcp/github, remoteParent=false +2ms
tracing:provider Span started: span=gateway.request, traceID=00000000000000000000000000000000 +20ms
auth:header Extracting session ID from auth header: sanitized=r9hB... +25ms
server:auth Authenticating request: method=GET, path=/mcp/github, remote=172.30.0.20:48162 +23ms
auth:header Using plain API key as session ID +432µs
auth:header Extracting session ID from auth header: sanitized=r9hB... +487µs
auth:header Using plain API key as session ID +353µs
server:sdk-frontend >>> SDK Request [routed:github] session=r9hBDzr7... mcp-session=BYVAAWFV... method=GET path=/mcp/github +24ms
server:response_writer Creating new response writer with default status 200 +25ms
server:sdk-frontend >>> SDK Request [routed:safeoutputs] session=r9hBDzr7... mcp-session=KVZQUHEF... method=POST path=/mcp/safeoutputs +765µs
server:sdk-frontend     JSON-RPC Request: method=notifications/initialized id=<nil> +6ms
server:response_writer Setting response status code: 200 +7ms
server:response_writer Creating new response writer with default status 200 +482µs
server:response_writer Setting response status code: 202 +298µs
server:routed [INFO] session initialized +34ms
server:response_writer Retrieving captured body: 0 bytes +392µs
server:response_writer Retrieving captured status code: 202 +243µs
server:sdk-frontend <<< SDK Response [routed:safeoutputs] status=202 duration=10.363494ms (empty body) +2ms
tracing:provider Handling request: span=gateway.request, method=GET, path=/mcp/safeoutputs, remoteParent=false +12ms
tracing:provider Span started: span=gateway.request, traceID=00000000000000000000000000000000 +253µs
server:auth Authenticating request: method=GET, path=/mcp/safeoutputs, remote=172.30.0.20:48168 +12ms
auth:header Extracting session ID from auth header: sanitized=r9hB... +11ms
auth:header Using plain API key as session ID +224µs
server:sdk-frontend >>> SDK Request [routed:safeoutputs] session=r9hBDzr7... mcp-session=KVZQUHEF... method=GET path=/mcp/safeoutputs +2ms
server:response_writer Creating new response writer with default status 200 +3ms
server:response_writer Setting response status code: 200 +256µs
tracing:provider Handling request: span=gateway.request, method=POST, path=/mcp/github, remoteParent=false +21ms
tracing:provider Span started: span=gateway.request, traceID=00000000000000000000000000000000 +346µs
server:auth Authenticating request: method=POST, path=/mcp/github, remote=172.30.0.20:48178 +21ms
auth:header Extracting session ID from auth header: sanitized=r9hB... +21ms
auth:header Using plain API key as session ID +277µs
server:sdk-frontend >>> SDK Request [routed:github] session=r9hBDzr7... mcp-session=BYVAAWFV... method=POST path=/mcp/github +21ms
server:sdk-frontend     JSON-RPC Request: method=tools/list id=1 +250µs
tracing:provider Handling request: span=gateway.request, method=POST, path=/mcp/safeoutputs, remoteParent=false +1ms
server:response_writer Creating new response writer with default status 200 +21ms
server:response_writer Writing response body: 4441 bytes +550µs
tracing:provider Span started: span=gateway.request, traceID=00000000000000000000000000000000 +1ms
server:auth Authenticating request: method=POST, path=/mcp/safeoutputs, remote=172.30.0.20:48190 +2ms
auth:header Extracting session ID from auth header: sanitized=r9hB... +2ms
auth:header Using plain API key as session ID +246µs
server:sdk-frontend >>> SDK Request [routed:safeoutputs] session=r9hBDzr7... mcp-session=KVZQUHEF... method=POST path=/mcp/safeoutputs +2ms
server:response_writer Retrieving captured body: 4441 bytes +1ms
server:sdk-frontend     JSON-RPC Request: method=tools/list id=1 +538µs
server:response_writer Retrieving captured status code: 200 +453µs
server:sdk-frontend <<< SDK Response [routed:github] status=200 duration=3.602775ms (non-JSON or stream) +487µs
server:sdk-frontend     Raw response (truncated): event: message
data: {"jsonrpc":"2.0","id":1,"result":{"tools":[{"description":"[github] Get a specific label from a repository.","inputSchema":{"properties":{"name":{"description":"Label name.","type":"string"},"owner":{"description":"Repository owner (username or organization name)","type":"string"},"repo":{"description":"Repository name","type":"string"}},"required":["owner","repo","name"],"type":"object"},"name":"get_label"},{"description":"[github] Get information about a specific issue in ... +206µs
server:response_writer Creating new response writer with default status 200 +1ms
server:response_writer Writing response body: 8550 bytes +461µs
server:response_writer Retrieving captured body: 8550 bytes +342µs
server:response_writer Retrieving captured status code: 200 +248µs
server:sdk-frontend <<< SDK Response [routed:safeoutputs] status=200 duration=3.334034ms (non-JSON or stream) +1ms
server:sdk-frontend     Raw response (truncated): event: message
data: {"jsonrpc":"2.0","id":1,"result":{"tools":[{"description":"[safeoutputs] WRITE-ONCE: do NOT call this tool with empty or placeholder arguments to probe or discover its schema — the required `body` field is listed in this schema; if you are not ready to post a real comment, call `noop` instead. Adds a comment to an existing GitHub issue, pull request, or discussion. Use this to provide feedback, answer questions, or add information to an existing conversation. For creating ... +240µs
tracing:provider Handling request: span=gateway.request, method=POST, path=/mcp/safeoutputs, remoteParent=false +29ms
tracing:provider Span started: span=gateway.request, traceID=00000000000000000000000000000000 +678µs
server:auth Authenticating request: method=POST, path=/mcp/safeoutputs, remote=172.30.0.20:48200 +29ms
auth:header Extracting session ID from auth header: sanitized=r9hB... +29ms
auth:header Using plain API key as session ID +217µs
server:sdk-frontend >>> SDK Request [routed:safeoutputs] session=r9hBDzr7... mcp-session=KVZQUHEF... method=POST path=/mcp/safeoutputs +26ms
server:sdk-frontend     JSON-RPC Request: method=tools/list id=2 +303µs
tracing:provider Handling request: span=gateway.request, method=POST, path=/mcp/github, remoteParent=false +1ms
server:response_writer Creating new response writer with default status 200 +27ms
tracing:provider Span started: span=gateway.request, traceID=00000000000000000000000000000000 +1ms
server:response_writer Writing response body: 8550 bytes +529µs
server:auth Authenticating request: method=POST, path=/mcp/github, remote=172.30.0.20:48204 +2ms
auth:header Extracting session ID from auth header: sanitized=r9hB... +2ms
auth:header Using plain API key as session ID +279µs
server:sdk-frontend >>> SDK Request [routed:github] session=r9hBDzr7... mcp-session=BYVAAWFV... method=POST path=/mcp/github +2ms
server:response_writer Retrieving captured body: 8550 bytes +1ms
server:sdk-frontend     JSON-RPC Request: method=tools/list id=2 +503µs
server:response_writer Retrieving captured status code: 200 +399µs
server:response_writer Creating new response writer with default status 200 +598µs
server:sdk-frontend <<< SDK Response [routed:safeoutputs] status=200 duration=3.332611ms (non-JSON or stream) +1ms
server:sdk-frontend     Raw response (truncated): event: message
data: {"jsonrpc":"2.0","id":2,"result":{"tools":[{"description":"[safeoutputs] WRITE-ONCE: do NOT call this tool with empty or placeholder arguments to probe or discover its schema — the required `body` field is listed in this schema; if you are not ready to post a real comment, call `noop` instead. Adds a comment to an existing GitHub issue, pull request, or discussion. Use this to provide feedback, answer questions, or add information to an existing conversation. For creating ... +266µs
server:response_writer Writing response body: 4441 bytes +1ms
server:response_writer Retrieving captured body: 4441 bytes +316µs
server:response_writer Retrieving captured status code: 200 +207µs
server:sdk-frontend <<< SDK Response [routed:github] status=200 duration=3.298952ms (non-JSON or stream) +1ms
server:sdk-frontend     Raw response (truncated): event: message
data: {"jsonrpc":"2.0","id":2,"result":{"tools":[{"description":"[github] Get a specific label from a repository.","inputSchema":{"properties":{"name":{"description":"Label name.","type":"string"},"owner":{"description":"Repository owner (username or organization name)","type":"string"},"repo":{"description":"Repository name","type":"string"}},"required":["owner","repo","name"],"type":"object"},"name":"get_label"},{"description":"[github] Get information about a specific issue in ... +240µs
tracing:provider Handling request: span=gateway.request, method=POST, path=/mcp/github, remoteParent=false +4.0s
tracing:provider Span started: span=gateway.request, traceID=00000000000000000000000000000000 +421µs
server:auth Authenticating request: method=POST, path=/mcp/github, remote=172.30.0.20:48178 +4.0s
auth:header Extracting session ID from auth header: sanitized=r9hB... +4.0s
auth:header Using plain API key as session ID +232µs
server:sdk-frontend >>> SDK Request [routed:github] session=r9hBDzr7... mcp-session=BYVAAWFV... method=POST path=/mcp/github +4.0s
server:sdk-frontend     JSON-RPC Request: method=tools/call id=3 +255µs
tracing:provider Handling request: span=gateway.request, method=POST, path=/mcp/github, remoteParent=false +1ms
server:response_writer Creating new response writer with default status 200 +4.0s
2026/09/29 15:25:39 [ROUTED] Calling unified handler for: list_label
server:session Extracted session ID from context: r9hBDzr7... +4.1s
tracing:provider Span started: span=gateway.request, traceID=00000000000000000000000000000000 +913µs
server:auth Authenticating request: method=POST, path=/mcp/github, remote=172.30.0.20:48190 +2ms
auth:header Extracting session ID from auth header: sanitized=r9hB... +2ms
mcp:tool_result Parsing arguments for tool: list_label +25.1s
auth:header Using plain API key as session ID +655µs
server:sdk-frontend >>> SDK Request [routed:github] session=r9hBDzr7... mcp-session=BYVAAWFV... method=POST path=/mcp/github +2ms
mcp:tool_result Parsed 2 arguments +634µs
server:session Extracted session ID from context: r9hBDzr7... +2ms
server:session Extracted session ID from context: r9hBDzr7... +428µs
server:session Checking session: sessionID=r9hBDzr7... +168µs
server:session Auto-creating session for ID: r9hBDzr7... +198µs
server:sdk-frontend     JSON-RPC Request: method=tools/call id=4 +1ms
server:session Creating new session: sessionID=r9hBDzr7..., has_token=false +484µs
server:session Session auto-created for ID: r9hBDzr7... +210µs
server:session Created session directory: /tmp/gh-aw/mcp-payloads/r9hBDzr7i7fbNU8wge9KaPQDr8vB9RkNYd7tKEjAW0hbweUjRiiscSu1zfKA +323µs
server:response_writer Creating new response writer with default status 200 +4ms
2026/09/29 15:25:39 [ROUTED] Calling unified handler for: search_issues
server:session Extracted session ID from context: r9hBDzr7... +753µs
server:session Session validated for ID: r9hBDzr7... +222µs
server:unified callBackendTool: serverID=github, toolName=list_label, args=map[owner:apache repo:cloudstack] +20.2s
guard:registry Getting guard for serverID=github +25.0s
guard:registry Found guard for serverID=github, guardName=github +214µs
server:session Extracted session ID from context: r9hBDzr7... +938µs
server:guard_init Resolving guard policy: serverID=github +25.0s
mcp:tool_result Parsing arguments for tool: search_issues +4ms
mcp:tool_result Parsed 4 arguments +256µs
server:session Extracted session ID from context: r9hBDzr7... +1ms
config:guard_policy ParseServerGuardPolicy: serverID=github, keyCount=1 +25.0s
config:guard_policy ParsePolicyMap: hasAllowOnly=true, hasWriteSink=false, keyCount=1 +247µs
config:guard_policy Parsing guard policy JSON: len=112 +454µs
config:guard_policy UnmarshalJSON: parsing guard policy, keys=1 +312µs
config:guard_policy UnmarshalJSON: parsing allow-only policy, fields=5 +270µs
server:session Extracted session ID from context: r9hBDzr7... +1ms
server:session Checking session: sessionID=r9hBDzr7... +223µs
config:guard_policy UnmarshalJSON: allow-only policy parsed, repos=string, minIntegrity=none +744µs
config:guard_policy UnmarshalJSON: guard policy type is allow-only +250µs
config:guard_policy ValidateGuardPolicy: delegating to allow-only normalization +220µs
config:guard_policy Normalizing guard policy: integrity=none, reposType=string +227µs
server:session Session validated for ID: r9hBDzr7... +1ms
server:unified callBackendTool: serverID=github, toolName=search_issues, args=map[order:asc perPage:30 query:repo:apache/cloudstack is:issue is:open no:label sort:created] +5ms
guard:registry Getting guard for serverID=github +5ms
guard:registry Found guard for serverID=github, guardName=github +230µs
server:session Extracted session ID from context: r9hBDzr7... +1ms
config:guard_policy Guard policy normalized: scopeKind=all, integrity=none +1ms
server:guard_init Using server-level guard policy: serverID=github +5ms
guard:wasm BuildLabelAgentPayload: trustedBots=0, trustedUsers=0 +25.0s
server:guard_init Resolving guard policy: serverID=github +749µs
config:guard_policy ParseServerGuardPolicy: serverID=github, keyCount=1 +1ms
config:guard_policy ParsePolicyMap: hasAllowOnly=true, hasWriteSink=false, keyCount=1 +256µs
config:guard_policy Parsing guard policy JSON: len=112 +220µs
config:guard_policy UnmarshalJSON: parsing guard policy, keys=1 +250µs
config:guard_policy UnmarshalJSON: parsing allow-only policy, fields=5 +236µs
config:guard_policy UnmarshalJSON: allow-only policy parsed, repos=string, minIntegrity=none +284µs
guard:context Retrieved agent ID from context: r9hBDzr7i7fbNU8wge9KaPQDr8vB9RkNYd7tKEjAW0hbweUjRiiscSu1zfKA +4.1s
config:guard_policy UnmarshalJSON: guard policy type is allow-only +416µs
config:guard_policy ValidateGuardPolicy: delegating to allow-only normalization +339µs
difc:agent GetOrCreate called for agentID=r9hBDzr7i7fbNU8wge9KaPQDr8vB9RkNYd7tKEjAW0hbweUjRiiscSu1zfKA +25.1s
difc:agent Creating agent labels with tags: agentID=r9hBDzr7i7fbNU8wge9KaPQDr8vB9RkNYd7tKEjAW0hbweUjRiiscSu1zfKA, secrecyTags=[], integrityTags=[] +251µs
config:guard_policy Normalizing guard policy: integrity=none, reposType=string +723µs
config:guard_policy Guard policy normalized: scopeKind=all, integrity=none +215µs
server:guard_init Using server-level guard policy: serverID=github +3ms
guard:wasm BuildLabelAgentPayload: trustedBots=0, trustedUsers=0 +4ms
difc:labels Creating label with 0 initial tags: [] +25.2s
difc:labels Creating label with 0 initial tags: [] +472µs
guard:context Retrieved agent ID from context: r9hBDzr7i7fbNU8wge9KaPQDr8vB9RkNYd7tKEjAW0hbweUjRiiscSu1zfKA +3ms
difc:agent Created new agent: r9hBDzr7i7fbNU8wge9KaPQDr8vB9RkNYd7tKEjAW0hbweUjRiiscSu1zfKA with default labels (secrecy: [], integrity: []) +2ms
guard:label_agent Calling LabelAgent: guard=github +25.2s
guard:wasm LabelAgent called: guard=github +1ms
guard:wasm normalizePolicyPayload: received non-string policy, passing through +192µs
guard:wasm LabelAgent normalized policy: guard=github, policy={"allow-only":{"repos":"all","min-integrity":"none"}} +196µs
difc:agent GetOrCreate called for agentID=r9hBDzr7i7fbNU8wge9KaPQDr8vB9RkNYd7tKEjAW0hbweUjRiiscSu1zfKA +1ms
guard:label_agent Calling LabelAgent: guard=github +1ms
guard:wasm buildStrictLabelAgentPayload: validating policy payload +702µs
guard:wasm buildStrictLabelAgentPayload: policy validated successfully, repos=all, min-integrity=none +208µs
guard:wasm label_agent input JSON (53 bytes): {"allow-only":{"min-integrity":"none","repos":"all"}} +249µs
guard:wasm tryCallWasmFunction: guard=github, func=<unknown>, inputSize=53, outputSize=4194304 +286µs
guard:wasm Using guard allocator path: guard=github +264µs
guard:wasm LabelAgent called: guard=github +165µs
guard:wasm normalizePolicyPayload: received non-string policy, passing through +183µs
guard:wasm LabelAgent normalized policy: guard=github, policy={"allow-only":{"repos":"all","min-integrity":"none"}} +227µs
guard:wasm buildStrictLabelAgentPayload: validating policy payload +195µs
guard:wasm buildStrictLabelAgentPayload: policy validated successfully, repos=all, min-integrity=none +230µs
guard:wasm [guard:github] DEBUG: >>> alloc(53) +393µs
guard:wasm [guard:github] DEBUG: <<< alloc returning ptr=1107776 +202µs
guard:wasm wasmAlloc: guard=github, size=53, ptr=1107776 +268µs
guard:wasm [guard:github] DEBUG: >>> alloc(4194304) +228µs
guard:wasm [guard:github] DEBUG: <<< alloc returning ptr=1107840 +4ms
guard:wasm wasmAlloc: guard=github, size=4194304, ptr=1107840 +291µs
guard:wasm [guard:github] INFO: >>> label_agent called +259µs
guard:wasm [guard:github] INFO: <<< label_agent returning 134 bytes +279µs
guard:wasm [guard:github] DEBUG: >>> dealloc(ptr=1107840, size=4194304) +336µs
guard:wasm [guard:github] DEBUG: <<< dealloc complete +225µs
guard:wasm [guard:github] DEBUG: >>> dealloc(ptr=1107776, size=53) +253µs
guard:wasm [guard:github] DEBUG: <<< dealloc complete +254µs
guard:wasm LabelAgent raw response JSON (134 bytes): {"agent":{"secrecy":[],"integrity":["none:all"]},"difc_mode":"filter","normalized_policy":{"scope_kind":"All","min-integrity":"none"}} +274µs
guard:wasm label_agent input JSON (53 bytes): {"allow-only":{"min-integrity":"none","repos":"all"}} +27µs
guard:wasm LabelAgent parsed response: guard=github, response={"agent":{"secrecy":[],"integrity":["none:all"]},"difc_mode":"filter","normalized_policy":{"min-integrity":"none","scope_kind":"All"}} +242µs
guard:wasm tryCallWasmFunction: guard=github, func=<unknown>, inputSize=53, outputSize=4194304 +225µs
guard:wasm Using guard allocator path: guard=github +212µs
guard:wasm [guard:github] DEBUG: >>> alloc(53) +235µs
guard:wasm [guard:github] DEBUG: <<< alloc returning ptr=1107776 +192µs
guard:wasm wasmAlloc: guard=github, size=53, ptr=1107776 +255µs
guard:guard Applying label agent result: difc_mode="filter", secrecy_tags=0, integrity_tags=1, defaultMode=strict +25.2s
guard:guard Enforcement mode overridden: default=strict, override=filter +223µs
difc:agent Agent r9hBDzr7i7fbNU8wge9KaPQDr8vB9RkNYd7tKEjAW0hbweUjRiiscSu1zfKA adding 0 secrecy tags +12ms
difc:agent Agent r9hBDzr7i7fbNU8wge9KaPQDr8vB9RkNYd7tKEjAW0hbweUjRiiscSu1zfKA adding 1 integrity tags +203µs
difc:agent Agent r9hBDzr7i7fbNU8wge9KaPQDr8vB9RkNYd7tKEjAW0hbweUjRiiscSu1zfKA gained integrity tags: [none:all] +204µs
guard:guard Label agent result applied: effective_mode=filter +850µs
guard:wasm [guard:github] DEBUG: >>> alloc(4194304) +1ms
guard:label_agent LabelAgent completed: guard=github, mode=filter +13ms
guard:wasm [guard:github] DEBUG: <<< alloc returning ptr=1107840 +631µs
guard:wasm wasmAlloc: guard=github, size=4194304, ptr=1107840 +470µs
guard:context Retrieved agent ID from context: r9hBDzr7i7fbNU8wge9KaPQDr8vB9RkNYd7tKEjAW0hbweUjRiiscSu1zfKA +16ms
difc:agent GetOrCreate called for agentID=r9hBDzr7i7fbNU8wge9KaPQDr8vB9RkNYd7tKEjAW0hbweUjRiiscSu1zfKA +1ms
server:unified [DIFC] Agent r9hBDzr7i7fbNU8wge9KaPQDr8vB9RkNYd7tKEjAW0hbweUjRiiscSu1zfKA | Secrecy: [] | Integrity: [none:all] +23ms
guard:context Setting request state in context +705µs
guard:wasm LabelResource called: toolName=list_label, args=map[owner:apache repo:cloudstack] +1ms
guard:wasm [guard:github] INFO: >>> label_agent called +453µs
guard:wasm [guard:github] INFO: <<< label_agent returning 134 bytes +272µs
guard:wasm [guard:github] DEBUG: >>> dealloc(ptr=1107840, size=4194304) +246µs
guard:wasm [guard:github] DEBUG: <<< dealloc complete +207µs
guard:wasm [guard:github] DEBUG: >>> dealloc(ptr=1107776, size=53) +219µs
guard:wasm [guard:github] DEBUG: <<< dealloc complete +250µs
guard:wasm LabelAgent raw response JSON (134 bytes): {"agent":{"secrecy":[],"integrity":["none:all"]},"difc_mode":"filter","normalized_policy":{"scope_kind":"All","min-integrity":"none"}} +223µs
guard:wasm label_resource input JSON (95 bytes): {"capabilities":{},"tool_args":{"owner":"apache","repo":"cloudstack"},"tool_name":"list_label"} +35µs
guard:wasm LabelAgent parsed response: guard=github, response={"agent":{"secrecy":[],"integrity":["none:all"]},"difc_mode":"filter","normalized_policy":{"min-integrity":"none","scope_kind":"All"}} +180µs
guard:guard Applying label agent result: difc_mode="filter", secrecy_tags=0, integrity_tags=1, defaultMode=strict +4ms
guard:guard Enforcement mode overridden: default=strict, override=filter +198µs
difc:agent Agent r9hBDzr7i7fbNU8wge9KaPQDr8vB9RkNYd7tKEjAW0hbweUjRiiscSu1zfKA adding 0 secrecy tags +3ms
difc:agent Agent r9hBDzr7i7fbNU8wge9KaPQDr8vB9RkNYd7tKEjAW0hbweUjRiiscSu1zfKA adding 1 integrity tags +177µs
difc:agent Agent r9hBDzr7i7fbNU8wge9KaPQDr8vB9RkNYd7tKEjAW0hbweUjRiiscSu1zfKA gained integrity tags: [none:all] +200µs
guard:wasm tryCallWasmFunction: guard=github, func=<unknown>, inputSize=95, outputSize=4194304 +1ms
guard:wasm Using guard allocator path: guard=github +203µs
guard:wasm [guard:github] DEBUG: >>> alloc(95) +174µs
guard:guard Label agent result applied: effective_mode=filter +1ms
guard:label_agent LabelAgent completed: guard=github, mode=filter +6ms
guard:wasm [guard:github] DEBUG: <<< alloc returning ptr=1107776 +1ms
guard:wasm wasmAlloc: guard=github, size=95, ptr=1107776 +450µs
guard:context Retrieved agent ID from context: r9hBDzr7i7fbNU8wge9KaPQDr8vB9RkNYd7tKEjAW0hbweUjRiiscSu1zfKA +5ms
difc:agent GetOrCreate called for agentID=r9hBDzr7i7fbNU8wge9KaPQDr8vB9RkNYd7tKEjAW0hbweUjRiiscSu1zfKA +2ms
server:unified [DIFC] Agent r9hBDzr7i7fbNU8wge9KaPQDr8vB9RkNYd7tKEjAW0hbweUjRiiscSu1zfKA | Secrecy: [] | Integrity: [none:all] +6ms
guard:context Setting request state in context +665µs
guard:wasm LabelResource called: toolName=search_issues, args=map[order:asc perPage:30 query:repo:apache/cloudstack is:issue is:open no:label sort:created] +1ms
guard:wasm [guard:github] DEBUG: >>> alloc(4194304) +462µs
guard:wasm [guard:github] DEBUG: <<< alloc returning ptr=1107888 +210µs
guard:wasm wasmAlloc: guard=github, size=4194304, ptr=1107888 +210µs
guard:wasm [guard:github] INFO: >>> label_resource called +220µs
guard:wasm [guard:github] INFO:     input_len=95, output_size=4194304 +242µs
guard:wasm [guard:github] INFO:     tool_name=list_label +230µs
guard:wasm [guard:github] DEBUG: Checking repo visibility for apache/cloudstack +246µs
guard:wasm [guard:github] INFO: >>> call_backend: tool=search_repositories +1ms
guard:wasm [guard:github] DEBUG:     args={"perPage":10,"query":"repo:apache/cloudstack"} +247µs
guard:wasm WASM guard calling backend: tool=search_repositories +219µs
server:unified [DIFC] Guard calling backend github tool search_repositories for metadata +4ms
server:unified executeBackendToolCall: serverID=github, toolName=search_repositories +208µs
launcher:launcher Checking session pool: serverID=github, sessionID=r9hBDzr7i7fbNU8wge9KaPQDr8vB9RkNYd7tKEjAW0hbweUjRiiscSu1zfKA +20.4s
launcher:pool Connection not found: backend=github, session=r9hBDzr7i7fbNU8wge9KaPQDr8vB9RkNYd7tKEjAW0hbweUjRiiscSu1zfKA +25.2s
launcher:launcher Session connection not found, creating new: serverID=github, sessionID=r9hBDzr7i7fbNU8wge9KaPQDr8vB9RkNYd7tKEjAW0hbweUjRiiscSu1zfKA +425µs
launcher:pool Connection not found: backend=github, session=r9hBDzr7i7fbNU8wge9KaPQDr8vB9RkNYd7tKEjAW0hbweUjRiiscSu1zfKA +417µs
launcher:launcher Launching new session server: serverID=github, sessionID=r9hBDzr7i7fbNU8wge9KaPQDr8vB9RkNYd7tKEjAW0hbweUjRiiscSu1zfKA, command=docker +908µs
2026/09/29 15:25:39 [LAUNCHER] Command: docker
2026/09/29 15:25:39 [LAUNCHER] Args: [run --rm -i -e NO_COLOR=... -e TERM=... -e PYTHONUNBUFFERED=... -e GITHUB_TOOLSETS=issu... -e GITHUB_HOST=http... -e GITHUB_PERSONAL_ACCESS_TOKEN=ghs_... -e GITHUB_READ_ONLY=... ghcr.io/github/github-mcp-server:v1.0.4]
2026/09/29 15:25:39 [LAUNCHER] Starting server with 30s timeout
launcher:launcher Starting server with timeout: serverID=github, sessionID=r9hBDzr7i7fbNU8wge9KaPQDr8vB9RkNYd7tKEjAW0hbweUjRiiscSu1zfKA, timeout=30s +242µs
launcher:launcher Starting connection goroutine: serverID=github +232µs
envutil:expand Expanding env args: input_count=18 +25.0s
envutil:expand Env args expansion complete: output_count=18 +220µs
mcp:connection Expanded args for Docker env: [run --rm -i -e NO_COLOR=... -e TERM=... -e PYTHONUNBUFFERED=... -e GITHUB_TOOLSETS=issu... -e GITHUB_HOST=http... -e GITHUB_PERSONAL_ACCESS_TOKEN=ghs_... -e GITHUB_READ_ONLY=... ghcr.io/github/github-mcp-server:v1.0.4] +24.8s
mcp:connection Initiating MCP server connection and handshake +523µs
launcher:launcher Connection established: serverID=github for session 'r9hBDzr7i7fbNU8wge9KaPQDr8vB9RkNYd7tKEjAW0hbweUjRiiscSu1zfKA' +152ms
launcher:pool Added new connection to pool: backend=github, session=r9hBDzr7i7fbNU8wge9KaPQDr8vB9RkNYd7tKEjAW0hbweUjRiiscSu1zfKA +154ms
mcp:connection Dispatching SDK method: tools/call, serverID=github +152ms
mcp:connection callTool: parsed name=search_repositories, argumentCount=2 +214µs
guard:wasm Backend call failed: calling "tools/call": unknown tool "search_repositories" +158ms
guard:wasm [guard:github] ERROR: <<< call_backend FAILED with code -1 +267µs
guard:wasm [guard:github] WARN: Backend call search_repositories failed with code -1 +414µs
guard:wasm [guard:github] DEBUG: Checking repo visibility for apache/cloudstack +430µs
guard:wasm [guard:github] INFO: >>> call_backend: tool=search_repositories +243µs
guard:wasm [guard:github] DEBUG:     args={"perPage":10,"query":"repo:apache/cloudstack"} +190µs
guard:wasm WASM guard calling backend: tool=search_repositories +218µs
server:unified [DIFC] Guard calling backend github tool search_repositories for metadata +160ms
server:unified executeBackendToolCall: serverID=github, toolName=search_repositories +224µs
launcher:launcher Checking session pool: serverID=github, sessionID=r9hBDzr7i7fbNU8wge9KaPQDr8vB9RkNYd7tKEjAW0hbweUjRiiscSu1zfKA +6ms
launcher:pool Reusing connection: backend=github, session=r9hBDzr7i7fbNU8wge9KaPQDr8vB9RkNYd7tKEjAW0hbweUjRiiscSu1zfKA, requests=0 +5ms
mcp:connection Dispatching SDK method: tools/call, serverID=github +5ms
mcp:connection callTool: parsed name=search_repositories, argumentCount=2 +232µs
guard:wasm Backend call failed: calling "tools/call": unknown tool "search_repositories" +4ms
guard:wasm [guard:github] ERROR: <<< call_backend FAILED with code -1 +232µs
guard:wasm [guard:github] WARN: Backend call search_repositories failed with code -1 +444µs
guard:wasm [guard:github] INFO:     desc=resource:list_label +423µs
guard:wasm [guard:github] INFO:     secrecy=[] (public) +218µs
guard:wasm [guard:github] INFO:     integrity=["none:all", "unapproved:all", "approved:all"] +237µs
guard:wasm [guard:github] INFO:     operation=read +220µs
guard:wasm [guard:github] INFO: <<< label_resource returning 139 bytes +205µs
guard:wasm [guard:github] DEBUG: >>> dealloc(ptr=1107888, size=4194304) +234µs
guard:wasm [guard:github] DEBUG: <<< dealloc complete +249µs
guard:wasm [guard:github] DEBUG: >>> dealloc(ptr=1107776, size=95) +218µs
guard:wasm [guard:github] DEBUG: <<< dealloc complete +224µs
difc:labels Creating label with 0 initial tags: [] +194ms
guard:wasm label_resource input JSON (164 bytes): {"capabilities":{},"tool_args":{"order":"asc","perPage":30,"query":"repo:apache/cloudstack is:issue is:open no:label","sort":"created"},"tool_name":"search_issues"} +314µs
difc:labels Creating label with 3 initial tags: [none:all unapproved:all approved:all] +238µs
guard:wasm Parsed resource response: description="resource:list_label", operation=read +343µs
server:unified [DIFC] Resource: resource:list_label | Operation: read | Secrecy: [] | Integrity: [approved:all none:all unapproved:all] +7ms
difc:pipeline_decisions ShouldBypassCoarseDeny: operation=read, bypass=true +25.4s
difc:evaluator Evaluating access: operation=read, resource=resource:list_label +25.4s
difc:evaluator Evaluating read access (mode=filter): resource=resource:list_label, agentSecrecy=[], agentIntegrity=[none:all] +276µs
guard:wasm tryCallWasmFunction: guard=github, func=<unknown>, inputSize=164, outputSize=4194304 +1ms
guard:wasm Using guard allocator path: guard=github +239µs
guard:wasm [guard:github] DEBUG: >>> alloc(164) +264µs
difc:evaluator Read access allowed: resource=resource:list_label +1ms
server:unified [DIFC] Access ALLOWED for agent r9hBDzr7i7fbNU8wge9KaPQDr8vB9RkNYd7tKEjAW0hbweUjRiiscSu1zfKA to resource:list_label +1ms
server:unified executeBackendToolCall: serverID=github, toolName=list_label +275µs
guard:wasm [guard:github] DEBUG: <<< alloc returning ptr=1107776 +1ms
launcher:launcher Checking session pool: serverID=github, sessionID=r9hBDzr7i7fbNU8wge9KaPQDr8vB9RkNYd7tKEjAW0hbweUjRiiscSu1zfKA +9ms
launcher:pool Reusing connection: backend=github, session=r9hBDzr7i7fbNU8wge9KaPQDr8vB9RkNYd7tKEjAW0hbweUjRiiscSu1zfKA, requests=1 +9ms
guard:wasm wasmAlloc: guard=github, size=164, ptr=1107776 +869µs
guard:wasm [guard:github] DEBUG: >>> alloc(4194304) +755µs
mcp:connection Dispatching SDK method: tools/call, serverID=github +9ms
guard:wasm [guard:github] DEBUG: <<< alloc returning ptr=1107952 +252µs
mcp:connection callTool: parsed name=list_label, argumentCount=2 +222µs
guard:wasm wasmAlloc: guard=github, size=4194304, ptr=1107952 +678µs
guard:wasm [guard:github] INFO: >>> label_resource called +209µs
guard:wasm [guard:github] INFO:     input_len=164, output_size=4194304 +212µs
guard:wasm [guard:github] INFO:     tool_name=search_issues +202µs
guard:wasm [guard:github] DEBUG: Checking repo visibility for apache/cloudstack +226µs
guard:wasm [guard:github] INFO: >>> call_backend: tool=search_repositories +252µs
guard:wasm [guard:github] DEBUG:     args={"perPage":10,"query":"repo:apache/cloudstack"} +204µs
guard:wasm WASM guard calling backend: tool=search_repositories +223µs
server:unified [DIFC] Guard calling backend github tool search_repositories for metadata +4ms
server:unified executeBackendToolCall: serverID=github, toolName=search_repositories +266µs
launcher:launcher Checking session pool: serverID=github, sessionID=r9hBDzr7i7fbNU8wge9KaPQDr8vB9RkNYd7tKEjAW0hbweUjRiiscSu1zfKA +5ms
launcher:pool Reusing connection: backend=github, session=r9hBDzr7i7fbNU8wge9KaPQDr8vB9RkNYd7tKEjAW0hbweUjRiiscSu1zfKA, requests=2 +4ms
mcp:connection Dispatching SDK method: tools/call, serverID=github +5ms
mcp:connection callTool: parsed name=search_repositories, argumentCount=2 +236µs
guard:wasm Backend call failed: calling "tools/call": unknown tool "search_repositories" +4ms
guard:wasm [guard:github] ERROR: <<< call_backend FAILED with code -1 +291µs
guard:wasm [guard:github] WARN: Backend call search_repositories failed with code -1 +386µs
guard:wasm [guard:github] DEBUG: Checking repo visibility for apache/cloudstack +406µs
guard:wasm [guard:github] INFO: >>> call_backend: tool=search_repositories +243µs
guard:wasm [guard:github] DEBUG:     args={"perPage":10,"query":"repo:apache/cloudstack"} +175µs
guard:wasm WASM guard calling backend: tool=search_repositories +203µs
server:unified [DIFC] Guard calling backend github tool search_repositories for metadata +6ms
server:unified executeBackendToolCall: serverID=github, toolName=search_repositories +207µs
launcher:launcher Checking session pool: serverID=github, sessionID=r9hBDzr7i7fbNU8wge9KaPQDr8vB9RkNYd7tKEjAW0hbweUjRiiscSu1zfKA +6ms
launcher:pool Reusing connection: backend=github, session=r9hBDzr7i7fbNU8wge9KaPQDr8vB9RkNYd7tKEjAW0hbweUjRiiscSu1zfKA, requests=3 +6ms
mcp:connection Dispatching SDK method: tools/call, serverID=github +5ms
mcp:connection callTool: parsed name=search_repositories, argumentCount=2 +182µs
guard:wasm Backend call failed: calling "tools/call": unknown tool "search_repositories" +4ms
guard:wasm [guard:github] ERROR: <<< call_backend FAILED with code -1 +296µs
guard:wasm [guard:github] WARN: Backend call search_repositories failed with code -1 +454µs
guard:wasm [guard:github] INFO:     desc=search_issues:apache/cloudstack +477µs
guard:wasm [guard:github] INFO:     secrecy=[] (public) +226µs
guard:wasm [guard:github] INFO:     integrity=["none:all"] +251µs
guard:wasm [guard:github] INFO:     operation=read +263µs
guard:wasm [guard:github] INFO: <<< label_resource returning 119 bytes +206µs
guard:wasm [guard:github] DEBUG: >>> dealloc(ptr=1107952, size=4194304) +221µs
guard:wasm [guard:github] DEBUG: <<< dealloc complete +192µs
guard:wasm [guard:github] DEBUG: >>> dealloc(ptr=1107776, size=164) +267µs
guard:wasm [guard:github] DEBUG: <<< dealloc complete +220µs
difc:labels Creating label with 0 initial tags: [] +20ms
difc:labels Creating label with 1 initial tags: [none:all] +221µs
guard:wasm Parsed resource response: description="search_issues:apache/cloudstack", operation=read +674µs
server:unified [DIFC] Resource: search_issues:apache/cloudstack | Operation: read | Secrecy: [] | Integrity: [none:all] +7ms
difc:pipeline_decisions ShouldBypassCoarseDeny: operation=read, bypass=true +21ms
difc:evaluator Evaluating access: operation=read, resource=search_issues:apache/cloudstack +19ms
difc:evaluator Evaluating read access (mode=filter): resource=search_issues:apache/cloudstack, agentSecrecy=[], agentIntegrity=[none:all] +205µs
difc:evaluator Read access allowed: resource=search_issues:apache/cloudstack +231µs
server:unified [DIFC] Access ALLOWED for agent r9hBDzr7i7fbNU8wge9KaPQDr8vB9RkNYd7tKEjAW0hbweUjRiiscSu1zfKA to search_issues:apache/cloudstack +1ms
server:unified executeBackendToolCall: serverID=github, toolName=search_issues +230µs
launcher:launcher Checking session pool: serverID=github, sessionID=r9hBDzr7i7fbNU8wge9KaPQDr8vB9RkNYd7tKEjAW0hbweUjRiiscSu1zfKA +9ms
launcher:pool Reusing connection: backend=github, session=r9hBDzr7i7fbNU8wge9KaPQDr8vB9RkNYd7tKEjAW0hbweUjRiiscSu1zfKA, requests=4 +9ms
mcp:connection Dispatching SDK method: tools/call, serverID=github +9ms
mcp:connection callTool: parsed name=search_issues, argumentCount=4 +273µs
difc:pipeline_decisions ShouldCallLabelResponse: operation=read, mode=filter, result=true +282ms
guard:wasm LabelResponse called: toolName=list_label +283ms
guard:context Retrieved request state from context +476ms
guard:wasm label_response input JSON (11482 bytes): {"capabilities":{},"tool_args":{"owner":"apache","repo":"cloudstack"},"tool_name":"list_label","tool_result":{"content":[{"text":"{\"labels\":[{\"color\":\"000000\",\"description\":\"\",\"id\":\"MDU6TGFiZWwzNzg0MzM2NQ==\",\"name\":\"status:duplicate\"},{\"color\":\"e6e6e6\",\"description\":\"\",\"id\":\"MDU6TGFiZWwzNzg0MzM2Nw==\",\"name\":\"status:invalid\"},{\"color\":\"ffffff\",\"description\":\"\",\"id\":\"MDU6TGFiZWwzNzg0MzM2OQ==\",\"name\":\"status:wontfix\"},{\"color\":\"fc2929\",\"description\":\"\",\"id\":\"MDU6TGFiZWwzNzg0MzM2NA==\",\"name\":\"type:bug\"},{\"color\":\"84b6eb\",\"description\":\"\",\"id\":\"MDU6TGFiZWwzNzg0MzM2Ng==\",\"name\":\"type:enhancement\"},{\"color\":\"cc317c\",\"description\":\"\",\"id\":\"MDU6TGFiZWwzNzg0MzM2OA==\",\"name\":\"type:question\"},{\"color\":\"006b75\",\"description\":\"\",\"id\":\"MDU6TGFiZWw1ODQwNzI5NzE=\",\"name\":\"component:kvm\"},{\"color\":\"bfdadc\",\"description\":\"\",\"id\":\"MDU6TGFiZWw1ODQwNzMwMjg=\",\"name\":\"component:ceph\"},{\"color\":\"0e8a16\",\"description\":\"\",\"id\":\"MDU6TGFiZWw1ODQwNzMxMzQ=\",\"name\":\"component:management-server\"},{\"color\":\"006b75\",\"description\":\"\",\"id\":\"MDU6TGFiZWw1ODQwNzMxODQ=\",\"name\":\"component:XenServer\"},{\"color\":\"fef2c0\",\"description\":\"\",\"id\":\"MDU6TGFiZWw1ODQwNzMyMDc=\",\"name\":\"component:vmware\"},{\"color\":\"5319e7\",\"description\":\"\",\"id\":\"MDU6TGFiZWw1ODQwNzMyNzg=\",\"name\":\"component:primary-storage\"},{\"color\":\"f9d0c4\",\"description\":\"\",\"id\":\"MDU6TGFiZWw1ODQwNzMzMDc=\",\"name\":\"component:secondary-storage\"},{\"color\":\"c2e0c6\",\"description\":\"\",\"id\":\"MDU6TGFiZWw1ODQwNzMzMzY=\",\"name\":\"component:ipv6\"},{\"color\":\"fef2c0\",\"description\":\"\",\"id\":\"MDU6TGFiZWw1ODQwNzMzNTE=\",\"name\":\"component:vpc\"},{\"color\":\"ffaaeb\",\"description\":\"\",\"id\":\"MDU6TGFiZWw1ODQwNzMzOTE=\",\"name\":\"component:virtual-router\"},{\"color\":\"15E8EE\",\"description\":\"\",\"id\":\"MDU6TGFiZWw1ODQwNzM0Mjc=\",\"name\":\"component:console-proxy\"},{\"color\":\"c5def5\",\"description\":\"\",\"id\":\"MDU6TGFiZWw1ODQwNzM0NDk=\",\"name\":\"component:ssvm\"},{\"color\":\"0e8a16\",\"description\":\"\",\"id\":\"MDU6TGFiZWw1ODQwNzM3ODg=\",\"name\":\"component:iscsi\"},{\"color\":\"1DB401\",\"description\":\"\",\"id\":\"MDU6TGFiZWw1ODQwNzM4NTM=\",\"name\":\"component:api\"},{\"color\":\"5319e7\",\"description\":\"\",\"id\":\"MDU6TGFiZWw1ODQwNzM4ODI=\",\"name\":\"type:config\"},{\"color\":\"bfdadc\",\"description\":\"\",\"id\":\"MDU6TGFiZWw1ODQwNzQzMTI=\",\"name\":\"component:libvirt\"},{\"color\":\"fef2c0\",\"description\":\"\",\"id\":\"MDU6TGFiZWw1ODQwNzQ2MjI=\",\"name\":\"component:mysql\"},{\"color\":\"1d76db\",\"description\":\"\",\"id\":\"MDU6TGFiZWw1ODQwNzQ2NTg=\",\"name\":\"component:security-group\"},{\"color\":\"bfdadc\",\"description\":\"\",\"id\":\"MDU6TGFiZWw1ODQwNzQ2ODA=\",\"name\":\"type:security\"},{\"color\":\"c5def5\",\"description\":\"\",\"id\":\"MDU6TGFiZWw1ODQwNzUwMTE=\",\"name\":\"component:plugin\"},{\"color\":\"c2e0c6\",\"description\":\"\",\"id\":\"MDU6TGFiZWw1ODQwNzY0MzU=\",\"name\":\"component:packaging\"},{\"color\":\"f9d0c4\",\"description\":\"\",\"id\":\"MDU6TGFiZWw1ODQwNzY0NzE=\",\"name\":\"component:systemd\"},{\"color\":\"006b75\",\"description\":\"\",\"id\":\"MDU6TGFiZWw1ODkxMzUyNzU=\",\"name\":\"component:usage-server\"},{\"color\":\"bfd4f2\",\"description\":\"\",\"id\":\"MDU6TGFiZWw1ODkxNjIwODk=\",\"name\":\"status:work-in-progress\"},{\"color\":\"b60205\",\"description\":\"\",\"id\":\"MDU6TGFiZWw1OTIyODAyODg=\",\"name\":\"status:testing\"},{\"color\":\"ff0000\",\"description\":\"\",\"id\":\"MDU6TGFiZWw1OTIyODA4ODU=\",\"name\":\"status:blocked\"},{\"color\":\"006b75\",\"description\":\"\",\"id\":\"MDU6TGFiZWw1OTIzMTUyMjM=\",\"name\":\"status:needs-CI\"},{\"color\":\"d4c5f9\",\"description\":\"\",\"id\":\"MDU6TGFiZWw1OTIzMTU0ODM=\",\"name\":\"status:waiting-for-author\"},{\"color\":\"bfdadc\",\"description\":\"\",\"id\":\"MDU6TGFiZWw1OTIzMTYwNDQ=\",\"name\":\"status:CI-running\"},{\"color\":\"0052cc\",\"description\":\"\",\"id\":\"MDU6TGFiZWw1OTIzODkwNDg=\",\"name\":\"status:ready-for-merge\"},{\"color\":\"f9d0c4\",\"description\":\"\",\"id\":\"MDU6TGFiZWw1OTI1NTkyMTk=\",\"name\":\"component:networking\"},{\"color\":\"b60205\",\"description\":\"\",\"id\":\"MDU6TGFiZWw1OTI5NTMyMjY=\",\"name\":\"Severity:BLOCKER\"},{\"color\":\"DA70D6\",\"description\":\"\",\"id\":\"MDU6TGFiZWw1OTMwODQwMjM=\",\"name\":\"status:waiting-for-reviewer\"},{\"color\":\"fbca04\",\"description\":\"\",\"id\":\"MDU6TGFiZWw2MDIyODEzMjI=\",\"name\":\"status:depreciated\"},{\"color\":\"ff3030\",\"description\":\"\",\"id\":\"MDU6TGFiZWw2MDIyODMzNzY=\",\"name\":\"status:needs-work\"},{\"color\":\"0e8a16\",\"description\":\"\",\"id\":\"MDU6TGFiZWw2MDMwNTMwMTA=\",\"name\":\"status:reviews-complete\"},{\"color\":\"c5def5\",\"description\":\"\",\"id\":\"MDU6TGFiZWw2MDUyMDkxMzk=\",\"name\":\"component:systemvm-template\"},{\"color\":\"d9d90b\",\"description\":\"\",\"id\":\"MDU6TGFiZWw2NTY3NzgwMzE=\",\"name\":\"status:closable\"},{\"color\":\"ea62a8\",\"description\":\"\",\"id\":\"MDU6TGFiZWw3MzkzNzQ3Njc=\",\"name\":\"component:UI\"},{\"color\":\"98f29b\",\"description\":\"\",\"id\":\"MDU6TGFiZWw3Nzk5MDQ2NDc=\",\"name\":\"type:healthcheckrun\"},{\"color\":\"2ea9c1\",\"description\":\"\",\"id\":\"MDU6TGFiZWw3OTU5MzYxMzE=\",\"name\":\"component:basic-network\"},{\"color\":\"720bc1\",\"description\":\"\",\"id\":\"MDU6TGFiZWw4MTQyNzc5NzQ=\",\"name\":\"component:upgrade\"},{\"color\":\"a5f9ff\",\"description\":\"\",\"id\":\"MDU6TGFiZWw4MTc0MjA0Mjg=\",\"name\":\"type:improvement\"},{\"color\":\"0e8a16\",\"description\":\"\",\"id\":\"MDU6TGFiZWw4MjE3MTYxMTM=\",\"name\":\"type:cleanup\"},{\"color\":\"a1b1e2\",\"description\":\"\",\"id\":\"MDU6TGFiZWw4NjgxNzM4NTI=\",\"name\":\"type:admin/housekeeping\"},{\"color\":\"ffc0cb\",\"description\":\"\",\"id\":\"MDU6TGFiZWw4OTEyOTI5MDI=\",\"name\":\"status:Help-wanted\"},{\"color\":\"edef73\",\"description\":\"\",\"id\":\"MDU6TGFiZWw4OTM3ODg5MTI=\",\"name\":\"component:saml\"},{\"color\":\"a9b50e\",\"description\":\"Warning... Python code Ahead!\",\"id\":\"MDU6TGFiZWw5MDQwNTE3ODE=\",\"name\":\"Python\"},{\"color\":\"2CFACC\",\"description\":\"\",\"id\":\"MDU6TGFiZWw5MTYwODUwNzU=\",\"name\":\"component:database\"},{\"color\":\"900606\",\"description\":\"Critical bug\",\"id\":\"MDU6TGFiZWw5MjgwODQ0OTI=\",\"name\":\"Severity:Critical\"},{\"color\":\"D93F0B\",\"description\":\"\",\"id\":\"MDU6TGFiZWw5NTY1MjY0OTg=\",\"name\":\"status:has-conflicts\"},{\"color\":\"15728e\",\"description\":\"\",\"id\":\"MDU6TGFiZWw5NTc3NjkzMzg=\",\"name\":\"status:waiting-for-smoketest-results\"},{\"color\":\"9dd0dd\",\"description\":\"\",\"id\":\"MDU6TGFiZWw5ODQ1MjM2MzA=\",\"name\":\"component:local-storage\"},{\"color\":\"9bd1dd\",\"description\":\"\",\"id\":\"MDU6TGFiZWwxMDExOTcwOTI1\",\"name\":\"component:managed-storage\"},{\"color\":\"a1ea91\",\"description\":\"\",\"id\":\"MDU6TGFiZWwxMDI3MzQzNzgz\",\"name\":\"status:Has a PR\"},{\"color\":\"991821\",\"description\":\"\",\"id\":\"MDU6TGFiZWwxMDI5NzMzOTcw\",\"name\":\"status:cant replicate\"},{\"color\":\"47cc59\",\"description\":\"\",\"id\":\"MDU6TGFiZWwxMDU5OTQyMDg2\",\"name\":\"component:openvswitch\"},{\"color\":\"5fefdc\",\"description\":\"\",\"id\":\"MDU6TGFiZWwxMDc2ODg3MDgw\",\"name\":\"component:dhcp\"},{\"color\":\"eaa498\",\"description\":\"\",\"id\":\"MDU6TGFiZWwxMDgyMzc0MTcx\",\"name\":\"component:logging\"},{\"color\":\"6cddb4\",\"description\":\"\",\"id\":\"MDU6TGFiZWwxMDg4ODcyMzY0\",\"name\":\"status:Not a problem\"},{\"color\":\"80e5e2\",\"description\":\"\",\"id\":\"MDU6TGFiZWwxMDkyODY5OTQz\",\"name\":\"component:agent\"},{\"color\":\"5bf7ae\",\"description\":\"\",\"id\":\"MDU6TGFiZWwxMTE4MzcyNzU0\",\"name\":\"status:marvin-tests-passing\"},{\"color\":\"5319e7\",\"description\":\"\",\"id\":\"MDU6TGFiZWwxMTE4MzczODI2\",\"name\":\"status:marvin-tests-failing\"},{\"color\":\"221596\",\"description\":\"\",\"id\":\"MDU6TGFiZWwxMTE4Mzc0MjA3\",\"name\":\"status:marvin-test-not-run\"},{\"color\":\"68eda1\",\"description\":\"\",\"id\":\"MDU6TGFiZWwxMTE4Mzc0NTE4\",\"name\":\"status:manual-tests-passing\"},{\"color\":\"d347ef\",\"description\":\"\",\"id\":\"MDU6TGFiZWwxMTE4Mzc0ODM1\",\"name\":\"status:manual-tests-failing\"},{\"color\":\"0d55e5\",\"description\":\"\",\"id\":\"MDU6TGFiZWwxMTE4Mzc1MDM1\",\"name\":\"status:manual-tests-not-run\"},{\"color\":\"c1d134\",\"description\":\"\",\"id\":\"MDU6TGFiZWwxMTI1OTEyOTU4\",\"name\":\"status:proof-of-concept\"},{\"color\":\"99fcc4\",\"description\":\"VXLAN\",\"id\":\"MDU6TGFiZWwxMTM0NzA1MjI5\",\"name\":\"component:vxlan\"},{\"color\":\"afffb2\",\"description\":\"\",\"id\":\"MDU6TGFiZWwxMTM2NjgxNzc0\",\"name\":\"component:advanced-networking\"},{\"color\":\"880205\",\"description\":\"\",\"id\":\"MDU6TGFiZWwxMTQ5OTY1OTk2\",\"name\":\"status:not-a-bug\"},{\"color\":\"4471c4\",\"description\":\"\",\"id\":\"MDU6TGFiZWwxMTUwNjc1NTQ5\",\"name\":\"type:new-feature\"},{\"color\":\"3B90D6\",\"description\":\"\",\"id\":\"MDU6TGFiZWwxMTUyOTU3NTcx\",\"name\":\"component:compute\"},{\"color\":\"ef97b6\",\"description\":\"\",\"id\":\"MDU6TGFiZWwxMTUyOTY5OTY2\",\"name\":\"component:templates\"},{\"color\":\"6e1ec9\",\"description\":\"\",\"id\":\"MDU6TGFiZWwxMTUyOTc4MDEz\",\"name\":\"component:build\"},{\"color\":\"f4b2be\",\"description\":\"\",\"id\":\"MDU6TGFiZWwxMTUzMDAzMDY1\",\"name\":\"component:projects\"},{\"color\":\"105787\",\"description\":\"\",\"id\":\"MDU6TGFiZWwxMTUzNjYwNDIy\",\"name\":\"component:unit-test\"},{\"color\":\"4e62fc\",\"description\":\"\",\"id\":\"MDU6TGFiZWwxMTU1MDE2OTEw\",\"name\":\"status:needs-reproducing\"},{\"color\":\"dbd348\",\"description\":\"\",\"id\":\"MDU6TGFiZWwxMTY3MDU0Mjk0\",\"name\":\"component:marvin\"},{\"color\":\"ccdcff\",\"description\":\"\",\"id\":\"MDU6TGFiZWwxMjUwMDUxMzYy\",\"name\":\"python3\"},{\"color\":\"66a3dd\",\"description\":\"\",\"id\":\"MDU6TGFiZWwxMjk5MDE5MTY5\",\"name\":\"component:dpdk\"},{\"color\":\"7ff4ee\",\"description\":\"\",\"id\":\"MDU6TGFiZWwxMzMzNDEwMTEz\",\"name\":\"type:regression\"},{\"color\":\"6020bf\",\"description\":\"\",\"id\":\"MDU6TGFiZWwxMzMzNDEwODYy\",\"name\":\"component:migration\"},{\"color\":\"e08888\",\"description\":\"\",\"id\":\"MDU6TGFiZWwxMzkxOTY3OTc5\",\"name\":\"Severity:Trivial\"},{\"color\":\"906666\",\"description\":\"\",\"id\":\"MDU6TGFiZWwxMzkxOTY4NjEw\",\"name\":\"Severity:Minor\"},{\"color\":\"b2ef67\",\"description\":\"\",\"id\":\"MDU6TGFiZWwxMzkxOTc4ODg1\",\"name\":\"component:LDAP\"},{\"color\":\"e4ccff\",\"description\":\"\",\"id\":\"MDU6TGFiZWwxNjQ1MDYyODY2\",\"name\":\"component:simulator\"},{\"color\":\"0db7ed\",\"description\":\"\",\"id\":\"MDU6TGFiZWwxNjQ1MDY0NDk1\",\"name\":\"docker\"},{\"color\":\"0366d6\",\"description\":\"Pull requests that update a dependency file\",\"id\":\"MDU6TGFiZWwxNjUxNjQ4MTI4\",\"name\":\"dependencies\"},{\"color\":\"903636\",\"description\":\"\",\"id\":\"MDU6TGFiZWwxNjYzOTY5NTIx\",\"name\":\"Severity:Major\"},{\"color\":\"0db7ed\",\"description\":\"\",\"id\":\"MDU6TGFiZWwxNzAwMTE5OTEy\",\"name\":\"component:kubernetes\"},{\"color\":\"3085D3\",\"description\":\"\",\"id\":\"MDU6TGFiZWwxNzgyOTYyNDM2\",\"name\":\"component:csvm\"},{\"color\":\"9e1737\",\"description\":\"\",\"id\":\"MDU6TGFiZWwxODcwMTY5NjEx\",\"name\":\"component:JDK\"},{\"color\":\"52a8ea\",\"description\":\"\",\"id\":\"MDU6TGFiZWwxOTAwMzM3MzM1\",\"name\":\"type:technical-debt\"}],\"totalCount\":231}","type":"text"}]}} +556µs
guard:wasm tryCallWasmFunction: guard=github, func=<unknown>, inputSize=11482, outputSize=4194304 +400µs
guard:wasm Using guard allocator path: guard=github +243µs
guard:wasm [guard:github] DEBUG: >>> alloc(11482) +263µs
guard:wasm [guard:github] DEBUG: <<< alloc returning ptr=1107776 +280µs
guard:wasm wasmAlloc: guard=github, size=11482, ptr=1107776 +218µs
guard:wasm [guard:github] DEBUG: >>> alloc(4194304) +263µs
guard:wasm [guard:github] DEBUG: <<< alloc returning ptr=5302576 +2ms
guard:wasm wasmAlloc: guard=github, size=4194304, ptr=5302576 +323µs
guard:wasm [guard:github] INFO: >>> label_response called +239µs
guard:wasm [guard:github] INFO:     input_len=11482, output_size=4194304 +235µs
guard:wasm [guard:github] INFO:     input_preview={"capabilities":{},"tool_args":{"owner":"apache","repo":"cloudstack"},"tool_name":"list_label","tool_result":{"content":[{"text":"{\"labels\":[{\"color\":\"000000\",\"description\":\"\",\"id\":\"MDU6TGFiZWwzNzg0MzM2NQ==\",\"name\":\"status:duplicate\"},{\"color\":\"e6e6e6\",\"description\":\"\",\"id\":\"MDU6TGFiZWwzNzg0MzM2Nw==\",\"name\":\"status:invalid\"},{\"color\":\"ffffff\",\"description\":\"\",\"id\":\"MDU6TGFiZWwzNzg0MzM2OQ==\",\"name\":\"status:wontfix\"},{\"color\":\"fc2929\",\"descrip +222µs
guard:wasm [guard:github] INFO:     tool_name=list_label +460µs
guard:wasm [guard:github] DEBUG: extract_mcp_response: top-level keys=["content"] +221µs
guard:wasm [guard:github] DEBUG: extract_mcp_response: found content array with 1 items +205µs
guard:wasm [guard:github] DEBUG: extract_mcp_response: found text field, len=9729 +222µs
guard:wasm [guard:github] DEBUG: extract_mcp_response: parsed content[0].text as JSON +495µs
guard:wasm [guard:github] INFO:     using legacy item-based labeling +271µs
guard:wasm [guard:github] DEBUG: extract_mcp_response: top-level keys=["content"] +229µs
guard:wasm [guard:github] DEBUG: extract_mcp_response: found content array with 1 items +213µs
guard:wasm [guard:github] DEBUG: extract_mcp_response: found text field, len=9729 +196µs
guard:wasm [guard:github] DEBUG: extract_mcp_response: parsed content[0].text as JSON +481µs
guard:wasm [guard:github] DEBUG: extract_mcp_response: top-level keys=["content"] +268µs
guard:wasm [guard:github] DEBUG: extract_mcp_response: found content array with 1 items +445µs
guard:wasm [guard:github] DEBUG: extract_mcp_response: found text field, len=9729 +203µs
guard:wasm [guard:github] DEBUG: extract_mcp_response: parsed content[0].text as JSON +483µs
guard:wasm [guard:github] INFO:     no fine-grained items, creating fallback single-item label +206µs
guard:wasm [guard:github] DEBUG: Checking repo visibility for apache/cloudstack +223µs
guard:wasm [guard:github] INFO: >>> call_backend: tool=search_repositories +237µs
guard:wasm [guard:github] DEBUG:     args={"perPage":10,"query":"repo:apache/cloudstack"} +235µs
guard:wasm WASM guard calling backend: tool=search_repositories +4ms
server:unified [DIFC] Guard calling backend github tool search_repositories for metadata +297ms
server:unified executeBackendToolCall: serverID=github, toolName=search_repositories +253µs
launcher:launcher Checking session pool: serverID=github, sessionID=r9hBDzr7i7fbNU8wge9KaPQDr8vB9RkNYd7tKEjAW0hbweUjRiiscSu1zfKA +297ms
launcher:pool Reusing connection: backend=github, session=r9hBDzr7i7fbNU8wge9KaPQDr8vB9RkNYd7tKEjAW0hbweUjRiiscSu1zfKA, requests=5 +297ms
mcp:connection Dispatching SDK method: tools/call, serverID=github +297ms
mcp:connection callTool: parsed name=search_repositories, argumentCount=2 +223µs
guard:wasm Backend call failed: calling "tools/call": unknown tool "search_repositories" +5ms
guard:wasm [guard:github] ERROR: <<< call_backend FAILED with code -1 +227µs
guard:wasm [guard:github] WARN: Backend call search_repositories failed with code -1 +459µs
guard:wasm [guard:github] DEBUG: Checking repo visibility for apache/cloudstack +419µs
guard:wasm [guard:github] INFO: >>> call_backend: tool=search_repositories +280µs
guard:wasm [guard:github] DEBUG:     args={"perPage":10,"query":"repo:apache/cloudstack"} +214µs
guard:wasm WASM guard calling backend: tool=search_repositories +213µs
server:unified [DIFC] Guard calling backend github tool search_repositories for metadata +6ms
server:unified executeBackendToolCall: serverID=github, toolName=search_repositories +200µs
launcher:launcher Checking session pool: serverID=github, sessionID=r9hBDzr7i7fbNU8wge9KaPQDr8vB9RkNYd7tKEjAW0hbweUjRiiscSu1zfKA +6ms
launcher:pool Reusing connection: backend=github, session=r9hBDzr7i7fbNU8wge9KaPQDr8vB9RkNYd7tKEjAW0hbweUjRiiscSu1zfKA, requests=6 +27ms
mcp:connection Dispatching SDK method: tools/call, serverID=github +27ms
mcp:connection callTool: parsed name=search_repositories, argumentCount=2 +228µs
difc:pipeline_decisions ShouldCallLabelResponse: operation=read, mode=filter, result=true +47ms
guard:wasm LabelResponse called: toolName=search_issues +25ms
guard:context Retrieved request state from context +47ms
guard:wasm Backend call failed: calling "tools/call": unknown tool "search_repositories" +739µs
guard:wasm [guard:github] ERROR: <<< call_backend FAILED with code -1 +241µs
guard:wasm [guard:github] WARN: Backend call search_repositories failed with code -1 +429µs
guard:wasm [guard:github] INFO:     fallback labels: secrecy=[], integrity=["none:all", "unapproved:all", "approved:all"] +455µs
guard:wasm [guard:github] INFO:     generated 1 labeled items +274µs
guard:wasm [guard:github] INFO:     output_preview={"items":[{"data":{"content":[{"text":"{\"labels\":[{\"color\":\"000000\",\"description\":\"\",\"id\":\"MDU6TGFiZWwzNzg0MzM2NQ==\",\"name\":\"status:duplicate\"},{\"color\":\"e6e6e6\",\"description\":\"\",\"id\":\"MDU6TGFiZWwzNzg0MzM2Nw==\",\"name\":\"status:invalid\"},{\"color\":\"ffffff\",\"description\":\"\",\"id\":\"MDU6TGFiZWwzNzg0MzM2OQ==\",\"name\":\"status:wontfix\"},{\"color\":\"fc2929\",\"description\":\"\",\"id\":\"MDU6TGFiZWwzNzg0MzM2NA==\",\"name\":\"type:bug\"},{\"color\":\"84b6eb\ +605µs
guard:wasm [guard:github] INFO: <<< label_response returning 11510 bytes +223µs
guard:wasm [guard:github] DEBUG: >>> dealloc(ptr=5302576, size=4194304) +241µs
guard:wasm [guard:github] DEBUG: <<< dealloc complete +210µs
guard:wasm [guard:github] DEBUG: >>> dealloc(ptr=1107776, size=11482) +232µs
guard:wasm [guard:github] DEBUG: <<< dealloc complete +212µs
guard:wasm parseCollectionLabeledData: itemCount=1 +338µs
guard:wasm label_response input JSON (2720 bytes): {"capabilities":{},"tool_args":{"order":"asc","perPage":30,"query":"repo:apache/cloudstack is:issue is:open no:label","sort":"created"},"tool_name":"search_issues","tool_result":{"content":[{"text":"{\"total_count\":1,\"incomplete_results\":false,\"items\":[{\"id\":5630698507,\"number\":14265,\"state\":\"open\",\"locked\":false,\"title\":\"[Feature] Add latest OS versions to guest OS list\",\"body\":\"### The required feature described as a wish\\n\\nAs an MSP switching from vmware to cloudstack at the moment we would love to see the latest Linux versions within the Guest OS list by default. Currently Alma/Rocky etc. are on version 9, debian latest is 12, ubuntu latest is 24. All of them have one newer Major version not sure about other distributions.\\n\\nI know we can add all these manual. But would be nice to have them in the default to have no issues wit future cloudstack updates.\",\"author_association\":\"NONE\",\"user\":{\"login\":\"la-wu\",\"id\":295070573,\"node_id\":\"U_kgDOEZZrbQ\",\"avatar_url\":\"https://avatars.githubusercontent.com/u/295070573?v=4\",\"html_url\":\"https://github.com/la-wu\",\"gravatar_id\":\"\",\"type\":\"User\",\"site_admin\":false,\"url\":\"https://api.github.com/users/la-wu\",\"events_url\":\"https://api.github.com/users/la-wu/events{/privacy}\",\"following_url\":\"https://api.github.com/users/la-wu/following{/other_user}\",\"followers_url\":\"https://api.github.com/users/la-wu/followers\",\"gists_url\":\"https://api.github.com/users/la-wu/gists{/gist_id}\",\"organizations_url\":\"https://api.github.com/users/la-wu/orgs\",\"received_events_url\":\"https://api.github.com/users/la-wu/received_events\",\"repos_url\":\"https://api.github.com/users/la-wu/repos\",\"starred_url\":\"https://api.github.com/users/la-wu/starred{/owner}{/repo}\",\"subscriptions_url\":\"https://api.github.com/users/la-wu/subscriptions\"},\"comments\":0,\"created_at\":\"2026-09-29T12:39:54Z\",\"updated_at\":\"2026-09-29T12:39:54Z\",\"url\":\"https://api.github.com/repos/apache/cloudstack/issues/14265\",\"html_url\":\"https://github.com/apache/cloudstack/issues/14265\",\"comments_url\":\"https://api.github.com/repos/apache/cloudstack/issues/14265/comments\",\"events_url\":\"https://api.github.com/repos/apache/cloudstack/issues/14265/events\",\"labels_url\":\"https://api.github.com/repos/apache/cloudstack/issues/14265/labels{/name}\",\"repository_url\":\"https://api.github.com/repos/apache/cloudstack\",\"reactions\":{\"total_count\":0,\"+1\":0,\"-1\":0,\"laugh\":0,\"confused\":0,\"heart\":0,\"hooray\":0,\"rocket\":0,\"eyes\":0,\"url\":\"https://api.github.com/repos/apache/cloudstack/issues/14265/reactions\"},\"node_id\":\"I_kwDOAJTq2M8AAAABT52kCw\"}]}","type":"text"}]}} +32µs
difc:labels Creating label with 0 initial tags: [] +335ms
guard:wasm tryCallWasmFunction: guard=github, func=<unknown>, inputSize=2720, outputSize=4194304 +407µs
guard:wasm Using guard allocator path: guard=github +244µs
guard:wasm [guard:github] DEBUG: >>> alloc(2720) +232µs
guard:wasm [guard:github] DEBUG: <<< alloc returning ptr=1107776 +255µs
guard:wasm wasmAlloc: guard=github, size=2720, ptr=1107776 +225µs
difc:labels Creating label with 3 initial tags: [none:all unapproved:all approved:all] +1ms
guard:wasm parseCollectionLabeledData: parsed 1 labeled items from 1 input items +432µs
difc:evaluator Filtering collection: operation=read, totalItems=1 +336ms
difc:evaluator Evaluating access: operation=read, resource=resource:list_label +269µs
guard:wasm [guard:github] DEBUG: >>> alloc(4194304) +709µs
difc:evaluator Evaluating read access (mode=filter): resource=resource:list_label, agentSecrecy=[], agentIntegrity=[none:all] +447µs
difc:evaluator Read access allowed: resource=resource:list_label +280µs
guard:wasm [guard:github] DEBUG: <<< alloc returning ptr=5302576 +745µs
guard:wasm wasmAlloc: guard=github, size=4194304, ptr=5302576 +215µs
difc:evaluator Collection filtered: accessible=1, filtered=0, total=1 +678µs
server:unified [DIFC] Filtered collection: 1/1 items accessible +32ms
difc:pipeline_decisions ShouldBlockFilteredResponse: mode=filter, filteredCount=0, block=false +8ms
difc:resource FilteredCollectionLabeledData.ToResult: returning 1 accessible items (filter_reason=DIFC policy) +25.7s
guard:wasm [guard:github] INFO: >>> label_response called +1ms
difc:pipeline_decisions ShouldAccumulateReadLabels: operation=read, mode=filter, accumulate=false +645µs
mcp:tool_result Converting backend result to CallToolResult +567ms
mcp:tool_result Backend returned array, wrapping as text +218µs
guard:wasm [guard:github] INFO:     input_len=2720, output_size=4194304 +1ms
guard:wasm [guard:github] INFO:     input_preview={"capabilities":{},"tool_args":{"order":"asc","perPage":30,"query":"repo:apache/cloudstack is:issue is:open no:label","sort":"created"},"tool_name":"search_issues","tool_result":{"content":[{"text":"{\"total_count\":1,\"incomplete_results\":false,\"items\":[{\"id\":5630698507,\"number\":14265,\"state\":\"open\",\"locked\":false,\"title\":\"[Feature] Add latest OS versions to guest OS list\",\"body\":\"### The required feature described as a wish\\n\\nAs an MSP switching from vmware to cloudstack +248µs
guard:wasm [guard:github] INFO:     tool_name=search_issues +295µs
guard:wasm [guard:github] DEBUG: extract_mcp_response: top-level keys=["content"] +261µs
guard:wasm [guard:github] DEBUG: extract_mcp_response: found content array with 1 items +256µs
guard:wasm [guard:github] DEBUG: extract_mcp_response: found text field, len=2338 +238µs
guard:wasm [guard:github] DEBUG: extract_mcp_response: parsed content[0].text as JSON +318µs
guard:wasm [guard:github] DEBUG: Checking repo visibility for apache/cloudstack +255µs
guard:wasm [guard:github] INFO: >>> call_backend: tool=search_repositories +259µs
guard:wasm [guard:github] DEBUG:     args={"perPage":10,"query":"repo:apache/cloudstack"} +246µs
guard:wasm WASM guard calling backend: tool=search_repositories +241µs
server:unified [DIFC] Guard calling backend github tool search_repositories for metadata +4ms
server:unified executeBackendToolCall: serverID=github, toolName=search_repositories +219µs
launcher:launcher Checking session pool: serverID=github, sessionID=r9hBDzr7i7fbNU8wge9KaPQDr8vB9RkNYd7tKEjAW0hbweUjRiiscSu1zfKA +37ms
launcher:pool Reusing connection: backend=github, session=r9hBDzr7i7fbNU8wge9KaPQDr8vB9RkNYd7tKEjAW0hbweUjRiiscSu1zfKA, requests=7 +17ms
mcp:connection Dispatching SDK method: tools/call, serverID=github +16ms
mcp:connection callTool: parsed name=search_repositories, argumentCount=2 +249µs
server:response_writer Writing response body: 14688 bytes +577ms
server:response_writer Retrieving captured body: 14688 bytes +475µs
guard:wasm Backend call failed: calling "tools/call": unknown tool "search_repositories" +4ms
server:response_writer Retrieving captured status code: 200 +261µs
guard:wasm [guard:github] ERROR: <<< call_backend FAILED with code -1 +805µs
guard:wasm [guard:github] WARN: Backend call search_repositories failed with code -1 +506µs
server:sdk-frontend <<< SDK Response [routed:github] status=200 duration=583.774063ms (non-JSON or stream) +581ms
guard:wasm [guard:github] DEBUG: Checking repo visibility for apache/cloudstack +797µs
guard:wasm [guard:github] INFO: >>> call_backend: tool=search_repositories +279µs
guard:wasm [guard:github] DEBUG:     args={"perPage":10,"query":"repo:apache/cloudstack"} +281µs
guard:wasm WASM guard calling backend: tool=search_repositories +228µs
server:unified [DIFC] Guard calling backend github tool search_repositories for metadata +7ms
server:sdk-frontend     Raw response (truncated): event: message
data: {"jsonrpc":"2.0","id":3,"result":{"content":[{"type":"text","text":"[{\"content\":[{\"text\":\"{\\\"labels\\\":[{\\\"color\\\":\\\"000000\\\",\\\"description\\\":\\\"\\\",\\\"id\\\":\\\"MDU6TGFiZWwzNzg0MzM2NQ==\\\",\\\"name\\\":\\\"status:duplicate\\\"},{\\\"color\\\":\\\"e6e6e6\\\",\\\"description\\\":\\\"\\\",\\\"id\\\":\\\"MDU6TGFiZWwzNzg0MzM2Nw==\\\",\\\"name\\\":\\\"status:invalid\\\"},{\\\"color\\\":\\\"ffffff\\\",\\\"description\\\":\\\"\\\",\\\"id\\\":\\\"MDU6TGFiZWw... +1ms
server:unified executeBackendToolCall: serverID=github, toolName=search_repositories +765µs
launcher:launcher Checking session pool: serverID=github, sessionID=r9hBDzr7i7fbNU8wge9KaPQDr8vB9RkNYd7tKEjAW0hbweUjRiiscSu1zfKA +8ms
launcher:pool Reusing connection: backend=github, session=r9hBDzr7i7fbNU8wge9KaPQDr8vB9RkNYd7tKEjAW0hbweUjRiiscSu1zfKA, requests=8 +8ms
mcp:connection Dispatching SDK method: tools/call, serverID=github +8ms
mcp:connection callTool: parsed name=search_repositories, argumentCount=2 +239µs
guard:wasm Backend call failed: calling "tools/call": unknown tool "search_repositories" +5ms
guard:wasm [guard:github] ERROR: <<< call_backend FAILED with code -1 +292µs
guard:wasm [guard:github] WARN: Backend call search_repositories failed with code -1 +442µs
guard:wasm [guard:github] DEBUG: [integrity] issue:apache/cloudstack#14265: author_association floor below writer (rank=2), checking collaborator permission for la-wu +591µs
guard:wasm [guard:github] DEBUG: get_collaborator_permission: fetching permission for apache/cloudstack user la-wu +265µs
guard:wasm [guard:github] INFO: >>> call_backend: tool=get_collaborator_permission +267µs
guard:wasm [guard:github] DEBUG:     args={"owner":"apache","repo":"cloudstack","username":"la-wu"} +267µs
guard:wasm WASM guard calling backend: tool=get_collaborator_permission +236µs
envutil:github Looking up GitHub token: checking 4 candidate env vars +25.7s
envutil:github GitHub token found: source=GITHUB_MCP_SERVER_TOKEN +218µs
envutil:github GitHub API URL using default:  +217µs
envutil:github Deriving API URL from server URL: https://github.com +235µs
envutil:github GitHub.com detected, using default API URL: https://api.github.com +204µs
envutil:github GitHub API URL derived from GITHUB_SERVER_URL=https://github.com: https://api.github.com +237µs
httputil:collaborator_permission FetchCollaboratorPermission: owner=apache, repo=cloudstack, username=la-wu, apiPath=/repos/apache/cloudstack/collaborators/la-wu/permission +25.7s
server:unified get_collaborator_permission: GET /repos/apache/cloudstack/collaborators/la-wu/permission (for apache/cloudstack user la-wu) +8ms
httputil:httputil GitHub GET: baseURL="https://api.github.com", path="/repos/apache/cloudstack/collaborators/la-wu/permission", hasAuth=true +20.9s
httputil:httputil Applying GitHub API headers: method="GET", path="/repos/apache/cloudstack/collaborators/la-wu/permission", hasAuth=true +233µs
httputil:httputil GitHub GET response: path="/repos/apache/cloudstack/collaborators/la-wu/permission", status=200 +233ms
httputil:collaborator_permission FetchCollaboratorPermission: response received: status=200, bodyLen=1045 +234ms
server:unified get_collaborator_permission: apache/cloudstack user la-wu → permission="read" (HTTP 200) +234ms
guard:wasm [guard:github] INFO: <<< call_backend returned 1182 bytes +236ms
guard:wasm [guard:github] DEBUG: extract_mcp_response: top-level keys=["content"] +316µs
guard:wasm [guard:github] DEBUG: extract_mcp_response: found content array with 1 items +233µs
guard:wasm [guard:github] DEBUG: extract_mcp_response: found text field, len=1045 +214µs
guard:wasm [guard:github] DEBUG: extract_mcp_response: parsed content[0].text as JSON +260µs
guard:wasm [guard:github] INFO: get_collaborator_permission: apache/cloudstack user la-wu → permission=Some("read") login=Some("la-wu") +246µs
guard:wasm [guard:github] DEBUG: [integrity] issue:apache/cloudstack#14265: collaborator permission=Some("read") → merged rank=2 +251µs
guard:wasm [guard:github] DEBUG: Checking repo visibility for apache/cloudstack +281µs
guard:wasm [guard:github] INFO: >>> call_backend: tool=search_repositories +320µs
guard:wasm [guard:github] DEBUG:     args={"perPage":10,"query":"repo:apache/cloudstack"} +236µs
guard:wasm WASM guard calling backend: tool=search_repositories +225µs
server:unified [DIFC] Guard calling backend github tool search_repositories for metadata +3ms
server:unified executeBackendToolCall: serverID=github, toolName=search_repositories +300µs
launcher:launcher Checking session pool: serverID=github, sessionID=r9hBDzr7i7fbNU8wge9KaPQDr8vB9RkNYd7tKEjAW0hbweUjRiiscSu1zfKA +247ms
launcher:pool Reusing connection: backend=github, session=r9hBDzr7i7fbNU8wge9KaPQDr8vB9RkNYd7tKEjAW0hbweUjRiiscSu1zfKA, requests=9 +247ms
mcp:connection Dispatching SDK method: tools/call, serverID=github +246ms
mcp:connection callTool: parsed name=search_repositories, argumentCount=2 +250µs
guard:wasm Backend call failed: calling "tools/call": unknown tool "search_repositories" +4ms
guard:wasm [guard:github] ERROR: <<< call_backend FAILED with code -1 +225µs
guard:wasm [guard:github] WARN: Backend call search_repositories failed with code -1 +451µs
guard:wasm [guard:github] INFO:     using path-based labeling with 1 paths +449µs
guard:wasm [guard:github] INFO:     path_output_preview={"labeled_paths":[{"path":"/items/0","labels":{"description":"issue:apache/cloudstack#14265","secrecy":[],"integrity":["none:all","unapproved:all"]}}],"default_labels":{"description":"issue","secrecy":[],"integrity":["none:all"]},"items_path":"/items"} +332µs
guard:wasm [guard:github] INFO: <<< label_response returning 252 bytes (path-based) +278µs
guard:wasm [guard:github] DEBUG: >>> dealloc(ptr=5302576, size=4194304) +290µs
guard:wasm [guard:github] DEBUG: <<< dealloc complete +220µs
guard:wasm [guard:github] DEBUG: >>> dealloc(ptr=1107776, size=2720) +385µs
guard:wasm [guard:github] DEBUG: <<< dealloc complete +299µs
guard:wasm parsePathLabeledResponse: responseSize=252 +245µs
difc:path_labels ParsePathLabels: parsing 252 bytes +26.0s
difc:path_labels ParsePathLabels: parsed 1 labeled paths, hasDefaultLabels=true +256µs
guard:wasm parsePathLabeledResponse: parsed 1 path labels +733µs
difc:path_labels unwrapMCPResponse: detected MCP-wrapped response, unwrapping inner JSON +503µs
difc:path_labels NewPathLabeledData: isMCPWrapped=true, labeledPaths=1 +202µs
difc:path_labels getItems: navigating to items at path=/items +199µs
difc:path_labels getItems: found 1 items at path=/items +217µs
difc:path_labels resolve: resolving 1 items with 1 explicit path labels +176µs
guard:wasm parsePathLabeledResponse: converted to CollectionLabeledData successfully +1ms
difc:evaluator Filtering collection: operation=read, totalItems=1 +270ms
difc:evaluator Evaluating access: operation=read, resource=issue:apache/cloudstack#14265 +272µs
difc:evaluator Evaluating read access (mode=filter): resource=issue:apache/cloudstack#14265, agentSecrecy=[], agentIntegrity=[none:all] +278µs
difc:evaluator Read access allowed: resource=issue:apache/cloudstack#14265 +253µs
difc:evaluator Collection filtered: accessible=1, filtered=0, total=1 +234µs
server:unified [DIFC] Filtered collection: 1/1 items accessible +11ms
difc:pipeline_decisions ShouldBlockFilteredResponse: mode=filter, filteredCount=0, block=false +270ms
difc:resource FilteredCollectionLabeledData.ToResult: returning 1 accessible items (filter_reason=DIFC policy) +271ms
difc:pipeline_decisions ShouldAccumulateReadLabels: operation=read, mode=filter, accumulate=false +447µs
mcp:tool_result Converting backend result to CallToolResult +270ms
mcp:tool_result Backend returned array, wrapping as text +225µs
server:response_writer Writing response body: 2539 bytes +264ms
server:response_writer Retrieving captured body: 2539 bytes +385µs
server:response_writer Retrieving captured status code: 200 +211µs
server:sdk-frontend <<< SDK Response [routed:github] status=200 duration=846.533634ms (non-JSON or stream) +262ms
server:sdk-frontend     Raw response (truncated): event: message
data: {"jsonrpc":"2.0","id":4,"result":{"content":[{"type":"text","text":"[{\"author_association\":\"NONE\",\"body\":\"### The required feature described as a wish\\n\\nAs an MSP switching from vmware to cloudstack at the moment we would love to see the latest Linux versions within the Guest OS list by default. Currently Alma/Rocky etc. are on version 9, debian latest is 12, ubuntu latest is 24. All of them have one newer Major version not sure about other distributions.\\n\\nI kn... +228µs
tracing:provider Handling request: span=gateway.request, method=POST, path=/mcp/github, remoteParent=false +4.6s
tracing:provider Span started: span=gateway.request, traceID=00000000000000000000000000000000 +473µs
server:auth Authenticating request: method=POST, path=/mcp/github, remote=172.30.0.20:48178 +4.6s
auth:header Extracting session ID from auth header: sanitized=r9hB... +4.6s
auth:header Using plain API key as session ID +223µs
server:sdk-frontend >>> SDK Request [routed:github] session=r9hBDzr7... mcp-session=BYVAAWFV... method=POST path=/mcp/github +3.7s
server:sdk-frontend     JSON-RPC Request: method=tools/call id=5 +257µs
tracing:provider Handling request: span=gateway.request, method=POST, path=/mcp/github, remoteParent=false +1ms
tracing:provider Handling request: span=gateway.request, method=POST, path=/mcp/github, remoteParent=false +72µs
server:response_writer Creating new response writer with default status 200 +3.7s
2026/09/29 15:25:43 [ROUTED] Calling unified handler for: issue_read
server:session Extracted session ID from context: r9hBDzr7... +4.5s
tracing:provider Span started: span=gateway.request, traceID=00000000000000000000000000000000 +985µs
tracing:provider Span started: span=gateway.request, traceID=00000000000000000000000000000000 +240µs
server:auth Authenticating request: method=POST, path=/mcp/github, remote=172.30.0.20:58656 +3ms
auth:header Extracting session ID from auth header: sanitized=r9hB... +2ms
server:auth Authenticating request: method=POST, path=/mcp/github, remote=172.30.0.20:48190 +892µs
auth:header Using plain API key as session ID +628µs
server:sdk-frontend >>> SDK Request [routed:github] session=r9hBDzr7... mcp-session=BYVAAWFV... method=POST path=/mcp/github +3ms
mcp:tool_result Parsing arguments for tool: issue_read +3.7s
mcp:tool_result Parsed 4 arguments +254µs
server:session Extracted session ID from context: r9hBDzr7... +2ms
server:sdk-frontend     JSON-RPC Request: method=tools/call id=7 +1ms
server:session Extracted session ID from context: r9hBDzr7... +926µs
server:session Checking session: sessionID=r9hBDzr7... +188µs
server:session Session validated for ID: r9hBDzr7... +269µs
server:unified callBackendTool: serverID=github, toolName=issue_read, args=map[issue_number:14265 method:get owner:apache repo:cloudstack] +3.7s
auth:header Extracting session ID from auth header: sanitized=r9hB... +2ms
guard:registry Getting guard for serverID=github +4.6s
guard:registry Found guard for serverID=github, guardName=github +244µs
server:session Extracted session ID from context: r9hBDzr7... +1ms
server:guard_init Resolving guard policy: serverID=github +4.5s
config:guard_policy ParseServerGuardPolicy: serverID=github, keyCount=1 +4.5s
auth:header Using plain API key as session ID +1ms
server:response_writer Creating new response writer with default status 200 +7ms
config:guard_policy ParsePolicyMap: hasAllowOnly=true, hasWriteSink=false, keyCount=1 +641µs
config:guard_policy Parsing guard policy JSON: len=112 +215µs
config:guard_policy UnmarshalJSON: parsing guard policy, keys=1 +272µs
config:guard_policy UnmarshalJSON: parsing allow-only policy, fields=5 +268µs
config:guard_policy UnmarshalJSON: allow-only policy parsed, repos=string, minIntegrity=none +254µs
server:sdk-frontend >>> SDK Request [routed:github] session=r9hBDzr7... mcp-session=BYVAAWFV... method=POST path=/mcp/github +4ms
2026/09/29 15:25:43 [ROUTED] Calling unified handler for: search_issues
server:session Extracted session ID from context: r9hBDzr7... +2ms
config:guard_policy UnmarshalJSON: guard policy type is allow-only +615µs
config:guard_policy ValidateGuardPolicy: delegating to allow-only normalization +230µs
config:guard_policy Normalizing guard policy: integrity=none, reposType=string +218µs
server:sdk-frontend     JSON-RPC Request: method=tools/call id=6 +1ms
mcp:tool_result Parsing arguments for tool: search_issues +6ms
mcp:tool_result Parsed 1 arguments +225µs
server:session Extracted session ID from context: r9hBDzr7... +1ms
config:guard_policy Guard policy normalized: scopeKind=all, integrity=none +1ms
server:session Extracted session ID from context: r9hBDzr7... +781µs
server:session Checking session: sessionID=r9hBDzr7... +223µs
server:session Session validated for ID: r9hBDzr7... +201µs
server:unified callBackendTool: serverID=github, toolName=search_issues, args=map[query:repo:apache/cloudstack is:issue guest OS list version] +6ms
server:guard_init Using server-level guard policy: serverID=github +5ms
guard:wasm BuildLabelAgentPayload: trustedBots=0, trustedUsers=0 +3.7s
server:response_writer Creating new response writer with default status 200 +5ms
guard:registry Getting guard for serverID=github +6ms
guard:registry Found guard for serverID=github, guardName=github +232µs
server:guard_init Guard session cache hit: server=github, session=r9hBDzr7i7fbNU8wge9KaPQDr8vB9RkNYd7tKEjAW0hbweUjRiiscSu1zfKA, mode=filter +1ms
guard:context Retrieved agent ID from context: r9hBDzr7i7fbNU8wge9KaPQDr8vB9RkNYd7tKEjAW0hbweUjRiiscSu1zfKA +4.0s
difc:agent GetOrCreate called for agentID=r9hBDzr7i7fbNU8wge9KaPQDr8vB9RkNYd7tKEjAW0hbweUjRiiscSu1zfKA +4.5s
server:unified [DIFC] Agent r9hBDzr7i7fbNU8wge9KaPQDr8vB9RkNYd7tKEjAW0hbweUjRiiscSu1zfKA | Secrecy: [] | Integrity: [none:all] +2ms
2026/09/29 15:25:43 [ROUTED] Calling unified handler for: issue_read
server:session Extracted session ID from context: r9hBDzr7... +2ms
server:session Extracted session ID from context: r9hBDzr7... +129µs
guard:context Setting request state in context +1ms
guard:wasm LabelResource called: toolName=issue_read, args=map[issue_number:14265 method:get owner:apache repo:cloudstack] +2ms
guard:wasm label_resource input JSON (131 bytes): {"capabilities":{},"tool_args":{"issue_number":14265,"method":"get","owner":"apache","repo":"cloudstack"},"tool_name":"issue_read"} +262µs
guard:wasm tryCallWasmFunction: guard=github, func=<unknown>, inputSize=131, outputSize=4194304 +218µs
guard:wasm Using guard allocator path: guard=github +242µs
server:guard_init Resolving guard policy: serverID=github +2ms
guard:wasm [guard:github] DEBUG: >>> alloc(131) +632µs
mcp:tool_result Parsing arguments for tool: issue_read +6ms
mcp:tool_result Parsed 4 arguments +326µs
config:guard_policy ParseServerGuardPolicy: serverID=github, keyCount=1 +6ms
config:guard_policy ParsePolicyMap: hasAllowOnly=true, hasWriteSink=false, keyCount=1 +227µs
config:guard_policy Parsing guard policy JSON: len=112 +270µs
guard:wasm [guard:github] DEBUG: <<< alloc returning ptr=1389680 +1ms
server:session Extracted session ID from context: r9hBDzr7... +3ms
server:session Extracted session ID from context: r9hBDzr7... +462µs
config:guard_policy UnmarshalJSON: parsing guard policy, keys=1 +1ms
config:guard_policy UnmarshalJSON: parsing allow-only policy, fields=5 +246µs
config:guard_policy UnmarshalJSON: allow-only policy parsed, repos=string, minIntegrity=none +304µs
guard:wasm wasmAlloc: guard=github, size=131, ptr=1389680 +1ms
server:session Checking session: sessionID=r9hBDzr7... +1ms
server:session Session validated for ID: r9hBDzr7... +223µs
server:unified callBackendTool: serverID=github, toolName=issue_read, args=map[issue_number:14265 method:get_comments owner:apache repo:cloudstack] +6ms
guard:registry Getting guard for serverID=github +7ms
config:guard_policy UnmarshalJSON: guard policy type is allow-only +1ms
config:guard_policy ValidateGuardPolicy: delegating to allow-only normalization +239µs
guard:wasm [guard:github] DEBUG: >>> alloc(4194304) +2ms
guard:registry Found guard for serverID=github, guardName=github +1ms
config:guard_policy Normalizing guard policy: integrity=none, reposType=string +646µs
config:guard_policy Guard policy normalized: scopeKind=all, integrity=none +213µs
server:guard_init Using server-level guard policy: serverID=github +6ms
guard:wasm BuildLabelAgentPayload: trustedBots=0, trustedUsers=0 +1ms
server:guard_init Guard session cache hit: server=github, session=r9hBDzr7i7fbNU8wge9KaPQDr8vB9RkNYd7tKEjAW0hbweUjRiiscSu1zfKA, mode=filter +455µs
guard:wasm [guard:github] DEBUG: <<< alloc returning ptr=5302576 +437µs
server:session Extracted session ID from context: r9hBDzr7... +3ms
guard:context Retrieved agent ID from context: r9hBDzr7i7fbNU8wge9KaPQDr8vB9RkNYd7tKEjAW0hbweUjRiiscSu1zfKA +8ms
difc:agent GetOrCreate called for agentID=r9hBDzr7i7fbNU8wge9KaPQDr8vB9RkNYd7tKEjAW0hbweUjRiiscSu1zfKA +9ms
server:unified [DIFC] Agent r9hBDzr7i7fbNU8wge9KaPQDr8vB9RkNYd7tKEjAW0hbweUjRiiscSu1zfKA | Secrecy: [] | Integrity: [none:all] +3ms
guard:context Setting request state in context +650µs
guard:wasm LabelResource called: toolName=search_issues, args=map[query:repo:apache/cloudstack is:issue guest OS list version] +1ms
guard:wasm wasmAlloc: guard=github, size=4194304, ptr=5302576 +232µs
server:guard_init Resolving guard policy: serverID=github +1ms
guard:wasm [guard:github] INFO: >>> label_resource called +652µs
config:guard_policy ParseServerGuardPolicy: serverID=github, keyCount=1 +3ms
config:guard_policy ParsePolicyMap: hasAllowOnly=true, hasWriteSink=false, keyCount=1 +225µs
config:guard_policy Parsing guard policy JSON: len=112 +228µs
config:guard_policy UnmarshalJSON: parsing guard policy, keys=1 +234µs
config:guard_policy UnmarshalJSON: parsing allow-only policy, fields=5 +231µs
guard:wasm [guard:github] INFO:     input_len=131, output_size=4194304 +1ms
guard:wasm [guard:github] INFO:     tool_name=issue_read +232µs
guard:wasm [guard:github] DEBUG: Checking repo visibility for apache/cloudstack +244µs
guard:wasm [guard:github] INFO: >>> call_backend: tool=search_repositories +219µs
guard:wasm [guard:github] DEBUG:     args={"perPage":10,"query":"repo:apache/cloudstack"} +217µs
config:guard_policy UnmarshalJSON: allow-only policy parsed, repos=string, minIntegrity=none +1ms
config:guard_policy UnmarshalJSON: guard policy type is allow-only +217µs
config:guard_policy ValidateGuardPolicy: delegating to allow-only normalization +270µs
config:guard_policy Normalizing guard policy: integrity=none, reposType=string +205µs
config:guard_policy Guard policy normalized: scopeKind=all, integrity=none +226µs
server:guard_init Using server-level guard policy: serverID=github +4ms
guard:wasm WASM guard calling backend: tool=search_repositories +1ms
server:unified [DIFC] Guard calling backend github tool search_repositories for metadata +5ms
server:unified executeBackendToolCall: serverID=github, toolName=search_repositories +253µs
guard:wasm BuildLabelAgentPayload: trustedBots=0, trustedUsers=0 +908µs
launcher:launcher Checking session pool: serverID=github, sessionID=r9hBDzr7i7fbNU8wge9KaPQDr8vB9RkNYd7tKEjAW0hbweUjRiiscSu1zfKA +3.8s
launcher:pool Reusing connection: backend=github, session=r9hBDzr7i7fbNU8wge9KaPQDr8vB9RkNYd7tKEjAW0hbweUjRiiscSu1zfKA, requests=10 +3.8s
server:guard_init Guard session cache hit: server=github, session=r9hBDzr7i7fbNU8wge9KaPQDr8vB9RkNYd7tKEjAW0hbweUjRiiscSu1zfKA, mode=filter +2ms
guard:context Retrieved agent ID from context: r9hBDzr7i7fbNU8wge9KaPQDr8vB9RkNYd7tKEjAW0hbweUjRiiscSu1zfKA +7ms
difc:agent GetOrCreate called for agentID=r9hBDzr7i7fbNU8wge9KaPQDr8vB9RkNYd7tKEjAW0hbweUjRiiscSu1zfKA +8ms
mcp:connection Dispatching SDK method: tools/call, serverID=github +3.8s
server:unified [DIFC] Agent r9hBDzr7i7fbNU8wge9KaPQDr8vB9RkNYd7tKEjAW0hbweUjRiiscSu1zfKA | Secrecy: [] | Integrity: [none:all] +2ms
guard:context Setting request state in context +708µs
guard:wasm LabelResource called: toolName=issue_read, args=map[issue_number:14265 method:get_comments owner:apache repo:cloudstack] +2ms
mcp:connection callTool: parsed name=search_repositories, argumentCount=2 +1ms
guard:wasm Backend call failed: calling "tools/call": unknown tool "search_repositories" +1ms
guard:wasm [guard:github] ERROR: <<< call_backend FAILED with code -1 +224µs
guard:wasm [guard:github] WARN: Backend call search_repositories failed with code -1 +435µs
guard:wasm [guard:github] DEBUG: Checking repo visibility for apache/cloudstack +449µs
guard:wasm [guard:github] INFO: >>> call_backend: tool=search_repositories +233µs
guard:wasm [guard:github] DEBUG:     args={"perPage":10,"query":"repo:apache/cloudstack"} +641µs
guard:wasm WASM guard calling backend: tool=search_repositories +286µs
server:unified [DIFC] Guard calling backend github tool search_repositories for metadata +4ms
server:unified executeBackendToolCall: serverID=github, toolName=search_repositories +235µs
launcher:launcher Checking session pool: serverID=github, sessionID=r9hBDzr7i7fbNU8wge9KaPQDr8vB9RkNYd7tKEjAW0hbweUjRiiscSu1zfKA +7ms
launcher:pool Reusing connection: backend=github, session=r9hBDzr7i7fbNU8wge9KaPQDr8vB9RkNYd7tKEjAW0hbweUjRiiscSu1zfKA, requests=11 +7ms
mcp:connection Dispatching SDK method: tools/call, serverID=github +6ms
mcp:connection callTool: parsed name=search_repositories, argumentCount=2 +271µs
guard:wasm Backend call failed: calling "tools/call": unknown tool "search_repositories" +4ms
guard:wasm [guard:github] ERROR: <<< call_backend FAILED with code -1 +1ms
guard:wasm [guard:github] WARN: Backend call search_repositories failed with code -1 +449µs
guard:wasm [guard:github] INFO: >>> call_backend: tool=issue_read +471µs
guard:wasm [guard:github] DEBUG:     args={"issue_number":"14265","method":"get","owner":"apache","repo":"cloudstack"} +211µs
guard:wasm WASM guard calling backend: tool=issue_read +211µs
server:unified [DIFC] Guard calling backend github tool issue_read for metadata +6ms
server:unified executeBackendToolCall: serverID=github, toolName=issue_read +202µs
launcher:launcher Checking session pool: serverID=github, sessionID=r9hBDzr7i7fbNU8wge9KaPQDr8vB9RkNYd7tKEjAW0hbweUjRiiscSu1zfKA +6ms
launcher:pool Reusing connection: backend=github, session=r9hBDzr7i7fbNU8wge9KaPQDr8vB9RkNYd7tKEjAW0hbweUjRiiscSu1zfKA, requests=12 +6ms
mcp:connection Dispatching SDK method: tools/call, serverID=github +7ms
mcp:connection callTool: parsed name=issue_read, argumentCount=4 +246µs
guard:wasm [guard:github] INFO: <<< call_backend returned 1119 bytes +192ms
guard:wasm [guard:github] DEBUG: extract_mcp_response: top-level keys=["content"] +325µs
guard:wasm [guard:github] DEBUG: extract_mcp_response: found content array with 1 items +260µs
guard:wasm [guard:github] DEBUG: extract_mcp_response: found text field, len=1010 +244µs
guard:wasm [guard:github] DEBUG: extract_mcp_response: parsed content[0].text as JSON +249µs
guard:wasm [guard:github] DEBUG: [integrity] issue_read:apache/cloudstack#14265: author_association floor below writer (rank=2), checking collaborator permission for la-wu +289µs
guard:wasm [guard:github] DEBUG: get_collaborator_permission: cache hit for apache/cloudstack user la-wu → permission=Some("read") +265µs
guard:wasm [guard:github] DEBUG: [integrity] issue_read:apache/cloudstack#14265: collaborator permission=Some("read") → merged rank=2 +245µs
guard:wasm [guard:github] INFO:     desc=issue:apache/cloudstack#14265 +300µs
guard:wasm [guard:github] INFO:     secrecy=[] (public) +263µs
guard:wasm [guard:github] INFO:     integrity=["none:all", "unapproved:all"] +256µs
guard:wasm [guard:github] INFO:     operation=read +238µs
guard:wasm [guard:github] INFO: <<< label_resource returning 134 bytes +225µs
guard:wasm [guard:github] DEBUG: >>> dealloc(ptr=5302576, size=4194304) +242µs
guard:wasm [guard:github] DEBUG: <<< dealloc complete +213µs
guard:wasm [guard:github] DEBUG: >>> dealloc(ptr=1389680, size=131) +223µs
guard:wasm [guard:github] DEBUG: <<< dealloc complete +235µs
difc:labels Creating label with 0 initial tags: [] +4.2s
guard:wasm label_resource input JSON (125 bytes): {"capabilities":{},"tool_args":{"query":"repo:apache/cloudstack is:issue guest OS list version"},"tool_name":"search_issues"} +313µs
difc:labels Creating label with 2 initial tags: [none:all unapproved:all] +230µs
guard:wasm Parsed resource response: description="issue:apache/cloudstack#14265", operation=read +405µs
server:unified [DIFC] Resource: issue:apache/cloudstack#14265 | Operation: read | Secrecy: [] | Integrity: [none:all unapproved:all] +196ms
guard:wasm tryCallWasmFunction: guard=github, func=<unknown>, inputSize=125, outputSize=4194304 +472µs
guard:wasm Using guard allocator path: guard=github +219µs
difc:pipeline_decisions ShouldBypassCoarseDeny: operation=read, bypass=true +4.0s
guard:wasm [guard:github] DEBUG: >>> alloc(125) +503µs
guard:wasm [guard:github] DEBUG: <<< alloc returning ptr=1389680 +286µs
guard:wasm wasmAlloc: guard=github, size=125, ptr=1389680 +236µs
guard:wasm [guard:github] DEBUG: >>> alloc(4194304) +338µs
difc:evaluator Evaluating access: operation=read, resource=issue:apache/cloudstack#14265 +4.0s
guard:wasm [guard:github] DEBUG: <<< alloc returning ptr=5302576 +496µs
guard:wasm wasmAlloc: guard=github, size=4194304, ptr=5302576 +229µs
guard:wasm [guard:github] INFO: >>> label_resource called +320µs
difc:evaluator Evaluating read access (mode=filter): resource=issue:apache/cloudstack#14265, agentSecrecy=[], agentIntegrity=[none:all] +1ms
guard:wasm [guard:github] INFO:     input_len=125, output_size=4194304 +601µs
guard:wasm [guard:github] INFO:     tool_name=search_issues +266µs
guard:wasm [guard:github] DEBUG: Checking repo visibility for apache/cloudstack +266µs
guard:wasm [guard:github] INFO: >>> call_backend: tool=search_repositories +270µs
guard:wasm [guard:github] DEBUG:     args={"perPage":10,"query":"repo:apache/cloudstack"} +262µs
difc:evaluator Read access allowed: resource=issue:apache/cloudstack#14265 +1ms
server:unified [DIFC] Access ALLOWED for agent r9hBDzr7i7fbNU8wge9KaPQDr8vB9RkNYd7tKEjAW0hbweUjRiiscSu1zfKA to issue:apache/cloudstack#14265 +5ms
server:unified executeBackendToolCall: serverID=github, toolName=issue_read +242µs
guard:wasm WASM guard calling backend: tool=search_repositories +1ms
launcher:launcher Checking session pool: serverID=github, sessionID=r9hBDzr7i7fbNU8wge9KaPQDr8vB9RkNYd7tKEjAW0hbweUjRiiscSu1zfKA +202ms
launcher:pool Reusing connection: backend=github, session=r9hBDzr7i7fbNU8wge9KaPQDr8vB9RkNYd7tKEjAW0hbweUjRiiscSu1zfKA, requests=13 +202ms
server:unified [DIFC] Guard calling backend github tool search_repositories for metadata +1ms
server:unified executeBackendToolCall: serverID=github, toolName=search_repositories +791µs
mcp:connection Dispatching SDK method: tools/call, serverID=github +201ms
mcp:connection callTool: parsed name=issue_read, argumentCount=4 +275µs
launcher:launcher Checking session pool: serverID=github, sessionID=r9hBDzr7i7fbNU8wge9KaPQDr8vB9RkNYd7tKEjAW0hbweUjRiiscSu1zfKA +2ms
launcher:pool Reusing connection: backend=github, session=r9hBDzr7i7fbNU8wge9KaPQDr8vB9RkNYd7tKEjAW0hbweUjRiiscSu1zfKA, requests=14 +2ms
mcp:connection Dispatching SDK method: tools/call, serverID=github +2ms
mcp:connection callTool: parsed name=search_repositories, argumentCount=2 +243µs
guard:wasm Backend call failed: calling "tools/call": unknown tool "search_repositories" +5ms
guard:wasm [guard:github] ERROR: <<< call_backend FAILED with code -1 +237µs
guard:wasm [guard:github] WARN: Backend call search_repositories failed with code -1 +449µs
guard:wasm [guard:github] DEBUG: Checking repo visibility for apache/cloudstack +416µs
guard:wasm [guard:github] INFO: >>> call_backend: tool=search_repositories +236µs
guard:wasm [guard:github] DEBUG:     args={"perPage":10,"query":"repo:apache/cloudstack"} +206µs
guard:wasm WASM guard calling backend: tool=search_repositories +251µs
server:unified [DIFC] Guard calling backend github tool search_repositories for metadata +6ms
server:unified executeBackendToolCall: serverID=github, toolName=search_repositories +261µs
launcher:launcher Checking session pool: serverID=github, sessionID=r9hBDzr7i7fbNU8wge9KaPQDr8vB9RkNYd7tKEjAW0hbweUjRiiscSu1zfKA +6ms
launcher:pool Reusing connection: backend=github, session=r9hBDzr7i7fbNU8wge9KaPQDr8vB9RkNYd7tKEjAW0hbweUjRiiscSu1zfKA, requests=15 +6ms
mcp:connection Dispatching SDK method: tools/call, serverID=github +5ms
mcp:connection callTool: parsed name=search_repositories, argumentCount=2 +473µs
guard:wasm Backend call failed: calling "tools/call": unknown tool "search_repositories" +4ms
guard:wasm [guard:github] ERROR: <<< call_backend FAILED with code -1 +240µs
guard:wasm [guard:github] WARN: Backend call search_repositories failed with code -1 +449µs
guard:wasm [guard:github] INFO:     desc=search_issues:apache/cloudstack +458µs
guard:wasm [guard:github] INFO:     secrecy=[] (public) +237µs
guard:wasm [guard:github] INFO:     integrity=["none:all"] +8ms
guard:wasm [guard:github] INFO:     operation=read +275µs
guard:wasm [guard:github] INFO: <<< label_resource returning 119 bytes +243µs
guard:wasm [guard:github] DEBUG: >>> dealloc(ptr=5302576, size=4194304) +254µs
guard:wasm [guard:github] DEBUG: <<< dealloc complete +222µs
guard:wasm [guard:github] DEBUG: >>> dealloc(ptr=1389680, size=125) +259µs
guard:wasm [guard:github] DEBUG: <<< dealloc complete +271µs
difc:labels Creating label with 0 initial tags: [] +30ms
guard:wasm label_resource input JSON (140 bytes): {"capabilities":{},"tool_args":{"issue_number":14265,"method":"get_comments","owner":"apache","repo":"cloudstack"},"tool_name":"issue_read"} +290µs
difc:labels Creating label with 1 initial tags: [none:all] +208µs
guard:wasm tryCallWasmFunction: guard=github, func=<unknown>, inputSize=140, outputSize=4194304 +408µs
guard:wasm Using guard allocator path: guard=github +248µs
guard:wasm [guard:github] DEBUG: >>> alloc(140) +256µs
guard:wasm Parsed resource response: description="search_issues:apache/cloudstack", operation=read +260µs
server:unified [DIFC] Resource: search_issues:apache/cloudstack | Operation: read | Secrecy: [] | Integrity: [none:all] +17ms
difc:pipeline_decisions ShouldBypassCoarseDeny: operation=read, bypass=true +30ms
difc:evaluator Evaluating access: operation=read, resource=search_issues:apache/cloudstack +26ms
difc:evaluator Evaluating read access (mode=filter): resource=search_issues:apache/cloudstack, agentSecrecy=[], agentIntegrity=[none:all] +245µs
guard:wasm [guard:github] DEBUG: <<< alloc returning ptr=1389680 +1ms
difc:evaluator Read access allowed: resource=search_issues:apache/cloudstack +468µs
server:unified [DIFC] Access ALLOWED for agent r9hBDzr7i7fbNU8wge9KaPQDr8vB9RkNYd7tKEjAW0hbweUjRiiscSu1zfKA to search_issues:apache/cloudstack +1ms
server:unified executeBackendToolCall: serverID=github, toolName=search_issues +245µs
guard:wasm wasmAlloc: guard=github, size=140, ptr=1389680 +1ms
launcher:launcher Checking session pool: serverID=github, sessionID=r9hBDzr7i7fbNU8wge9KaPQDr8vB9RkNYd7tKEjAW0hbweUjRiiscSu1zfKA +18ms
launcher:pool Reusing connection: backend=github, session=r9hBDzr7i7fbNU8wge9KaPQDr8vB9RkNYd7tKEjAW0hbweUjRiiscSu1zfKA, requests=16 +18ms
guard:wasm [guard:github] DEBUG: >>> alloc(4194304) +1ms
guard:wasm [guard:github] DEBUG: <<< alloc returning ptr=5302576 +822µs
guard:wasm wasmAlloc: guard=github, size=4194304, ptr=5302576 +215µs
guard:wasm [guard:github] INFO: >>> label_resource called +264µs
guard:wasm [guard:github] INFO:     input_len=140, output_size=4194304 +181µs
mcp:connection Dispatching SDK method: tools/call, serverID=github +18ms
guard:wasm [guard:github] INFO:     tool_name=issue_read +243µs
guard:wasm [guard:github] DEBUG: Checking repo visibility for apache/cloudstack +250µs
guard:wasm [guard:github] INFO: >>> call_backend: tool=search_repositories +231µs
guard:wasm [guard:github] DEBUG:     args={"perPage":10,"query":"repo:apache/cloudstack"} +245µs
guard:wasm WASM guard calling backend: tool=search_repositories +260µs
server:unified [DIFC] Guard calling backend github tool search_repositories for metadata +4ms
mcp:connection callTool: parsed name=search_issues, argumentCount=1 +1ms
server:unified executeBackendToolCall: serverID=github, toolName=search_repositories +719µs
launcher:launcher Checking session pool: serverID=github, sessionID=r9hBDzr7i7fbNU8wge9KaPQDr8vB9RkNYd7tKEjAW0hbweUjRiiscSu1zfKA +5ms
launcher:pool Reusing connection: backend=github, session=r9hBDzr7i7fbNU8wge9KaPQDr8vB9RkNYd7tKEjAW0hbweUjRiiscSu1zfKA, requests=17 +5ms
mcp:connection Dispatching SDK method: tools/call, serverID=github +2ms
mcp:connection callTool: parsed name=search_repositories, argumentCount=2 +268µs
guard:wasm Backend call failed: calling "tools/call": unknown tool "search_repositories" +4ms
guard:wasm [guard:github] ERROR: <<< call_backend FAILED with code -1 +205µs
guard:wasm [guard:github] WARN: Backend call search_repositories failed with code -1 +379µs
guard:wasm [guard:github] DEBUG: Checking repo visibility for apache/cloudstack +467µs
guard:wasm [guard:github] INFO: >>> call_backend: tool=search_repositories +241µs
guard:wasm [guard:github] DEBUG:     args={"perPage":10,"query":"repo:apache/cloudstack"} +226µs
guard:wasm WASM guard calling backend: tool=search_repositories +215µs
server:unified [DIFC] Guard calling backend github tool search_repositories for metadata +5ms
server:unified executeBackendToolCall: serverID=github, toolName=search_repositories +216µs
launcher:launcher Checking session pool: serverID=github, sessionID=r9hBDzr7i7fbNU8wge9KaPQDr8vB9RkNYd7tKEjAW0hbweUjRiiscSu1zfKA +6ms
launcher:pool Reusing connection: backend=github, session=r9hBDzr7i7fbNU8wge9KaPQDr8vB9RkNYd7tKEjAW0hbweUjRiiscSu1zfKA, requests=18 +6ms
mcp:connection Dispatching SDK method: tools/call, serverID=github +5ms
mcp:connection callTool: parsed name=search_repositories, argumentCount=2 +211µs
guard:wasm Backend call failed: calling "tools/call": unknown tool "search_repositories" +4ms
guard:wasm [guard:github] ERROR: <<< call_backend FAILED with code -1 +254µs
guard:wasm [guard:github] WARN: Backend call search_repositories failed with code -1 +452µs
guard:wasm [guard:github] INFO: >>> call_backend: tool=issue_read +14ms
guard:wasm [guard:github] DEBUG:     args={"issue_number":"14265","method":"get","owner":"apache","repo":"cloudstack"} +317µs
guard:wasm WASM guard calling backend: tool=issue_read +268µs
server:unified [DIFC] Guard calling backend github tool issue_read for metadata +20ms
server:unified executeBackendToolCall: serverID=github, toolName=issue_read +244µs
launcher:launcher Checking session pool: serverID=github, sessionID=r9hBDzr7i7fbNU8wge9KaPQDr8vB9RkNYd7tKEjAW0hbweUjRiiscSu1zfKA +20ms
launcher:pool Reusing connection: backend=github, session=r9hBDzr7i7fbNU8wge9KaPQDr8vB9RkNYd7tKEjAW0hbweUjRiiscSu1zfKA, requests=19 +20ms
mcp:connection Dispatching SDK method: tools/call, serverID=github +20ms
mcp:connection callTool: parsed name=issue_read, argumentCount=4 +276µs
difc:pipeline_decisions ShouldCallLabelResponse: operation=read, mode=filter, result=true +193ms
guard:wasm LabelResponse called: toolName=issue_read +160ms
guard:context Retrieved request state from context +433ms
guard:wasm [guard:github] INFO: <<< call_backend returned 1119 bytes +56ms
guard:wasm [guard:github] DEBUG: extract_mcp_response: top-level keys=["content"] +296µs
guard:wasm [guard:github] DEBUG: extract_mcp_response: found content array with 1 items +259µs
guard:wasm [guard:github] DEBUG: extract_mcp_response: found text field, len=1010 +231µs
guard:wasm [guard:github] DEBUG: extract_mcp_response: parsed content[0].text as JSON +271µs
guard:wasm [guard:github] DEBUG: [integrity] issue_read:apache/cloudstack#14265: author_association floor below writer (rank=2), checking collaborator permission for la-wu +298µs
guard:wasm [guard:github] DEBUG: get_collaborator_permission: cache hit for apache/cloudstack user la-wu → permission=Some("read") +225µs
guard:wasm [guard:github] DEBUG: [integrity] issue_read:apache/cloudstack#14265: collaborator permission=Some("read") → merged rank=2 +221µs
guard:wasm [guard:github] INFO:     desc=issue:apache/cloudstack#14265 +288µs
guard:wasm [guard:github] INFO:     secrecy=[] (public) +240µs
guard:wasm [guard:github] INFO:     integrity=["none:all", "unapproved:all"] +227µs
guard:wasm [guard:github] INFO:     operation=read +220µs
guard:wasm [guard:github] INFO: <<< label_resource returning 134 bytes +232µs
guard:wasm [guard:github] DEBUG: >>> dealloc(ptr=5302576, size=4194304) +240µs
guard:wasm [guard:github] DEBUG: <<< dealloc complete +211µs
guard:wasm [guard:github] DEBUG: >>> dealloc(ptr=1389680, size=140) +247µs
guard:wasm [guard:github] DEBUG: <<< dealloc complete +265µs
difc:labels Creating label with 0 initial tags: [] +255ms
guard:wasm label_response input JSON (1265 bytes): {"capabilities":{},"tool_args":{"issue_number":14265,"method":"get","owner":"apache","repo":"cloudstack"},"tool_name":"issue_read","tool_result":{"content":[{"text":"{\"number\":14265,\"title\":\"[Feature] Add latest OS versions to guest OS list\",\"body\":\"### The required feature described as a wish\\n\\nAs an MSP switching from vmware to cloudstack at the moment we would love to see the latest Linux versions within the Guest OS list by default. Currently Alma/Rocky etc. are on version 9, debian latest is 12, ubuntu latest is 24. All of them have one newer Major version not sure about other distributions.\\n\\nI know we can add all these manual. But would be nice to have them in the default to have no issues wit future cloudstack updates.\",\"state\":\"open\",\"html_url\":\"https://github.com/apache/cloudstack/issues/14265\",\"user\":{\"login\":\"la-wu\",\"id\":295070573,\"profile_url\":\"https://github.com/la-wu\",\"avatar_url\":\"https://avatars.githubusercontent.com/u/295070573?v=4\"},\"author_association\":\"NONE\",\"reactions\":{\"total_count\":0,\"+1\":0,\"-1\":0,\"laugh\":0,\"confused\":0,\"heart\":0,\"hooray\":0,\"rocket\":0,\"eyes\":0},\"created_at\":\"2026-09-29T12:39:54Z\",\"updated_at\":\"2026-09-29T12:39:54Z\"}","type":"text"}]}} +307µs
difc:labels Creating label with 2 initial tags: [none:all unapproved:all] +288µs
guard:wasm Parsed resource response: description="issue:apache/cloudstack#14265", operation=read +483µs
server:unified [DIFC] Resource: issue:apache/cloudstack#14265 | Operation: read | Secrecy: [] | Integrity: [none:all unapproved:all] +221ms
difc:pipeline_decisions ShouldBypassCoarseDeny: operation=read, bypass=true +61ms
difc:evaluator Evaluating access: operation=read, resource=issue:apache/cloudstack#14265 +254ms
difc:evaluator Evaluating read access (mode=filter): resource=issue:apache/cloudstack#14265, agentSecrecy=[], agentIntegrity=[none:all] +250µs
guard:wasm tryCallWasmFunction: guard=github, func=<unknown>, inputSize=1265, outputSize=4194304 +1ms
guard:wasm Using guard allocator path: guard=github +242µs
guard:wasm [guard:github] DEBUG: >>> alloc(1265) +239µs
difc:evaluator Read access allowed: resource=issue:apache/cloudstack#14265 +1ms
server:unified [DIFC] Access ALLOWED for agent r9hBDzr7i7fbNU8wge9KaPQDr8vB9RkNYd7tKEjAW0hbweUjRiiscSu1zfKA to issue:apache/cloudstack#14265 +1ms
guard:wasm [guard:github] DEBUG: <<< alloc returning ptr=1107776 +734µs
guard:wasm wasmAlloc: guard=github, size=1265, ptr=1107776 +203µs
guard:wasm [guard:github] DEBUG: >>> alloc(4194304) +239µs
server:unified executeBackendToolCall: serverID=github, toolName=issue_read +928µs
guard:wasm [guard:github] DEBUG: <<< alloc returning ptr=5302576 +696µs
launcher:launcher Checking session pool: serverID=github, sessionID=r9hBDzr7i7fbNU8wge9KaPQDr8vB9RkNYd7tKEjAW0hbweUjRiiscSu1zfKA +224ms
launcher:pool Reusing connection: backend=github, session=r9hBDzr7i7fbNU8wge9KaPQDr8vB9RkNYd7tKEjAW0hbweUjRiiscSu1zfKA, requests=20 +224ms
guard:wasm wasmAlloc: guard=github, size=4194304, ptr=5302576 +878µs
guard:wasm [guard:github] INFO: >>> label_response called +511µs
guard:wasm [guard:github] INFO:     input_len=1265, output_size=4194304 +221µs
guard:wasm [guard:github] INFO:     input_preview={"capabilities":{},"tool_args":{"issue_number":14265,"method":"get","owner":"apache","repo":"cloudstack"},"tool_name":"issue_read","tool_result":{"content":[{"text":"{\"number\":14265,\"title\":\"[Feature] Add latest OS versions to guest OS list\",\"body\":\"### The required feature described as a wish\\n\\nAs an MSP switching from vmware to cloudstack at the moment we would love to see the latest Linux versions within the Guest OS list by default. Currently Alma/Rocky etc. are on version 9, deb +264µs
guard:wasm [guard:github] INFO:     tool_name=issue_read +568µs
guard:wasm [guard:github] DEBUG: extract_mcp_response: top-level keys=["content"] +321µs
mcp:connection Dispatching SDK method: tools/call, serverID=github +225ms
guard:wasm [guard:github] DEBUG: extract_mcp_response: found content array with 1 items +181µs
mcp:connection callTool: parsed name=issue_read, argumentCount=4 +273µs
guard:wasm [guard:github] DEBUG: extract_mcp_response: found text field, len=1010 +761µs
guard:wasm [guard:github] DEBUG: extract_mcp_response: parsed content[0].text as JSON +268µs
guard:wasm [guard:github] INFO:     using legacy item-based labeling +300µs
guard:wasm [guard:github] DEBUG: extract_mcp_response: top-level keys=["content"] +255µs
guard:wasm [guard:github] DEBUG: extract_mcp_response: found content array with 1 items +231µs
guard:wasm [guard:github] DEBUG: extract_mcp_response: found text field, len=1010 +243µs
guard:wasm [guard:github] DEBUG: extract_mcp_response: parsed content[0].text as JSON +268µs
guard:wasm [guard:github] DEBUG: Checking repo visibility for apache/cloudstack +244µs
guard:wasm [guard:github] INFO: >>> call_backend: tool=search_repositories +247µs
guard:wasm [guard:github] DEBUG:     args={"perPage":10,"query":"repo:apache/cloudstack"} +226µs
guard:wasm WASM guard calling backend: tool=search_repositories +231µs
server:unified [DIFC] Guard calling backend github tool search_repositories for metadata +6ms
server:unified executeBackendToolCall: serverID=github, toolName=search_repositories +237µs
launcher:launcher Checking session pool: serverID=github, sessionID=r9hBDzr7i7fbNU8wge9KaPQDr8vB9RkNYd7tKEjAW0hbweUjRiiscSu1zfKA +7ms
launcher:pool Reusing connection: backend=github, session=r9hBDzr7i7fbNU8wge9KaPQDr8vB9RkNYd7tKEjAW0hbweUjRiiscSu1zfKA, requests=21 +7ms
mcp:connection Dispatching SDK method: tools/call, serverID=github +5ms
mcp:connection callTool: parsed name=search_repositories, argumentCount=2 +315µs
guard:wasm Backend call failed: calling "tools/call": unknown tool "search_repositories" +4ms
guard:wasm [guard:github] ERROR: <<< call_backend FAILED with code -1 +252µs
guard:wasm [guard:github] WARN: Backend call search_repositories failed with code -1 +585µs
guard:wasm [guard:github] DEBUG: Checking repo visibility for apache/cloudstack +461µs
guard:wasm [guard:github] INFO: >>> call_backend: tool=search_repositories +262µs
guard:wasm [guard:github] DEBUG:     args={"perPage":10,"query":"repo:apache/cloudstack"} +242µs
guard:wasm WASM guard calling backend: tool=search_repositories +287µs
server:unified [DIFC] Guard calling backend github tool search_repositories for metadata +6ms
server:unified executeBackendToolCall: serverID=github, toolName=search_repositories +249µs
launcher:launcher Checking session pool: serverID=github, sessionID=r9hBDzr7i7fbNU8wge9KaPQDr8vB9RkNYd7tKEjAW0hbweUjRiiscSu1zfKA +6ms
launcher:pool Reusing connection: backend=github, session=r9hBDzr7i7fbNU8wge9KaPQDr8vB9RkNYd7tKEjAW0hbweUjRiiscSu1zfKA, requests=22 +6ms
mcp:connection Dispatching SDK method: tools/call, serverID=github +6ms
mcp:connection callTool: parsed name=search_repositories, argumentCount=2 +224µs
guard:wasm Backend call failed: calling "tools/call": unknown tool "search_repositories" +4ms
guard:wasm [guard:github] ERROR: <<< call_backend FAILED with code -1 +221µs
guard:wasm [guard:github] WARN: Backend call search_repositories failed with code -1 +431µs
guard:wasm [guard:github] DEBUG: Checking repo visibility for apache/cloudstack +471µs
guard:wasm [guard:github] INFO: >>> call_backend: tool=search_repositories +262µs
guard:wasm [guard:github] DEBUG:     args={"perPage":10,"query":"repo:apache/cloudstack"} +247µs
guard:wasm WASM guard calling backend: tool=search_repositories +253µs
server:unified [DIFC] Guard calling backend github tool search_repositories for metadata +6ms
server:unified executeBackendToolCall: serverID=github, toolName=search_repositories +216µs
launcher:launcher Checking session pool: serverID=github, sessionID=r9hBDzr7i7fbNU8wge9KaPQDr8vB9RkNYd7tKEjAW0hbweUjRiiscSu1zfKA +6ms
launcher:pool Reusing connection: backend=github, session=r9hBDzr7i7fbNU8wge9KaPQDr8vB9RkNYd7tKEjAW0hbweUjRiiscSu1zfKA, requests=23 +6ms
mcp:connection Dispatching SDK method: tools/call, serverID=github +6ms
mcp:connection callTool: parsed name=search_repositories, argumentCount=2 +244µs
guard:wasm Backend call failed: calling "tools/call": unknown tool "search_repositories" +4ms
guard:wasm [guard:github] ERROR: <<< call_backend FAILED with code -1 +239µs
guard:wasm [guard:github] WARN: Backend call search_repositories failed with code -1 +431µs
guard:wasm [guard:github] DEBUG: [integrity] issue:apache/cloudstack#14265: author_association floor below writer (rank=2), checking collaborator permission for la-wu +406µs
guard:wasm [guard:github] DEBUG: get_collaborator_permission: cache hit for apache/cloudstack user la-wu → permission=Some("read") +231µs
guard:wasm [guard:github] DEBUG: [integrity] issue:apache/cloudstack#14265: collaborator permission=Some("read") → merged rank=2 +247µs
guard:wasm [guard:github] INFO:     generated 1 labeled items +253µs
guard:wasm [guard:github] INFO:     output_preview={"items":[{"data":{"author_association":"NONE","body":"### The required feature described as a wish\n\nAs an MSP switching from vmware to cloudstack at the moment we would love to see the latest Linux versions within the Guest OS list by default. Currently Alma/Rocky etc. are on version 9, debian latest is 12, ubuntu latest is 24. All of them have one newer Major version not sure about other distributions.\n\nI know we can add all these manual. But would be nice to have them in the default to ha +253µs
guard:wasm [guard:github] INFO: <<< label_response returning 1143 bytes +215µs
guard:wasm [guard:github] DEBUG: >>> dealloc(ptr=5302576, size=4194304) +262µs
guard:wasm [guard:github] DEBUG: <<< dealloc complete +220µs
guard:wasm [guard:github] DEBUG: >>> dealloc(ptr=1107776, size=1265) +225µs
guard:wasm [guard:github] DEBUG: <<< dealloc complete +249µs
guard:wasm parseCollectionLabeledData: itemCount=1 +374µs
difc:labels Creating label with 0 initial tags: [] +31ms
difc:labels Creating label with 2 initial tags: [none:all unapproved:all] +250µs
guard:wasm parseCollectionLabeledData: parsed 1 labeled items from 1 input items +742µs
difc:evaluator Filtering collection: operation=read, totalItems=1 +29ms
difc:evaluator Evaluating access: operation=read, resource=issue:apache/cloudstack#14265 +238µs
difc:evaluator Evaluating read access (mode=filter): resource=issue:apache/cloudstack#14265, agentSecrecy=[], agentIntegrity=[none:all] +261µs
difc:evaluator Read access allowed: resource=issue:apache/cloudstack#14265 +245µs
difc:evaluator Collection filtered: accessible=1, filtered=0, total=1 +259µs
server:unified [DIFC] Filtered collection: 1/1 items accessible +9ms
difc:pipeline_decisions ShouldBlockFilteredResponse: mode=filter, filteredCount=0, block=false +32ms
difc:resource FilteredCollectionLabeledData.ToResult: returning 1 accessible items (filter_reason=DIFC policy) +4.3s
difc:pipeline_decisions ShouldAccumulateReadLabels: operation=read, mode=filter, accumulate=false +557µs
mcp:tool_result Converting backend result to CallToolResult +544ms
mcp:tool_result Backend returned array, wrapping as text +220µs
server:response_writer Writing response body: 1178 bytes +549ms
server:response_writer Retrieving captured body: 1178 bytes +323µs
server:response_writer Retrieving captured status code: 200 +285µs
server:sdk-frontend <<< SDK Response [routed:github] status=200 duration=564.177083ms (non-JSON or stream) +553ms
server:sdk-frontend     Raw response (truncated): event: message
data: {"jsonrpc":"2.0","id":5,"result":{"content":[{"type":"text","text":"[{\"author_association\":\"NONE\",\"body\":\"### The required feature described as a wish\\n\\nAs an MSP switching from vmware to cloudstack at the moment we would love to see the latest Linux versions within the Guest OS list by default. Currently Alma/Rocky etc. are on version 9, debian latest is 12, ubuntu latest is 24. All of them have one newer Major version not sure about other distributions.\\n\\nI kn... +222µs
launcher:launcher Retrieved server IDs: count=2, ids=[github safeoutputs] +141ms
launcher:health Running health check: checking 2 servers +30.0s
difc:pipeline_decisions ShouldCallLabelResponse: operation=read, mode=filter, result=true +149ms
guard:wasm LabelResponse called: toolName=issue_read +151ms
guard:context Retrieved request state from context +244ms
guard:wasm label_response input JSON (196 bytes): {"capabilities":{},"tool_args":{"issue_number":14265,"method":"get_comments","owner":"apache","repo":"cloudstack"},"tool_name":"issue_read","tool_result":{"content":[{"text":"[]","type":"text"}]}} +467µs
guard:wasm tryCallWasmFunction: guard=github, func=<unknown>, inputSize=196, outputSize=4194304 +245µs
guard:wasm Using guard allocator path: guard=github +210µs
guard:wasm [guard:github] DEBUG: >>> alloc(196) +251µs
guard:wasm [guard:github] DEBUG: <<< alloc returning ptr=1389680 +237µs
guard:wasm wasmAlloc: guard=github, size=196, ptr=1389680 +222µs
guard:wasm [guard:github] DEBUG: >>> alloc(4194304) +213µs
guard:wasm [guard:github] DEBUG: <<< alloc returning ptr=5302576 +235µs
guard:wasm wasmAlloc: guard=github, size=4194304, ptr=5302576 +293µs
guard:wasm [guard:github] INFO: >>> label_response called +225µs
guard:wasm [guard:github] INFO:     input_len=196, output_size=4194304 +222µs
guard:wasm [guard:github] INFO:     input_preview={"capabilities":{},"tool_args":{"issue_number":14265,"method":"get_comments","owner":"apache","repo":"cloudstack"},"tool_name":"issue_read","tool_result":{"content":[{"text":"[]","type":"text"}]}} +225µs
guard:wasm [guard:github] INFO:     tool_name=issue_read +236µs
guard:wasm [guard:github] DEBUG: extract_mcp_response: top-level keys=["content"] +202µs
guard:wasm [guard:github] DEBUG: extract_mcp_response: found content array with 1 items +207µs
guard:wasm [guard:github] DEBUG: extract_mcp_response: found text field, len=2 +206µs
guard:wasm [guard:github] DEBUG: extract_mcp_response: parsed content[0].text as JSON +235µs
guard:wasm [guard:github] INFO:     using legacy item-based labeling +229µs
guard:wasm [guard:github] DEBUG: extract_mcp_response: top-level keys=["content"] +361µs
guard:wasm [guard:github] DEBUG: extract_mcp_response: found content array with 1 items +247µs
guard:wasm [guard:github] DEBUG: extract_mcp_response: found text field, len=2 +254µs
guard:wasm [guard:github] DEBUG: extract_mcp_response: parsed content[0].text as JSON +243µs
guard:wasm [guard:github] DEBUG: extract_mcp_response: top-level keys=["content"] +258µs
guard:wasm [guard:github] DEBUG: extract_mcp_response: found content array with 1 items +241µs
guard:wasm [guard:github] DEBUG: extract_mcp_response: found text field, len=2 +217µs
guard:wasm [guard:github] DEBUG: extract_mcp_response: parsed content[0].text as JSON +233µs
guard:wasm [guard:github] INFO:     no fine-grained items, creating fallback single-item label +228µs
guard:wasm [guard:github] DEBUG: Checking repo visibility for apache/cloudstack +215µs
guard:wasm [guard:github] INFO: >>> call_backend: tool=search_repositories +231µs
guard:wasm [guard:github] DEBUG:     args={"perPage":10,"query":"repo:apache/cloudstack"} +214µs
guard:wasm WASM guard calling backend: tool=search_repositories +213µs
server:unified [DIFC] Guard calling backend github tool search_repositories for metadata +158ms
server:unified executeBackendToolCall: serverID=github, toolName=search_repositories +189µs
launcher:launcher Checking session pool: serverID=github, sessionID=r9hBDzr7i7fbNU8wge9KaPQDr8vB9RkNYd7tKEjAW0hbweUjRiiscSu1zfKA +26ms
launcher:pool Reusing connection: backend=github, session=r9hBDzr7i7fbNU8wge9KaPQDr8vB9RkNYd7tKEjAW0hbweUjRiiscSu1zfKA, requests=24 +167ms
mcp:connection Dispatching SDK method: tools/call, serverID=github +167ms
mcp:connection callTool: parsed name=search_repositories, argumentCount=2 +298µs
guard:wasm Backend call failed: calling "tools/call": unknown tool "search_repositories" +4ms
guard:wasm [guard:github] ERROR: <<< call_backend FAILED with code -1 +250µs
guard:wasm [guard:github] WARN: Backend call search_repositories failed with code -1 +474µs
guard:wasm [guard:github] DEBUG: Checking repo visibility for apache/cloudstack +431µs
guard:wasm [guard:github] INFO: >>> call_backend: tool=search_repositories +254µs
guard:wasm [guard:github] DEBUG:     args={"perPage":10,"query":"repo:apache/cloudstack"} +223µs
guard:wasm WASM guard calling backend: tool=search_repositories +218µs
server:unified [DIFC] Guard calling backend github tool search_repositories for metadata +6ms
server:unified executeBackendToolCall: serverID=github, toolName=search_repositories +250µs
launcher:launcher Checking session pool: serverID=github, sessionID=r9hBDzr7i7fbNU8wge9KaPQDr8vB9RkNYd7tKEjAW0hbweUjRiiscSu1zfKA +6ms
launcher:pool Reusing connection: backend=github, session=r9hBDzr7i7fbNU8wge9KaPQDr8vB9RkNYd7tKEjAW0hbweUjRiiscSu1zfKA, requests=25 +6ms
mcp:connection Dispatching SDK method: tools/call, serverID=github +6ms
mcp:connection callTool: parsed name=search_repositories, argumentCount=2 +211µs
guard:wasm Backend call failed: calling "tools/call": unknown tool "search_repositories" +4ms
guard:wasm [guard:github] ERROR: <<< call_backend FAILED with code -1 +203µs
guard:wasm [guard:github] WARN: Backend call search_repositories failed with code -1 +415µs
guard:wasm [guard:github] INFO: >>> call_backend: tool=issue_read +423µs
guard:wasm [guard:github] DEBUG:     args={"issue_number":"14265","method":"get","owner":"apache","repo":"cloudstack"} +234µs
guard:wasm WASM guard calling backend: tool=issue_read +205µs
server:unified [DIFC] Guard calling backend github tool issue_read for metadata +5ms
server:unified executeBackendToolCall: serverID=github, toolName=issue_read +253µs
launcher:launcher Checking session pool: serverID=github, sessionID=r9hBDzr7i7fbNU8wge9KaPQDr8vB9RkNYd7tKEjAW0hbweUjRiiscSu1zfKA +5ms
launcher:pool Reusing connection: backend=github, session=r9hBDzr7i7fbNU8wge9KaPQDr8vB9RkNYd7tKEjAW0hbweUjRiiscSu1zfKA, requests=26 +5ms
mcp:connection Dispatching SDK method: tools/call, serverID=github +5ms
mcp:connection callTool: parsed name=issue_read, argumentCount=4 +234µs
difc:pipeline_decisions ShouldCallLabelResponse: operation=read, mode=filter, result=true +574ms
guard:wasm LabelResponse called: toolName=search_issues +558ms
guard:context Retrieved request state from context +578ms
guard:wasm [guard:github] INFO: <<< call_backend returned 1119 bytes +628ms
guard:wasm [guard:github] DEBUG: extract_mcp_response: top-level keys=["content"] +316µs
guard:wasm [guard:github] DEBUG: extract_mcp_response: found content array with 1 items +278µs
guard:wasm [guard:github] DEBUG: extract_mcp_response: found text field, len=1010 +285µs
guard:wasm [guard:github] DEBUG: extract_mcp_response: parsed content[0].text as JSON +260µs
guard:wasm [guard:github] DEBUG: [integrity] issue_read:apache/cloudstack#14265: author_association floor below writer (rank=2), checking collaborator permission for la-wu +248µs
guard:wasm [guard:github] DEBUG: get_collaborator_permission: cache hit for apache/cloudstack user la-wu → permission=Some("read") +252µs
guard:wasm [guard:github] DEBUG: [integrity] issue_read:apache/cloudstack#14265: collaborator permission=Some("read") → merged rank=2 +264µs
guard:wasm [guard:github] INFO:     fallback labels: secrecy=[], integrity=["none:all", "unapproved:all"] +377µs
guard:wasm [guard:github] INFO:     generated 1 labeled items +265µs
guard:wasm [guard:github] INFO:     output_preview={"items":[{"data":{"content":[{"text":"[]","type":"text"}]},"labels":{"description":"issue:apache/cloudstack#14265","secrecy":[],"integrity":["none:all","unapproved:all"]}}]} +294µs
guard:wasm [guard:github] INFO: <<< label_response returning 174 bytes +226µs
guard:wasm [guard:github] DEBUG: >>> dealloc(ptr=5302576, size=4194304) +255µs
guard:wasm [guard:github] DEBUG: <<< dealloc complete +224µs
guard:wasm [guard:github] DEBUG: >>> dealloc(ptr=1389680, size=196) +228µs
guard:wasm [guard:github] DEBUG: <<< dealloc complete +223µs
guard:wasm parseCollectionLabeledData: itemCount=1 +210µs
difc:labels Creating label with 0 initial tags: [] +1.4s
difc:labels Creating label with 2 initial tags: [none:all unapproved:all] +224µs
guard:wasm label_response input JSON (263107 bytes): {"capabilities":{},"tool_args":{"query":"repo:apache/cloudstack is:issue guest OS list version"},"tool_name":"search_issues","tool_result":{"content":[{"text":"{\"total_count\":294,\"incomplete_results\":false,\"items\":[{\"id\":5630698507,\"number\":14265,\"state\":\"open\",\"locked\":false,\"title\":\"[Feature] Add latest OS versions to guest OS list\",\"body\":\"### The required feature described as a wish\\n\\nAs an MSP switching from vmware to cloudstack at the moment we would love to see the latest Linux versions within the Guest OS list by default. Currently Alma/Rocky etc. are on version 9, debian latest is 12, ubuntu latest is 24. All of them have one newer Major version not sure about other distributions.\\n\\nI know we can add all these manual. But would be nice to have them in the default to have no issues wit future cloudstack updates.\",\"author_association\":\"NONE\",\"user\":{\"login\":\"la-wu\",\"id\":295070573,\"node_id\":\"U_kgDOEZZrbQ\",\"avatar_url\":\"https://avatars.githubusercontent.com/u/295070573?v=4\",\"html_url\":\"https://github.com/la-wu\",\"gravatar_id\":\"\",\"type\":\"User\",\"site_admin\":false,\"url\":\"https://api.github.com/users/la-wu\",\"events_url\":\"https://api.github.com/users/la-wu/events{/privacy}\",\"following_url\":\"https://api.github.com/users/la-wu/following{/other_user}\",\"followers_url\":\"https://api.github.com/users/la-wu/followers\",\"gists_url\":\"https://api.github.com/users/la-wu/gists{/gist_id}\",\"organizations_url\":\"https://api.github.com/users/la-wu/orgs\",\"received_events_url\":\"https://api.github.com/users/la-wu/received_events\",\"repos_url\":\"https://api.github.com/users/la-wu/repos\",\"starred_url\":\"https://api.github.com/users/la-wu/starred{/owner}{/repo}\",\"subscriptions_url\":\"https://api.github.com/users/la-wu/subscriptions\"},\"comments\":0,\"created_at\":\"2026-09-29T12:39:54Z\",\"updated_at\":\"2026-09-29T12:39:54Z\",\"url\":\"https://api.github.com/repos/apache/cloudstack/issues/14265\",\"html_url\":\"https://github.com/apache/cloudstack/issues/14265\",\"comments_url\":\"https://api.github.com/repos/apache/cloudstack/issues/14265/comments\",\"events_url\":\"https://api.github.com/repos/apache/cloudstack/issues/14265/events\",\"labels_url\":\"https://api.github.com/repos/apache/cloudstack/issues/14265/labels{/name}\",\"repository_url\":\"https://api.github.com/repos/apache/cloudstack\",\"reactions\":{\"total_count\":0,\"+1\":0,\"-1\":0,\"laugh\":0,\"confused\":0,\"heart\":0,\"hooray\":0,\"rocket\":0,\"eyes\":0,\"url\":\"https://api.github.com/repos/apache/cloudstack/issues/14265/reactions\"},\"node_id\":\"I_kwDOAJTq2M8AAAABT52kCw\"},{\"id\":5090153164,\"number\":13824,\"state\":\"open\",\"locked\":false,\"title\":\"Modernize the default Hyper-V enlightenment profile for Windows guests on KVM\",\"body\":\"## Summary\\n\\nApache CloudStack 4.22 gives all Windows guests a `localtime` clock and\\n`hypervclock`, but it emits a `\\u003chyperv\\u003e` feature block only when the guest OS\\nlabel contains `Windows PV`. Even in that case, the block is limited to:\\n\\n```xml\\n\\u003chyperv\\u003e\\n  \\u003crelaxed state='on'/\\u003e\\n  \\u003cvapic state='on'/\\u003e\\n  \\u003cspinlocks state='on' retries='8096'/\\u003e\\n\\u003c/hyperv\\u003e\\n```\\n\\nThis is a historical, very small subset of the Hyper-V enlightenments supported\\nby every KVM host family currently listed in the CloudStack 4.22 compatibility\\nmatrix. The generic `Windows PV` label also does not describe a Windows version\\nand does not, by itself, select VirtIO storage or networking.\\n\\nCloudStack should introduce an explicit, versioned Windows-on-KVM enlightenment\\nprofile instead of relying on the substring `Windows PV` as the only switch.\\n\\n## Current behavior\\n\\nIn `LibvirtComputingResource.enlightenWindowsVm()` CloudStack checks only:\\n\\n```java\\nif (vmTO.getOs().contains(\\\"Windows PV\\\")) {\\n    // relaxed, vapic and spinlocks only\\n}\\n```\\n\\n`LibvirtVMDef.HyperVEnlightenmentFeatureDef` can currently serialize only those\\nthree features. Separately, every OS label beginning with `Windows` receives a\\n`hypervclock` timer.\\n\\nConsequences:\\n\\n- Windows Server 2012 through Windows Server 2025 and current Windows desktop\\n  guests do not receive a `\\u003chyperv\\u003e` block when their real version-specific OS\\n  type is selected.\\n- Selecting `Windows PV` loses version information while enabling only three\\n  old enlightenments.\\n- The effective behavior is hard-coded rather than represented as a documented\\n  compatibility profile.\\n- CloudStack cannot safely add newer features according to host capabilities or\\n  preserve a stable feature set for live migration within a cluster.\\n\\n## Why this can be modernized without requiring VirtIO drivers\\n\\nHyper-V enlightenments are CPU/timer/interrupt interfaces exposed by KVM and\\nQEMU. They are independent of the guest's disk and network device models. A\\nWindows VM can use these features while continuing to boot from IDE or SATA and\\nusing an emulated E1000 NIC.\\n\\nThis issue therefore must not implicitly change disk controllers, NIC models,\\nfirmware, or machine type. Those changes have separate guest-driver and boot\\ncompatibility risks.\\n\\n## CloudStack 4.22 KVM compatibility floor\\n\\nThe 4.22 compatibility matrix lists the following KVM host OS families:\\n\\n- Ubuntu 22.04 and 24.04 LTS\\n- Oracle Linux, Rocky Linux, AlmaLinux and RHEL 8, 9 and 10\\n- openSUSE Leap 15 and SLES 15\\n\\nCloudStack documents major OS families and does not pin a minimum service-pack,\\npoint-release, kernel, QEMU package build, or libvirt package build. Therefore\\nthe table below is a conservative engineering floor based on the oldest branch\\nnamed by CloudStack, not a claim that every EOL initial point-release is tested\\nor should be deployed.\\n\\n| CloudStack 4.22 host family | Conservative oldest branch reference | QEMU family | libvirt family | Linux kernel family | Qualification |\\n|---|---:|---:|---:|---:|---|\\n| Ubuntu | 22.04 LTS | 6.2 | 8.0 | 5.15 | Explicitly listed by CloudStack |\\n| RHEL / Oracle Linux | 8.0-era baseline | 2.12 | 4.5 | 4.18 | RHEL is listed as expected to work; current patched minor releases are required in practice |\\n| Rocky / AlmaLinux | EL8 baseline | no lower than the EL8 floor | no lower than the EL8 floor | 4.18 | These distributions first shipped after EL8.0; use the lower EL8 family floor for design |\\n| openSUSE Leap / SLES | 15.0-era baseline | 2.11 | 4.0 | 4.12 | CloudStack says Leap 15.6 is the tested Leap release; the older numbers are only a conservative branch floor |\\n\\nThe lowest conservative host in that matrix is still substantially newer than\\nthe minimum required for the proposed baseline below.\\n\\n## Proposed implementation\\n\\n### 1. Add explicit profiles and version-based defaults\\n\\nAdd a saved Windows virtualization profile with four values:\\n\\n- `disabled`: no `\\u003chyperv\\u003e` block; retain the existing Windows clock handling.\\n- `legacy`: exactly the current `Windows PV` feature set: `relaxed`, `vapic`,\\n  and `spinlocks retries='8096'`.\\n- `modern-safe`: the CPU-vendor-neutral, cross-distro baseline described below.\\n- `auto`: `modern-safe` plus optional features supported by every eligible host\\n  in the selected KVM cluster.\\n\\nUse the following defaults for newly deployed VMs:\\n\\n| Selected guest OS | Default profile | Reason |\\n|---|---|---|\\n| Windows 8/8.1/10/11 | `modern-safe` | Version-specific modern Windows type |\\n| Windows Server 2012/2012 R2/2016/2019/2022/2025 and newer | `modern-safe` | Version-specific modern Windows Server type |\\n| Windows 7 and Windows Server 2008/2008 R2 | `legacy` | Preserve the small feature set originally introduced for Windows Server 2008 and later |\\n| Windows Vista/XP, Windows Server 2003 and older | `disabled` | Do not advertise untested features to legacy guests |\\n| Versionless `Windows PV` | `legacy` | Preserve current CloudStack behavior |\\n| Unknown or unclassified Windows type | `disabled` | Prefer predictable compatibility when the Windows generation is not known |\\n\\nThe operator can override the proposed value before deployment. Existing VMs\\nmust keep their current generated XML when no saved profile exists: existing\\n`Windows PV` VMs continue to behave as `legacy`, while other existing Windows\\nVMs continue without a `\\u003chyperv\\u003e` block. An upgrade alone must not alter a VM's\\nvirtual CPU definition.\\n\\nThe selected and effective values must be visible in debug logs and in the\\ngenerated domain XML.\\n\\n### 2. Expose a clear Windows-only UI and API setting\\n\\nShow a field labelled **Windows virtualization optimizations** when the selected\\nhypervisor is KVM and the selected guest OS is Windows. Hide it for non-Windows\\nguests and non-KVM hypervisors.\\n\\nThe field is automatically populated according to the table above and offers:\\n\\n- **Modern (recommended)** ??? portable modern optimizations supported across the\\n  CloudStack 4.22 KVM host baseline.\\n- **Automatic** ??? Modern plus additional optimizations supported by every host\\n  in the target KVM cluster.\\n- **Legacy compatibility** ??? current `Windows PV` behavior.\\n- **Disabled** ??? no Hyper-V feature block.\\n\\nThe management server must be the authoritative source for the supported\\nprofile values and their stable identifiers. The UI must populate the drop-down\\nfrom backend-provided values, following the same general pattern used for other\\nVM settings such as keyboard type and root disk controller. Do not maintain an\\nindependent frontend-only list that can drift from backend validation.\\n\\nThe default UI should not expose individual QEMU feature names or the raw\\nspinlock retry number. A tooltip or help panel must explain that the setting\\ncontrols Hyper-V-compatible CPU, timer, and interrupt optimizations exposed by\\nKVM; it does not install or require VirtIO storage or network drivers. Each\\noption must have a short description and a link to administrator documentation.\\n\\nStore the template's proposed/default value in template details. At deployment,\\ncopy the selected value to VM details. From that point, the VM value is the\\nauthoritative setting used for every start, restart, and reschedule. Changing it\\nafter deployment must require the VM to be stopped. This prevents a later\\nCloudStack upgrade, template edit, or move to another host from silently\\nchanging the virtual CPU definition.\\n\\nExpose the same drop-down in VM Settings. When the VM is stopped, an operator can\\nselect another backend-provided profile and save it to VM details. When the VM\\nis running, show the effective value as read-only and explain that the VM must\\nbe stopped before it can be changed. The newly selected profile is applied when\\nCloudStack next generates the domain XML and starts the VM.\\n\\nThe API must expose the supported values, accept the selected optional value at\\ndeployment, and provide an update operation for a stopped VM so API and UI\\nbehavior remain identical. Backend validation must reject unknown values and\\nchanges attempted while the VM is running. Existing callers that omit the value\\nretain the compatibility behavior described above.\\n\\n### 3. Implement a universal `modern-safe` baseline\\n\\nUse an explicit/custom feature list rather than libvirt Hyper-V passthrough:\\n\\n```xml\\n\\u003chyperv mode='custom'\\u003e\\n  \\u003crelaxed state='on'/\\u003e\\n  \\u003cvapic state='on'/\\u003e\\n  \\u003cspinlocks state='on' retries='4095'/\\u003e\\n  \\u003cvpindex state='on'/\\u003e\\n  \\u003cruntime state='on'/\\u003e\\n  \\u003csynic state='on'/\\u003e\\n  \\u003cstimer state='on'/\\u003e\\n\\u003c/hyperv\\u003e\\n```\\n\\nThe highest host requirement in this baseline is:\\n\\n- **QEMU 2.6 or newer**\\n- **libvirt 1.3.3 or newer**\\n\\nThis is below the conservative QEMU/libvirt floor of every KVM distribution\\nfamily listed by CloudStack 4.22. It is independent of Intel versus AMD host CPU\\nand does not require VirtIO drivers in the Windows guest.\\n\\n`spinlocks retries` is a retry count, not a time value or network port. When one\\nvirtual CPU is waiting for a lock potentially held by another virtual CPU, the\\nguest retries that many times before sending the advisory\\n`HvCallNotifyLongSpinWait` hypercall. The notification helps the hypervisor make\\na better scheduling decision, especially on an overcommitted host where the\\nlock-holding virtual CPU may not currently be running.\\n\\nCloudStack introduced the decimal value `8096` in the 2018 enlightenment change,\\nbut its commit, pull request, tests, and review discussion contain no explanation\\nfor that value. There is no technical relationship between this retry count and\\nCloudStack's optional integration API port 8096; the identical decimal number\\nappears to be coincidental. Preserve `8096` only in the `legacy` profile so that\\nexisting behavior remains reproducible. Use `4095` (`0xfff`) for `modern-safe`,\\nwhich is the current QEMU recommendation for overcommitted hosts. QEMU documents\\n`0xffffffff` as the effective \\\"never notify\\\" choice when this scheduling hint is\\nnot desired.\\n\\n### 4. Add newer features through the `auto` profile\\n\\nDo not add the following to the unconditional baseline:\\n\\n| Optional feature | Minimum libvirt | Minimum QEMU | Proposed policy |\\n|---|---:|---:|---|\\n| `frequencies` | 4.7.0 | 2.12 | `auto` tier only; required dependency for re-enlightenment |\\n| `reenlightenment` | 4.7.0 | 3.0 | `auto` tier; validate migration behavior and CPU frequency exposure |\\n| `tlbflush` | 4.7.0 | 3.0 | `auto` tier; requires `vpindex` |\\n| `ipi` | 4.10.0 | 3.1 | `auto` tier; requires `vpindex` |\\n| `stimer direct` | 5.7.0 | 4.1 | Newer-host tier only |\\n| `evmcs` | 4.10.0 | 3.1 | Explicit opt-in only for nested Hyper-V on compatible Intel hosts; not a universal Intel/AMD feature |\\n| `avic` | 8.10.0 | 6.2 | Do not enable generically; hardware/topology-specific |\\n| `tlbflush direct/extended` | 11.0.0 | 7.1 | Future tier only; outside the oldest CloudStack 4.22 host-family floor |\\n\\nFeature dependencies must be encoded and tested, for example `stimer` depends\\non `synic`, `synic` depends on `vpindex`, and `reenlightenment` depends on\\n`frequencies`.\\n\\nThe `modern-safe` profile must not perform Intel/AMD or per-host capability\\nchecks. It is the portable baseline.\\n\\nThe `auto` profile is part of this proposal and may be delivered as a follow-up\\nPR after the portable baseline and UI/API setting. It must use the intersection\\nof libvirt/QEMU capabilities across every host eligible to run the VM. Store both\\nthe requested value (`auto`) and the resolved feature list on the VM so that its\\nvirtual CPU definition remains stable across restart and migration. If a target\\nhost cannot provide that saved feature list, CloudStack must reject that target\\nrather than silently reducing the list.\\n\\n`mode='passthrough'` must not be used because it can expose a different feature\\nset on different hosts and make live migration unsafe. Optional features with\\nadditional hardware requirements, including `evmcs`, `avic`, and\\n`reenlightenment`, must not be enabled merely because the installed QEMU version\\nrecognizes their XML.\\n\\n### 5. Extend the domain XML model and Windows classification\\n\\n- Extend `HyperVEnlightenmentFeatureDef` to serialize the baseline and optional\\n  feature set, including nested attributes only where required.\\n- Replace the single `contains(\\\"Windows PV\\\")` decision with guest-family and\\n  guest-version-aware selection.\\n- Preserve `hypervclock` and existing local-time behavior.\\n- Persist the chosen/effective profile so rescheduling and restart generate the\\n  same virtual CPU definition.\\n- Reject an unsupported explicitly requested profile with a clear, actionable\\n  error; never silently reduce the requested feature set or emit XML the\\n  destination cluster cannot support.\\n\\n## Compatibility and rollout requirements\\n\\n- No change to an existing VM merely because CloudStack was upgraded.\\n- No automatic IDE/SATA-to-VirtIO, E1000-to-VirtIO, BIOS-to-UEFI, or\\n  i440FX-to-Q35 conversion as part of this issue.\\n- No dependence on VirtIO drivers.\\n- The baseline must work on both Intel and AMD KVM hosts.\\n- The effective feature set must be stable across all hosts eligible for live\\n  migration of the VM.\\n- Apply the version-based defaults only to newly deployed VMs. Preserve the\\n  generated XML of existing VMs unless the operator explicitly changes it.\\n- Document that changing a VM's enlightenment profile changes its virtual CPU\\n  definition and must be performed while stopped.\\n\\n## Acceptance criteria\\n\\n1. Unit tests verify exact XML for `disabled`, `legacy`, `modern-safe`, and each\\n   supported `auto` capability tier.\\n2. Unit tests verify guest classification for version-specific Windows types,\\n   `Windows PV`, non-Windows guests, and null/unknown OS mappings.\\n3. The `modern-safe` XML can be defined and started on the oldest supported\\n   CloudStack CI images or equivalent test hosts for the Ubuntu 22.04, EL8,\\n   and SUSE 15 families.\\n4. Boot, reboot, clean shutdown, timekeeping, and multi-vCPU stress are tested\\n   with Windows Server 2012 R2, 2016, 2019, 2022, and 2025.\\n5. At least one test uses only emulated storage/network devices to prove that\\n   VirtIO drivers are not a prerequisite.\\n6. Intel and AMD hosts are covered.\\n7. Cold and live migration are tested within a homogeneous cluster and across\\n   hosts with different QEMU/libvirt patch levels but the same negotiated\\n   effective profile.\\n8. An existing VM without profile metadata retains the pre-change XML.\\n9. Unsupported optional features produce a clear validation error; CloudStack\\n   does not silently reduce a saved or explicitly selected feature set.\\n10. Administrator documentation describes profiles, host-version boundaries,\\n    guest-version mapping, override behavior, and rollback.\\n11. UI tests verify that the field is shown only for Windows on KVM, receives the\\n    correct version-based default, can be overridden, and includes explanatory\\n    help text.\\n12. Tests preserve `8096` in `legacy` and emit `4095` in `modern-safe`.\\n13. The VM Settings drop-down is populated from backend-provided values, is\\n    editable for a stopped VM, is read-only for a running VM, and persists the\\n    selected value in VM details.\\n14. API tests verify supported-value discovery, deployment-time selection,\\n    stopped-VM updates, rejection of unknown values, and rejection of changes\\n    while a VM is running.\\n\\n## Out of scope\\n\\n- Selecting VirtIO disk or NIC models\\n- Installing or validating Windows VirtIO drivers\\n- Automatically converting existing disk controllers or firmware\\n- Changing BIOS/i440FX versus UEFI/Q35 defaults\\n- Video-device modernization\\n- Enabling nested Hyper-V or `evmcs` by default\\n\\n## References\\n\\n- [CloudStack 4.22 compatibility matrix](https://docs.cloudstack.apache.org/en/4.22.0.0/releasenotes/compat.html)\\n- [Current CloudStack KVM Windows feature and clock generation](https://github.com/apache/cloudstack/blob/4.22.0.0/plugins/hypervisors/kvm/src/main/java/com/cloud/hypervisor/kvm/resource/LibvirtComputingResource.java)\\n- [Current CloudStack Hyper-V feature XML model](https://github.com/apache/cloudstack/blob/4.22.0.0/plugins/hypervisors/kvm/src/main/java/com/cloud/hypervisor/kvm/resource/LibvirtVMDef.java)\\n- [Original CloudStack Windows enlightenment change](https://github.com/apache/cloudstack/commit/c4b621a418fe74a56e68140f1aa35c70562d7248)\\n- [libvirt domain XML: Hyper-V features and minimum versions](https://libvirt.org/formatdomain.html#hypervisor-features)\\n- [QEMU Hyper-V enlightenment behavior and recommendations](https://www.qemu.org/docs/master/system/i386/hyperv.html)\\n- [Microsoft Hyper-V guest spinlock behavior](https://learn.microsoft.com/en-us/virtualization/hyper-v-on-windows/tlfs/vp-properties)\\n- [Microsoft `HvCallNotifyLongSpinWait`](https://learn.microsoft.com/en-us/virtualization/hyper-v-on-windows/tlfs/hypercalls/hvcallnotifylongspinwait)\\n- [Ubuntu 22.04 QEMU package](https://packages.ubuntu.com/jammy/qemu-system-x86)\\n- [Ubuntu 22.04 libvirt package](https://packages.ubuntu.com/jammy/admin/libvirt-daemon-system)\\n\\n## Decisions proposed by this issue\\n\\n- Default new, version-specific Windows 8 / Server 2012 and newer VMs to\\n  `modern-safe`; default older and unknown types according to the explicit table\\n  above.\\n- Show a documented, operator-overridable Windows-only setting in both the UI\\n  and API.\\n- Populate the UI drop-down from the backend's authoritative profile list and\\n  allow the saved value to be changed from VM Settings while the VM is stopped.\\n- Save the template default and copy the selected value to the VM so subsequent\\n  starts use the same virtual CPU definition.\\n- Ship the CPU-vendor-neutral `modern-safe` baseline without host capability\\n  negotiation.\\n- Include `auto` in the overall issue scope, but allow its cluster capability\\n  implementation to be a follow-up PR.\\n- Preserve retries `8096` only for exact legacy compatibility and use QEMU's\\n  documented overcommit recommendation, `4095`, for `modern-safe`.\\r\\n\",\"author_association\":\"CONTRIBUTOR\",\"user\":{\"login\":\"andrijapanicsb\",\"id\":45762285,\"node_id\":\"MDQ6VXNlcjQ1NzYyMjg1\",\"avatar_url\":\"https://avatars.githubusercontent.com/u/45762285?v=4\",\"html_url\":\"https://github.com/andrijapanicsb\",\"gravatar_id\":\"\",\"type\":\"User\",\"site_admin\":false,\"url\":\"https://api.github.com/users/andrijapanicsb\",\"events_url\":\"https://api.github.com/users/andrijapanicsb/events{/privacy}\",\"following_url\":\"https://api.github.com/users/andrijapanicsb/following{/other_user}\",\"followers_url\":\"https://api.github.com/users/andrijapanicsb/followers\",\"gists_url\":\"https://api.github.com/users/andrijapanicsb/gists{/gist_id}\",\"organizations_url\":\"https://api.github.com/users/andrijapanicsb/orgs\",\"received_events_url\":\"https://api.github.com/users/andrijapanicsb/received_events\",\"repos_url\":\"https://api.github.com/users/andrijapanicsb/repos\",\"starred_url\":\"https://api.github.com/users/andrijapanicsb/starred{/owner}{/repo}\",\"subscriptions_url\":\"https://api.github.com/users/andrijapanicsb/subscriptions\"},\"labels\":[{\"id\":584072971,\"url\":\"https://api.github.com/repos/apache/cloudstack/labels/component:kvm\",\"name\":\"component:kvm\",\"color\":\"006b75\",\"description\":\"\",\"default\":false,\"node_id\":\"MDU6TGFiZWw1ODQwNzI5NzE=\"},{\"id\":584074312,\"url\":\"https://api.github.com/repos/apache/cloudstack/labels/component:libvirt\",\"name\":\"component:libvirt\",\"color\":\"bfdadc\",\"description\":\"\",\"default\":false,\"node_id\":\"MDU6TGFiZWw1ODQwNzQzMTI=\"},{\"id\":739374767,\"url\":\"https://api.github.com/repos/apache/cloudstack/labels/component:UI\",\"name\":\"component:UI\",\"color\":\"ea62a8\",\"description\":\"\",\"default\":false,\"node_id\":\"MDU6TGFiZWw3MzkzNzQ3Njc=\"}],\"assignee\":{\"login\":\"andrijapanicsb\",\"id\":45762285,\"node_id\":\"MDQ6VXNlcjQ1NzYyMjg1\",\"avatar_url\":\"https://avatars.githubusercontent.com/u/45762285?v=4\",\"html_url\":\"https://github.com/andrijapanicsb\",\"gravatar_id\":\"\",\"type\":\"User\",\"site_admin\":false,\"url\":\"https://api.github.com/users/andrijapanicsb\",\"events_url\":\"https://api.github.com/users/andrijapanicsb/events{/privacy}\",\"following_url\":\"https://api.github.com/users/andrijapanicsb/following{/other_user}\",\"followers_url\":\"https://api.github.com/users/andrijapanicsb/followers\",\"gists_url\":\"https://api.github.com/users/andrijapanicsb/gists{/gist_id}\",\"organizations_url\":\"https://api.github.com/users/andrijapanicsb/orgs\",\"received_events_url\":\"https://api.github.com/users/andrijapanicsb/received_events\",\"repos_url\":\"https://api.github.com/users/andrijapanicsb/repos\",\"starred_url\":\"https://api.github.com/users/andrijapanicsb/starred{/owner}{/repo}\",\"subscriptions_url\":\"https://api.github.com/users/andrijapanicsb/subscriptions\"},\"comments\":3,\"created_at\":\"2026-08-07T12:29:56Z\",\"updated_at\":\"2026-09-18T12:23:16Z\",\"url\":\"https://api.github.com/repos/apache/cloudstack/issues/13824\",\"html_url\":\"https://github.com/apache/cloudstack/issues/13824\",\"comments_url\":\"https://api.github.com/repos/apache/cloudstack/issues/13824/comments\",\"events_url\":\"https://api.github.com/repos/apache/cloudstack/issues/13824/events\",\"labels_url\":\"https://api.github.com/repos/apache/cloudstack/issues/13824/labels{/name}\",\"repository_url\":\"https://api.github.com/repos/apache/cloudstack\",\"milestone\":{\"url\":\"https://api.github.com/repos/apache/cloudstack/milestones/47\",\"html_url\":\"https://github.com/apache/cloudstack/milestone/47\",\"labels_url\":\"https://api.github.com/repos/apache/cloudstack/milestones/47/labels\",\"id\":15843055,\"number\":47,\"state\":\"open\",\"title\":\"24.0\",\"description\":\"\",\"creator\":{\"login\":\"weizhouapache\",\"id\":57355700,\"node_id\":\"MDQ6VXNlcjU3MzU1NzAw\",\"avatar_url\":\"https://avatars.githubusercontent.com/u/57355700?v=4\",\"html_url\":\"https://github.com/weizhouapache\",\"gravatar_id\":\"\",\"type\":\"User\",\"site_admin\":false,\"url\":\"https://api.github.com/users/weizhouapache\",\"events_url\":\"https://api.github.com/users/weizhouapache/events{/privacy}\",\"following_url\":\"https://api.github.com/users/weizhouapache/following{/other_user}\",\"followers_url\":\"https://api.github.com/users/weizhouapache/followers\",\"gists_url\":\"https://api.github.com/users/weizhouapache/gists{/gist_id}\",\"organizations_url\":\"https://api.github.com/users/weizhouapache/orgs\",\"received_events_url\":\"https://api.github.com/users/weizhouapache/received_events\",\"repos_url\":\"https://api.github.com/users/weizhouapache/repos\",\"starred_url\":\"https://api.github.com/users/weizhouapache/starred{/owner}{/repo}\",\"subscriptions_url\":\"https://api.github.com/users/weizhouapache/subscriptions\"},\"open_issues\":272,\"closed_issues\":36,\"created_at\":\"2026-05-08T06:15:20Z\",\"updated_at\":\"2026-09-29T10:27:41Z\",\"node_id\":\"MI_kwDOAJTq2M4A8b7v\"},\"reactions\":{\"total_count\":0,\"+1\":0,\"-1\":0,\"laugh\":0,\"confused\":0,\"heart\":0,\"hooray\":0,\"rocket\":0,\"eyes\":0,\"url\":\"https://api.github.com/repos/apache/cloudstack/issues/13824/reactions\"},\"assignees\":[{\"login\":\"andrijapanicsb\",\"id\":45762285,\"node_id\":\"MDQ6VXNlcjQ1NzYyMjg1\",\"avatar_url\":\"https://avatars.githubusercontent.com/u/45762285?v=4\",\"html_url\":\"https://github.com/andrijapanicsb\",\"gravatar_id\":\"\",\"type\":\"User\",\"site_admin\":false,\"url\":\"https://api.github.com/users/andrijapanicsb\",\"events_url\":\"https://api.github.com/users/andrijapanicsb/events{/privacy}\",\"following_url\":\"https://api.github.com/users/andrijapanicsb/following{/other_user}\",\"followers_url\":\"https://api.github.com/users/andrijapanicsb/followers\",\"gists_url\":\"https://api.github.com/users/andrijapanicsb/gists{/gist_id}\",\"organizations_url\":\"https://api.github.com/users/andrijapanicsb/orgs\",\"received_events_url\":\"https://api.github.com/users/andrijapanicsb/received_events\",\"repos_url\":\"https://api.github.com/users/andrijapanicsb/repos\",\"starred_url\":\"https://api.github.com/users/andrijapanicsb/starred{/owner}{/repo}\",\"subscriptions_url\":\"https://api.github.com/users/andrijapanicsb/subscriptions\"}],\"node_id\":\"I_kwDOAJTq2M8AAAABL2WSzA\",\"type\":{\"id\":93574,\"node_id\":\"IT_kwDNuP_OAAFthg\",\"name\":\"Feature\",\"description\":\"A request, idea, or new functionality\",\"color\":\"blue\",\"created_at\":\"2024-01-25T09:11:09Z\",\"updated_at\":\"2024-10-08T08:30:20Z\"}},{\"id\":4136813241,\"number\":12889,\"state\":\"open\",\"locked\":false,\"title\":\"Windows Guest Instances Have No Sound\",\"body\":\"### problem\\n\\nWindows guest instances (Virtual Desktops) do not find any Audio hardware.\\n\\n\\u003cimg width=\\\"351\\\" height=\\\"158\\\" alt=\\\"Image\\\" src=\\\"https://github.com/user-attachments/assets/350cc7cf-e758-497e-8615-c0851773fd17\\\" /\\u003e\\n\\nBy adding `sound` to the global setting `allow.additional.vm.configuration.list.kvm`...\\n\\n\\u003cimg width=\\\"1390\\\" height=\\\"124\\\" alt=\\\"Image\\\" src=\\\"https://github.com/user-attachments/assets/f7430d0d-d65f-4719-8ab4-c69579b7af11\\\" /\\u003e\\n\\n...CloudMonkey can add this `extraconfig`.\\n\\n\\u003cimg width=\\\"1009\\\" height=\\\"106\\\" alt=\\\"Image\\\" src=\\\"https://github.com/user-attachments/assets/2eeb6821-69ed-4b9c-b5e7-fbeeb37aba95\\\" /\\u003e\\n\\n\\u003cimg width=\\\"515\\\" height=\\\"436\\\" alt=\\\"Image\\\" src=\\\"https://github.com/user-attachments/assets/a1f42fad-9a33-46db-b6c5-bb2237693cf5\\\" /\\u003e\\n\\nThen, after power cycling the VM, the issue is resolved.\\n\\n\\u003cimg width=\\\"254\\\" height=\\\"121\\\" alt=\\\"Image\\\" src=\\\"https://github.com/user-attachments/assets/606a92e2-3a94-43c2-a3d4-2c7d9e858f9a\\\" /\\u003e\\n\\nIt does not feel like a feature request, but a \\\"bug\\\" to the default global settings.\",\"author_association\":\"CONTRIBUTOR\",\"user\":{\"login\":\"daviftorres\",\"id\":90287660,\"node_id\":\"MDQ6VXNlcjkwMjg3NjYw\",\"avatar_url\":\"https://avatars.githubusercontent.com/u/90287660?v=4\",\"html_url\":\"https://github.com/daviftorres\",\"gravatar_id\":\"\",\"type\":\"User\",\"site_admin\":false,\"url\":\"https://api.github.com/users/daviftorres\",\"events_url\":\"https://api.github.com/users/daviftorres/events{/privacy}\",\"following_url\":\"https://api.github.com/users/daviftorres/following{/other_user}\",\"followers_url\":\"https://api.github.com/users/daviftorres/followers\",\"gists_url\":\"https://api.github.com/users/daviftorres/gists{/gist_id}\",\"organizations_url\":\"https://api.github.com/users/daviftorres/orgs\",\"received_events_url\":\"https://api.github.com/users/daviftorres/received_events\",\"repos_url\":\"https://api.github.com/users/daviftorres/repos\",\"starred_url\":\"https://api.github.com/users/daviftorres/starred{/owner}{/repo}\",\"subscriptions_url\":\"https://api.github.com/users/daviftorres/subscriptions\"},\"labels\":[{\"id\":37843366,\"url\":\"https://api.github.com/repos/apache/cloudstack/labels/type:enhancement\",\"name\":\"type:enhancement\",\"color\":\"84b6eb\",\"description\":\"\",\"default\":false,\"node_id\":\"MDU6TGFiZWwzNzg0MzM2Ng==\"},{\"id\":584072971,\"url\":\"https://api.github.com/repos/apache/cloudstack/labels/component:kvm\",\"name\":\"component:kvm\",\"color\":\"006b75\",\"description\":\"\",\"default\":false,\"node_id\":\"MDU6TGFiZWw1ODQwNzI5NzE=\"},{\"id\":739374767,\"url\":\"https://api.github.com/repos/apache/cloudstack/labels/component:UI\",\"name\":\"component:UI\",\"color\":\"ea62a8\",\"description\":\"\",\"default\":false,\"node_id\":\"MDU6TGFiZWw3MzkzNzQ3Njc=\"}],\"assignee\":{\"login\":\"sureshanaparti\",\"id\":12028987,\"node_id\":\"MDQ6VXNlcjEyMDI4OTg3\",\"avatar_url\":\"https://avatars.githubusercontent.com/u/12028987?v=4\",\"html_url\":\"https://github.com/sureshanaparti\",\"gravatar_id\":\"\",\"type\":\"User\",\"site_admin\":false,\"url\":\"https://api.github.com/users/sureshanaparti\",\"events_url\":\"https://api.github.com/users/sureshanaparti/events{/privacy}\",\"following_url\":\"https://api.github.com/users/sureshanaparti/following{/other_user}\",\"followers_url\":\"https://api.github.com/users/sureshanaparti/followers\",\"gists_url\":\"https://api.github.com/users/sureshanaparti/gists{/gist_id}\",\"organizations_url\":\"https://api.github.com/users/sureshanaparti/orgs\",\"received_events_url\":\"https://api.github.com/users/sureshanaparti/received_events\",\"repos_url\":\"https://api.github.com/users/sureshanaparti/repos\",\"starred_url\":\"https://api.github.com/users/sureshanaparti/starred{/owner}{/repo}\",\"subscriptions_url\":\"https://api.github.com/users/sureshanaparti/subscriptions\"},\"comments\":8,\"created_at\":\"2026-03-25T16:35:42Z\",\"updated_at\":\"2026-08-14T14:00:22Z\",\"url\":\"https://api.github.com/repos/apache/cloudstack/issues/12889\",\"html_url\":\"https://github.com/apache/cloudstack/issues/12889\",\"comments_url\":\"https://api.github.com/repos/apache/cloudstack/issues/12889/comments\",\"events_url\":\"https://api.github.com/repos/apache/cloudstack/issues/12889/events\",\"labels_url\":\"https://api.github.com/repos/apache/cloudstack/issues/12889/labels{/name}\",\"repository_url\":\"https://api.github.com/repos/apache/cloudstack\",\"milestone\":{\"url\":\"https://api.github.com/repos/apache/cloudstack/milestones/45\",\"html_url\":\"https://github.com/apache/cloudstack/milestone/45\",\"labels_url\":\"https://api.github.com/repos/apache/cloudstack/milestones/45/labels\",\"id\":14595362,\"number\":45,\"state\":\"open\",\"title\":\"4.20.4\",\"creator\":{\"login\":\"DaanHoogland\",\"id\":2486961,\"node_id\":\"MDQ6VXNlcjI0ODY5NjE=\",\"avatar_url\":\"https://avatars.githubusercontent.com/u/2486961?v=4\",\"html_url\":\"https://github.com/DaanHoogland\",\"gravatar_id\":\"\",\"type\":\"User\",\"site_admin\":false,\"url\":\"https://api.github.com/users/DaanHoogland\",\"events_url\":\"https://api.github.com/users/DaanHoogland/events{/privacy}\",\"following_url\":\"https://api.github.com/users/DaanHoogland/following{/other_user}\",\"followers_url\":\"https://api.github.com/users/DaanHoogland/followers\",\"gists_url\":\"https://api.github.com/users/DaanHoogland/gists{/gist_id}\",\"organizations_url\":\"https://api.github.com/users/DaanHoogland/orgs\",\"received_events_url\":\"https://api.github.com/users/DaanHoogland/received_events\",\"repos_url\":\"https://api.github.com/users/DaanHoogland/repos\",\"starred_url\":\"https://api.github.com/users/DaanHoogland/starred{/owner}{/repo}\",\"subscriptions_url\":\"https://api.github.com/users/DaanHoogland/subscriptions\"},\"open_issues\":135,\"closed_issues\":79,\"created_at\":\"2026-01-21T11:18:05Z\",\"updated_at\":\"2026-09-15T19:56:19Z\",\"node_id\":\"MI_kwDOAJTq2M4A3rUi\"},\"reactions\":{\"total_count\":0,\"+1\":0,\"-1\":0,\"laugh\":0,\"confused\":0,\"heart\":0,\"hooray\":0,\"rocket\":0,\"eyes\":0,\"url\":\"https://api.github.com/repos/apache/cloudstack/issues/12889/reactions\"},\"assignees\":[{\"login\":\"sureshanaparti\",\"id\":12028987,\"node_id\":\"MDQ6VXNlcjEyMDI4OTg3\",\"avatar_url\":\"https://avatars.githubusercontent.com/u/12028987?v=4\",\"html_url\":\"https://github.com/sureshanaparti\",\"gravatar_id\":\"\",\"type\":\"User\",\"site_admin\":false,\"url\":\"https://api.github.com/users/sureshanaparti\",\"events_url\":\"https://api.github.com/users/sureshanaparti/events{/privacy}\",\"following_url\":\"https://api.github.com/users/sureshanaparti/following{/other_user}\",\"followers_url\":\"https://api.github.com/users/sureshanaparti/followers\",\"gists_url\":\"https://api.github.com/users/sureshanaparti/gists{/gist_id}\",\"organizations_url\":\"https://api.github.com/users/sureshanaparti/orgs\",\"received_events_url\":\"https://api.github.com/users/sureshanaparti/received_events\",\"repos_url\":\"https://api.github.com/users/sureshanaparti/repos\",\"starred_url\":\"https://api.github.com/users/sureshanaparti/starred{/owner}{/repo}\",\"subscriptions_url\":\"https://api.github.com/users/sureshanaparti/subscriptions\"}],\"node_id\":\"I_kwDOAJTq2M72ksK5\"},{\"id\":3803910012,\"number\":12405,\"state\":\"open\",\"locked\":false,\"title\":\"[KVM] Restored backup volume not attached to running VM via libvirt - only database updated\",\"body\":\"### problem\\n\\n## Description\\nWhen restoring a volume from backup and attaching it to a **running** KVM VM, the volume is only attached at the **database level** but not actually hot-attached to the running VM via libvirt. This means:\\n1. The volume appears in CloudStack UI as \\\"attached\\\"\\n2. The volume does NOT appear in `virsh domblklist \\u003cvm-name\\u003e` \\n3. The volume is NOT visible inside the guest OS\\n4. User must reboot(forced) the VM to see the restored volume\\n## Root Cause\\nIn `KVMGuru.attachRestoredVolumeToVirtualMachine()` (line 380-400), the method only:\\n- Updates the volume state in the database via `_volumeDao.attachVolume()`\\n- Sets volume state to `Ready`\\nIt does **NOT**:\\n- Check if VM is running\\n- Send an `AttachCommand` to the KVM agent to hot-attach the disk via libvirt\\n## Expected Behavior\\nWhen attaching a restored volume to a **running** VM:\\n1. CloudStack should detect the VM state\\n2. If VM is [Running](cci:1://file:///root/new_merge/olympos-cloud-platform/plugins/hypervisors/kvm/src/main/java/com/cloud/hypervisor/kvm/resource/LibvirtComputingResource.java:5982:4-5991:5), send a libvirt attach command to hot-attach the disk\\n3. Volume should immediately appear in `virsh domblklist` and inside guest OS\\n4. No reboot should be required\\n\\n### versions\\n\\nCloudStack: 4.21.0\\nHypervisor: KVM\\nHost OS: Rocky Linux 9\\nGuest OS: Rocky Linux 9 / Windows 10 - 2022 Server\\n\\n\\n### The steps to reproduce the bug\\n\\n## Steps to Reproduce\\n1. Create a VM with a data disk\\n2. Create a backup of the VM\\n3. Start the VM (ensure it's running)\\n4. Restore the backed-up volume and attach to the running VM via API:\\n   `restoreVolumeFromBackupAndAttachToVM`\\n5. Check `virsh domblklist \\u003cvm-name\\u003e` on the KVM host\\n6. **Observe:** The restored volume is NOT listed\\n7. Check inside guest OS\\n8. **Observe:** The disk is NOT visible\\n9. Reboot(forced) the VM\\n10. **Observe:** After reboot(forced), the disk appears\\n\\n### What to do about it?\\n\\nEither:\\nA) Add hot-attach logic to `KVMGuru.attachRestoredVolumeToVirtualMachine()` to send `AttachCommand` when VM is running\\nB) Or document this as expected behavior and require users to stop VM before restoring volumes\\nOption A is preferred as it aligns with how regular [attachVolume](cci:1://file:///root/new_merge/olympos-cloud-platform/server/src/main/java/com/cloud/storage/VolumeApiServiceImpl.java:2479:4-2483:5) API works for running VMs.\",\"author_association\":\"NONE\",\"user\":{\"login\":\"furkandogmus\",\"id\":69652349,\"node_id\":\"MDQ6VXNlcjY5NjUyMzQ5\",\"avatar_url\":\"https://avatars.githubusercontent.com/u/69652349?v=4\",\"html_url\":\"https://github.com/furkandogmus\",\"gravatar_id\":\"\",\"type\":\"User\",\"site_admin\":false,\"url\":\"https://api.github.com/users/furkandogmus\",\"events_url\":\"https://api.github.com/users/furkandogmus/events{/privacy}\",\"following_url\":\"https://api.github.com/users/furkandogmus/following{/other_user}\",\"followers_url\":\"https://api.github.com/users/furkandogmus/followers\",\"gists_url\":\"https://api.github.com/users/furkandogmus/gists{/gist_id}\",\"organizations_url\":\"https://api.github.com/users/furkandogmus/orgs\",\"received_events_url\":\"https://api.github.com/users/furkandogmus/received_events\",\"repos_url\":\"https://api.github.com/users/furkandogmus/repos\",\"starred_url\":\"https://api.github.com/users/furkandogmus/starred{/owner}{/repo}\",\"subscriptions_url\":\"https://api.github.com/users/furkandogmus/subscriptions\"},\"labels\":[{\"id\":1155016910,\"url\":\"https://api.github.com/repos/apache/cloudstack/labels/status:needs-reproducing\",\"name\":\"status:needs-reproducing\",\"color\":\"4e62fc\",\"description\":\"\",\"default\":false,\"node_id\":\"MDU6TGFiZWwxMTU1MDE2OTEw\"}],\"comments\":3,\"created_at\":\"2026-01-12T11:28:53Z\",\"updated_at\":\"2026-04-24T11:51:32Z\",\"url\":\"https://api.github.com/repos/apache/cloudstack/issues/12405\",\"html_url\":\"https://github.com/apache/cloudstack/issues/12405\",\"comments_url\":\"https://api.github.com/repos/apache/cloudstack/issues/12405/comments\",\"events_url\":\"https://api.github.com/repos/apache/cloudstack/issues/12405/events\",\"labels_url\":\"https://api.github.com/repos/apache/cloudstack/issues/12405/labels{/name}\",\"repository_url\":\"https://api.github.com/repos/apache/cloudstack\",\"milestone\":{\"url\":\"https://api.github.com/repos/apache/cloudstack/milestones/46\",\"html_url\":\"https://github.com/apache/cloudstack/milestone/46\",\"labels_url\":\"https://api.github.com/repos/apache/cloudstack/milestones/46/labels\",\"id\":15514689,\"number\":46,\"state\":\"open\",\"title\":\"4.22.2\",\"description\":\"\",\"creator\":{\"login\":\"sureshanaparti\",\"id\":12028987,\"node_id\":\"MDQ6VXNlcjEyMDI4OTg3\",\"avatar_url\":\"https://avatars.githubusercontent.com/u/12028987?v=4\",\"html_url\":\"https://github.com/sureshanaparti\",\"gravatar_id\":\"\",\"type\":\"User\",\"site_admin\":false,\"url\":\"https://api.github.com/users/sureshanaparti\",\"events_url\":\"https://api.github.com/users/sureshanaparti/events{/privacy}\",\"following_url\":\"https://api.github.com/users/sureshanaparti/following{/other_user}\",\"followers_url\":\"https://api.github.com/users/sureshanaparti/followers\",\"gists_url\":\"https://api.github.com/users/sureshanaparti/gists{/gist_id}\",\"organizations_url\":\"https://api.github.com/users/sureshanaparti/orgs\",\"received_events_url\":\"https://api.github.com/users/sureshanaparti/received_events\",\"repos_url\":\"https://api.github.com/users/sureshanaparti/repos\",\"starred_url\":\"https://api.github.com/users/sureshanaparti/starred{/owner}{/repo}\",\"subscriptions_url\":\"https://api.github.com/users/sureshanaparti/subscriptions\"},\"open_issues\":252,\"closed_issues\":114,\"created_at\":\"2026-04-13T07:02:43Z\",\"updated_at\":\"2026-09-29T13:13:59Z\",\"node_id\":\"MI_kwDOAJTq2M4A7LxB\"},\"reactions\":{\"total_count\":3,\"+1\":2,\"-1\":0,\"laugh\":0,\"confused\":0,\"heart\":1,\"hooray\":0,\"rocket\":0,\"eyes\":0,\"url\":\"https://api.github.com/repos/apache/cloudstack/issues/12405/reactions\"},\"node_id\":\"I_kwDOAJTq2M7iuw98\",\"type\":{\"id\":93570,\"node_id\":\"IT_kwDNuP_OAAFtgg\",\"name\":\"Bug\",\"description\":\"An unexpected problem or behavior\",\"color\":\"red\",\"created_at\":\"2024-01-25T09:11:09Z\",\"updated_at\":\"2024-07-26T10:04:57Z\"}},{\"id\":2020923395,\"number\":8294,\"state\":\"open\",\"locked\":false,\"title\":\"Is it possible to add ipv6 to a deployed Shared network?\",\"body\":\"\\u003c!--\\r\\nVerify first that your issue/request is not already reported on GitHub.\\r\\nAlso test if the latest release and main branch are affected too.\\r\\nAlways add information AFTER of these HTML comments, but no need to delete the comments.\\r\\n--\\u003e\\r\\n\\r\\n##### ISSUE TYPE\\r\\n\\u003c!-- Pick one below and delete the rest --\\u003e\\r\\n * Other / Question\\r\\n\\r\\n##### COMPONENT NAME\\r\\n\\u003c!--\\r\\nCategorize the issue, e.g. API, VR, VPN, UI, etc.\\r\\n--\\u003e\\r\\n~~~\\r\\nNetwork\\r\\n~~~\\r\\n\\r\\n##### CLOUDSTACK VERSION\\r\\n\\u003c!--\\r\\nNew line separated list of affected versions, commit ID for issues on main branch.\\r\\n--\\u003e\\r\\n\\r\\n~~~\\r\\nCloudStack 4.18.1.0\\r\\n~~~\\r\\n\\r\\n##### CONFIGURATION\\r\\n\\u003c!--\\r\\nInformation about the configuration if relevant, e.g. basic network, advanced networking, etc.  N/A otherwise\\r\\n--\\u003e\\r\\n~~~\\r\\nNetwork in advanced core zone\\r\\n~~~\\r\\n\\r\\n##### OS / ENVIRONMENT\\r\\n\\u003c!--\\r\\nInformation about the environment if relevant, N/A otherwise\\r\\n--\\u003e\\r\\n~~~\\r\\nN/A\\r\\n~~~\\r\\n##### SUMMARY\\r\\n\\u003c!-- Explain the problem/feature briefly --\\u003e\\r\\nCan you tell me if it is possible to add ipv6 to a deployed Shared network in an advanced core zone if the fields related to ipv6 were not filled in during its creation. Perhaps this can be achieved by editing the database? The important point is that there are already deployed vms in the network and their operability should not be disturbed. \\r\\n\",\"author_association\":\"NONE\",\"user\":{\"login\":\"0sorkon\",\"id\":3714094,\"node_id\":\"MDQ6VXNlcjM3MTQwOTQ=\",\"avatar_url\":\"https://avatars.githubusercontent.com/u/3714094?v=4\",\"html_url\":\"https://github.com/0sorkon\",\"gravatar_id\":\"\",\"type\":\"User\",\"site_admin\":false,\"url\":\"https://api.github.com/users/0sorkon\",\"events_url\":\"https://api.github.com/users/0sorkon/events{/privacy}\",\"following_url\":\"https://api.github.com/users/0sorkon/following{/other_user}\",\"followers_url\":\"https://api.github.com/users/0sorkon/followers\",\"gists_url\":\"https://api.github.com/users/0sorkon/gists{/gist_id}\",\"organizations_url\":\"https://api.github.com/users/0sorkon/orgs\",\"received_events_url\":\"https://api.github.com/users/0sorkon/received_events\",\"repos_url\":\"https://api.github.com/users/0sorkon/repos\",\"starred_url\":\"https://api.github.com/users/0sorkon/starred{/owner}{/repo}\",\"subscriptions_url\":\"https://api.github.com/users/0sorkon/subscriptions\"},\"labels\":[{\"id\":37843368,\"url\":\"https://api.github.com/repos/apache/cloudstack/labels/type:question\",\"name\":\"type:question\",\"color\":\"cc317c\",\"description\":\"\",\"default\":false,\"node_id\":\"MDU6TGFiZWwzNzg0MzM2OA==\"},{\"id\":584073336,\"url\":\"https://api.github.com/repos/apache/cloudstack/labels/component:ipv6\",\"name\":\"component:ipv6\",\"color\":\"c2e0c6\",\"description\":\"\",\"default\":false,\"node_id\":\"MDU6TGFiZWw1ODQwNzMzMzY=\"},{\"id\":817420428,\"url\":\"https://api.github.com/repos/apache/cloudstack/labels/type:improvement\",\"name\":\"type:improvement\",\"color\":\"a5f9ff\",\"description\":\"\",\"default\":false,\"node_id\":\"MDU6TGFiZWw4MTc0MjA0Mjg=\"},{\"id\":1663969521,\"url\":\"https://api.github.com/repos/apache/cloudstack/labels/Severity:Major\",\"name\":\"Severity:Major\",\"color\":\"903636\",\"description\":\"\",\"default\":false,\"node_id\":\"MDU6TGFiZWwxNjYzOTY5NTIx\"},{\"id\":2531620643,\"url\":\"https://api.github.com/repos/apache/cloudstack/labels/complexity:complex\",\"name\":\"complexity:complex\",\"color\":\"0000cc\",\"description\":\"a few weeks to a few months of work with a lot of interaction\",\"default\":false,\"node_id\":\"MDU6TGFiZWwyNTMxNjIwNjQz\"},{\"id\":4507982790,\"url\":\"https://api.github.com/repos/apache/cloudstack/labels/ipv6\",\"name\":\"ipv6\",\"color\":\"C744C9\",\"description\":\"\",\"default\":false,\"node_id\":\"LA_kwDOAJTq2M8AAAABDLJbxg\"},{\"id\":9851088157,\"url\":\"https://api.github.com/repos/apache/cloudstack/labels/long-term-plan\",\"name\":\"long-term-plan\",\"color\":\"aaaaaa\",\"description\":\"remove this label if you plan to pick up this issue.\",\"default\":false,\"node_id\":\"LA_kwDOAJTq2M8AAAACSyutHQ\"}],\"comments\":11,\"created_at\":\"2023-12-01T13:51:35Z\",\"updated_at\":\"2026-09-01T07:27:02Z\",\"url\":\"https://api.github.com/repos/apache/cloudstack/issues/8294\",\"html_url\":\"https://github.com/apache/cloudstack/issues/8294\",\"comments_url\":\"https://api.github.com/repos/apache/cloudstack/issues/8294/comments\",\"events_url\":\"https://api.github.com/repos/apache/cloudstack/issues/8294/events\",\"labels_url\":\"https://api.github.com/repos/apache/cloudstack/issues/8294/labels{/name}\",\"repository_url\":\"https://api.github.com/repos/apache/cloudstack\",\"milestone\":{\"url\":\"https://api.github.com/repos/apache/cloudstack/milestones/19\",\"html_url\":\"https://github.com/apache/cloudstack/milestone/19\",\"labels_url\":\"https://api.github.com/repos/apache/cloudstack/milestones/19/labels\",\"id\":6265435,\"number\":19,\"state\":\"open\",\"title\":\"unplanned\",\"creator\":{\"login\":\"DaanHoogland\",\"id\":2486961,\"node_id\":\"MDQ6VXNlcjI0ODY5NjE=\",\"avatar_url\":\"https://avatars.githubusercontent.com/u/2486961?v=4\",\"html_url\":\"https://github.com/DaanHoogland\",\"gravatar_id\":\"\",\"type\":\"User\",\"site_admin\":false,\"url\":\"https://api.github.com/users/DaanHoogland\",\"events_url\":\"https://api.github.com/users/DaanHoogland/events{/privacy}\",\"following_url\":\"https://api.github.com/users/DaanHoogland/following{/other_user}\",\"followers_url\":\"https://api.github.com/users/DaanHoogland/followers\",\"gists_url\":\"https://api.github.com/users/DaanHoogland/gists{/gist_id}\",\"organizations_url\":\"https://api.github.com/users/DaanHoogland/orgs\",\"received_events_url\":\"https://api.github.com/users/DaanHoogland/received_events\",\"repos_url\":\"https://api.github.com/users/DaanHoogland/repos\",\"starred_url\":\"https://api.github.com/users/DaanHoogland/starred{/owner}{/repo}\",\"subscriptions_url\":\"https://api.github.com/users/DaanHoogland/subscriptions\"},\"open_issues\":185,\"closed_issues\":1302,\"created_at\":\"2021-01-04T09:07:50Z\",\"updated_at\":\"2026-09-24T11:01:33Z\",\"node_id\":\"MDk6TWlsZXN0b25lNjI2NTQzNQ==\"},\"reactions\":{\"total_count\":0,\"+1\":0,\"-1\":0,\"laugh\":0,\"confused\":0,\"heart\":0,\"hooray\":0,\"rocket\":0,\"eyes\":0,\"url\":\"https://api.github.com/repos/apache/cloudstack/issues/8294/reactions\"},\"node_id\":\"I_kwDOAJTq2M54dNgD\",\"type\":{\"id\":93574,\"node_id\":\"IT_kwDNuP_OAAFthg\",\"name\":\"Feature\",\"description\":\"A request, idea, or new functionality\",\"color\":\"blue\",\"created_at\":\"2024-01-25T09:11:09Z\",\"updated_at\":\"2024-10-08T08:30:20Z\"}},{\"id\":2611976842,\"number\":9853,\"state\":\"open\",\"locked\":false,\"title\":\"Network-\\u003eSecurity groups not shown after wizard\",\"body\":\"\\u003c!--\\r\\nVerify first that your issue/request is not already reported on GitHub.\\r\\nAlso test if the latest release and main branch are affected too.\\r\\nAlways add information AFTER of these HTML comments, but no need to delete the comments.\\r\\n--\\u003e\\r\\n\\r\\n\\r\\n##### ISSUE TYPE\\r\\n\\u003c!-- Pick one below and delete the rest --\\u003e\\r\\n * Bug Report\\r\\n\\r\\n##### COMPONENT NAME\\r\\n\\u003c!--\\r\\nCategorize the issue, e.g. API, VR, VPN, UI, etc.\\r\\n--\\u003e\\r\\n~~~\\r\\nUI\\r\\n~~~\\r\\n\\r\\n##### CLOUDSTACK VERSION\\r\\n\\u003c!--\\r\\nNew line separated list of affected versions, commit ID for issues on main branch.\\r\\n--\\u003e\\r\\n\\r\\n~~~\\r\\n4.19.1.2\\r\\n~~~\\r\\n\\r\\n##### CONFIGURATION\\r\\n\\u003c!--\\r\\nInformation about the configuration if relevant, e.g. basic network, advanced networking, etc.  N/A otherwise\\r\\n--\\u003e\\r\\nbasic network, with security group offering\\r\\n\\r\\n##### OS / ENVIRONMENT\\r\\n\\u003c!--\\r\\nInformation about the environment if relevant, N/A otherwise\\r\\n--\\u003e\\r\\nalmalinux9, kvm\\r\\n\\r\\n##### SUMMARY\\r\\n\\u003c!-- Explain the problem/feature briefly --\\u003e\\r\\n\\r\\nAfter a fresh install and doing the setup wizard, the Network-\\u003eSecurity groups UI item will not be shown until you restart\\r\\nthe cloudstack-management service and relog. \\r\\n\\r\\n##### STEPS TO REPRODUCE\\r\\n\\u003c!--\\r\\nFor bugs, show exactly how to reproduce the problem, using a minimal test-case. Use Screenshots if accurate.\\r\\n\\r\\nFor new features, show how the feature would be used.\\r\\n--\\u003e\\r\\n\\r\\n\\u003c!-- Paste example playbooks or commands between quotes below --\\u003e\\r\\n~~~\\r\\nDo a fresh CloudStack install\\r\\nRun through the wizard with basic zone + security groups\\r\\n~~~\\r\\n\\r\\n\\u003c!-- You can also paste gist.github.com links for larger files --\\u003e\\r\\n\\r\\n##### EXPECTED RESULTS\\r\\n\\u003c!-- What did you expect to happen when running the steps above? --\\u003e\\r\\n\\r\\n~~~\\r\\nSecurity group entry without restarting the cloudstack-management service.\\r\\n~~~\\r\\n\\r\\n##### ACTUAL RESULTS\\r\\n\\u003c!-- What actually happened? --\\u003e\\r\\n\\r\\n\\u003c!-- Paste verbatim command output between quotes below --\\u003e\\r\\n~~~\\r\\nSecurity groups item is missing, and maybe other too?(Guest VLAN)\\r\\n~~~\\r\\n\",\"author_association\":\"CONTRIBUTOR\",\"user\":{\"login\":\"rp-\",\"id\":689875,\"node_id\":\"MDQ6VXNlcjY4OTg3NQ==\",\"avatar_url\":\"https://avatars.githubusercontent.com/u/689875?v=4\",\"html_url\":\"https://github.com/rp-\",\"gravatar_id\":\"\",\"type\":\"User\",\"site_admin\":false,\"url\":\"https://api.github.com/users/rp-\",\"events_url\":\"https://api.github.com/users/rp-/events{/privacy}\",\"following_url\":\"https://api.github.com/users/rp-/following{/other_user}\",\"followers_url\":\"https://api.github.com/users/rp-/followers\",\"gists_url\":\"https://api.github.com/users/rp-/gists{/gist_id}\",\"organizations_url\":\"https://api.github.com/users/rp-/orgs\",\"received_events_url\":\"https://api.github.com/users/rp-/received_events\",\"repos_url\":\"https://api.github.com/users/rp-/repos\",\"starred_url\":\"https://api.github.com/users/rp-/starred{/owner}{/repo}\",\"subscriptions_url\":\"https://api.github.com/users/rp-/subscriptions\"},\"labels\":[{\"id\":817420428,\"url\":\"https://api.github.com/repos/apache/cloudstack/labels/type:improvement\",\"name\":\"type:improvement\",\"color\":\"a5f9ff\",\"description\":\"\",\"default\":false,\"node_id\":\"MDU6TGFiZWw4MTc0MjA0Mjg=\"},{\"id\":2630030189,\"url\":\"https://api.github.com/repos/apache/cloudstack/labels/component:zone-wizard\",\"name\":\"component:zone-wizard\",\"color\":\"0960EB\",\"description\":\"\",\"default\":false,\"node_id\":\"MDU6TGFiZWwyNjMwMDMwMTg5\"}],\"comments\":6,\"created_at\":\"2024-10-24T15:44:38Z\",\"updated_at\":\"2026-09-12T01:36:29Z\",\"url\":\"https://api.github.com/repos/apache/cloudstack/issues/9853\",\"html_url\":\"https://github.com/apache/cloudstack/issues/9853\",\"comments_url\":\"https://api.github.com/repos/apache/cloudstack/issues/9853/comments\",\"events_url\":\"https://api.github.com/repos/apache/cloudstack/issues/9853/events\",\"labels_url\":\"https://api.github.com/repos/apache/cloudstack/issues/9853/labels{/name}\",\"repository_url\":\"https://api.github.com/repos/apache/cloudstack\",\"milestone\":{\"url\":\"https://api.github.com/repos/apache/cloudstack/milestones/45\",\"html_url\":\"https://github.com/apache/cloudstack/milestone/45\",\"labels_url\":\"https://api.github.com/repos/apache/cloudstack/milestones/45/labels\",\"id\":14595362,\"number\":45,\"state\":\"open\",\"title\":\"4.20.4\",\"creator\":{\"login\":\"DaanHoogland\",\"id\":2486961,\"node_id\":\"MDQ6VXNlcjI0ODY5NjE=\",\"avatar_url\":\"https://avatars.githubusercontent.com/u/2486961?v=4\",\"html_url\":\"https://github.com/DaanHoogland\",\"gravatar_id\":\"\",\"type\":\"User\",\"site_admin\":false,\"url\":\"https://api.github.com/users/DaanHoogland\",\"events_url\":\"https://api.github.com/users/DaanHoogland/events{/privacy}\",\"following_url\":\"https://api.github.com/users/DaanHoogland/following{/other_user}\",\"followers_url\":\"https://api.github.com/users/DaanHoogland/followers\",\"gists_url\":\"https://api.github.com/users/DaanHoogland/gists{/gist_id}\",\"organizations_url\":\"https://api.github.com/users/DaanHoogland/orgs\",\"received_events_url\":\"https://api.github.com/users/DaanHoogland/received_events\",\"repos_url\":\"https://api.github.com/users/DaanHoogland/repos\",\"starred_url\":\"https://api.github.com/users/DaanHoogland/starred{/owner}{/repo}\",\"subscriptions_url\":\"https://api.github.com/users/DaanHoogland/subscriptions\"},\"open_issues\":135,\"closed_issues\":79,\"created_at\":\"2026-01-21T11:18:05Z\",\"updated_at\":\"2026-09-15T19:56:19Z\",\"node_id\":\"MI_kwDOAJTq2M4A3rUi\"},\"reactions\":{\"total_count\":0,\"+1\":0,\"-1\":0,\"laugh\":0,\"confused\":0,\"heart\":0,\"hooray\":0,\"rocket\":0,\"eyes\":0,\"url\":\"https://api.github.com/repos/apache/cloudstack/issues/9853/reactions\"},\"node_id\":\"I_kwDOAJTq2M6br5qK\",\"type\":{\"id\":93570,\"node_id\":\"IT_kwDNuP_OAAFtgg\",\"name\":\"Bug\",\"description\":\"An unexpected problem or behavior\",\"color\":\"red\",\"created_at\":\"2024-01-25T09:11:09Z\",\"updated_at\":\"2024-07-26T10:04:57Z\"}},{\"id\":2412536904,\"number\":9403,\"state\":\"open\",\"locked\":false,\"title\":\"Any way deploy Kubernetes cluster in L2 network with VNF use PFsense with CloudStack Kubernetes Service\",\"body\":\"\\u003c!--\\r\\nVerify first that your issue/request is not already reported on GitHub.\\r\\nAlso test if the latest release and main branch are affected too.\\r\\nAlways add information AFTER of these HTML comments, but no need to delete the comments.\\r\\n--\\u003e\\r\\n\\r\\n##### ISSUE TYPE\\r\\n\\u003c!-- Pick one below and delete the rest --\\u003e\\r\\n * Improvement Request\\r\\n * Enhancement Request\\r\\n * Feature Idea\\r\\n##### COMPONENT NAME\\r\\n\\u003c!--\\r\\nCategorize the issue, e.g. API, VR, VPN, UI, etc.\\r\\n--\\u003e\\r\\n~~~\\r\\nCloudStack Kubernetes Service, L2 Guest Network\\r\\n~~~\\r\\n\\r\\n##### CLOUDSTACK VERSION\\r\\n\\u003c!--\\r\\nNew line separated list of affected versions, commit ID for issues on main branch.\\r\\n--\\u003e\\r\\n\\r\\n~~~\\r\\n4.19.0.1\\r\\n~~~\\r\\n\\r\\n##### CONFIGURATION\\r\\n\\u003c!--\\r\\nInformation about the configuration if relevant, e.g. basic network, advanced networking, etc.  N/A otherwise\\r\\n--\\u003e\\r\\nL2 network\\r\\nVNF use PFsense \\r\\n\\r\\n##### OS / ENVIRONMENT\\r\\n\\u003c!--\\r\\nInformation about the environment if relevant, N/A otherwise\\r\\n--\\u003e\\r\\nUbuntu 22.04 for Managerment Cloudstack \\r\\nPFsense 2.7.2 for VNF\\r\\n\\r\\n##### SUMMARY\\r\\n\\u003c!-- Explain the problem/feature briefly --\\u003e\\r\\n\\r\\n\\r\\n##### STEPS TO REPRODUCE\\r\\n\\u003c!--\\r\\nFor bugs, show exactly how to reproduce the problem, using a minimal test-case. Use Screenshots if accurate.\\r\\n\\r\\nFor new features, show how the feature would be used.\\r\\n--\\u003e\\r\\n\\r\\n\\u003c!-- Paste example playbooks or commands between quotes below --\\u003e\\r\\n~~~\\r\\nCreate L2 network\\r\\nCreate VNF appliances and link to L2 network\\r\\nCreate Kubernetes in L2 network\\r\\n~~~\\r\\n\\r\\n\\u003c!-- You can also paste gist.github.com links for larger files --\\u003e\\r\\n\\r\\n##### EXPECTED RESULTS\\r\\n\\u003c!-- What did you expect to happen when running the steps above? --\\u003e\\r\\n\\r\\n~~~\\r\\n\\r\\n~~~\\r\\n\\r\\n##### ACTUAL RESULTS\\r\\n\\u003c!-- What actually happened? --\\u003e\\r\\n\\r\\n\\u003c!-- Paste verbatim command output between quotes below --\\u003e\\r\\n~~~\\r\\nDeploy Kubernetes cluster in L2 network with VNF\\r\\n~~~\\r\\n\",\"author_association\":\"NONE\",\"user\":{\"login\":\"leduyquy\",\"id\":68555139,\"node_id\":\"MDQ6VXNlcjY4NTU1MTM5\",\"avatar_url\":\"https://avatars.githubusercontent.com/u/68555139?v=4\",\"html_url\":\"https://github.com/leduyquy\",\"gravatar_id\":\"\",\"type\":\"User\",\"site_admin\":false,\"url\":\"https://api.github.com/users/leduyquy\",\"events_url\":\"https://api.github.com/users/leduyquy/events{/privacy}\",\"following_url\":\"https://api.github.com/users/leduyquy/following{/other_user}\",\"followers_url\":\"https://api.github.com/users/leduyquy/followers\",\"gists_url\":\"https://api.github.com/users/leduyquy/gists{/gist_id}\",\"organizations_url\":\"https://api.github.com/users/leduyquy/orgs\",\"received_events_url\":\"https://api.github.com/users/leduyquy/received_events\",\"repos_url\":\"https://api.github.com/users/leduyquy/repos\",\"starred_url\":\"https://api.github.com/users/leduyquy/starred{/owner}{/repo}\",\"subscriptions_url\":\"https://api.github.com/users/leduyquy/subscriptions\"},\"labels\":[{\"id\":37843366,\"url\":\"https://api.github.com/repos/apache/cloudstack/labels/type:enhancement\",\"name\":\"type:enhancement\",\"color\":\"84b6eb\",\"description\":\"\",\"default\":false,\"node_id\":\"MDU6TGFiZWwzNzg0MzM2Ng==\"},{\"id\":37843368,\"url\":\"https://api.github.com/repos/apache/cloudstack/labels/type:question\",\"name\":\"type:question\",\"color\":\"cc317c\",\"description\":\"\",\"default\":false,\"node_id\":\"MDU6TGFiZWwzNzg0MzM2OA==\"},{\"id\":5650616953,\"url\":\"https://api.github.com/repos/apache/cloudstack/labels/has-3rdparty-components\",\"name\":\"has-3rdparty-components\",\"color\":\"8AD653\",\"description\":\"\",\"default\":false,\"node_id\":\"LA_kwDOAJTq2M8AAAABUM2SeQ\"},{\"id\":10096230668,\"url\":\"https://api.github.com/repos/apache/cloudstack/labels/archive\",\"name\":\"archive\",\"color\":\"ededed\",\"default\":false,\"node_id\":\"LA_kwDOAJTq2M8AAAACWchBDA\"}],\"comments\":2,\"created_at\":\"2024-07-17T03:12:09Z\",\"updated_at\":\"2026-09-03T01:46:26Z\",\"url\":\"https://api.github.com/repos/apache/cloudstack/issues/9403\",\"html_url\":\"https://github.com/apache/cloudstack/issues/9403\",\"comments_url\":\"https://api.github.com/repos/apache/cloudstack/issues/9403/comments\",\"events_url\":\"https://api.github.com/repos/apache/cloudstack/issues/9403/events\",\"labels_url\":\"https://api.github.com/repos/apache/cloudstack/issues/9403/labels{/name}\",\"repository_url\":\"https://api.github.com/repos/apache/cloudstack\",\"milestone\":{\"url\":\"https://api.github.com/repos/apache/cloudstack/milestones/19\",\"html_url\":\"https://github.com/apache/cloudstack/milestone/19\",\"labels_url\":\"https://api.github.com/repos/apache/cloudstack/milestones/19/labels\",\"id\":6265435,\"number\":19,\"state\":\"open\",\"title\":\"unplanned\",\"creator\":{\"login\":\"DaanHoogland\",\"id\":2486961,\"node_id\":\"MDQ6VXNlcjI0ODY5NjE=\",\"avatar_url\":\"https://avatars.githubusercontent.com/u/2486961?v=4\",\"html_url\":\"https://github.com/DaanHoogland\",\"gravatar_id\":\"\",\"type\":\"User\",\"site_admin\":false,\"url\":\"https://api.github.com/users/DaanHoogland\",\"events_url\":\"https://api.github.com/users/DaanHoogland/events{/privacy}\",\"following_url\":\"https://api.github.com/users/DaanHoogland/following{/other_user}\",\"followers_url\":\"https://api.github.com/users/DaanHoogland/followers\",\"gists_url\":\"https://api.github.com/users/DaanHoogland/gists{/gist_id}\",\"organizations_url\":\"https://api.github.com/users/DaanHoogland/orgs\",\"received_events_url\":\"https://api.github.com/users/DaanHoogland/received_events\",\"repos_url\":\"https://api.github.com/users/DaanHoogland/repos\",\"starred_url\":\"https://api.github.com/users/DaanHoogland/starred{/owner}{/repo}\",\"subscriptions_url\":\"https://api.github.com/users/DaanHoogland/subscriptions\"},\"open_issues\":185,\"closed_issues\":1302,\"created_at\":\"2021-01-04T09:07:50Z\",\"updated_at\":\"2026-09-24T11:01:33Z\",\"node_id\":\"MDk6TWlsZXN0b25lNjI2NTQzNQ==\"},\"reactions\":{\"total_count\":0,\"+1\":0,\"-1\":0,\"laugh\":0,\"confused\":0,\"heart\":0,\"hooray\":0,\"rocket\":0,\"eyes\":0,\"url\":\"https://api.github.com/repos/apache/cloudstack/issues/9403/reactions\"},\"node_id\":\"I_kwDOAJTq2M6PzGRI\"},{\"id\":2704557148,\"number\":10011,\"state\":\"open\",\"locked\":false,\"title\":\"The lxc instance cannot connect\",\"body\":\"\\u003c!--\\r\\nVerify first that your issue/request is not already reported on GitHub.\\r\\nAlso test if the latest release and main branch are affected too.\\r\\nAlways add information AFTER of these HTML comments, but no need to delete the comments.\\r\\n--\\u003e\\r\\n\\r\\n##### ISSUE TYPE\\r\\n\\u003c!-- Pick one below and delete the rest --\\u003e\\r\\n * Bug Report\\r\\n\\r\\n##### COMPONENT NAME\\r\\n\\u003c!--\\r\\nCategorize the issue, e.g. API, VR, VPN, UI, etc.\\r\\n--\\u003e\\r\\n~~~\\r\\n\\r\\n~~~\\r\\n\\r\\n##### CLOUDSTACK VERSION\\r\\n\\u003c!--\\r\\nNew line separated list of affected versions, commit ID for issues on main branch.\\r\\n--\\u003e\\r\\n\\r\\n~~~\\r\\n4.18\\r\\n~~~\\r\\n\\r\\n##### CONFIGURATION\\r\\n\\u003c!--\\r\\nInformation about the configuration if relevant, e.g. basic network, advanced networking, etc.  N/A otherwise\\r\\n--\\u003e\\r\\n\\r\\n\\r\\n##### OS / ENVIRONMENT\\r\\n\\u003c!--\\r\\nInformation about the environment if relevant, N/A otherwise\\r\\n--\\u003e\\r\\n\\r\\nubuntu 22.04.5\\r\\n##### SUMMARY\\r\\n\\u003c!-- Explain the problem/feature briefly --\\u003e\\r\\n\\r\\nI have created an lxc instance【OS：centos 7】 and it appears to have started normally from the system. I used virsh -c lxc:///list on the host to check that lxc is also running. However, when I used virsh -c lxc:///console i-2-3-VM to enter the container instance, I was unable to use it properly. The prompt message is: Failed to create symlink/sys/fs/cgroup/net_cls: Operation not allowed; Did I not set it up properly somewhere;\\r\\n\\r\\n2、\\r\\nI logged into the virtual router and pinged the lxc instance's IP address in the virtual router, but it still doesn't work\\r\\n\\u003cimg width=\\\"848\\\" alt=\\\"1732872762143\\\" src=\\\"https://github.com/user-attachments/assets/5268116a-6e88-4906-be66-fe1eda50cd65\\\"\\u003e\\r\\n\\r\\n\\u003cimg width=\\\"509\\\" alt=\\\"1732873018388\\\" src=\\\"https://github.com/user-attachments/assets/62ad7246-6d8d-4d71-b934-ff6daab9b29f\\\"\\u003e\\r\\n\\r\\n\\r\\n\\u003cimg width=\\\"496\\\" alt=\\\"1732872892384\\\" src=\\\"https://github.com/user-attachments/assets/dbfd50b5-1a6b-44b3-9b34-6cc7b0860289\\\"\\u003e\\r\\n\\r\\n##### STEPS TO REPRODUCE\\r\\n\\u003c!--\\r\\nFor bugs, show exactly how to reproduce the problem, using a minimal test-case. Use Screenshots if accurate.\\r\\n\\r\\nFor new features, show how the feature would be used.\\r\\n--\\u003e\\r\\n\\r\\n\\u003c!-- Paste example playbooks or commands between quotes below --\\u003e\\r\\n~~~\\r\\n\\r\\n~~~\\r\\n\\r\\n\\u003c!-- You can also paste gist.github.com links for larger files --\\u003e\\r\\n\\r\\n##### EXPECTED RESULTS\\r\\n\\u003c!-- What did you expect to happen when running the steps above? --\\u003e\\r\\n\\r\\n~~~\\r\\n\\r\\n\\r\\n~~~\\r\\n\\r\\n##### ACTUAL RESULTS\\r\\n\\u003c!-- What actually happened? --\\u003e\\r\\n\\r\\n\\u003c!-- Paste verbatim command output between quotes below --\\u003e\\r\\n~~~\\r\\n\\r\\n~~~\\r\\n\",\"author_association\":\"NONE\",\"user\":{\"login\":\"maic\",\"id\":468252,\"node_id\":\"MDQ6VXNlcjQ2ODI1Mg==\",\"avatar_url\":\"https://avatars.githubusercontent.com/u/468252?v=4\",\"html_url\":\"https://github.com/maic\",\"gravatar_id\":\"\",\"type\":\"User\",\"site_admin\":false,\"url\":\"https://api.github.com/users/maic\",\"events_url\":\"https://api.github.com/users/maic/events{/privacy}\",\"following_url\":\"https://api.github.com/users/maic/following{/other_user}\",\"followers_url\":\"https://api.github.com/users/maic/followers\",\"gists_url\":\"https://api.github.com/users/maic/gists{/gist_id}\",\"organizations_url\":\"https://api.github.com/users/maic/orgs\",\"received_events_url\":\"https://api.github.com/users/maic/received_events\",\"repos_url\":\"https://api.github.com/users/maic/repos\",\"starred_url\":\"https://api.github.com/users/maic/starred{/owner}{/repo}\",\"subscriptions_url\":\"https://api.github.com/users/maic/subscriptions\"},\"labels\":[{\"id\":37843364,\"url\":\"https://api.github.com/repos/apache/cloudstack/labels/type:bug\",\"name\":\"type:bug\",\"color\":\"fc2929\",\"description\":\"\",\"default\":false,\"node_id\":\"MDU6TGFiZWwzNzg0MzM2NA==\"}],\"comments\":6,\"created_at\":\"2024-11-29T09:39:45Z\",\"updated_at\":\"2026-09-17T13:36:00Z\",\"url\":\"https://api.github.com/repos/apache/cloudstack/issues/10011\",\"html_url\":\"https://github.com/apache/cloudstack/issues/10011\",\"comments_url\":\"https://api.github.com/repos/apache/cloudstack/issues/10011/comments\",\"events_url\":\"https://api.github.com/repos/apache/cloudstack/issues/10011/events\",\"labels_url\":\"https://api.github.com/repos/apache/cloudstack/issues/10011/labels{/name}\",\"repository_url\":\"https://api.github.com/repos/apache/cloudstack\",\"milestone\":{\"url\":\"https://api.github.com/repos/apache/cloudstack/milestones/19\",\"html_url\":\"https://github.com/apache/cloudstack/milestone/19\",\"labels_url\":\"https://api.github.com/repos/apache/cloudstack/milestones/19/labels\",\"id\":6265435,\"number\":19,\"state\":\"open\",\"title\":\"unplanned\",\"creator\":{\"login\":\"DaanHoogland\",\"id\":2486961,\"node_id\":\"MDQ6VXNlcjI0ODY5NjE=\",\"avatar_url\":\"https://avatars.githubusercontent.com/u/2486961?v=4\",\"html_url\":\"https://github.com/DaanHoogland\",\"gravatar_id\":\"\",\"type\":\"User\",\"site_admin\":false,\"url\":\"https://api.github.com/users/DaanHoogland\",\"events_url\":\"https://api.github.com/users/DaanHoogland/events{/privacy}\",\"following_url\":\"https://api.github.com/users/DaanHoogland/following{/other_user}\",\"followers_url\":\"https://api.github.com/users/DaanHoogland/followers\",\"gists_url\":\"https://api.github.com/users/DaanHoogland/gists{/gist_id}\",\"organizations_url\":\"https://api.github.com/users/DaanHoogland/orgs\",\"received_events_url\":\"https://api.github.com/users/DaanHoogland/received_events\",\"repos_url\":\"https://api.github.com/users/DaanHoogland/repos\",\"starred_url\":\"https://api.github.com/users/DaanHoogland/starred{/owner}{/repo}\",\"subscriptions_url\":\"https://api.github.com/users/DaanHoogland/subscriptions\"},\"open_issues\":185,\"closed_issues\":1302,\"created_at\":\"2021-01-04T09:07:50Z\",\"updated_at\":\"2026-09-24T11:01:33Z\",\"node_id\":\"MDk6TWlsZXN0b25lNjI2NTQzNQ==\"},\"reactions\":{\"total_count\":0,\"+1\":0,\"-1\":0,\"laugh\":0,\"confused\":0,\"heart\":0,\"hooray\":0,\"rocket\":0,\"eyes\":0,\"url\":\"https://api.github.com/repos/apache/cloudstack/issues/10011/reactions\"},\"node_id\":\"I_kwDOAJTq2M6hNERc\"},{\"id\":4781110245,\"number\":13519,\"state\":\"open\",\"locked\":false,\"title\":\"HVM Agent selects wrong address for private_ip_address\",\"body\":\"### problem\\n\\nHi.\\nIn a advanced netowrk zone, VXLAN based, my KVM agents are using the storage network address as private ip address.\\n\\nThe network storage network is not routable between components, and it is causing severe problems like mal function on CPVM that try to connect on the wrong address to establish a connection with the hypervisor VNC Port.\\n\\nThe storage address is correctly found.\\n\\nThis is an exemple of my interfaces config:\\n\\n```\\nroot@hypr2-rck3:~# ip -br a\\nlo               UNKNOWN        127.0.0.1/8 10.1.4.2/32 fd00:1337:1:4::2/128 ::1/128 \\nens8f0np0        DOWN           \\nens8f1np1        DOWN           \\nens5f0np0        UP             10.1.32.3/31 fd00:1337:1:20::3/127 fe80::e4f8:1110:2c37:62ca/64 \\nens5f1np1        DOWN           \\nvxlan200         UNKNOWN        \\nvxlan202         UNKNOWN        \\nv-secstorbr@v-secstor UP             \\nv-secstor@v-secstorbr UP             10.1.48.2/22 fd00:1337:1:2d::2/64 fe80::a6c6:ac43:1c4:ab35/64 \\nv-clmgmtbr@v-clmgmt UP             \\nv-clmgmt@v-clmgmtbr UP             10.1.0.2/22 fd00:1337:1::2/64 fe80::a535:f84c:40f1:b424/64 \\neth-clguest      UNKNOWN        \\nv-clstoragebr@v-clstorage UP             \\nv-clstorage@v-clstoragebr UP             10.1.16.2/20 fd00:1337:1:10::2/64 fe80::e263:1ef4:9243:237e/64 \\nbr-secstor       UP             \\neth-clpublic     UNKNOWN        \\nvxlan100         UNKNOWN        \\nbr-clmgmt        UP             \\nbr-clguest       UP             \\nbr-clstorage     UP             \\nbr-clpublic      UP             \\ncloud0           UNKNOWN        169.254.0.1/16 fe80::d028:d0ff:fe30:3c0d/64\\n```\\n\\n\\nagent.properties\\n```\\nroot@hypr2-rck3:~# cat /etc/cloudstack/agent/agent.properties\\n#Storage\\n#Tue Jun 30 18:10:35 BRT 2026\\nLibvirtComputingResource.id=6\\nLibvirtComputingResource.name=hypr2-rck3\\nLibvirtComputingResource.uuid=***\\ncluster=1\\ndomr.scripts.dir=scripts/network/domr/kvm\\nguest.cpu.mode=custom\\nguest.cpu.model=Icelake-Server-noTSX\\nguest.network.device=br-clguest\\nguid=d46e7512-0114-378f-baf5-0c0683092c05\\nhost=10.254.0.101,10.254.0.100@roundrobin\\nhypervisor.type=kvm\\niscsi.session.cleanup.enabled=false\\nkeystore.passphrase=****\\nlocal.storage.uuid=***\\nnetwork.bridge.type=native\\npod=1\\nport=8250\\nprivate.network.device=br-clmgmt\\npublic.network.device=br-clpublic\\nresource=com.cloud.hypervisor.kvm.resource.LibvirtComputingResource\\nvm.migrate.wait=3600\\nvxlan.network.vtep.ip=10.1.4.2\\nworkers=5\\nzone=2\\n```\\n\\nThe agent is selecting 10.1.16.2 address as storage (correct) and private (incorrect, the correct IP should be 10.1.0.2).\\n\\nThis range is directly routable. The agent can reach the management servers from this address, and the management servers can do stablish new connections with hosts too.\\n\\nThere is some property that I can change to enforce the private address?\\n\\n### versions\\n\\nCloudstack 4.22.1.0\\nOS: Rocky Linux 10.2\\nAgent: 4.22.1.0\\nJava: OpenJDK 64-Bit Server VM (Red_Hat-21.0.11.0.10-1) (build 21.0.11+10-LTS, mixed mode, sharing)\\n\\n\\n### The steps to reproduce the bug\\n\\n1. Setup a FRR / VXLAN / EVPN enviroment\\n2. Setup an advanced network zone in Cloudstack.\\n3. Adopt an hypervisor (using the correct ip address on the UI).\\n4. Adotion will work and hypervisor will be connected, able to run VMs, but with management IP incorrectly stored.\\n\\n\\n\\n### What to do about it?\\n\\n_No response_\",\"author_association\":\"NONE\",\"user\":{\"login\":\"EduFrazao\",\"id\":994671,\"node_id\":\"MDQ6VXNlcjk5NDY3MQ==\",\"avatar_url\":\"https://avatars.githubusercontent.com/u/994671?v=4\",\"html_url\":\"https://github.com/EduFrazao\",\"gravatar_id\":\"\",\"type\":\"User\",\"site_admin\":false,\"url\":\"https://api.github.com/users/EduFrazao\",\"events_url\":\"https://api.github.com/users/EduFrazao/events{/privacy}\",\"following_url\":\"https://api.github.com/users/EduFrazao/following{/other_user}\",\"followers_url\":\"https://api.github.com/users/EduFrazao/followers\",\"gists_url\":\"https://api.github.com/users/EduFrazao/gists{/gist_id}\",\"organizations_url\":\"https://api.github.com/users/EduFrazao/orgs\",\"received_events_url\":\"https://api.github.com/users/EduFrazao/received_events\",\"repos_url\":\"https://api.github.com/users/EduFrazao/repos\",\"starred_url\":\"https://api.github.com/users/EduFrazao/starred{/owner}{/repo}\",\"subscriptions_url\":\"https://api.github.com/users/EduFrazao/subscriptions\"},\"labels\":[{\"id\":37843364,\"url\":\"https://api.github.com/repos/apache/cloudstack/labels/type:bug\",\"name\":\"type:bug\",\"color\":\"fc2929\",\"description\":\"\",\"default\":false,\"node_id\":\"MDU6TGFiZWwzNzg0MzM2NA==\"},{\"id\":584072971,\"url\":\"https://api.github.com/repos/apache/cloudstack/labels/component:kvm\",\"name\":\"component:kvm\",\"color\":\"006b75\",\"description\":\"\",\"default\":false,\"node_id\":\"MDU6TGFiZWw1ODQwNzI5NzE=\"},{\"id\":592559219,\"url\":\"https://api.github.com/repos/apache/cloudstack/labels/component:networking\",\"name\":\"component:networking\",\"color\":\"f9d0c4\",\"description\":\"\",\"default\":false,\"node_id\":\"MDU6TGFiZWw1OTI1NTkyMTk=\"},{\"id\":1391968610,\"url\":\"https://api.github.com/repos/apache/cloudstack/labels/Severity:Minor\",\"name\":\"Severity:Minor\",\"color\":\"906666\",\"description\":\"\",\"default\":false,\"node_id\":\"MDU6TGFiZWwxMzkxOTY4NjEw\"}],\"comments\":8,\"created_at\":\"2026-06-30T23:32:52Z\",\"updated_at\":\"2026-08-20T13:47:52Z\",\"url\":\"https://api.github.com/repos/apache/cloudstack/issues/13519\",\"html_url\":\"https://github.com/apache/cloudstack/issues/13519\",\"comments_url\":\"https://api.github.com/repos/apache/cloudstack/issues/13519/comments\",\"events_url\":\"https://api.github.com/repos/apache/cloudstack/issues/13519/events\",\"labels_url\":\"https://api.github.com/repos/apache/cloudstack/issues/13519/labels{/name}\",\"repository_url\":\"https://api.github.com/repos/apache/cloudstack\",\"milestone\":{\"url\":\"https://api.github.com/repos/apache/cloudstack/milestones/46\",\"html_url\":\"https://github.com/apache/cloudstack/milestone/46\",\"labels_url\":\"https://api.github.com/repos/apache/cloudstack/milestones/46/labels\",\"id\":15514689,\"number\":46,\"state\":\"open\",\"title\":\"4.22.2\",\"description\":\"\",\"creator\":{\"login\":\"sureshanaparti\",\"id\":12028987,\"node_id\":\"MDQ6VXNlcjEyMDI4OTg3\",\"avatar_url\":\"https://avatars.githubusercontent.com/u/12028987?v=4\",\"html_url\":\"https://github.com/sureshanaparti\",\"gravatar_id\":\"\",\"type\":\"User\",\"site_admin\":false,\"url\":\"https://api.github.com/users/sureshanaparti\",\"events_url\":\"https://api.github.com/users/sureshanaparti/events{/privacy}\",\"following_url\":\"https://api.github.com/users/sureshanaparti/following{/other_user}\",\"followers_url\":\"https://api.github.com/users/sureshanaparti/followers\",\"gists_url\":\"https://api.github.com/users/sureshanaparti/gists{/gist_id}\",\"organizations_url\":\"https://api.github.com/users/sureshanaparti/orgs\",\"received_events_url\":\"https://api.github.com/users/sureshanaparti/received_events\",\"repos_url\":\"https://api.github.com/users/sureshanaparti/repos\",\"starred_url\":\"https://api.github.com/users/sureshanaparti/starred{/owner}{/repo}\",\"subscriptions_url\":\"https://api.github.com/users/sureshanaparti/subscriptions\"},\"open_issues\":252,\"closed_issues\":114,\"created_at\":\"2026-04-13T07:02:43Z\",\"updated_at\":\"2026-09-29T13:13:59Z\",\"node_id\":\"MI_kwDOAJTq2M4A7LxB\"},\"reactions\":{\"total_count\":0,\"+1\":0,\"-1\":0,\"laugh\":0,\"confused\":0,\"heart\":0,\"hooray\":0,\"rocket\":0,\"eyes\":0,\"url\":\"https://api.github.com/repos/apache/cloudstack/issues/13519/reactions\"},\"node_id\":\"I_kwDOAJTq2M8AAAABHPnz5Q\"},{\"id\":2125006110,\"number\":8627,\"state\":\"open\",\"locked\":false,\"title\":\"DNS resolution across VPCs connected via S2S VPN\",\"body\":\"\\u003c!--\\r\\nVerify first that your issue/request is not already reported on GitHub.\\r\\nAlso test if the latest release and main branch are affected too.\\r\\nAlways add information AFTER of these HTML comments, but no need to delete the comments.\\r\\n--\\u003e\\r\\n\\r\\n##### ISSUE TYPE\\r\\n\\u003c!-- Pick one below and delete the rest --\\u003e\\r\\n * Feature Idea\\r\\n\\r\\n##### COMPONENT NAME\\r\\n\\u003c!--\\r\\nCategorize the issue, e.g. API, VR, VPN, UI, etc.\\r\\n--\\u003e\\r\\n~~~\\r\\nVR\\r\\n~~~\\r\\n\\r\\n##### CLOUDSTACK VERSION\\r\\n\\u003c!--\\r\\nNew line separated list of affected versions, commit ID for issues on main branch.\\r\\n--\\u003e\\r\\n\\r\\n~~~\\r\\n4.20\\r\\n~~~\\r\\n\\r\\n##### CONFIGURATION\\r\\n\\u003c!--\\r\\nInformation about the configuration if relevant, e.g. basic network, advanced networking, etc.  N/A otherwise\\r\\n--\\u003e\\r\\n\\r\\n\\r\\n##### OS / ENVIRONMENT\\r\\n\\u003c!--\\r\\nInformation about the environment if relevant, N/A otherwise\\r\\n--\\u003e\\r\\n\\r\\n\\r\\n##### SUMMARY\\r\\n\\u003c!-- Explain the problem/feature briefly --\\u003e\\r\\n\\r\\nCurrent VR only resolve its own Guest Network DNS zone record and external records. When two or more peered VPC network, user has to manage the host resolution either by host file or create another forwarder point to VR in upstream DNS. I would say it would be more useful if we populate all DNS record across each peered zone VR with proper domain suffix. So the user do not need to discover new IP changes from peered zone.\\r\\n\\r\\n\\r\\n##### STEPS TO REPRODUCE\\r\\n\\u003c!--\\r\\nFor bugs, show exactly how to reproduce the problem, using a minimal test-case. Use Screenshots if accurate.\\r\\n\\r\\nFor new features, show how the feature would be used.\\r\\n--\\u003e\\r\\n\\r\\n\\u003c!-- Paste example playbooks or commands between quotes below --\\u003e\\r\\n~~~\\r\\n\\r\\n~~~\\r\\n\\r\\n\\u003c!-- You can also paste gist.github.com links for larger files --\\u003e\\r\\n\\r\\n##### EXPECTED RESULTS\\r\\n\\u003c!-- What did you expect to happen when running the steps above? --\\u003e\\r\\n\\r\\n~~~\\r\\n\\r\\n~~~\\r\\n\\r\\n##### ACTUAL RESULTS\\r\\n\\u003c!-- What actually happened? --\\u003e\\r\\n\\r\\n\\u003c!-- Paste verbatim command output between quotes below --\\u003e\\r\\n~~~\\r\\n\\r\\n~~~\\r\\n\",\"author_association\":\"CONTRIBUTOR\",\"user\":{\"login\":\"levindecaro\",\"id\":36956864,\"node_id\":\"MDQ6VXNlcjM2OTU2ODY0\",\"avatar_url\":\"https://avatars.githubusercontent.com/u/36956864?v=4\",\"html_url\":\"https://github.com/levindecaro\",\"gravatar_id\":\"\",\"type\":\"User\",\"site_admin\":false,\"url\":\"https://api.github.com/users/levindecaro\",\"events_url\":\"https://api.github.com/users/levindecaro/events{/privacy}\",\"following_url\":\"https://api.github.com/users/levindecaro/following{/other_user}\",\"followers_url\":\"https://api.github.com/users/levindecaro/followers\",\"gists_url\":\"https://api.github.com/users/levindecaro/gists{/gist_id}\",\"organizations_url\":\"https://api.github.com/users/levindecaro/orgs\",\"received_events_url\":\"https://api.github.com/users/levindecaro/received_events\",\"repos_url\":\"https://api.github.com/users/levindecaro/repos\",\"starred_url\":\"https://api.github.com/users/levindecaro/starred{/owner}{/repo}\",\"subscriptions_url\":\"https://api.github.com/users/levindecaro/subscriptions\"},\"labels\":[{\"id\":1150675549,\"url\":\"https://api.github.com/repos/apache/cloudstack/labels/type:new-feature\",\"name\":\"type:new-feature\",\"color\":\"4471c4\",\"description\":\"\",\"default\":false,\"node_id\":\"MDU6TGFiZWwxMTUwNjc1NTQ5\"}],\"comments\":4,\"created_at\":\"2024-02-08T11:54:55Z\",\"updated_at\":\"2026-09-15T01:44:35Z\",\"url\":\"https://api.github.com/repos/apache/cloudstack/issues/8627\",\"html_url\":\"https://github.com/apache/cloudstack/issues/8627\",\"comments_url\":\"https://api.github.com/repos/apache/cloudstack/issues/8627/comments\",\"events_url\":\"https://api.github.com/repos/apache/cloudstack/issues/8627/events\",\"labels_url\":\"https://api.github.com/repos/apache/cloudstack/issues/8627/labels{/name}\",\"repository_url\":\"https://api.github.com/repos/apache/cloudstack\",\"milestone\":{\"url\":\"https://api.github.com/repos/apache/cloudstack/milestones/19\",\"html_url\":\"https://github.com/apache/cloudstack/milestone/19\",\"labels_url\":\"https://api.github.com/repos/apache/cloudstack/milestones/19/labels\",\"id\":6265435,\"number\":19,\"state\":\"open\",\"title\":\"unplanned\",\"creator\":{\"login\":\"DaanHoogland\",\"id\":2486961,\"node_id\":\"MDQ6VXNlcjI0ODY5NjE=\",\"avatar_url\":\"https://avatars.githubusercontent.com/u/2486961?v=4\",\"html_url\":\"https://github.com/DaanHoogland\",\"gravatar_id\":\"\",\"type\":\"User\",\"site_admin\":false,\"url\":\"https://api.github.com/users/DaanHoogland\",\"events_url\":\"https://api.github.com/users/DaanHoogland/events{/privacy}\",\"following_url\":\"https://api.github.com/users/DaanHoogland/following{/other_user}\",\"followers_url\":\"https://api.github.com/users/DaanHoogland/followers\",\"gists_url\":\"https://api.github.com/users/DaanHoogland/gists{/gist_id}\",\"organizations_url\":\"https://api.github.com/users/DaanHoogland/orgs\",\"received_events_url\":\"https://api.github.com/users/DaanHoogland/received_events\",\"repos_url\":\"https://api.github.com/users/DaanHoogland/repos\",\"starred_url\":\"https://api.github.com/users/DaanHoogland/starred{/owner}{/repo}\",\"subscriptions_url\":\"https://api.github.com/users/DaanHoogland/subscriptions\"},\"open_issues\":185,\"closed_issues\":1302,\"created_at\":\"2021-01-04T09:07:50Z\",\"updated_at\":\"2026-09-24T11:01:33Z\",\"node_id\":\"MDk6TWlsZXN0b25lNjI2NTQzNQ==\"},\"reactions\":{\"total_count\":0,\"+1\":0,\"-1\":0,\"laugh\":0,\"confused\":0,\"heart\":0,\"hooray\":0,\"rocket\":0,\"eyes\":0,\"url\":\"https://api.github.com/repos/apache/cloudstack/issues/8627/reactions\"},\"node_id\":\"I_kwDOAJTq2M5-qQUe\"},{\"id\":1180482852,\"number\":6163,\"state\":\"open\",\"locked\":false,\"title\":\"Add Support IPAM object to Allow Load Balancer or Port-forward map to floating IP Address\",\"body\":\"\\u003c!--\\r\\nVerify first that your issue/request is not already reported on GitHub.\\r\\nAlso test if the latest release and main branch are affected too.\\r\\nAlways add information AFTER of these HTML comments, but no need to delete the comments.\\r\\n--\\u003e\\r\\n\\r\\n##### ISSUE TYPE\\r\\n\\u003c!-- Pick one below and delete the rest --\\u003e\\r\\n * Feature Idea\\r\\n\\r\\n##### COMPONENT NAME\\r\\n\\u003c!--\\r\\nCategorize the issue, e.g. API, VR, VPN, UI, etc.\\r\\n--\\u003e\\r\\n~~~\\r\\nUI,API,Guest Network\\r\\n\\r\\n~~~\\r\\n\\r\\n##### CLOUDSTACK VERSION\\r\\n\\u003c!--\\r\\nNew line separated list of affected versions, commit ID for issues on main branch.\\r\\n--\\u003e\\r\\n\\r\\n~~~\\r\\nN/A\\r\\n~~~\\r\\n\\r\\n##### CONFIGURATION\\r\\n\\u003c!--\\r\\nInformation about the configuration if relevant, e.g. basic network, advanced networking, etc.  N/A otherwise\\r\\n--\\u003e\\r\\n\\r\\n\\r\\n##### OS / ENVIRONMENT\\r\\n\\u003c!--\\r\\nInformation about the environment if relevant, N/A otherwise\\r\\n--\\u003e\\r\\n\\r\\n\\r\\n##### SUMMARY\\r\\n\\u003c!-- Explain the problem/feature briefly --\\u003e\\r\\n\\r\\nWhen a Guest Network was created, the port forward and load balancer features only allow to be configure with pre-existing VM in same Guest Network. Sometime user will deploy self managed virtual ip address to support their application such as keepalived, MetalLB..etc. Today, the user will add a secondary NIC to the one of VM instance and then use the assigned NIC ip address to treat the virtual ip setup. Most of the time, it is unavoidable to use this appoarch when LB pool health check limit to L4 port checking. \\r\\n\\r\\nI'm wondering if ACS can implement IPAM management abstract under guest network to allow user create IP entities which will able to include into port forwarding or Load balancer member.\\r\\n\\r\\n\\r\\n\\r\\n\\r\\n\\r\\n\\r\\n\\r\\n\\r\\n\\r\\n\\r\\n\\r\\n\\r\\n\\r\\n\\r\\n\\r\\n\\r\\n\\r\\n\\r\\n\\r\\n\\r\\n\\r\\n\\r\\n\\r\\n\\r\\n\\r\\n##### STEPS TO REPRODUCE\\r\\n\\u003c!--\\r\\nFor bugs, show exactly how to reproduce the problem, using a minimal test-case. Use Screenshots if accurate.\\r\\n\\r\\nFor new features, show how the feature would be used.\\r\\n--\\u003e\\r\\n\\r\\n\\u003c!-- Paste example playbooks or commands between quotes below --\\u003e\\r\\n~~~\\r\\nN/A\\r\\n~~~\\r\\n\\r\\n\\u003c!-- You can also paste gist.github.com links for larger files --\\u003e\\r\\n\\r\\n##### EXPECTED RESULTS\\r\\n\\u003c!-- What did you expect to happen when running the steps above? --\\u003e\\r\\n\\r\\n~~~\\r\\n\\r\\n~~~\\r\\n\\r\\n##### ACTUAL RESULTS\\r\\n\\u003c!-- What actually happened? --\\u003e\\r\\n\\r\\n\\u003c!-- Paste verbatim command output between quotes below --\\u003e\\r\\n~~~\\r\\nN/A\\r\\n~~~\\r\\n\",\"author_association\":\"CONTRIBUTOR\",\"user\":{\"login\":\"levindecaro\",\"id\":36956864,\"node_id\":\"MDQ6VXNlcjM2OTU2ODY0\",\"avatar_url\":\"https://avatars.githubusercontent.com/u/36956864?v=4\",\"html_url\":\"https://github.com/levindecaro\",\"gravatar_id\":\"\",\"type\":\"User\",\"site_admin\":false,\"url\":\"https://api.github.com/users/levindecaro\",\"events_url\":\"https://api.github.com/users/levindecaro/events{/privacy}\",\"following_url\":\"https://api.github.com/users/levindecaro/following{/other_user}\",\"followers_url\":\"https://api.github.com/users/levindecaro/followers\",\"gists_url\":\"https://api.github.com/users/levindecaro/gists{/gist_id}\",\"organizations_url\":\"https://api.github.com/users/levindecaro/orgs\",\"received_events_url\":\"https://api.github.com/users/levindecaro/received_events\",\"repos_url\":\"https://api.github.com/users/levindecaro/repos\",\"starred_url\":\"https://api.github.com/users/levindecaro/starred{/owner}{/repo}\",\"subscriptions_url\":\"https://api.github.com/users/levindecaro/subscriptions\"},\"labels\":[{\"id\":592559219,\"url\":\"https://api.github.com/repos/apache/cloudstack/labels/component:networking\",\"name\":\"component:networking\",\"color\":\"f9d0c4\",\"description\":\"\",\"default\":false,\"node_id\":\"MDU6TGFiZWw1OTI1NTkyMTk=\"},{\"id\":1150675549,\"url\":\"https://api.github.com/repos/apache/cloudstack/labels/type:new-feature\",\"name\":\"type:new-feature\",\"color\":\"4471c4\",\"description\":\"\",\"default\":false,\"node_id\":\"MDU6TGFiZWwxMTUwNjc1NTQ5\"},{\"id\":2630836378,\"url\":\"https://api.github.com/repos/apache/cloudstack/labels/status:needs-functional-definition\",\"name\":\"status:needs-functional-definition\",\"color\":\"951862\",\"description\":\"\",\"default\":false,\"node_id\":\"MDU6TGFiZWwyNjMwODM2Mzc4\"},{\"id\":6890295339,\"url\":\"https://api.github.com/repos/apache/cloudstack/labels/status:stale\",\"name\":\"status:stale\",\"color\":\"E43179\",\"description\":\"\",\"default\":false,\"node_id\":\"LA_kwDOAJTq2M8AAAABmrGQKw\"},{\"id\":9849008471,\"url\":\"https://api.github.com/repos/apache/cloudstack/labels/no-issue-activity\",\"name\":\"no-issue-activity\",\"color\":\"ededed\",\"default\":false,\"node_id\":\"LA_kwDOAJTq2M8AAAACSwvxVw\"}],\"comments\":5,\"created_at\":\"2022-03-25T08:20:22Z\",\"updated_at\":\"2026-05-19T02:18:08Z\",\"url\":\"https://api.github.com/repos/apache/cloudstack/issues/6163\",\"html_url\":\"https://github.com/apache/cloudstack/issues/6163\",\"comments_url\":\"https://api.github.com/repos/apache/cloudstack/issues/6163/comments\",\"events_url\":\"https://api.github.com/repos/apache/cloudstack/issues/6163/events\",\"labels_url\":\"https://api.github.com/repos/apache/cloudstack/issues/6163/labels{/name}\",\"repository_url\":\"https://api.github.com/repos/apache/cloudstack\",\"milestone\":{\"url\":\"https://api.github.com/repos/apache/cloudstack/milestones/19\",\"html_url\":\"https://github.com/apache/cloudstack/milestone/19\",\"labels_url\":\"https://api.github.com/repos/apache/cloudstack/milestones/19/labels\",\"id\":6265435,\"number\":19,\"state\":\"open\",\"title\":\"unplanned\",\"creator\":{\"login\":\"DaanHoogland\",\"id\":2486961,\"node_id\":\"MDQ6VXNlcjI0ODY5NjE=\",\"avatar_url\":\"https://avatars.githubusercontent.com/u/2486961?v=4\",\"html_url\":\"https://github.com/DaanHoogland\",\"gravatar_id\":\"\",\"type\":\"User\",\"site_admin\":false,\"url\":\"https://api.github.com/users/DaanHoogland\",\"events_url\":\"https://api.github.com/users/DaanHoogland/events{/privacy}\",\"following_url\":\"https://api.github.com/users/DaanHoogland/following{/other_user}\",\"followers_url\":\"https://api.github.com/users/DaanHoogland/followers\",\"gists_url\":\"https://api.github.com/users/DaanHoogland/gists{/gist_id}\",\"organizations_url\":\"https://api.github.com/users/DaanHoogland/orgs\",\"received_events_url\":\"https://api.github.com/users/DaanHoogland/received_events\",\"repos_url\":\"https://api.github.com/users/DaanHoogland/repos\",\"starred_url\":\"https://api.github.com/users/DaanHoogland/starred{/owner}{/repo}\",\"subscriptions_url\":\"https://api.github.com/users/DaanHoogland/subscriptions\"},\"open_issues\":185,\"closed_issues\":1302,\"created_at\":\"2021-01-04T09:07:50Z\",\"updated_at\":\"2026-09-24T11:01:33Z\",\"node_id\":\"MDk6TWlsZXN0b25lNjI2NTQzNQ==\"},\"reactions\":{\"total_count\":0,\"+1\":0,\"-1\":0,\"laugh\":0,\"confused\":0,\"heart\":0,\"hooray\":0,\"rocket\":0,\"eyes\":0,\"url\":\"https://api.github.com/repos/apache/cloudstack/issues/6163/reactions\"},\"node_id\":\"I_kwDOAJTq2M5GXL0k\",\"type\":{\"id\":93574,\"node_id\":\"IT_kwDNuP_OAAFthg\",\"name\":\"Feature\",\"description\":\"A request, idea, or new functionality\",\"color\":\"blue\",\"created_at\":\"2024-01-25T09:11:09Z\",\"updated_at\":\"2024-10-08T08:30:20Z\"}},{\"id\":4721416566,\"number\":13471,\"state\":\"open\",\"locked\":false,\"title\":\"CKS node Instance stuck in \\\"Starting\\\" state (VM lifecycle) when a non-default (explicitly selected) template is used; works with the default SystemVM template\",\"body\":\"### problem\\n\\n\\u003cp class=\\\"font-claude-response-body break-words whitespace-normal\\\" data-sourcepos=\\\"39:1-43:55;1334-1737\\\"\\u003eWhen creating a CKS Kubernetes cluster and \\u003cstrong\\u003eexplicitly selecting a non-default node\\ntemplate\\u003c/strong\\u003e (the stock \\u003ccode class=\\\"bg-text-200/5 border border-0.5 border-border-300 text-danger-000 whitespace-pre-wrap rounded-[0.4rem] px-1 py-px text-[0.9rem]\\\"\\u003ecks-ubuntu-2204-kvm\\u003c/code\\u003e CKS-ready image) in Advanced Settings, the\\nnode \\u003cstrong\\u003eInstance\\u003c/strong\\u003e stays in the \\u003ccode class=\\\"bg-text-200/5 border border-0.5 border-border-300 text-danger-000 whitespace-pre-wrap rounded-[0.4rem] px-1 py-px text-[0.9rem]\\\"\\u003eStarting\\u003c/code\\u003e \\u003cstrong\\u003eVM lifecycle state\\u003c/strong\\u003e indefinitely and never\\ntransitions to \\u003ccode class=\\\"bg-text-200/5 border border-0.5 border-border-300 text-danger-000 whitespace-pre-wrap rounded-[0.4rem] px-1 py-px text-[0.9rem]\\\"\\u003eRunning\\u003c/code\\u003e — even though the libvirt domain is actually up on the KVM host\\n(the VNC console is reachable and the guest OS boots).\\u003c/p\\u003e\\n\\n\\u003cp class=\\\"font-claude-response-body break-words whitespace-normal\\\" data-sourcepos=\\\"45:1-49:52;1739-2127\\\"\\u003eThe same cluster creation \\u003cstrong\\u003esucceeds\\u003c/strong\\u003e when the \\u003cstrong\\u003edefault SystemVM template\\u003c/strong\\u003e\\n(\\u003ccode class=\\\"bg-text-200/5 border border-0.5 border-border-300 text-danger-000 whitespace-pre-wrap rounded-[0.4rem] px-1 py-px text-[0.9rem]\\\"\\u003esystemvm-kvm-4.22.0-x86_64\\u003c/code\\u003e) is used for the nodes. The only changed variable between\\nthe working and failing cases is the node template selection, which points at the\\n\\u003cstrong\\u003eFlexible Kubernetes Clusters per-node template selection path\\u003c/strong\\u003e rather than at\\nin-guest provisioning (cloud-init / kubeadm / CNI).\\u003c/p\\u003e\\n\\n\\n\\n\\u003ch2 class=\\\"text-text-100 mt-3 -mb-1 text-[1.125rem] font-bold\\\" data-sourcepos=\\\"55:1-55:22;2375-2396\\\"\\u003eSTEPS TO REPRODUCE\\u003c/h2\\u003e\\n\\n\\u003col class=\\\"[li_\\u0026amp;]:mb-0 [li_\\u0026amp;]:mt-1 [li_\\u0026amp;]:gap-1 [\\u0026amp;:not(:last-child)_ul]:pb-1 [\\u0026amp;:not(:last-child)_ol]:pb-1 list-decimal flex flex-col gap-1 pl-8 mb-3\\\" data-sourcepos=\\\"57:1-68:24;2398-3079\\\"\\u003e\\n\\u003cli class=\\\"font-claude-response-body whitespace-normal break-words pl-2\\\" data-sourcepos=\\\"57:1-57:37;2398-2434\\\"\\u003eACS 4.22.1.0 on KVM, CKS enabled.\\u003c/li\\u003e\\n\\u003cli class=\\\"font-claude-response-body whitespace-normal break-words pl-2\\\" data-sourcepos=\\\"58:1-59:21;2435-2538\\\"\\u003eRegister the stock CKS-ready Ubuntu 22.04 KVM template (\\u003ccode class=\\\"bg-text-200/5 border border-0.5 border-border-300 text-danger-000 whitespace-pre-wrap rounded-[0.4rem] px-1 py-px text-[0.9rem]\\\"\\u003ecks-ubuntu-2204-kvm\\u003c/code\\u003e),\\nmarked \\\"For CKS\\\".\\u003c/li\\u003e\\n\\u003cli class=\\\"font-claude-response-body whitespace-normal break-words pl-2\\\" data-sourcepos=\\\"60:1-60:57;2539-2595\\\"\\u003eRegister a supported Kubernetes binaries ISO/version.\\u003c/li\\u003e\\n\\u003cli class=\\\"font-claude-response-body whitespace-normal break-words pl-2\\\" data-sourcepos=\\\"61:1-63:13;2596-2780\\\"\\u003eCreate a CloudManaged Kubernetes cluster (3 control node HA) on a \\u003cstrong\\u003eVPC tier\\u003c/strong\\u003e network,\\nand in \\u003cstrong\\u003eAdvanced Settings explicitly select \\u003ccode class=\\\"bg-text-200/5 border border-0.5 border-border-300 text-danger-000 whitespace-pre-wrap rounded-[0.4rem] px-1 py-px text-[0.9rem]\\\"\\u003ecks-ubuntu-2204-kvm\\u003c/code\\u003e\\u003c/strong\\u003e as the node\\ntemplate.\\u003c/li\\u003e\\n\\u003cli class=\\\"font-claude-response-body whitespace-normal break-words pl-2\\\" data-sourcepos=\\\"64:1-65:27;2781-2886\\\"\\u003eObserve the control node Instance in the UI (Instances → the control node):\\nit stays in \\u003ccode class=\\\"bg-text-200/5 border border-0.5 border-border-300 text-danger-000 whitespace-pre-wrap rounded-[0.4rem] px-1 py-px text-[0.9rem]\\\"\\u003eStarting\\u003c/code\\u003e.\\u003c/li\\u003e\\n\\u003cli class=\\\"font-claude-response-body whitespace-normal break-words pl-2\\\" data-sourcepos=\\\"66:1-68:24;2887-3079\\\"\\u003eRepeat the exact same cluster creation but \\u003cstrong\\u003edo not select a template\\u003c/strong\\u003e (use the\\ndefault \\u003ccode class=\\\"bg-text-200/5 border border-0.5 border-border-300 text-danger-000 whitespace-pre-wrap rounded-[0.4rem] px-1 py-px text-[0.9rem]\\\"\\u003esystemvm-kvm-4.22.0-x86_64\\u003c/code\\u003e): the node reaches \\u003ccode class=\\\"bg-text-200/5 border border-0.5 border-border-300 text-danger-000 whitespace-pre-wrap rounded-[0.4rem] px-1 py-px text-[0.9rem]\\\"\\u003eRunning\\u003c/code\\u003e and the cluster\\nprovisions normally.\\u003c/li\\u003e\\n\\u003c/ol\\u003e\\n\\n\\u003ch2 class=\\\"text-text-100 mt-3 -mb-1 text-[1.125rem] font-bold\\\" data-sourcepos=\\\"70:1-70:20;3081-3100\\\"\\u003eEXPECTED RESULTS\\u003c/h2\\u003e\\n\\n\\u003cp class=\\\"font-claude-response-body break-words whitespace-normal\\\" data-sourcepos=\\\"72:1-75:11;3102-3367\\\"\\u003eSelecting a \\\"For CKS\\\" template in Advanced Settings should behave the same as the\\ndefault template path: the node Instance transitions \\u003ccode class=\\\"bg-text-200/5 border border-0.5 border-border-300 text-danger-000 whitespace-pre-wrap rounded-[0.4rem] px-1 py-px text-[0.9rem]\\\"\\u003eStarting\\u003c/code\\u003e → \\u003ccode class=\\\"bg-text-200/5 border border-0.5 border-border-300 text-danger-000 whitespace-pre-wrap rounded-[0.4rem] px-1 py-px text-[0.9rem]\\\"\\u003eRunning\\u003c/code\\u003e within the\\nnormal VM start window, after which CKS provisioning proceeds and the cluster reaches\\n\\u003ccode class=\\\"bg-text-200/5 border border-0.5 border-border-300 text-danger-000 whitespace-pre-wrap rounded-[0.4rem] px-1 py-px text-[0.9rem]\\\"\\u003eRunning\\u003c/code\\u003e.\\u003c/p\\u003e\\n\\n\\u003ch2 class=\\\"text-text-100 mt-3 -mb-1 text-[1.125rem] font-bold\\\" data-sourcepos=\\\"77:1-77:18;3369-3386\\\"\\u003eACTUAL RESULTS\\u003c/h2\\u003e\\n\\n\\u003cp class=\\\"font-claude-response-body break-words whitespace-normal\\\" data-sourcepos=\\\"79:1-79:57;3388-3444\\\"\\u003eBehaviour depends solely on the node template selection:\\u003c/p\\u003e\\n\\n\\u003cdiv class=\\\"overflow-x-auto w-full px-2 mb-6\\\" data-sourcepos=\\\"81:1-85:106;3446-3800\\\"\\u003e\\n\\nPlain Instance deployed from cks-ubuntu-2204-kvm (no CKS) | Reaches Running — works\\nCKS node from default SystemVM template systemvm-kvm-4.22.0-x86_64 | Reaches Running, cluster provisions — works\\nCKS node from selected cks-ubuntu-2204-kvm template | Instance stuck in Starting indefinitely\\n\\n\\u003c/div\\u003e\\n\\n\\u003cp class=\\\"font-claude-response-body break-words whitespace-normal\\\" data-sourcepos=\\\"87:1-87:21;3802-3822\\\"\\u003eIn the failing case:\\u003c/p\\u003e\\n\\n\\u003cul class=\\\"[li_\\u0026amp;]:mb-0 [li_\\u0026amp;]:mt-1 [li_\\u0026amp;]:gap-1 [\\u0026amp;:not(:last-child)_ul]:pb-1 [\\u0026amp;:not(:last-child)_ol]:pb-1 list-disc flex flex-col gap-1 pl-8 mb-3\\\" data-sourcepos=\\\"89:1-95:47;3824-4284\\\"\\u003e\\n\\u003cli class=\\\"font-claude-response-body whitespace-normal break-words pl-2\\\" data-sourcepos=\\\"89:1-90:40;3824-3951\\\"\\u003eThe control node Instance remains in \\u003ccode class=\\\"bg-text-200/5 border border-0.5 border-border-300 text-danger-000 whitespace-pre-wrap rounded-[0.4rem] px-1 py-px text-[0.9rem]\\\"\\u003eStarting\\u003c/code\\u003e (VM lifecycle state) indefinitely, so\\nthe cluster also stays in \\u003ccode class=\\\"bg-text-200/5 border border-0.5 border-border-300 text-danger-000 whitespace-pre-wrap rounded-[0.4rem] px-1 py-px text-[0.9rem]\\\"\\u003eStarting\\u003c/code\\u003e.\\u003c/li\\u003e\\n\\u003cli class=\\\"font-claude-response-body whitespace-normal break-words pl-2\\\" data-sourcepos=\\\"91:1-92:26;3952-4065\\\"\\u003eThe libvirt domain is genuinely running on the KVM host: the VNC console is reachable\\nand the guest OS boots.\\u003c/li\\u003e\\n\\u003cli class=\\\"font-claude-response-body whitespace-normal break-words pl-2\\\" data-sourcepos=\\\"93:1-95:47;4066-4284\\\"\\u003eSSH to the node (port 2222) is not usable; the UI-displayed password is not accepted\\non the VNC console (consistent with the node never being marked Running and/or the\\nstart/provisioning workflow not completing).\\u003c/li\\u003e\\u003c/ul\\u003e\\n\\n### versions\\n\\nHypervisor version: KVM Ubuntu 24.04\\nACS version: 4.22.1.0\\nManagement server: Ubuntu 24.04\\n\\n### The steps to reproduce the bug\\n\\n_No response_\\n\\n### What to do about it?\\n\\n_No response_\",\"author_association\":\"NONE\",\"user\":{\"login\":\"akoskuczi-bw\",\"id\":158267649,\"node_id\":\"U_kgDOCW75AQ\",\"avatar_url\":\"https://avatars.githubusercontent.com/u/158267649?v=4\",\"html_url\":\"https://github.com/akoskuczi-bw\",\"gravatar_id\":\"\",\"type\":\"User\",\"site_admin\":false,\"url\":\"https://api.github.com/users/akoskuczi-bw\",\"events_url\":\"https://api.github.com/users/akoskuczi-bw/events{/privacy}\",\"following_url\":\"https://api.github.com/users/akoskuczi-bw/following{/other_user}\",\"followers_url\":\"https://api.github.com/users/akoskuczi-bw/followers\",\"gists_url\":\"https://api.github.com/users/akoskuczi-bw/gists{/gist_id}\",\"organizations_url\":\"https://api.github.com/users/akoskuczi-bw/orgs\",\"received_events_url\":\"https://api.github.com/users/akoskuczi-bw/received_events\",\"repos_url\":\"https://api.github.com/users/akoskuczi-bw/repos\",\"starred_url\":\"https://api.github.com/users/akoskuczi-bw/starred{/owner}{/repo}\",\"subscriptions_url\":\"https://api.github.com/users/akoskuczi-bw/subscriptions\"},\"labels\":[{\"id\":1700119912,\"url\":\"https://api.github.com/repos/apache/cloudstack/labels/component:kubernetes\",\"name\":\"component:kubernetes\",\"color\":\"0db7ed\",\"description\":\"\",\"default\":false,\"node_id\":\"MDU6TGFiZWwxNzAwMTE5OTEy\"},{\"id\":2051004353,\"url\":\"https://api.github.com/repos/apache/cloudstack/labels/distro:ubuntu\",\"name\":\"distro:ubuntu\",\"color\":\"E95420\",\"description\":\"\",\"default\":false,\"node_id\":\"MDU6TGFiZWwyMDUxMDA0MzUz\"}],\"comments\":4,\"created_at\":\"2026-06-22T23:47:23Z\",\"updated_at\":\"2026-07-23T10:51:29Z\",\"url\":\"https://api.github.com/repos/apache/cloudstack/issues/13471\",\"html_url\":\"https://github.com/apache/cloudstack/issues/13471\",\"comments_url\":\"https://api.github.com/repos/apache/cloudstack/issues/13471/comments\",\"events_url\":\"https://api.github.com/repos/apache/cloudstack/issues/13471/events\",\"labels_url\":\"https://api.github.com/repos/apache/cloudstack/issues/13471/labels{/name}\",\"repository_url\":\"https://api.github.com/repos/apache/cloudstack\",\"milestone\":{\"url\":\"https://api.github.com/repos/apache/cloudstack/milestones/46\",\"html_url\":\"https://github.com/apache/cloudstack/milestone/46\",\"labels_url\":\"https://api.github.com/repos/apache/cloudstack/milestones/46/labels\",\"id\":15514689,\"number\":46,\"state\":\"open\",\"title\":\"4.22.2\",\"description\":\"\",\"creator\":{\"login\":\"sureshanaparti\",\"id\":12028987,\"node_id\":\"MDQ6VXNlcjEyMDI4OTg3\",\"avatar_url\":\"https://avatars.githubusercontent.com/u/12028987?v=4\",\"html_url\":\"https://github.com/sureshanaparti\",\"gravatar_id\":\"\",\"type\":\"User\",\"site_admin\":false,\"url\":\"https://api.github.com/users/sureshanaparti\",\"events_url\":\"https://api.github.com/users/sureshanaparti/events{/privacy}\",\"following_url\":\"https://api.github.com/users/sureshanaparti/following{/other_user}\",\"followers_url\":\"https://api.github.com/users/sureshanaparti/followers\",\"gists_url\":\"https://api.github.com/users/sureshanaparti/gists{/gist_id}\",\"organizations_url\":\"https://api.github.com/users/sureshanaparti/orgs\",\"received_events_url\":\"https://api.github.com/users/sureshanaparti/received_events\",\"repos_url\":\"https://api.github.com/users/sureshanaparti/repos\",\"starred_url\":\"https://api.github.com/users/sureshanaparti/starred{/owner}{/repo}\",\"subscriptions_url\":\"https://api.github.com/users/sureshanaparti/subscriptions\"},\"open_issues\":252,\"closed_issues\":114,\"created_at\":\"2026-04-13T07:02:43Z\",\"updated_at\":\"2026-09-29T13:13:59Z\",\"node_id\":\"MI_kwDOAJTq2M4A7LxB\"},\"reactions\":{\"total_count\":2,\"+1\":2,\"-1\":0,\"laugh\":0,\"confused\":0,\"heart\":0,\"hooray\":0,\"rocket\":0,\"eyes\":0,\"url\":\"https://api.github.com/repos/apache/cloudstack/issues/13471/reactions\"},\"node_id\":\"I_kwDOAJTq2M8AAAABGWsZdg\",\"type\":{\"id\":93570,\"node_id\":\"IT_kwDNuP_OAAFtgg\",\"name\":\"Bug\",\"description\":\"An unexpected problem or behavior\",\"color\":\"red\",\"created_at\":\"2024-01-25T09:11:09Z\",\"updated_at\":\"2024-07-26T10:04:57Z\"}},{\"id\":2025868922,\"number\":8304,\"state\":\"open\",\"locked\":false,\"title\":\"Request to improve updateNetwork api \",\"body\":\"\\u003c!--\\r\\nVerify first that your issue/request is not already reported on GitHub.\\r\\nAlso test if the latest release and main branch are affected too.\\r\\nAlways add information AFTER of these HTML comments, but no need to delete the comments.\\r\\n--\\u003e\\r\\n\\r\\n##### ISSUE TYPE\\r\\n\\u003c!-- Pick one below and delete the rest --\\u003e\\r\\n * Improvement Request / Future request\\r\\n\\r\\n##### COMPONENT NAME\\r\\n\\u003c!--\\r\\nCategorize the issue, e.g. API, VR, VPN, UI, etc.\\r\\n--\\u003e\\r\\n~~~\\r\\nAPI\\r\\n~~~\\r\\n\\r\\n##### CLOUDSTACK VERSION\\r\\n\\u003c!--\\r\\nNew line separated list of affected versions, commit ID for issues on main branch.\\r\\n--\\u003e\\r\\n\\r\\n~~~\\r\\n4.18.1.0\\r\\n~~~\\r\\n\\r\\n##### CONFIGURATION\\r\\n\\u003c!--\\r\\nInformation about the configuration if relevant, e.g. basic network, advanced networking, etc.  N/A otherwise\\r\\n--\\u003e\\r\\n\\r\\nN/A\\r\\n##### OS / ENVIRONMENT\\r\\n\\u003c!--\\r\\nInformation about the environment if relevant, N/A otherwise\\r\\n--\\u003e\\r\\nN/A\\r\\n\\r\\n##### SUMMARY\\r\\n\\u003c!-- Explain the problem/feature briefly --\\u003e\\r\\n\\r\\nRequest to improve updateNetwork api to add/change ipv6 CIRD, ipv6 gate, ipv6 end ,start ip, router ipv6. \\r\\n\\r\\n##### STEPS TO REPRODUCE\\r\\n\\u003c!--\\r\\nFor bugs, show exactly how to reproduce the problem, using a minimal test-case. Use Screenshots if accurate.\\r\\n\\r\\nFor new features, show how the feature would be used.\\r\\n--\\u003e\\r\\nCreate ipv4 only guest network. Try to add ipv6 CIDR, gateway, start ip, end ip. \\r\\n\\u003c!-- Paste example playbooks or commands between quotes below --\\u003e\\r\\n~~~\\r\\n\\r\\n~~~\\r\\n\\r\\n\\u003c!-- You can also paste gist.github.com links for larger files --\\u003e\\r\\n\\r\\n##### EXPECTED RESULTS\\r\\n\\u003c!-- What did you expect to happen when running the steps above? --\\u003e\\r\\nPossibility to change the settings described above using the interface or api\\r\\n~~~\\r\\n\\r\\n~~~\\r\\n\\r\\n##### ACTUAL RESULTS\\r\\n\\u003c!-- What actually happened? --\\u003e\\r\\nYou won't be able to do this either through the interface or the api\\r\\n\\u003c!-- Paste verbatim command output between quotes below --\\u003e\\r\\n~~~\\r\\n\\r\\n~~~\\r\\n\",\"author_association\":\"NONE\",\"user\":{\"login\":\"0sorkon\",\"id\":3714094,\"node_id\":\"MDQ6VXNlcjM3MTQwOTQ=\",\"avatar_url\":\"https://avatars.githubusercontent.com/u/3714094?v=4\",\"html_url\":\"https://github.com/0sorkon\",\"gravatar_id\":\"\",\"type\":\"User\",\"site_admin\":false,\"url\":\"https://api.github.com/users/0sorkon\",\"events_url\":\"https://api.github.com/users/0sorkon/events{/privacy}\",\"following_url\":\"https://api.github.com/users/0sorkon/following{/other_user}\",\"followers_url\":\"https://api.github.com/users/0sorkon/followers\",\"gists_url\":\"https://api.github.com/users/0sorkon/gists{/gist_id}\",\"organizations_url\":\"https://api.github.com/users/0sorkon/orgs\",\"received_events_url\":\"https://api.github.com/users/0sorkon/received_events\",\"repos_url\":\"https://api.github.com/users/0sorkon/repos\",\"starred_url\":\"https://api.github.com/users/0sorkon/starred{/owner}{/repo}\",\"subscriptions_url\":\"https://api.github.com/users/0sorkon/subscriptions\"},\"labels\":[{\"id\":584073853,\"url\":\"https://api.github.com/repos/apache/cloudstack/labels/component:api\",\"name\":\"component:api\",\"color\":\"1DB401\",\"description\":\"\",\"default\":false,\"node_id\":\"MDU6TGFiZWw1ODQwNzM4NTM=\"},{\"id\":592559219,\"url\":\"https://api.github.com/repos/apache/cloudstack/labels/component:networking\",\"name\":\"component:networking\",\"color\":\"f9d0c4\",\"description\":\"\",\"default\":false,\"node_id\":\"MDU6TGFiZWw1OTI1NTkyMTk=\"},{\"id\":817420428,\"url\":\"https://api.github.com/repos/apache/cloudstack/labels/type:improvement\",\"name\":\"type:improvement\",\"color\":\"a5f9ff\",\"description\":\"\",\"default\":false,\"node_id\":\"MDU6TGFiZWw4MTc0MjA0Mjg=\"},{\"id\":4507982790,\"url\":\"https://api.github.com/repos/apache/cloudstack/labels/ipv6\",\"name\":\"ipv6\",\"color\":\"C744C9\",\"description\":\"\",\"default\":false,\"node_id\":\"LA_kwDOAJTq2M8AAAABDLJbxg\"}],\"comments\":0,\"created_at\":\"2023-12-05T10:34:13Z\",\"updated_at\":\"2026-06-29T08:12:58Z\",\"url\":\"https://api.github.com/repos/apache/cloudstack/issues/8304\",\"html_url\":\"https://github.com/apache/cloudstack/issues/8304\",\"comments_url\":\"https://api.github.com/repos/apache/cloudstack/issues/8304/comments\",\"events_url\":\"https://api.github.com/repos/apache/cloudstack/issues/8304/events\",\"labels_url\":\"https://api.github.com/repos/apache/cloudstack/issues/8304/labels{/name}\",\"repository_url\":\"https://api.github.com/repos/apache/cloudstack\",\"milestone\":{\"url\":\"https://api.github.com/repos/apache/cloudstack/milestones/47\",\"html_url\":\"https://github.com/apache/cloudstack/milestone/47\",\"labels_url\":\"https://api.github.com/repos/apache/cloudstack/milestones/47/labels\",\"id\":15843055,\"number\":47,\"state\":\"open\",\"title\":\"24.0\",\"description\":\"\",\"creator\":{\"login\":\"weizhouapache\",\"id\":57355700,\"node_id\":\"MDQ6VXNlcjU3MzU1NzAw\",\"avatar_url\":\"https://avatars.githubusercontent.com/u/57355700?v=4\",\"html_url\":\"https://github.com/weizhouapache\",\"gravatar_id\":\"\",\"type\":\"User\",\"site_admin\":false,\"url\":\"https://api.github.com/users/weizhouapache\",\"events_url\":\"https://api.github.com/users/weizhouapache/events{/privacy}\",\"following_url\":\"https://api.github.com/users/weizhouapache/following{/other_user}\",\"followers_url\":\"https://api.github.com/users/weizhouapache/followers\",\"gists_url\":\"https://api.github.com/users/weizhouapache/gists{/gist_id}\",\"organizations_url\":\"https://api.github.com/users/weizhouapache/orgs\",\"received_events_url\":\"https://api.github.com/users/weizhouapache/received_events\",\"repos_url\":\"https://api.github.com/users/weizhouapache/repos\",\"starred_url\":\"https://api.github.com/users/weizhouapache/starred{/owner}{/repo}\",\"subscriptions_url\":\"https://api.github.com/users/weizhouapache/subscriptions\"},\"open_issues\":272,\"closed_issues\":36,\"created_at\":\"2026-05-08T06:15:20Z\",\"updated_at\":\"2026-09-29T10:27:41Z\",\"node_id\":\"MI_kwDOAJTq2M4A8b7v\"},\"reactions\":{\"total_count\":0,\"+1\":0,\"-1\":0,\"laugh\":0,\"confused\":0,\"heart\":0,\"hooray\":0,\"rocket\":0,\"eyes\":0,\"url\":\"https://api.github.com/repos/apache/cloudstack/issues/8304/reactions\"},\"node_id\":\"I_kwDOAJTq2M54wE56\",\"type\":{\"id\":93574,\"node_id\":\"IT_kwDNuP_OAAFthg\",\"name\":\"Feature\",\"description\":\"A request, idea, or new functionality\",\"color\":\"blue\",\"created_at\":\"2024-01-25T09:11:09Z\",\"updated_at\":\"2024-10-08T08:30:20Z\"}},{\"id\":3449343635,\"number\":11710,\"state\":\"open\",\"locked\":false,\"title\":\"Redundant VPC VR goes dual PRIMARY (race condition?)\",\"body\":\"### problem\\n\\nWhen multiple network tiers are brought up in quick succession in a redundant VPC, I can consistently reproduce both VPCs going primary.\\n\\nThis is really bad because the VIP is then owned by both Virtual Routers and it means traffic is getting dropped like crazy, it makes the entire VPC unusable.  Restarting the VPC recovers it to a good state.\\n\\nPlease see the comments for debugging information, but in short it appears at least one of the nodes ends up getting munged address information which causes the wrong ips to be programmed on interfaces and the keepalived configs to diverge between nodes which causes the dual primary.  The underlying cause of the issue is this munged address information.\\n\\n### versions\\n\\n4.21.0\\n\\n### The steps to reproduce the bug\\n\\nUse Terraform to create the VPC, network tiers, and VM Instances.\\nTerraform configuration being used is here: https://github.com/bradh352/terraform-config\\n\\n\\n### What to do about it?\\n\\n_No response_\",\"author_association\":\"CONTRIBUTOR\",\"user\":{\"login\":\"bradh352\",\"id\":19732188,\"node_id\":\"MDQ6VXNlcjE5NzMyMTg4\",\"avatar_url\":\"https://avatars.githubusercontent.com/u/19732188?v=4\",\"html_url\":\"https://github.com/bradh352\",\"gravatar_id\":\"\",\"type\":\"User\",\"site_admin\":false,\"url\":\"https://api.github.com/users/bradh352\",\"events_url\":\"https://api.github.com/users/bradh352/events{/privacy}\",\"following_url\":\"https://api.github.com/users/bradh352/following{/other_user}\",\"followers_url\":\"https://api.github.com/users/bradh352/followers\",\"gists_url\":\"https://api.github.com/users/bradh352/gists{/gist_id}\",\"organizations_url\":\"https://api.github.com/users/bradh352/orgs\",\"received_events_url\":\"https://api.github.com/users/bradh352/received_events\",\"repos_url\":\"https://api.github.com/users/bradh352/repos\",\"starred_url\":\"https://api.github.com/users/bradh352/starred{/owner}{/repo}\",\"subscriptions_url\":\"https://api.github.com/users/bradh352/subscriptions\"},\"labels\":[{\"id\":584073391,\"url\":\"https://api.github.com/repos/apache/cloudstack/labels/component:virtual-router\",\"name\":\"component:virtual-router\",\"color\":\"ffaaeb\",\"description\":\"\",\"default\":false,\"node_id\":\"MDU6TGFiZWw1ODQwNzMzOTE=\"},{\"id\":2694797573,\"url\":\"https://api.github.com/repos/apache/cloudstack/labels/status:needs-investigation\",\"name\":\"status:needs-investigation\",\"color\":\"906C28\",\"description\":\"\",\"default\":false,\"node_id\":\"MDU6TGFiZWwyNjk0Nzk3NTcz\"}],\"comments\":23,\"created_at\":\"2025-09-24T13:00:55Z\",\"updated_at\":\"2026-09-10T19:50:35Z\",\"url\":\"https://api.github.com/repos/apache/cloudstack/issues/11710\",\"html_url\":\"https://github.com/apache/cloudstack/issues/11710\",\"comments_url\":\"https://api.github.com/repos/apache/cloudstack/issues/11710/comments\",\"events_url\":\"https://api.github.com/repos/apache/cloudstack/issues/11710/events\",\"labels_url\":\"https://api.github.com/repos/apache/cloudstack/issues/11710/labels{/name}\",\"repository_url\":\"https://api.github.com/repos/apache/cloudstack\",\"milestone\":{\"url\":\"https://api.github.com/repos/apache/cloudstack/milestones/46\",\"html_url\":\"https://github.com/apache/cloudstack/milestone/46\",\"labels_url\":\"https://api.github.com/repos/apache/cloudstack/milestones/46/labels\",\"id\":15514689,\"number\":46,\"state\":\"open\",\"title\":\"4.22.2\",\"description\":\"\",\"creator\":{\"login\":\"sureshanaparti\",\"id\":12028987,\"node_id\":\"MDQ6VXNlcjEyMDI4OTg3\",\"avatar_url\":\"https://avatars.githubusercontent.com/u/12028987?v=4\",\"html_url\":\"https://github.com/sureshanaparti\",\"gravatar_id\":\"\",\"type\":\"User\",\"site_admin\":false,\"url\":\"https://api.github.com/users/sureshanaparti\",\"events_url\":\"https://api.github.com/users/sureshanaparti/events{/privacy}\",\"following_url\":\"https://api.github.com/users/sureshanaparti/following{/other_user}\",\"followers_url\":\"https://api.github.com/users/sureshanaparti/followers\",\"gists_url\":\"https://api.github.com/users/sureshanaparti/gists{/gist_id}\",\"organizations_url\":\"https://api.github.com/users/sureshanaparti/orgs\",\"received_events_url\":\"https://api.github.com/users/sureshanaparti/received_events\",\"repos_url\":\"https://api.github.com/users/sureshanaparti/repos\",\"starred_url\":\"https://api.github.com/users/sureshanaparti/starred{/owner}{/repo}\",\"subscriptions_url\":\"https://api.github.com/users/sureshanaparti/subscriptions\"},\"open_issues\":252,\"closed_issues\":114,\"created_at\":\"2026-04-13T07:02:43Z\",\"updated_at\":\"2026-09-29T13:13:59Z\",\"node_id\":\"MI_kwDOAJTq2M4A7LxB\"},\"reactions\":{\"total_count\":1,\"+1\":1,\"-1\":0,\"laugh\":0,\"confused\":0,\"heart\":0,\"hooray\":0,\"rocket\":0,\"eyes\":0,\"url\":\"https://api.github.com/repos/apache/cloudstack/issues/11710/reactions\"},\"node_id\":\"I_kwDOAJTq2M7NmM6T\",\"type\":{\"id\":93570,\"node_id\":\"IT_kwDNuP_OAAFtgg\",\"name\":\"Bug\",\"description\":\"An unexpected problem or behavior\",\"color\":\"red\",\"created_at\":\"2024-01-25T09:11:09Z\",\"updated_at\":\"2024-07-26T10:04:57Z\"}},{\"id\":3588173816,\"number\":11983,\"state\":\"open\",\"locked\":false,\"title\":\"CS 4.20.1 Unable to run Management and secondary Storage on VXLAN - System AutoConfigures ON VLAN Untagged: the VXLAN Management and SecondaryStorage Forced to run on VLAN://untagged\",\"body\":\"### problem\\n\\nWe did some manual, routing corrections as a work around but want to know if this is a Bug.\\n!\\nI have the management on a vxlan, but when creating the Zone the system adds the IPs to a VLAN://untagged. that VLAN is for public.\\n!\\nThere is no way for me to move them to VXLAN the Management:\\n!\\n!\\n!\\nThe Management Interface was created during the Installation: But was loaded to a vlan://untagged - I do not have how as I specifically set for vxlan on cloudbr1\\n!\\n\\n\\u003cimg width=\\\"776\\\" height=\\\"388\\\" alt=\\\"Image\\\" src=\\\"https://github.com/user-attachments/assets/d297ee4d-6b14-4ddb-82c2-2fe4e1005a59\\\" /\\u003e\\n!\\n!\\n!\\nThe Zone Has VXLANs for Primary storage, Management, and Guest.\\n!\\n\\n\\u003cimg width=\\\"610\\\" height=\\\"412\\\" alt=\\\"Image\\\" src=\\\"https://github.com/user-attachments/assets/a2115ea3-f395-4076-a4fd-69d1f9eb970c\\\" /\\u003e\\n!\\n!\\n\\u003cimg width=\\\"786\\\" height=\\\"401\\\" alt=\\\"Image\\\" src=\\\"https://github.com/user-attachments/assets/6ea626b2-9106-4ae6-ad3d-f368b7a70ea6\\\" /\\u003e\\n!\\n!\\n!\\nAny Attemp to change the VLAN to VXLAN results on an error:\\n!\\n\\n\\u003cimg width=\\\"318\\\" height=\\\"94\\\" alt=\\\"Image\\\" src=\\\"https://github.com/user-attachments/assets/4adc2cab-aa97-4de4-b951-ff83360e7ef4\\\" /\\u003e\\n!\\n!\\n! Additionally The Secondary Storage is affected by this routing.\\n!\\n!\\nIs the Storage Traffic type solely for Primary storage ? I will like to have the secondary storage on a separate routed or L2/Vlan tagged\\nOur primary Storage is CEPH running on VXLAN and have no problems at all - Primary storage and Guest VXLAN are the only thing working as it should per the documentation.\\n!\\n!\\n\\n\\u003cimg width=\\\"612\\\" height=\\\"350\\\" alt=\\\"Image\\\" src=\\\"https://github.com/user-attachments/assets/7d4acb42-b211-4b83-8f8a-e7fbb016c0f9\\\" /\\u003e\\n\\n\\n\\n### versions\\n\\nCS 4.20.1\\nPRI STORAGE:   CEPH\\nSEC STORAGE: NFS EMC\\nVXLAN\\nForced VLAN for Public - but System auto-configures the Management on vlan://untagged which also uses Secondary Storage.\\n\\n### The steps to reproduce the bug\\n\\n1. Create a new Zone, all new systems.\\n2. put on vxlan management, secondary-storage and guest on cloudbr1\\n3. pod settings: Assign the IP range for management - there is nowhere to add a VXLAN ports for Management during the initial setup/configuration\\n4. System VM proxy have to be routed manually, same as Secondary storage.\\n\\n\\nNot possible to set secondary storage using routing without VRFs, as systemVM automatically try to push it over VLAN://untagged being forced to manually route over vlan://untagged...\\n\\nAs a workaround we route sec Storage and Management over vlan://untagged\\n\\n### What to do about it?\\n\\nThe management should use the vxlan://assigend, and secondary storage should be able to have its own route if needed.\\nThe UI configures the Storage for the primary Storage only.\\n\",\"author_association\":\"NONE\",\"user\":{\"login\":\"tatay188\",\"id\":10108973,\"node_id\":\"MDQ6VXNlcjEwMTA4OTcz\",\"avatar_url\":\"https://avatars.githubusercontent.com/u/10108973?v=4\",\"html_url\":\"https://github.com/tatay188\",\"gravatar_id\":\"\",\"type\":\"User\",\"site_admin\":false,\"url\":\"https://api.github.com/users/tatay188\",\"events_url\":\"https://api.github.com/users/tatay188/events{/privacy}\",\"following_url\":\"https://api.github.com/users/tatay188/following{/other_user}\",\"followers_url\":\"https://api.github.com/users/tatay188/followers\",\"gists_url\":\"https://api.github.com/users/tatay188/gists{/gist_id}\",\"organizations_url\":\"https://api.github.com/users/tatay188/orgs\",\"received_events_url\":\"https://api.github.com/users/tatay188/received_events\",\"repos_url\":\"https://api.github.com/users/tatay188/repos\",\"starred_url\":\"https://api.github.com/users/tatay188/starred{/owner}{/repo}\",\"subscriptions_url\":\"https://api.github.com/users/tatay188/subscriptions\"},\"labels\":[{\"id\":592559219,\"url\":\"https://api.github.com/repos/apache/cloudstack/labels/component:networking\",\"name\":\"component:networking\",\"color\":\"f9d0c4\",\"description\":\"\",\"default\":false,\"node_id\":\"MDU6TGFiZWw1OTI1NTkyMTk=\"},{\"id\":1134705229,\"url\":\"https://api.github.com/repos/apache/cloudstack/labels/component:vxlan\",\"name\":\"component:vxlan\",\"color\":\"99fcc4\",\"description\":\"VXLAN\",\"default\":false,\"node_id\":\"MDU6TGFiZWwxMTM0NzA1MjI5\"},{\"id\":1150675549,\"url\":\"https://api.github.com/repos/apache/cloudstack/labels/type:new-feature\",\"name\":\"type:new-feature\",\"color\":\"4471c4\",\"description\":\"\",\"default\":false,\"node_id\":\"MDU6TGFiZWwxMTUwNjc1NTQ5\"}],\"comments\":11,\"created_at\":\"2025-11-04T21:15:43Z\",\"updated_at\":\"2026-07-01T14:21:09Z\",\"url\":\"https://api.github.com/repos/apache/cloudstack/issues/11983\",\"html_url\":\"https://github.com/apache/cloudstack/issues/11983\",\"comments_url\":\"https://api.github.com/repos/apache/cloudstack/issues/11983/comments\",\"events_url\":\"https://api.github.com/repos/apache/cloudstack/issues/11983/events\",\"labels_url\":\"https://api.github.com/repos/apache/cloudstack/issues/11983/labels{/name}\",\"repository_url\":\"https://api.github.com/repos/apache/cloudstack\",\"milestone\":{\"url\":\"https://api.github.com/repos/apache/cloudstack/milestones/19\",\"html_url\":\"https://github.com/apache/cloudstack/milestone/19\",\"labels_url\":\"https://api.github.com/repos/apache/cloudstack/milestones/19/labels\",\"id\":6265435,\"number\":19,\"state\":\"open\",\"title\":\"unplanned\",\"creator\":{\"login\":\"DaanHoogland\",\"id\":2486961,\"node_id\":\"MDQ6VXNlcjI0ODY5NjE=\",\"avatar_url\":\"https://avatars.githubusercontent.com/u/2486961?v=4\",\"html_url\":\"https://github.com/DaanHoogland\",\"gravatar_id\":\"\",\"type\":\"User\",\"site_admin\":false,\"url\":\"https://api.github.com/users/DaanHoogland\",\"events_url\":\"https://api.github.com/users/DaanHoogland/events{/privacy}\",\"following_url\":\"https://api.github.com/users/DaanHoogland/following{/other_user}\",\"followers_url\":\"https://api.github.com/users/DaanHoogland/followers\",\"gists_url\":\"https://api.github.com/users/DaanHoogland/gists{/gist_id}\",\"organizations_url\":\"https://api.github.com/users/DaanHoogland/orgs\",\"received_events_url\":\"https://api.github.com/users/DaanHoogland/received_events\",\"repos_url\":\"https://api.github.com/users/DaanHoogland/repos\",\"starred_url\":\"https://api.github.com/users/DaanHoogland/starred{/owner}{/repo}\",\"subscriptions_url\":\"https://api.github.com/users/DaanHoogland/subscriptions\"},\"open_issues\":185,\"closed_issues\":1302,\"created_at\":\"2021-01-04T09:07:50Z\",\"updated_at\":\"2026-09-24T11:01:33Z\",\"node_id\":\"MDk6TWlsZXN0b25lNjI2NTQzNQ==\"},\"reactions\":{\"total_count\":0,\"+1\":0,\"-1\":0,\"laugh\":0,\"confused\":0,\"heart\":0,\"hooray\":0,\"rocket\":0,\"eyes\":0,\"url\":\"https://api.github.com/repos/apache/cloudstack/issues/11983/reactions\"},\"node_id\":\"I_kwDOAJTq2M7V3y_4\",\"type\":{\"id\":93574,\"node_id\":\"IT_kwDNuP_OAAFthg\",\"name\":\"Feature\",\"description\":\"A request, idea, or new functionality\",\"color\":\"blue\",\"created_at\":\"2024-01-25T09:11:09Z\",\"updated_at\":\"2024-10-08T08:30:20Z\"}},{\"id\":766468471,\"number\":4542,\"state\":\"open\",\"locked\":false,\"title\":\"Reserve IP address for out of bounds machines\",\"body\":\"\\u003c!--\\r\\nVerify first that your issue/request is not already reported on GitHub.\\r\\nAlso test if the latest release and master branch are affected too.\\r\\nAlways add information AFTER of these HTML comments, but no need to delete the comments.\\r\\n--\\u003e\\r\\nAbility to define IP address beside of choosing VMs in Static NAT, Port Forward and Load balancer services to provide those services to servers outside of CloudStack.\\r\\n##### ISSUE TYPE\\r\\n\\u003c!-- Pick one below and delete the rest --\\u003e\\r\\n * Feature Idea\\r\\n\\r\\n##### COMPONENT NAME\\r\\n\\u003c!--\\r\\nCategorize the issue, e.g. API, VR, VPN, UI, etc.\\r\\n--\\u003e\\r\\n~~~\\r\\nVR\\r\\n~~~\\r\\n\\r\\n##### CLOUDSTACK VERSION\\r\\n\\u003c!--\\r\\nNew line separated list of affected versions, commit ID for issues on master branch.\\r\\n--\\u003e\\r\\n\\r\\n~~~\\r\\nAll versions\\r\\n~~~\\r\\n\\r\\n##### CONFIGURATION\\r\\n\\u003c!--\\r\\nInformation about the configuration if relevant, e.g. basic network, advanced networking, etc.  N/A otherwise\\r\\n--\\u003e\\r\\nAdvanced networking\\r\\n\\r\\n##### OS / ENVIRONMENT\\r\\n\\u003c!--\\r\\nInformation about the environment if relevant, N/A otherwise\\r\\n--\\u003e\\r\\nN/A\\r\\n\\r\\n##### SUMMARY\\r\\n\\u003c!-- Explain the problem/feature briefly --\\u003e\\r\\n\\r\\nIn some network services we need to specify which VM should use it. For example Static NAT, Port Forward and Load balancer.\\r\\nIt would be a good idea if we can also specify IP address of a server which is not managed by CloudStack.\\r\\nThis feature helps us to use network services provided by virtual router for physical servers or even VMs outside of CloudStack management area but share a common L2 network with other VMs in CloudStack.\\r\\nThis feature also requires reserve IP address capability in all type of networks. We can expand the issue #4357 for private IPs in isolated networks too.\\r\\n\\r\\n##### STEPS TO REPRODUCE\\r\\n\\u003c!--\\r\\nFor bugs, show exactly how to reproduce the problem, using a minimal test-case. Use Screenshots if accurate.\\r\\n\\r\\nFor new features, show how the feature would be used.\\r\\n--\\u003e\\r\\n\\r\\n\\u003c!-- Paste example playbooks or commands between quotes below --\\u003e\\r\\n~~~\\r\\n\\r\\n1. Create an isolated network\\r\\n2. In Port forward section define a new rule\\r\\n3. In \\\"Add VM\\\" panel write IP address of the server outside of CloudStack\\r\\n\\r\\n~~~\\r\\n\\r\\n\\u003c!-- You can also paste gist.github.com links for larger files --\\u003e\\r\\n\\r\\n##### EXPECTED RESULTS\\r\\n\\u003c!-- What did you expect to happen when running the steps above? --\\u003e\\r\\n\\r\\n~~~\\r\\n\\r\\nAn iptables rule created in virtual router to forward desired port to the server IP\\r\\n\\r\\n~~~\\r\\n\\r\\n##### ACTUAL RESULTS\\r\\n\\u003c!-- What actually happened? --\\u003e\\r\\n\\r\\n\\u003c!-- Paste verbatim command output between quotes below --\\u003e\\r\\n~~~\\r\\n\\r\\nIt is not possible to mention IP address of the server outside of CloudStack\\r\\n\\r\\n~~~\\r\\n\",\"author_association\":\"CONTRIBUTOR\",\"user\":{\"login\":\"aleskxyz\",\"id\":39186039,\"node_id\":\"MDQ6VXNlcjM5MTg2MDM5\",\"avatar_url\":\"https://avatars.githubusercontent.com/u/39186039?v=4\",\"html_url\":\"https://github.com/aleskxyz\",\"gravatar_id\":\"\",\"type\":\"User\",\"site_admin\":false,\"url\":\"https://api.github.com/users/aleskxyz\",\"events_url\":\"https://api.github.com/users/aleskxyz/events{/privacy}\",\"following_url\":\"https://api.github.com/users/aleskxyz/following{/other_user}\",\"followers_url\":\"https://api.github.com/users/aleskxyz/followers\",\"gists_url\":\"https://api.github.com/users/aleskxyz/gists{/gist_id}\",\"organizations_url\":\"https://api.github.com/users/aleskxyz/orgs\",\"received_events_url\":\"https://api.github.com/users/aleskxyz/received_events\",\"repos_url\":\"https://api.github.com/users/aleskxyz/repos\",\"starred_url\":\"https://api.github.com/users/aleskxyz/starred{/owner}{/repo}\",\"subscriptions_url\":\"https://api.github.com/users/aleskxyz/subscriptions\"},\"labels\":[{\"id\":592559219,\"url\":\"https://api.github.com/repos/apache/cloudstack/labels/component:networking\",\"name\":\"component:networking\",\"color\":\"f9d0c4\",\"description\":\"\",\"default\":false,\"node_id\":\"MDU6TGFiZWw1OTI1NTkyMTk=\"},{\"id\":2249631279,\"url\":\"https://api.github.com/repos/apache/cloudstack/labels/type:experimental-feature\",\"name\":\"type:experimental-feature\",\"color\":\"c1fca4\",\"description\":\"\",\"default\":false,\"node_id\":\"MDU6TGFiZWwyMjQ5NjMxMjc5\"},{\"id\":2531618875,\"url\":\"https://api.github.com/repos/apache/cloudstack/labels/complexity:simple\",\"name\":\"complexity:simple\",\"color\":\"000088\",\"description\":\"a few days to a couple of weeks\",\"default\":false,\"node_id\":\"MDU6TGFiZWwyNTMxNjE4ODc1\"},{\"id\":9851088157,\"url\":\"https://api.github.com/repos/apache/cloudstack/labels/long-term-plan\",\"name\":\"long-term-plan\",\"color\":\"aaaaaa\",\"description\":\"remove this label if you plan to pick up this issue.\",\"default\":false,\"node_id\":\"LA_kwDOAJTq2M8AAAACSyutHQ\"}],\"comments\":26,\"created_at\":\"2020-12-14T13:58:37Z\",\"updated_at\":\"2026-08-25T06:46:30Z\",\"url\":\"https://api.github.com/repos/apache/cloudstack/issues/4542\",\"html_url\":\"https://github.com/apache/cloudstack/issues/4542\",\"comments_url\":\"https://api.github.com/repos/apache/cloudstack/issues/4542/comments\",\"events_url\":\"https://api.github.com/repos/apache/cloudstack/issues/4542/events\",\"labels_url\":\"https://api.github.com/repos/apache/cloudstack/issues/4542/labels{/name}\",\"repository_url\":\"https://api.github.com/repos/apache/cloudstack\",\"parent_issue_url\":\"https://api.github.com/repos/apache/cloudstack/issues/9958\",\"milestone\":{\"url\":\"https://api.github.com/repos/apache/cloudstack/milestones/19\",\"html_url\":\"https://github.com/apache/cloudstack/milestone/19\",\"labels_url\":\"https://api.github.com/repos/apache/cloudstack/milestones/19/labels\",\"id\":6265435,\"number\":19,\"state\":\"open\",\"title\":\"unplanned\",\"creator\":{\"login\":\"DaanHoogland\",\"id\":2486961,\"node_id\":\"MDQ6VXNlcjI0ODY5NjE=\",\"avatar_url\":\"https://avatars.githubusercontent.com/u/2486961?v=4\",\"html_url\":\"https://github.com/DaanHoogland\",\"gravatar_id\":\"\",\"type\":\"User\",\"site_admin\":false,\"url\":\"https://api.github.com/users/DaanHoogland\",\"events_url\":\"https://api.github.com/users/DaanHoogland/events{/privacy}\",\"following_url\":\"https://api.github.com/users/DaanHoogland/following{/other_user}\",\"followers_url\":\"https://api.github.com/users/DaanHoogland/followers\",\"gists_url\":\"https://api.github.com/users/DaanHoogland/gists{/gist_id}\",\"organizations_url\":\"https://api.github.com/users/DaanHoogland/orgs\",\"received_events_url\":\"https://api.github.com/users/DaanHoogland/received_events\",\"repos_url\":\"https://api.github.com/users/DaanHoogland/repos\",\"starred_url\":\"https://api.github.com/users/DaanHoogland/starred{/owner}{/repo}\",\"subscriptions_url\":\"https://api.github.com/users/DaanHoogland/subscriptions\"},\"open_issues\":185,\"closed_issues\":1302,\"created_at\":\"2021-01-04T09:07:50Z\",\"updated_at\":\"2026-09-24T11:01:33Z\",\"node_id\":\"MDk6TWlsZXN0b25lNjI2NTQzNQ==\"},\"reactions\":{\"total_count\":1,\"+1\":1,\"-1\":0,\"laugh\":0,\"confused\":0,\"heart\":0,\"hooray\":0,\"rocket\":0,\"eyes\":0,\"url\":\"https://api.github.com/repos/apache/cloudstack/issues/4542/reactions\"},\"node_id\":\"MDU6SXNzdWU3NjY0Njg0NzE=\",\"type\":{\"id\":93574,\"node_id\":\"IT_kwDNuP_OAAFthg\",\"name\":\"Feature\",\"description\":\"A request, idea, or new functionality\",\"color\":\"blue\",\"created_at\":\"2024-01-25T09:11:09Z\",\"updated_at\":\"2024-10-08T08:30:20Z\"}},{\"id\":1681234383,\"number\":7458,\"state\":\"open\",\"locked\":false,\"title\":\"ACS doesn't let me create isolated networks with ranges which are not RFC1918\",\"body\":\"\\u003c!--\\r\\nVerify first that your issue/request is not already reported on GitHub.\\r\\nAlso test if the latest release and main branch are affected too.\\r\\nAlways add information AFTER of these HTML comments, but no need to delete the comments.\\r\\n--\\u003e\\r\\n\\r\\n##### ISSUE TYPE\\r\\n\\u003c!-- Pick one below and delete the rest --\\u003e\\r\\n * Bug Report\\r\\n\\r\\n\\r\\n##### COMPONENT NAME\\r\\n\\u003c!--\\r\\nCategorize the issue, e.g. API, VR, VPN, UI, etc.\\r\\n--\\u003e\\r\\n~~~\\r\\nAPI, UI, logic\\r\\n~~~\\r\\n\\r\\n##### CLOUDSTACK VERSION\\r\\n\\u003c!--\\r\\nNew line separated list of affected versions, commit ID for issues on main branch.\\r\\n--\\u003e\\r\\n\\r\\n~~~\\r\\n4.18\\r\\n~~~\\r\\n\\r\\n##### CONFIGURATION\\r\\n\\u003c!--\\r\\nInformation about the configuration if relevant, e.g. basic network, advanced networking, etc.  N/A otherwise\\r\\n--\\u003e\\r\\nN/A\\r\\n\\r\\n##### OS / ENVIRONMENT\\r\\n\\u003c!--\\r\\nInformation about the environment if relevant, N/A otherwise\\r\\n--\\u003e\\r\\nKVM with Tungsten Fabric\\r\\n\\r\\n##### SUMMARY\\r\\n\\u003c!-- Explain the problem/feature briefly --\\u003e\\r\\nI want to create an isolated network with Public IPs which will be then routed with a Tungsten Logical Router.\\r\\n\\r\\n##### STEPS TO REPRODUCE\\r\\n\\u003c!--\\r\\nFor bugs, show exactly how to reproduce the problem, using a minimal test-case. Use Screenshots if accurate.\\r\\n\\r\\nFor new features, show how the feature would be used.\\r\\n--\\u003e\\r\\n\\r\\n\\u003c!-- Paste example playbooks or commands between quotes below --\\u003e\\r\\n~~~\\r\\n-\\u003e Add Network, Isolated. In Gateway place a non-RFC1918 range.\\r\\n~~~\\r\\n\\r\\n\\u003c!-- You can also paste gist.github.com links for larger files --\\u003e\\r\\n\\r\\n##### EXPECTED RESULTS\\r\\n\\u003c!-- What did you expect to happen when running the steps above? --\\u003e\\r\\n\\r\\n~~~\\r\\nFor the network to be created with that range\\r\\n~~~\\r\\n\\r\\n##### ACTUAL RESULTS\\r\\n\\u003c!-- What actually happened? --\\u003e\\r\\n\\r\\n\\u003c!-- Paste verbatim command output between quotes below --\\u003e\\r\\n~~~\\r\\n\\\"Virtual Guest Cidr 33.65.45.0/24 is not RFC 1918 or 6598 compliant\\\"\\r\\n~~~\\r\\n\",\"author_association\":\"CONTRIBUTOR\",\"user\":{\"login\":\"alexandremattioli\",\"id\":60507727,\"node_id\":\"MDQ6VXNlcjYwNTA3NzI3\",\"avatar_url\":\"https://avatars.githubusercontent.com/u/60507727?v=4\",\"html_url\":\"https://github.com/alexandremattioli\",\"gravatar_id\":\"\",\"type\":\"User\",\"site_admin\":false,\"url\":\"https://api.github.com/users/alexandremattioli\",\"events_url\":\"https://api.github.com/users/alexandremattioli/events{/privacy}\",\"following_url\":\"https://api.github.com/users/alexandremattioli/following{/other_user}\",\"followers_url\":\"https://api.github.com/users/alexandremattioli/followers\",\"gists_url\":\"https://api.github.com/users/alexandremattioli/gists{/gist_id}\",\"organizations_url\":\"https://api.github.com/users/alexandremattioli/orgs\",\"received_events_url\":\"https://api.github.com/users/alexandremattioli/received_events\",\"repos_url\":\"https://api.github.com/users/alexandremattioli/repos\",\"starred_url\":\"https://api.github.com/users/alexandremattioli/starred{/owner}{/repo}\",\"subscriptions_url\":\"https://api.github.com/users/alexandremattioli/subscriptions\"},\"labels\":[{\"id\":5426531036,\"url\":\"https://api.github.com/repos/apache/cloudstack/labels/component:tungsten-fabric\",\"name\":\"component:tungsten-fabric\",\"color\":\"F313C4\",\"description\":\"\",\"default\":false,\"node_id\":\"LA_kwDOAJTq2M8AAAABQ3JK3A\"},{\"id\":6890295339,\"url\":\"https://api.github.com/repos/apache/cloudstack/labels/status:stale\",\"name\":\"status:stale\",\"color\":\"E43179\",\"description\":\"\",\"default\":false,\"node_id\":\"LA_kwDOAJTq2M8AAAABmrGQKw\"},{\"id\":9849008471,\"url\":\"https://api.github.com/repos/apache/cloudstack/labels/no-issue-activity\",\"name\":\"no-issue-activity\",\"color\":\"ededed\",\"default\":false,\"node_id\":\"LA_kwDOAJTq2M8AAAACSwvxVw\"}],\"comments\":2,\"created_at\":\"2023-04-24T13:04:04Z\",\"updated_at\":\"2026-06-06T02:17:37Z\",\"url\":\"https://api.github.com/repos/apache/cloudstack/issues/7458\",\"html_url\":\"https://github.com/apache/cloudstack/issues/7458\",\"comments_url\":\"https://api.github.com/repos/apache/cloudstack/issues/7458/comments\",\"events_url\":\"https://api.github.com/repos/apache/cloudstack/issues/7458/events\",\"labels_url\":\"https://api.github.com/repos/apache/cloudstack/issues/7458/labels{/name}\",\"repository_url\":\"https://api.github.com/repos/apache/cloudstack\",\"milestone\":{\"url\":\"https://api.github.com/repos/apache/cloudstack/milestones/19\",\"html_url\":\"https://github.com/apache/cloudstack/milestone/19\",\"labels_url\":\"https://api.github.com/repos/apache/cloudstack/milestones/19/labels\",\"id\":6265435,\"number\":19,\"state\":\"open\",\"title\":\"unplanned\",\"creator\":{\"login\":\"DaanHoogland\",\"id\":2486961,\"node_id\":\"MDQ6VXNlcjI0ODY5NjE=\",\"avatar_url\":\"https://avatars.githubusercontent.com/u/2486961?v=4\",\"html_url\":\"https://github.com/DaanHoogland\",\"gravatar_id\":\"\",\"type\":\"User\",\"site_admin\":false,\"url\":\"https://api.github.com/users/DaanHoogland\",\"events_url\":\"https://api.github.com/users/DaanHoogland/events{/privacy}\",\"following_url\":\"https://api.github.com/users/DaanHoogland/following{/other_user}\",\"followers_url\":\"https://api.github.com/users/DaanHoogland/followers\",\"gists_url\":\"https://api.github.com/users/DaanHoogland/gists{/gist_id}\",\"organizations_url\":\"https://api.github.com/users/DaanHoogland/orgs\",\"received_events_url\":\"https://api.github.com/users/DaanHoogland/received_events\",\"repos_url\":\"https://api.github.com/users/DaanHoogland/repos\",\"starred_url\":\"https://api.github.com/users/DaanHoogland/starred{/owner}{/repo}\",\"subscriptions_url\":\"https://api.github.com/users/DaanHoogland/subscriptions\"},\"open_issues\":185,\"closed_issues\":1302,\"created_at\":\"2021-01-04T09:07:50Z\",\"updated_at\":\"2026-09-24T11:01:33Z\",\"node_id\":\"MDk6TWlsZXN0b25lNjI2NTQzNQ==\"},\"reactions\":{\"total_count\":0,\"+1\":0,\"-1\":0,\"laugh\":0,\"confused\":0,\"heart\":0,\"hooray\":0,\"rocket\":0,\"eyes\":0,\"url\":\"https://api.github.com/repos/apache/cloudstack/issues/7458/reactions\"},\"node_id\":\"I_kwDOAJTq2M5kNZnP\"},{\"id\":1431841155,\"number\":6861,\"state\":\"open\",\"locked\":false,\"title\":\"VM Password reset - Unable to set Password Complexity requirement for Special Characters\",\"body\":\"\\u003c!--\\r\\nVerify first that your issue/request is not already reported on GitHub.\\r\\nAlso test if the latest release and main branch are affected too.\\r\\nAlways add information AFTER of these HTML comments, but no need to delete the comments.\\r\\n--\\u003e\\r\\n\\r\\n##### ISSUE TYPE\\r\\n\\u003c!-- Pick one below and delete the rest --\\u003e\\r\\n * Bug Report\\r\\n\\r\\n##### COMPONENT NAME\\r\\n\\u003c!--\\r\\nCategorize the issue, e.g. API, VR, VPN, UI, etc.\\r\\n--\\u003e\\r\\n~~~\\r\\nUI\\r\\n~~~\\r\\n\\r\\n##### CLOUDSTACK VERSION\\r\\n\\u003c!--\\r\\nNew line separated list of affected versions, commit ID for issues on main branch.\\r\\n--\\u003e\\r\\n\\r\\n~~~\\r\\n4.17.0\\r\\n~~~\\r\\n\\r\\n##### CONFIGURATION\\r\\n\\u003c!--\\r\\nInformation about the configuration if relevant, e.g. basic network, advanced networking, etc.  N/A otherwise\\r\\n--\\u003e\\r\\n\\r\\nN/A\\r\\n\\r\\n##### OS / ENVIRONMENT\\r\\n\\u003c!--\\r\\nInformation about the environment if relevant, N/A otherwise\\r\\n--\\u003e\\r\\n\\r\\n\\r\\n##### SUMMARY\\r\\n\\u003c!-- Explain the problem/feature briefly --\\u003e\\r\\n\\r\\nUnable to Set Password Complexity requirement to include special characters \\r\\n\\r\\n##### STEPS TO REPRODUCE\\r\\n\\u003c!--\\r\\nFor bugs, show exactly how to reproduce the problem, using a minimal test-case. Use Screenshots if accurate.\\r\\n\\r\\nFor new features, show how the feature would be used.\\r\\n--\\u003e\\r\\n\\r\\nOur organization wants to enforce password requirements upon password resets on the VM. The default password requirement is 6 characters. I have updated that to 14 characters using vm.password.length\\r\\n\\r\\nHowever, there is no provision to enforce inclusion of select special characters (like !@#%^\\u0026*()-) -- exclude the $\\r\\n\\r\\nIs there some way to achieve this? \\r\\n\\r\\n\\u003c!-- Paste example playbooks or commands between quotes below --\\u003e\\r\\n~~~\\r\\n\\r\\n~~~\\r\\n\\r\\n\\u003c!-- You can also paste gist.github.com links for larger files --\\u003e\\r\\n\\r\\n##### EXPECTED RESULTS\\r\\n\\u003c!-- What did you expect to happen when running the steps above? --\\u003e\\r\\n\\r\\n~~~\\r\\nOur organization wants to enforce password requirements upon password resets on the VM. The default password requirement is 6 characters. I have updated that to 14 characters using vm.password.length\\r\\n\\r\\nHowever, there is no provision to enforce inclusion of select special characters (like !@#%^\\u0026*()-) -- exclude the $\\r\\n\\r\\nIs there some way to achieve this? \\r\\n~~~\\r\\n\\r\\n##### ACTUAL RESULTS\\r\\n\\u003c!-- What actually happened? --\\u003e\\r\\n\\r\\n\\u003c!-- Paste verbatim command output between quotes below --\\u003e\\r\\n~~~\\r\\nPassword reset only includes numbers, upper and lower case\\r\\n\\r\\n~~~\\r\\n\",\"author_association\":\"NONE\",\"user\":{\"login\":\"nxsbi\",\"id\":71042351,\"node_id\":\"MDQ6VXNlcjcxMDQyMzUx\",\"avatar_url\":\"https://avatars.githubusercontent.com/u/71042351?v=4\",\"html_url\":\"https://github.com/nxsbi\",\"gravatar_id\":\"\",\"type\":\"User\",\"site_admin\":false,\"url\":\"https://api.github.com/users/nxsbi\",\"events_url\":\"https://api.github.com/users/nxsbi/events{/privacy}\",\"following_url\":\"https://api.github.com/users/nxsbi/following{/other_user}\",\"followers_url\":\"https://api.github.com/users/nxsbi/followers\",\"gists_url\":\"https://api.github.com/users/nxsbi/gists{/gist_id}\",\"organizations_url\":\"https://api.github.com/users/nxsbi/orgs\",\"received_events_url\":\"https://api.github.com/users/nxsbi/received_events\",\"repos_url\":\"https://api.github.com/users/nxsbi/repos\",\"starred_url\":\"https://api.github.com/users/nxsbi/starred{/owner}{/repo}\",\"subscriptions_url\":\"https://api.github.com/users/nxsbi/subscriptions\"},\"labels\":[{\"id\":1150675549,\"url\":\"https://api.github.com/repos/apache/cloudstack/labels/type:new-feature\",\"name\":\"type:new-feature\",\"color\":\"4471c4\",\"description\":\"\",\"default\":false,\"node_id\":\"MDU6TGFiZWwxMTUwNjc1NTQ5\"},{\"id\":6890295339,\"url\":\"https://api.github.com/repos/apache/cloudstack/labels/status:stale\",\"name\":\"status:stale\",\"color\":\"E43179\",\"description\":\"\",\"default\":false,\"node_id\":\"LA_kwDOAJTq2M8AAAABmrGQKw\"},{\"id\":9849008471,\"url\":\"https://api.github.com/repos/apache/cloudstack/labels/no-issue-activity\",\"name\":\"no-issue-activity\",\"color\":\"ededed\",\"default\":false,\"node_id\":\"LA_kwDOAJTq2M8AAAACSwvxVw\"}],\"comments\":26,\"created_at\":\"2022-11-01T17:57:01Z\",\"updated_at\":\"2026-05-27T02:18:38Z\",\"url\":\"https://api.github.com/repos/apache/cloudstack/issues/6861\",\"html_url\":\"https://github.com/apache/cloudstack/issues/6861\",\"comments_url\":\"https://api.github.com/repos/apache/cloudstack/issues/6861/comments\",\"events_url\":\"https://api.github.com/repos/apache/cloudstack/issues/6861/events\",\"labels_url\":\"https://api.github.com/repos/apache/cloudstack/issues/6861/labels{/name}\",\"repository_url\":\"https://api.github.com/repos/apache/cloudstack\",\"milestone\":{\"url\":\"https://api.github.com/repos/apache/cloudstack/milestones/19\",\"html_url\":\"https://github.com/apache/cloudstack/milestone/19\",\"labels_url\":\"https://api.github.com/repos/apache/cloudstack/milestones/19/labels\",\"id\":6265435,\"number\":19,\"state\":\"open\",\"title\":\"unplanned\",\"creator\":{\"login\":\"DaanHoogland\",\"id\":2486961,\"node_id\":\"MDQ6VXNlcjI0ODY5NjE=\",\"avatar_url\":\"https://avatars.githubusercontent.com/u/2486961?v=4\",\"html_url\":\"https://github.com/DaanHoogland\",\"gravatar_id\":\"\",\"type\":\"User\",\"site_admin\":false,\"url\":\"https://api.github.com/users/DaanHoogland\",\"events_url\":\"https://api.github.com/users/DaanHoogland/events{/privacy}\",\"following_url\":\"https://api.github.com/users/DaanHoogland/following{/other_user}\",\"followers_url\":\"https://api.github.com/users/DaanHoogland/followers\",\"gists_url\":\"https://api.github.com/users/DaanHoogland/gists{/gist_id}\",\"organizations_url\":\"https://api.github.com/users/DaanHoogland/orgs\",\"received_events_url\":\"https://api.github.com/users/DaanHoogland/received_events\",\"repos_url\":\"https://api.github.com/users/DaanHoogland/repos\",\"starred_url\":\"https://api.github.com/users/DaanHoogland/starred{/owner}{/repo}\",\"subscriptions_url\":\"https://api.github.com/users/DaanHoogland/subscriptions\"},\"open_issues\":185,\"closed_issues\":1302,\"created_at\":\"2021-01-04T09:07:50Z\",\"updated_at\":\"2026-09-24T11:01:33Z\",\"node_id\":\"MDk6TWlsZXN0b25lNjI2NTQzNQ==\"},\"reactions\":{\"total_count\":0,\"+1\":0,\"-1\":0,\"laugh\":0,\"confused\":0,\"heart\":0,\"hooray\":0,\"rocket\":0,\"eyes\":0,\"url\":\"https://api.github.com/repos/apache/cloudstack/issues/6861/reactions\"},\"node_id\":\"I_kwDOAJTq2M5VWCmD\"},{\"id\":2531348246,\"number\":9693,\"state\":\"open\",\"locked\":false,\"title\":\"No. of CPU Cores in Compute Cluster doesnt display correctly when Cluster has oversubscription more than 1\",\"body\":\"\\u003c!--\\r\\nVerify first that your issue/request is not already reported on GitHub.\\r\\nAlso test if the latest release and main branch are affected too.\\r\\nAlways add information AFTER of these HTML comments, but no need to delete the comments.\\r\\n--\\u003e\\r\\n\\r\\n##### ISSUE TYPE\\r\\n\\u003c!-- Pick one below and delete the rest --\\u003e\\r\\n * Bug Report\\r\\n\\r\\n##### COMPONENT NAME\\r\\n\\u003c!--\\r\\nCategorize the issue, e.g. API, VR, VPN, UI, etc.\\r\\n--\\u003e\\r\\n~~~\\r\\nCompute Cluster UI\\r\\n~~~\\r\\n\\r\\n##### CLOUDSTACK VERSION\\r\\n\\u003c!--\\r\\nNew line separated list of affected versions, commit ID for issues on main branch.\\r\\n--\\u003e\\r\\n\\r\\n~~~\\r\\n4.19.1.1\\r\\n~~~\\r\\n\\r\\n##### CONFIGURATION\\r\\n\\u003c!--\\r\\nInformation about the configuration if relevant, e.g. basic network, advanced networking, etc.  N/A otherwise\\r\\n--\\u003e\\r\\n\\r\\n\\r\\n##### OS / ENVIRONMENT\\r\\n\\u003c!--\\r\\nInformation about the environment if relevant, N/A otherwise\\r\\n--\\u003e\\r\\n\\r\\n\\r\\n##### SUMMARY\\r\\n\\u003c!-- Explain the problem/feature briefly --\\u003e\\r\\n\\r\\nWe have 2 Compute Clusters:\\r\\n\\r\\n- Cluster 1 : Oversubcription = 1\\r\\n- Cluster 2 : Oversubcription = 2\\r\\n\\r\\nRefering to the screenshot below, Cluster 1 is showing the correct No. of CPU Cores allocated. \\r\\n\\r\\nBut for Cluster 2, it seems inaccurate. The number of allocation exceeded whats available. Resulting in a UI error. \\r\\n\\r\\n![Screenshot 2024-09-17 at 10 23 55 PM](https://github.com/user-attachments/assets/36c46ff6-7d2a-4641-80e5-48e28e040ad0)\\r\\n\\r\\n![Screenshot 2024-09-17 at 10 24 05 PM](https://github.com/user-attachments/assets/68972682-4bf4-41d4-8d4e-d61b82132c35)\\r\\n\\r\\nBut the bigger problem now, is that both clusters have exceeded the allocation threshold, but there was no notification sent. And neither did cloudstack stop users from creating new virtual machines from the clusters.\\r\\n\\r\\nWithout this, Admins would not be able to ensure n+1 sufficient capacity in the event of a node failure. \\r\\n\\r\\n![Screenshot 2024-09-17 at 10 34 14 PM](https://github.com/user-attachments/assets/550f0ab7-dc3b-4fbf-b757-75153761b17c)\\r\\n\\r\\nIn summary, there are 3 Issues:\\r\\n\\r\\n- No. Of Allocated CPU Cores should display the full available amount, after oversubscription\\r\\n- Admin should get Notification if exceeded the global setting threshold (cluster.cpu.allocated.capacity.notificationthreshold)\\r\\n- User should not be able to create resources into the cluster after exceeding global setting threshold (cluster.cpu.allocated.capacity.disablethreshold)\\r\\n\\r\\n##### STEPS TO REPRODUCE\\r\\n\\u003c!--\\r\\nFor bugs, show exactly how to reproduce the problem, using a minimal test-case. Use Screenshots if accurate.\\r\\n\\r\\nFor new features, show how the feature would be used.\\r\\n--\\u003e\\r\\n\\r\\n\\u003c!-- Paste example playbooks or commands between quotes below --\\u003e\\r\\n~~~\\r\\n\\r\\n~~~\\r\\n\\r\\n\\u003c!-- You can also paste gist.github.com links for larger files --\\u003e\\r\\n\\r\\n##### EXPECTED RESULTS\\r\\n\\u003c!-- What did you expect to happen when running the steps above? --\\u003e\\r\\n\\r\\n~~~\\r\\n- No. Of Allocated CPU Cores should display the full available amount, after oversubscription\\r\\n- Admin should get Notification if exceeded the global setting threshold (cluster.cpu.allocated.capacity.notificationthreshold)\\r\\n- User should not be able to create resources into the cluster after exceeding global setting threshold (cluster.cpu.allocated.capacity.disablethreshold)\\r\\n~~~\\r\\n\\r\\n##### ACTUAL RESULTS\\r\\n\\u003c!-- What actually happened? --\\u003e\\r\\n\\r\\n\\u003c!-- Paste verbatim command output between quotes below --\\u003e\\r\\n~~~\\r\\n- No. Of Allocated CPU Cores should not displaying total available cores correctly, after oversubscription.\\r\\n- Admin did not get Notification if exceeded the global setting threshold (cluster.cpu.allocated.capacity.notificationthreshold)\\r\\n- User is able to create resources into the cluster after exceeding global setting threshold (cluster.cpu.allocated.capacity.disablethreshold)\\r\\n~~~\\r\\n\",\"author_association\":\"NONE\",\"user\":{\"login\":\"btzq\",\"id\":147712084,\"node_id\":\"U_kgDOCM3oVA\",\"avatar_url\":\"https://avatars.githubusercontent.com/u/147712084?v=4\",\"html_url\":\"https://github.com/btzq\",\"gravatar_id\":\"\",\"type\":\"User\",\"site_admin\":false,\"url\":\"https://api.github.com/users/btzq\",\"events_url\":\"https://api.github.com/users/btzq/events{/privacy}\",\"following_url\":\"https://api.github.com/users/btzq/following{/other_user}\",\"followers_url\":\"https://api.github.com/users/btzq/followers\",\"gists_url\":\"https://api.github.com/users/btzq/gists{/gist_id}\",\"organizations_url\":\"https://api.github.com/users/btzq/orgs\",\"received_events_url\":\"https://api.github.com/users/btzq/received_events\",\"repos_url\":\"https://api.github.com/users/btzq/repos\",\"starred_url\":\"https://api.github.com/users/btzq/starred{/owner}{/repo}\",\"subscriptions_url\":\"https://api.github.com/users/btzq/subscriptions\"},\"labels\":[{\"id\":2630836378,\"url\":\"https://api.github.com/repos/apache/cloudstack/labels/status:needs-functional-definition\",\"name\":\"status:needs-functional-definition\",\"color\":\"951862\",\"description\":\"\",\"default\":false,\"node_id\":\"MDU6TGFiZWwyNjMwODM2Mzc4\"}],\"comments\":12,\"created_at\":\"2024-09-17T14:38:58Z\",\"updated_at\":\"2026-09-07T01:45:36Z\",\"url\":\"https://api.github.com/repos/apache/cloudstack/issues/9693\",\"html_url\":\"https://github.com/apache/cloudstack/issues/9693\",\"comments_url\":\"https://api.github.com/repos/apache/cloudstack/issues/9693/comments\",\"events_url\":\"https://api.github.com/repos/apache/cloudstack/issues/9693/events\",\"labels_url\":\"https://api.github.com/repos/apache/cloudstack/issues/9693/labels{/name}\",\"repository_url\":\"https://api.github.com/repos/apache/cloudstack\",\"milestone\":{\"url\":\"https://api.github.com/repos/apache/cloudstack/milestones/19\",\"html_url\":\"https://github.com/apache/cloudstack/milestone/19\",\"labels_url\":\"https://api.github.com/repos/apache/cloudstack/milestones/19/labels\",\"id\":6265435,\"number\":19,\"state\":\"open\",\"title\":\"unplanned\",\"creator\":{\"login\":\"DaanHoogland\",\"id\":2486961,\"node_id\":\"MDQ6VXNlcjI0ODY5NjE=\",\"avatar_url\":\"https://avatars.githubusercontent.com/u/2486961?v=4\",\"html_url\":\"https://github.com/DaanHoogland\",\"gravatar_id\":\"\",\"type\":\"User\",\"site_admin\":false,\"url\":\"https://api.github.com/users/DaanHoogland\",\"events_url\":\"https://api.github.com/users/DaanHoogland/events{/privacy}\",\"following_url\":\"https://api.github.com/users/DaanHoogland/following{/other_user}\",\"followers_url\":\"https://api.github.com/users/DaanHoogland/followers\",\"gists_url\":\"https://api.github.com/users/DaanHoogland/gists{/gist_id}\",\"organizations_url\":\"https://api.github.com/users/DaanHoogland/orgs\",\"received_events_url\":\"https://api.github.com/users/DaanHoogland/received_events\",\"repos_url\":\"https://api.github.com/users/DaanHoogland/repos\",\"starred_url\":\"https://api.github.com/users/DaanHoogland/starred{/owner}{/repo}\",\"subscriptions_url\":\"https://api.github.com/users/DaanHoogland/subscriptions\"},\"open_issues\":185,\"closed_issues\":1302,\"created_at\":\"2021-01-04T09:07:50Z\",\"updated_at\":\"2026-09-24T11:01:33Z\",\"node_id\":\"MDk6TWlsZXN0b25lNjI2NTQzNQ==\"},\"reactions\":{\"total_count\":0,\"+1\":0,\"-1\":0,\"laugh\":0,\"confused\":0,\"heart\":0,\"hooray\":0,\"rocket\":0,\"eyes\":0,\"url\":\"https://api.github.com/repos/apache/cloudstack/issues/9693/reactions\"},\"node_id\":\"I_kwDOAJTq2M6W4U8W\"},{\"id\":1565844175,\"number\":7155,\"state\":\"open\",\"locked\":false,\"title\":\"tests should only run when applicable for adv-sg zone in such env\",\"body\":\"\\u003c!--\\r\\nVerify first that your issue/request is not already reported on GitHub.\\r\\nAlso test if the latest release and main branch are affected too.\\r\\nAlways add information AFTER of these HTML comments, but no need to delete the comments.\\r\\n--\\u003e\\r\\n\\r\\n##### ISSUE TYPE\\r\\n\\u003c!-- Pick one below and delete the rest --\\u003e\\r\\n * Documentation Report\\r\\n * testing/CI\\r\\n\\r\\n##### COMPONENT NAME\\r\\n\\u003c!--\\r\\nCategorize the issue, e.g. API, VR, VPN, UI, etc.\\r\\n--\\u003e\\r\\n~~~\\r\\nmarvin\\r\\n~~~\\r\\n\\r\\n##### CLOUDSTACK VERSION\\r\\n\\u003c!--\\r\\nNew line separated list of affected versions, commit ID for issues on main branch.\\r\\n--\\u003e\\r\\n\\r\\n~~~\\r\\n4.18\\r\\n~~~\\r\\n\\r\\n##### CONFIGURATION\\r\\n\\u003c!--\\r\\nInformation about the configuration if relevant, e.g. basic network, advanced networking, etc.  N/A otherwise\\r\\n--\\u003e\\r\\n~~~\\r\\nadvanced zone with security groups.\\r\\n~~~\\r\\n\\r\\n##### OS / ENVIRONMENT\\r\\n\\u003c!--\\r\\nInformation about the environment if relevant, N/A otherwise\\r\\n--\\u003e\\r\\n\\r\\n\\r\\n##### SUMMARY\\r\\n\\u003c!-- Explain the problem/feature briefly --\\u003e\\r\\nwhen an advanced zone with security groups is used to test for regressions, a lot of errors occur.\\r\\nan example\\r\\n```\\r\\nERROR: test suite for \\u003cclass 'tests.smoke.test_router_dns.TestRouterDns'\\u003e\\r\\n----------------------------------------------------------------------\\r\\nTraceback (most recent call last):\\r\\n  File \\\"/usr/local/lib/python3.6/site-packages/nose/suite.py\\\", line 210, in run\\r\\n    self.setUp()\\r\\n  File \\\"/usr/local/lib/python3.6/site-packages/nose/suite.py\\\", line 293, in setUp\\r\\n    self.setupContext(ancestor)\\r\\n  File \\\"/usr/local/lib/python3.6/site-packages/nose/suite.py\\\", line 316, in setupContext\\r\\n    try_run(context, names)\\r\\n  File \\\"/usr/local/lib/python3.6/site-packages/nose/util.py\\\", line 471, in try_run\\r\\n    return func()\\r\\n  File \\\"/marvin/tests/smoke/test_router_dns.py\\\", line 92, in setUpClass\\r\\n    zoneid=cls.zone.id)\\r\\n  File \\\"/usr/local/lib/python3.6/site-packages/marvin/lib/base.py\\\", line 3562, in create\\r\\n    return Network(apiclient.createNetwork(cmd).__dict__)\\r\\n  File \\\"/usr/local/lib/python3.6/site-packages/marvin/cloudstackAPI/cloudstackAPIClient.py\\\", line 2981, in createNetwork\\r\\n    response = self.connection.marvinRequest(command, response_type=response, method=method)\\r\\n  File \\\"/usr/local/lib/python3.6/site-packages/marvin/cloudstackConnection.py\\\", line 381, in marvinRequest\\r\\n    raise e\\r\\n  File \\\"/usr/local/lib/python3.6/site-packages/marvin/cloudstackConnection.py\\\", line 376, in marvinRequest\\r\\n    raise self.__lastError\\r\\n  File \\\"/usr/local/lib/python3.6/site-packages/marvin/cloudstackConnection.py\\\", line 310, in __parseAndGetResponse\\r\\n    response_cls)\\r\\n  File \\\"/usr/local/lib/python3.6/site-packages/marvin/jsonHelper.py\\\", line 155, in getResultObj\\r\\n    raise cloudstackException.CloudstackAPIException(respname, errMsg)\\r\\nmarvin.cloudstackException.CloudstackAPIException: Execute cmd: createnetwork failed, due to: errorCode: 431, errorText:Only shared guest network can be created in security group enabled zone\\r\\n```\\r\\n\\r\\nthis is not necessary as we know beforehand that these tests will fail.\\r\\nTests need to be properly tagged to not run in these environments.\\r\\n\\r\\n##### STEPS TO REPRODUCE\\r\\n\\u003c!--\\r\\nFor bugs, show exactly how to reproduce the problem, using a minimal test-case. Use Screenshots if accurate.\\r\\n\\r\\nFor new features, show how the feature would be used.\\r\\n--\\u003e\\r\\n\\r\\n\\u003c!-- Paste example playbooks or commands between quotes below --\\u003e\\r\\n~~~\\r\\n\\r\\n~~~\\r\\n\\r\\n\\u003c!-- You can also paste gist.github.com links for larger files --\\u003e\\r\\n\\r\\n##### EXPECTED RESULTS\\r\\n\\u003c!-- What did you expect to happen when running the steps above? --\\u003e\\r\\n\\r\\n~~~\\r\\ntest will not run\\r\\n~~~\\r\\n\\r\\n##### ACTUAL RESULTS\\r\\n\\u003c!-- What actually happened? --\\u003e\\r\\n\\r\\n\\u003c!-- Paste verbatim command output between quotes below --\\u003e\\r\\n~~~\\r\\ntest runs and fails\\r\\n~~~\\r\\n\",\"author_association\":\"CONTRIBUTOR\",\"user\":{\"login\":\"DaanHoogland\",\"id\":2486961,\"node_id\":\"MDQ6VXNlcjI0ODY5NjE=\",\"avatar_url\":\"https://avatars.githubusercontent.com/u/2486961?v=4\",\"html_url\":\"https://github.com/DaanHoogland\",\"gravatar_id\":\"\",\"type\":\"User\",\"site_admin\":false,\"url\":\"https://api.github.com/users/DaanHoogland\",\"events_url\":\"https://api.github.com/users/DaanHoogland/events{/privacy}\",\"following_url\":\"https://api.github.com/users/DaanHoogland/following{/other_user}\",\"followers_url\":\"https://api.github.com/users/DaanHoogland/followers\",\"gists_url\":\"https://api.github.com/users/DaanHoogland/gists{/gist_id}\",\"organizations_url\":\"https://api.github.com/users/DaanHoogland/orgs\",\"received_events_url\":\"https://api.github.com/users/DaanHoogland/received_events\",\"repos_url\":\"https://api.github.com/users/DaanHoogland/repos\",\"starred_url\":\"https://api.github.com/users/DaanHoogland/starred{/owner}{/repo}\",\"subscriptions_url\":\"https://api.github.com/users/DaanHoogland/subscriptions\"},\"labels\":[{\"id\":37843366,\"url\":\"https://api.github.com/repos/apache/cloudstack/labels/type:enhancement\",\"name\":\"type:enhancement\",\"color\":\"84b6eb\",\"description\":\"\",\"default\":false,\"node_id\":\"MDU6TGFiZWwzNzg0MzM2Ng==\"},{\"id\":9851088157,\"url\":\"https://api.github.com/repos/apache/cloudstack/labels/long-term-plan\",\"name\":\"long-term-plan\",\"color\":\"aaaaaa\",\"description\":\"remove this label if you plan to pick up this issue.\",\"default\":false,\"node_id\":\"LA_kwDOAJTq2M8AAAACSyutHQ\"}],\"comments\":8,\"created_at\":\"2023-02-01T10:22:04Z\",\"updated_at\":\"2026-09-05T14:22:41Z\",\"url\":\"https://api.github.com/repos/apache/cloudstack/issues/7155\",\"html_url\":\"https://github.com/apache/cloudstack/issues/7155\",\"comments_url\":\"https://api.github.com/repos/apache/cloudstack/issues/7155/comments\",\"events_url\":\"https://api.github.com/repos/apache/cloudstack/issues/7155/events\",\"labels_url\":\"https://api.github.com/repos/apache/cloudstack/issues/7155/labels{/name}\",\"repository_url\":\"https://api.github.com/repos/apache/cloudstack\",\"milestone\":{\"url\":\"https://api.github.com/repos/apache/cloudstack/milestones/19\",\"html_url\":\"https://github.com/apache/cloudstack/milestone/19\",\"labels_url\":\"https://api.github.com/repos/apache/cloudstack/milestones/19/labels\",\"id\":6265435,\"number\":19,\"state\":\"open\",\"title\":\"unplanned\",\"creator\":{\"login\":\"DaanHoogland\",\"id\":2486961,\"node_id\":\"MDQ6VXNlcjI0ODY5NjE=\",\"avatar_url\":\"https://avatars.githubusercontent.com/u/2486961?v=4\",\"html_url\":\"https://github.com/DaanHoogland\",\"gravatar_id\":\"\",\"type\":\"User\",\"site_admin\":false,\"url\":\"https://api.github.com/users/DaanHoogland\",\"events_url\":\"https://api.github.com/users/DaanHoogland/events{/privacy}\",\"following_url\":\"https://api.github.com/users/DaanHoogland/following{/other_user}\",\"followers_url\":\"https://api.github.com/users/DaanHoogland/followers\",\"gists_url\":\"https://api.github.com/users/DaanHoogland/gists{/gist_id}\",\"organizations_url\":\"https://api.github.com/users/DaanHoogland/orgs\",\"received_events_url\":\"https://api.github.com/users/DaanHoogland/received_events\",\"repos_url\":\"https://api.github.com/users/DaanHoogland/repos\",\"starred_url\":\"https://api.github.com/users/DaanHoogland/starred{/owner}{/repo}\",\"subscriptions_url\":\"https://api.github.com/users/DaanHoogland/subscriptions\"},\"open_issues\":185,\"closed_issues\":1302,\"created_at\":\"2021-01-04T09:07:50Z\",\"updated_at\":\"2026-09-24T11:01:33Z\",\"node_id\":\"MDk6TWlsZXN0b25lNjI2NTQzNQ==\"},\"reactions\":{\"total_count\":0,\"+1\":0,\"-1\":0,\"laugh\":0,\"confused\":0,\"heart\":0,\"hooray\":0,\"rocket\":0,\"eyes\":0,\"url\":\"https://api.github.com/repos/apache/cloudstack/issues/7155/reactions\"},\"node_id\":\"I_kwDOAJTq2M5dVOLP\"},{\"id\":3782422837,\"number\":12374,\"state\":\"open\",\"locked\":false,\"title\":\"Support Debian 13 (trixie)\",\"body\":\"### The required feature described as a wish\\n\\nincludes, but not limits to\\n- debian 13 as mgmt server\\n- debian 13 as kvm host\\n- build packages for debian 13/trixie\\n- doc update on compatibility matrix\\n\\n\\n### Related issues or PRs\\nhttps://github.com/apache/cloudstack/issues/12251\\nhttps://github.com/apache/cloudstack/issues/12252\\nhttps://github.com/apache/cloudstack-documentation/pull/610\\n\",\"author_association\":\"MEMBER\",\"user\":{\"login\":\"weizhouapache\",\"id\":57355700,\"node_id\":\"MDQ6VXNlcjU3MzU1NzAw\",\"avatar_url\":\"https://avatars.githubusercontent.com/u/57355700?v=4\",\"html_url\":\"https://github.com/weizhouapache\",\"gravatar_id\":\"\",\"type\":\"User\",\"site_admin\":false,\"url\":\"https://api.github.com/users/weizhouapache\",\"events_url\":\"https://api.github.com/users/weizhouapache/events{/privacy}\",\"following_url\":\"https://api.github.com/users/weizhouapache/following{/other_user}\",\"followers_url\":\"https://api.github.com/users/weizhouapache/followers\",\"gists_url\":\"https://api.github.com/users/weizhouapache/gists{/gist_id}\",\"organizations_url\":\"https://api.github.com/users/weizhouapache/orgs\",\"received_events_url\":\"https://api.github.com/users/weizhouapache/received_events\",\"repos_url\":\"https://api.github.com/users/weizhouapache/repos\",\"starred_url\":\"https://api.github.com/users/weizhouapache/starred{/owner}{/repo}\",\"subscriptions_url\":\"https://api.github.com/users/weizhouapache/subscriptions\"},\"labels\":[{\"id\":1150675549,\"url\":\"https://api.github.com/repos/apache/cloudstack/labels/type:new-feature\",\"name\":\"type:new-feature\",\"color\":\"4471c4\",\"description\":\"\",\"default\":false,\"node_id\":\"MDU6TGFiZWwxMTUwNjc1NTQ5\"}],\"comments\":17,\"created_at\":\"2026-01-05T18:08:49Z\",\"updated_at\":\"2026-09-14T15:02:45Z\",\"url\":\"https://api.github.com/repos/apache/cloudstack/issues/12374\",\"html_url\":\"https://github.com/apache/cloudstack/issues/12374\",\"comments_url\":\"https://api.github.com/repos/apache/cloudstack/issues/12374/comments\",\"events_url\":\"https://api.github.com/repos/apache/cloudstack/issues/12374/events\",\"labels_url\":\"https://api.github.com/repos/apache/cloudstack/issues/12374/labels{/name}\",\"repository_url\":\"https://api.github.com/repos/apache/cloudstack\",\"milestone\":{\"url\":\"https://api.github.com/repos/apache/cloudstack/milestones/47\",\"html_url\":\"https://github.com/apache/cloudstack/milestone/47\",\"labels_url\":\"https://api.github.com/repos/apache/cloudstack/milestones/47/labels\",\"id\":15843055,\"number\":47,\"state\":\"open\",\"title\":\"24.0\",\"description\":\"\",\"creator\":{\"login\":\"weizhouapache\",\"id\":57355700,\"node_id\":\"MDQ6VXNlcjU3MzU1NzAw\",\"avatar_url\":\"https://avatars.githubusercontent.com/u/57355700?v=4\",\"html_url\":\"https://github.com/weizhouapache\",\"gravatar_id\":\"\",\"type\":\"User\",\"site_admin\":false,\"url\":\"https://api.github.com/users/weizhouapache\",\"events_url\":\"https://api.github.com/users/weizhouapache/events{/privacy}\",\"following_url\":\"https://api.github.com/users/weizhouapache/following{/other_user}\",\"followers_url\":\"https://api.github.com/users/weizhouapache/followers\",\"gists_url\":\"https://api.github.com/users/weizhouapache/gists{/gist_id}\",\"organizations_url\":\"https://api.github.com/users/weizhouapache/orgs\",\"received_events_url\":\"https://api.github.com/users/weizhouapache/received_events\",\"repos_url\":\"https://api.github.com/users/weizhouapache/repos\",\"starred_url\":\"https://api.github.com/users/weizhouapache/starred{/owner}{/repo}\",\"subscriptions_url\":\"https://api.github.com/users/weizhouapache/subscriptions\"},\"open_issues\":272,\"closed_issues\":36,\"created_at\":\"2026-05-08T06:15:20Z\",\"updated_at\":\"2026-09-29T10:27:41Z\",\"node_id\":\"MI_kwDOAJTq2M4A8b7v\"},\"reactions\":{\"total_count\":5,\"+1\":1,\"-1\":0,\"laugh\":0,\"confused\":0,\"heart\":2,\"hooray\":0,\"rocket\":0,\"eyes\":2,\"url\":\"https://api.github.com/repos/apache/cloudstack/issues/12374/reactions\"},\"node_id\":\"I_kwDOAJTq2M7hczE1\",\"type\":{\"id\":93574,\"node_id\":\"IT_kwDNuP_OAAFthg\",\"name\":\"Feature\",\"description\":\"A request, idea, or new functionality\",\"color\":\"blue\",\"created_at\":\"2024-01-25T09:11:09Z\",\"updated_at\":\"2024-10-08T08:30:20Z\"}},{\"id\":1684259647,\"number\":7473,\"state\":\"open\",\"locked\":false,\"title\":\"DNS service not working for System VMs  on a fresh new install Cloudstack\",\"body\":\"\\u003c!--\\r\\nVerify first that your issue/request is not already reported on GitHub.\\r\\nAlso test if the latest release and main branch are affected too.\\r\\nAlways add information AFTER of these HTML comments, but no need to delete the comments.\\r\\n--\\u003e\\r\\n\\r\\n##### ISSUE TYPE\\r\\n\\u003c!-- Pick one below and delete the rest --\\u003e\\r\\n * Other\\r\\n\\r\\n##### COMPONENT NAME\\r\\n\\u003c!--\\r\\nCategorize the issue, e.g. API, VR, VPN, UI, etc.\\r\\n--\\u003e\\r\\n~~~\\r\\nUI, System VMs\\r\\n~~~\\r\\n\\r\\n##### CLOUDSTACK VERSION\\r\\n\\u003c!--\\r\\nNew line separated list of affected versions, commit ID for issues on main branch.\\r\\n--\\u003e\\r\\n\\r\\n~~~\\r\\nCloudStack 4.18\\r\\n~~~\\r\\n\\r\\n##### CONFIGURATION\\r\\n\\u003c!--\\r\\nInformation about the configuration if relevant, e.g. basic network, advanced networking, etc.  N/A otherwise\\r\\n--\\u003e\\r\\nZone with default Advanced networking with Isolation method as VLAN\\r\\nZone has only one \\\"Physical Network 1\\\" with  all traffic types Guest, Management, Public, Storage passing through it\\r\\nKVM\\r\\nManagement Server and KVM Host are same. Its a testing environment\\r\\nOpenVswitch and DPDK enabled and created bridge interface using OpenVswitch commands\\r\\nPrimany and Secondary with NFS mount points\\r\\n\\r\\n##### OS / ENVIRONMENT\\r\\n\\u003c!--\\r\\nInformation about the environment if relevant, N/A otherwise\\r\\n--\\u003e\\r\\nUbuntu 22.04.2 LTS\\r\\nCodename:\\tjammy\\r\\n\\r\\n##### SUMMARY\\r\\n\\u003c!-- Explain the problem/feature briefly --\\u003e\\r\\n\\r\\nThe System VMs Agent state is not Up\\r\\n\\r\\n##### STEPS TO REPRODUCE\\r\\n\\u003c!--\\r\\nFor bugs, show exactly how to reproduce the problem, using a minimal test-case. Use Screenshots if accurate.\\r\\n\\r\\nFor new features, show how the feature would be used.\\r\\n--\\u003e\\r\\n\\r\\n\\u003c!-- Paste example playbooks or commands between quotes below --\\u003e\\r\\n~~~\\r\\nInstall a fresh new Ubuntu 22.04 LTS server \\r\\nEnable OpenVswitch and dpdk over the interface and create bridge interface\\r\\nPerform the install of cloudstack on a server. Also make this server as KVM Host.\\r\\nConfigure Cloudstack as zone with default advanced networking \\r\\nZone has only one \\\"Physical Network 1\\\" with  all traffic types Guest, Management, Public, Storage \\r\\npassing through it\\r\\n~~~\\r\\n\\r\\n\\u003c!-- You can also paste gist.github.com links for larger files --\\u003e\\r\\n\\r\\n##### EXPECTED RESULTS\\r\\n\\u003c!-- What did you expect to happen when running the steps above? --\\u003e\\r\\n\\r\\n~~~\\r\\nThe System VMs Agent state is  OK\\r\\n~~~\\r\\n\\r\\n##### ACTUAL RESULTS\\r\\n\\u003c!-- What actually happened? --\\u003e\\r\\n\\r\\n\\u003c!-- Paste verbatim command output between quotes below --\\u003e\\r\\n~~~\\r\\nAfter the Cloudstack install and basic configuration of zone, \\r\\n\\r\\nGo system vms section, we notice the state is \\\"running\\\" but the  Agent state is not \\\"OK\\\"\\r\\n\\r\\nAccessed one of the system vm using  commands like  ssh -i /root/.ssh/id_rsa.cloud -p 3922 root@link-local \\r\\n\\r\\nIssued command /usr/local/cloud/systemvm/ssvm-check.sh\\r\\n\\r\\nNoticed error ERROR: DNS not resolving cloudstack.apache.org\\r\\n\\r\\nConfirmed Google DNS server is there at resolv.conf\\r\\n\\r\\nChecked the service cloud status and noticed the system vm can't communicate with port 8250 of management server \\r\\nover the management server IP\\r\\n\\r\\nFurther troubleshooting shows from inside system vm, only able to ping management server IP \\r\\nbut no connection with any active ports of management server like ssh port , management ports like 8250 etc\\r\\n\\r\\nWhile checking the traffic over the bridge interface using ovs-tcpdump , we have noticed the \\r\\nincoming traffic from system vms towards bridge interface are reaching but no outgoing response \\r\\ntowards system vms. Below is a sample captured traffic at bridge interface over \\r\\ncloudstack port number  8250. We believe that we setup the openvswitch dpdk setup correctly \\r\\nand not sure what we are missing from our side.\\r\\n\\r\\n12:08:52.312394 IP SVMIP.33940 \\u003e MGMTIP.8250: Flags [S], seq 3467199111, win 64240, options [mss 1460,nop,nop,sackOK,nop,wscale 7], length 0\\r\\n\\u003c.............E..4\\\\.@.@.....?...?... :..B.........................\\r\\n12:08:53.314315 IP SVMIP.33940 \\u003e MGMTIP..8250: Flags [S], seq 3467199111, win 64240, options [mss 1460,nop,nop,sackOK,nop,wscale 7], length 0\\r\\n\\r\\nissued the command \\\"ovs-ofctl dump-flows cloudbr0\\\" and got below result. Looks like the rule is fine\\r\\n\\r\\ncookie=0x0, duration=148279.131s, table=0, n_packets=7453119, n_bytes=2575374706, priority=0 actions=NORMAL\\r\\n\\r\\nNot sure what we are missing.\\r\\n\\r\\n~~~\\r\\n\",\"author_association\":\"NONE\",\"user\":{\"login\":\"bradsmin\",\"id\":131838039,\"node_id\":\"U_kgDOB9uwVw\",\"avatar_url\":\"https://avatars.githubusercontent.com/u/131838039?v=4\",\"html_url\":\"https://github.com/bradsmin\",\"gravatar_id\":\"\",\"type\":\"User\",\"site_admin\":false,\"url\":\"https://api.github.com/users/bradsmin\",\"events_url\":\"https://api.github.com/users/bradsmin/events{/privacy}\",\"following_url\":\"https://api.github.com/users/bradsmin/following{/other_user}\",\"followers_url\":\"https://api.github.com/users/bradsmin/followers\",\"gists_url\":\"https://api.github.com/users/bradsmin/gists{/gist_id}\",\"organizations_url\":\"https://api.github.com/users/bradsmin/orgs\",\"received_events_url\":\"https://api.github.com/users/bradsmin/received_events\",\"repos_url\":\"https://api.github.com/users/bradsmin/repos\",\"starred_url\":\"https://api.github.com/users/bradsmin/starred{/owner}{/repo}\",\"subscriptions_url\":\"https://api.github.com/users/bradsmin/subscriptions\"},\"labels\":[{\"id\":37843368,\"url\":\"https://api.github.com/repos/apache/cloudstack/labels/type:question\",\"name\":\"type:question\",\"color\":\"cc317c\",\"description\":\"\",\"default\":false,\"node_id\":\"MDU6TGFiZWwzNzg0MzM2OA==\"},{\"id\":1155016910,\"url\":\"https://api.github.com/repos/apache/cloudstack/labels/status:needs-reproducing\",\"name\":\"status:needs-reproducing\",\"color\":\"4e62fc\",\"description\":\"\",\"default\":false,\"node_id\":\"MDU6TGFiZWwxMTU1MDE2OTEw\"},{\"id\":2694797573,\"url\":\"https://api.github.com/repos/apache/cloudstack/labels/status:needs-investigation\",\"name\":\"status:needs-investigation\",\"color\":\"906C28\",\"description\":\"\",\"default\":false,\"node_id\":\"MDU6TGFiZWwyNjk0Nzk3NTcz\"},{\"id\":6890295339,\"url\":\"https://api.github.com/repos/apache/cloudstack/labels/status:stale\",\"name\":\"status:stale\",\"color\":\"E43179\",\"description\":\"\",\"default\":false,\"node_id\":\"LA_kwDOAJTq2M8AAAABmrGQKw\"},{\"id\":9849008471,\"url\":\"https://api.github.com/repos/apache/cloudstack/labels/no-issue-activity\",\"name\":\"no-issue-activity\",\"color\":\"ededed\",\"default\":false,\"node_id\":\"LA_kwDOAJTq2M8AAAACSwvxVw\"}],\"comments\":10,\"created_at\":\"2023-04-26T04:44:30Z\",\"updated_at\":\"2026-06-06T02:17:32Z\",\"url\":\"https://api.github.com/repos/apache/cloudstack/issues/7473\",\"html_url\":\"https://github.com/apache/cloudstack/issues/7473\",\"comments_url\":\"https://api.github.com/repos/apache/cloudstack/issues/7473/comments\",\"events_url\":\"https://api.github.com/repos/apache/cloudstack/issues/7473/events\",\"labels_url\":\"https://api.github.com/repos/apache/cloudstack/issues/7473/labels{/name}\",\"repository_url\":\"https://api.github.com/repos/apache/cloudstack\",\"milestone\":{\"url\":\"https://api.github.com/repos/apache/cloudstack/milestones/19\",\"html_url\":\"https://github.com/apache/cloudstack/milestone/19\",\"labels_url\":\"https://api.github.com/repos/apache/cloudstack/milestones/19/labels\",\"id\":6265435,\"number\":19,\"state\":\"open\",\"title\":\"unplanned\",\"creator\":{\"login\":\"DaanHoogland\",\"id\":2486961,\"node_id\":\"MDQ6VXNlcjI0ODY5NjE=\",\"avatar_url\":\"https://avatars.githubusercontent.com/u/2486961?v=4\",\"html_url\":\"https://github.com/DaanHoogland\",\"gravatar_id\":\"\",\"type\":\"User\",\"site_admin\":false,\"url\":\"https://api.github.com/users/DaanHoogland\",\"events_url\":\"https://api.github.com/users/DaanHoogland/events{/privacy}\",\"following_url\":\"https://api.github.com/users/DaanHoogland/following{/other_user}\",\"followers_url\":\"https://api.github.com/users/DaanHoogland/followers\",\"gists_url\":\"https://api.github.com/users/DaanHoogland/gists{/gist_id}\",\"organizations_url\":\"https://api.github.com/users/DaanHoogland/orgs\",\"received_events_url\":\"https://api.github.com/users/DaanHoogland/received_events\",\"repos_url\":\"https://api.github.com/users/DaanHoogland/repos\",\"starred_url\":\"https://api.github.com/users/DaanHoogland/starred{/owner}{/repo}\",\"subscriptions_url\":\"https://api.github.com/users/DaanHoogland/subscriptions\"},\"open_issues\":185,\"closed_issues\":1302,\"created_at\":\"2021-01-04T09:07:50Z\",\"updated_at\":\"2026-09-24T11:01:33Z\",\"node_id\":\"MDk6TWlsZXN0b25lNjI2NTQzNQ==\"},\"reactions\":{\"total_count\":0,\"+1\":0,\"-1\":0,\"laugh\":0,\"confused\":0,\"heart\":0,\"hooray\":0,\"rocket\":0,\"eyes\":0,\"url\":\"https://api.github.com/repos/apache/cloudstack/issues/7473/reactions\"},\"node_id\":\"I_kwDOAJTq2M5kY8M_\"},{\"id\":4999060061,\"number\":13735,\"state\":\"open\",\"locked\":false,\"title\":\"iptables_check.py health check deadlocks when iptables output exceeds the pipe buffer, leaking processes until the VR exhausts memory and self-reboots (~9h cycle)\",\"body\":\"##### ISSUE TYPE\\n\\n* Bug Report\\n\\n##### COMPONENT NAME\\n\\n~~~\\nSystemVM / Virtual Router health checks (systemvm/debian/root/health_checks/iptables_check.py)\\n~~~\\n\\n##### CLOUDSTACK VERSION\\n\\n~~~\\n4.22.0.0 and 4.22.1.0 (management), systemvm template 4.22.0.\\nThe affected code is unchanged on current main:\\nhttps://github.com/apache/cloudstack/blob/main/systemvm/debian/root/health_checks/iptables_check.py\\n~~~\\n\\n##### CONFIGURATION\\n\\nRedundant VPC virtual routers, KVM. Advanced zone. Default health check settings\\n(`router.health.checks.enabled=true`, `router.health.checks.advanced.interval=10`).\\nThe affected VPC has ~200 port-forwarding/LB rules (iptables-save output: 77,029 bytes).\\n\\n##### OS / ENVIRONMENT\\n\\nKVM hosts on Rocky Linux 9.5/9.8 (qemu-kvm 9.0/10.1 — reproduced on both). Debian-based\\nsystem VM template, 512 MB RAM routers.\\n\\n##### SUMMARY\\n\\n`iptables_check.py` runs the fetch command with `Popen(cmd, shell=True, stdout=PIPE)` and\\nthen calls `pout.wait()` **before** reading the pipe:\\n\\n```python\\nfetchIpTableEntriesCmd = \\\"iptables-save | grep \\\" + destIp\\npout = Popen(fetchIpTableEntriesCmd, shell=True, stdout=PIPE)\\nif pout.wait() != 0:            # \\u003c-- deadlocks: wait() before the pipe is drained\\n    ...\\nipTablesMatchingEntries = pout.communicate()[0].decode().strip().split('\\\\n')\\n```\\n\\nThis is the deadlock explicitly warned about in the Python `subprocess` documentation:\\nwhen the command's output exceeds the OS pipe capacity (64 KiB on Linux), the child\\nblocks writing to the full pipe and the parent blocks forever in `wait()`.\\n\\nOn routers with large rule sets the check therefore hangs **on every run**. Because the\\nadvanced health check fires every `router.health.checks.advanced.interval` (10 min\\ndefault), a new stuck process chain (`monitorServices.py advanced` -\\u003e `sh` -\\u003e\\n`iptables_check.py`) accumulates every interval — ~13 MB RSS each, roughly 85–90 MB/h.\\nOn a 512 MB router, RAM and swap are exhausted after ~8.5–9 h of uptime. At that point\\nkeepalived's `heartbeat` track script can no longer fork within its timeout\\n(`VRRP_Script(heartbeat) timed_out` -\\u003e `Entering FAULT STATE`), the router demotes,\\nwipes `/etc/keepalived/keepalived.conf`, and the guest reboots — taking the VPC down.\\n\\nThe impact is amplified on redundant VPCs: both routers of a pair are created together,\\nso their exhaustion clocks are synchronized and **both routers fail within minutes of\\neach other**, defeating the redundancy. We experienced a full-VPC outage roughly every\\n9 hours until the check was excluded.\\n\\n##### STEPS TO REPRODUCE\\n\\n~~~\\n1. Create a VPC with enough port-forwarding/LB rules that the health check's\\n   \\\"iptables-save | grep \\u003cip\\u003e\\\" output exceeds 64 KiB inside the router\\n   (our affected router: iptables-save = 77,029 bytes total).\\n2. Leave router.health.checks.enabled=true with default advanced interval (10 min).\\n3. Inside the router, watch: ps -eo pid,ppid,etimes,rss,args | grep -E \\\"monitorServices|iptables_check\\\"\\n4. A new stuck chain appears every 600 s and never exits (parent and child both in\\n   wchan do_wait; the shell child is blocked writing to the full pipe).\\n5. Watch \\\"free -k\\\": used memory climbs linearly; after ~8.5-9 h the router enters\\n   keepalived FAULT, demotes/wipes, and reboots.\\n~~~\\n\\nObserved accumulation (etimes exactly 600 s apart, none ever exiting):\\n\\n~~~\\n  90114   7551  /usr/bin/python /root/monitorServices.py advanced\\n  90136   7551  /bin/sh -c ./health_checks/iptables_check.py advanced\\n  90137   7551  /usr/bin/python ./health_checks/iptables_check.py advanced\\n  92506   6952  /usr/bin/python /root/monitorServices.py advanced\\n  ...     6351  (repeats every 600s)\\n  ...     5751\\n  ...     5152\\n  ...     4552\\n~~~\\n\\nControl group: three routers in other VPCs on the same platform with small rule sets\\n(iptables-save 1.2–9.3 KB) run the identical check to completion in \\u003c1 s and have\\n152-day uptimes. The only variable is iptables output size vs the 64 KiB pipe buffer.\\n\\n##### EXPECTED RESULTS\\n\\n~~~\\nThe health check completes (or fails fast) regardless of iptables rule-set size.\\n~~~\\n\\n##### ACTUAL RESULTS\\n\\n~~~\\nThe check hangs permanently on every run once the piped output exceeds 64 KiB.\\nStuck process chains accumulate every advanced-check interval until the router\\nexhausts RAM+swap (~8.5-9 h on a 512 MB router), keepalived's track script starves,\\nthe router demotes/wipes its keepalived config and reboots. Redundant pairs fail\\nnear-simultaneously because their clocks are synchronized at creation, causing a\\nrecurring full-VPC outage.\\n~~~\\n\\n##### WORKAROUND\\n\\nSet `router.health.checks.to.exclude = iptables_check.py` (global setting, dynamic).\\nNote: in our testing the value had to be the script filename **with** the `.py`\\nextension — the bare name `iptables_check` was silently ignored and the check kept\\nrunning (possibly a second, minor bug in how the exclusion list is matched).\\nAccumulated stuck processes must be killed manually inside affected routers.\\n\\n##### SUGGESTED FIX\\n\\nDo not call `wait()` while `stdout=PIPE` is unread. Use `communicate()` first and\\ncheck `returncode` afterwards, e.g.:\\n\\n```python\\npout = Popen(fetchIpTableEntriesCmd, shell=True, stdout=PIPE)\\nstdout, _ = pout.communicate()\\nif pout.returncode != 0:\\n    ...\\nipTablesMatchingEntries = stdout.decode().strip().split('\\\\n')\\n```\\n\\nThe same `Popen(stdout=PIPE)` + `wait()` pattern exists in other health check scripts\\n(e.g. `gateways_check.py`, `cpu_usage_check.py`). Their outputs are normally tiny so\\nthey do not currently hang, but they share the same latent hazard and may be worth\\nfixing in the same pass.\\n\",\"author_association\":\"NONE\",\"user\":{\"login\":\"richevanscybermyte\",\"id\":60758122,\"node_id\":\"MDQ6VXNlcjYwNzU4MTIy\",\"avatar_url\":\"https://avatars.githubusercontent.com/u/60758122?v=4\",\"html_url\":\"https://github.com/richevanscybermyte\",\"gravatar_id\":\"\",\"type\":\"User\",\"site_admin\":false,\"url\":\"https://api.github.com/users/richevanscybermyte\",\"events_url\":\"https://api.github.com/users/richevanscybermyte/events{/privacy}\",\"following_url\":\"https://api.github.com/users/richevanscybermyte/following{/other_user}\",\"followers_url\":\"https://api.github.com/users/richevanscybermyte/followers\",\"gists_url\":\"https://api.github.com/users/richevanscybermyte/gists{/gist_id}\",\"organizations_url\":\"https://api.github.com/users/richevanscybermyte/orgs\",\"received_events_url\":\"https://api.github.com/users/richevanscybermyte/received_events\",\"repos_url\":\"https://api.github.com/users/richevanscybermyte/repos\",\"starred_url\":\"https://api.github.com/users/richevanscybermyte/starred{/owner}{/repo}\",\"subscriptions_url\":\"https://api.github.com/users/richevanscybermyte/subscriptions\"},\"labels\":[{\"id\":37843364,\"url\":\"https://api.github.com/repos/apache/cloudstack/labels/type:bug\",\"name\":\"type:bug\",\"color\":\"fc2929\",\"description\":\"\",\"default\":false,\"node_id\":\"MDU6TGFiZWwzNzg0MzM2NA==\"},{\"id\":584073391,\"url\":\"https://api.github.com/repos/apache/cloudstack/labels/component:virtual-router\",\"name\":\"component:virtual-router\",\"color\":\"ffaaeb\",\"description\":\"\",\"default\":false,\"node_id\":\"MDU6TGFiZWw1ODQwNzMzOTE=\"},{\"id\":928084492,\"url\":\"https://api.github.com/repos/apache/cloudstack/labels/Severity:Critical\",\"name\":\"Severity:Critical\",\"color\":\"900606\",\"description\":\"Critical bug\",\"default\":false,\"node_id\":\"MDU6TGFiZWw5MjgwODQ0OTI=\"}],\"comments\":3,\"created_at\":\"2026-07-28T13:25:58Z\",\"updated_at\":\"2026-08-20T13:47:59Z\",\"url\":\"https://api.github.com/repos/apache/cloudstack/issues/13735\",\"html_url\":\"https://github.com/apache/cloudstack/issues/13735\",\"comments_url\":\"https://api.github.com/repos/apache/cloudstack/issues/13735/comments\",\"events_url\":\"https://api.github.com/repos/apache/cloudstack/issues/13735/events\",\"labels_url\":\"https://api.github.com/repos/apache/cloudstack/issues/13735/labels{/name}\",\"repository_url\":\"https://api.github.com/repos/apache/cloudstack\",\"milestone\":{\"url\":\"https://api.github.com/repos/apache/cloudstack/milestones/46\",\"html_url\":\"https://github.com/apache/cloudstack/milestone/46\",\"labels_url\":\"https://api.github.com/repos/apache/cloudstack/milestones/46/labels\",\"id\":15514689,\"number\":46,\"state\":\"open\",\"title\":\"4.22.2\",\"description\":\"\",\"creator\":{\"login\":\"sureshanaparti\",\"id\":12028987,\"node_id\":\"MDQ6VXNlcjEyMDI4OTg3\",\"avatar_url\":\"https://avatars.githubusercontent.com/u/12028987?v=4\",\"html_url\":\"https://github.com/sureshanaparti\",\"gravatar_id\":\"\",\"type\":\"User\",\"site_admin\":false,\"url\":\"https://api.github.com/users/sureshanaparti\",\"events_url\":\"https://api.github.com/users/sureshanaparti/events{/privacy}\",\"following_url\":\"https://api.github.com/users/sureshanaparti/following{/other_user}\",\"followers_url\":\"https://api.github.com/users/sureshanaparti/followers\",\"gists_url\":\"https://api.github.com/users/sureshanaparti/gists{/gist_id}\",\"organizations_url\":\"https://api.github.com/users/sureshanaparti/orgs\",\"received_events_url\":\"https://api.github.com/users/sureshanaparti/received_events\",\"repos_url\":\"https://api.github.com/users/sureshanaparti/repos\",\"starred_url\":\"https://api.github.com/users/sureshanaparti/starred{/owner}{/repo}\",\"subscriptions_url\":\"https://api.github.com/users/sureshanaparti/subscriptions\"},\"open_issues\":252,\"closed_issues\":114,\"created_at\":\"2026-04-13T07:02:43Z\",\"updated_at\":\"2026-09-29T13:13:59Z\",\"node_id\":\"MI_kwDOAJTq2M4A7LxB\"},\"reactions\":{\"total_count\":0,\"+1\":0,\"-1\":0,\"laugh\":0,\"confused\":0,\"heart\":0,\"hooray\":0,\"rocket\":0,\"eyes\":0,\"url\":\"https://api.github.com/repos/apache/cloudstack/issues/13735/reactions\"},\"node_id\":\"I_kwDOAJTq2M8AAAABKfeaXQ\"},{\"id\":1236842567,\"number\":6391,\"state\":\"open\",\"locked\":false,\"title\":\"Py3 component tests fixes\",\"body\":\"\\u003c!--\\r\\nVerify first that your issue/request is not already reported on GitHub.\\r\\nAlso test if the latest release and main branch are affected too.\\r\\nAlways add information AFTER of these HTML comments, but no need to delete the comments.\\r\\n--\\u003e\\r\\n\\r\\n##### ISSUE TYPE\\r\\n\\u003c!-- Pick one below and delete the rest --\\u003e\\r\\n * Improvement Request\\r\\n\\r\\n##### COMPONENT NAME\\r\\n\\u003c!--\\r\\nCategorize the issue, e.g. API, VR, VPN, UI, etc.\\r\\n--\\u003e\\r\\n~~~\\r\\nComponent tests\\r\\n~~~\\r\\n\\r\\n##### CLOUDSTACK VERSION\\r\\n\\u003c!--\\r\\nNew line separated list of affected versions, commit ID for issues on main branch.\\r\\n--\\u003e\\r\\n\\r\\n~~~\\r\\n4.16+\\r\\n~~~\\r\\n\\r\\n##### CONFIGURATION\\r\\n\\u003c!--\\r\\nInformation about the configuration if relevant, e.g. basic network, advanced networking, etc.  N/A otherwise\\r\\n--\\u003e\\r\\nNA\\r\\n\\r\\n##### OS / ENVIRONMENT\\r\\n\\u003c!--\\r\\nInformation about the environment if relevant, N/A otherwise\\r\\n--\\u003e\\r\\nNA\\r\\n\\r\\n##### SUMMARY\\r\\n\\u003c!-- Explain the problem/feature briefly --\\u003e\\r\\nthe component tests have been ported to python3 but a lot of them are non functional. In #5442 a start was made but this is going to require more work than should be stuffed in a single PR. Below is a list of the component test that need looking at. Some can be assessed and disgarded. Others should be fixed.\\r\\n\\r\\n- [ ] test_add_remove_network.py\\r\\n- [ ] test_affinity_groups_projects.py\\r\\n- [ ] test_affinity_groups.py\\r\\n- [ ] test_base_image_updation.py\\r\\n- [ ] test_blocker_bugs.py\\r\\n- [ ] test_browse_templates.py\\r\\n- [ ] test_browse_volumes.py\\r\\n- [ ] test_bugs.py\\r\\n- [ ] test_configdrive.py\\r\\n- [ ] test_dedicate_guest_vlan_ranges.py\\r\\n- [ ] test_dedicate_public_ip_range.py\\r\\n- [ ] test_dhcp_dns_offload.py\\r\\n- [ ] test_egress_fw_rules.py\\r\\n- [ ] test_escalation_listTemplateDomainAdmin.py\\r\\n- [ ] test_escalations_hosts.py\\r\\n- [ ] test_escalations_ipaddresses.py\\r\\n- [ ] test_escalations_networks.py\\r\\n- [ ] test_escalations_volumes.py\\r\\n- [ ] test_escalations_vpncustomergateways.py\\r\\n- [ ] test_escalation_templates.py\\r\\n- [ ] test_explicit_dedication.py\\r\\n- [ ] test_ha_pool_maintenance.py\\r\\n- [ ] test_high_availability.py\\r\\n- [ ] test_implicit_planner.py\\r\\n- [ ] test_ip_resource_count_for_vpc.py\\r\\n- [ ] test_multiple_public_interfaces.py\\r\\n- [ ] test_organization_states.py\\r\\n- [ ] test_persistent_networks.py\\r\\n- [ ] test_portable_ip.py\\r\\n- [ ] test_ps_resource_limits_volume.py\\r\\n- [ ] test_redundant_router_cleanups.py\\r\\n- [ ] test_redundant_router_deployment_planning.py\\r\\n- [ ] test_redundant_router_network_rules.py\\r\\n- [ ] test_redundant_router.py\\r\\n- [ ] test_reset_ssh_keypair.py\\r\\n- [ ] test_rootvolume_resize.py\\r\\n- [ ] test_shared_networks.py\\r\\n- [ ] test_snapshots.py\\r\\n- [ ] test_ss_limits.py\\r\\n- [ ] test_ss_max_limits.py\\r\\n- [ ] test_ss_project_limits.py\\r\\n- [ ] test_stopped_vm.py\\r\\n- [ ] test_storage_motion.py\\r\\n- [ ] test_tags.py\\r\\n- [ ] test_volumes.py\\r\\n- [ ] test_vpc_host_maintenance.py\\r\\n- [ ] test_vpc_network_internal_lbrules.py\\r\\n- [ ] test_vpc_network_pfrules.py\\r\\n- [ ] test_vpc_network.py\\r\\n- [ ] test_vpc_network_staticnatrule.py\\r\\n- [ ] test_vpc_offerings.py\\r\\n- [ ] test_vpc_routers.py\\r\\n- [ ] test_vpc_vm_life_cycle.py\\r\\n- [ ] test_vpc_vms_deployment.py\\r\\n- [ ] test_vpn_service.py\\r\\n- [ ] test_vpn_users.py\\r\\n- [ ] test_vr_metadata.py\\r\\n- [ ] test_zone_level_local_storage_setting.py\\r\\n\\r\\n##### STEPS TO REPRODUCE\\r\\n\\u003c!--\\r\\nFor bugs, show exactly how to reproduce the problem, using a minimal test-case. Use Screenshots if accurate.\\r\\n\\r\\nFor new features, show how the feature would be used.\\r\\n--\\u003e\\r\\n\\r\\n\\u003c!-- Paste example playbooks or commands between quotes below --\\u003e\\r\\n~~~\\r\\n\\r\\n~~~\\r\\n\\r\\n\\u003c!-- You can also paste gist.github.com links for larger files --\\u003e\\r\\n\\r\\n##### EXPECTED RESULTS\\r\\n\\u003c!-- What did you expect to happen when running the steps above? --\\u003e\\r\\n\\r\\n~~~\\r\\n\\r\\n~~~\\r\\n\\r\\n##### ACTUAL RESULTS\\r\\n\\u003c!-- What actually happened? --\\u003e\\r\\n\\r\\n\\u003c!-- Paste verbatim command output between quotes below --\\u003e\\r\\n~~~\\r\\n\\r\\n~~~\\r\\n\",\"author_association\":\"CONTRIBUTOR\",\"user\":{\"login\":\"DaanHoogland\",\"id\":2486961,\"node_id\":\"MDQ6VXNlcjI0ODY5NjE=\",\"avatar_url\":\"https://avatars.githubusercontent.com/u/2486961?v=4\",\"html_url\":\"https://github.com/DaanHoogland\",\"gravatar_id\":\"\",\"type\":\"User\",\"site_admin\":false,\"url\":\"https://api.github.com/users/DaanHoogland\",\"events_url\":\"https://api.github.com/users/DaanHoogland/events{/privacy}\",\"following_url\":\"https://api.github.com/users/DaanHoogland/following{/other_user}\",\"followers_url\":\"https://api.github.com/users/DaanHoogland/followers\",\"gists_url\":\"https://api.github.com/users/DaanHoogland/gists{/gist_id}\",\"organizations_url\":\"https://api.github.com/users/DaanHoogland/orgs\",\"received_events_url\":\"https://api.github.com/users/DaanHoogland/received_events\",\"repos_url\":\"https://api.github.com/users/DaanHoogland/repos\",\"starred_url\":\"https://api.github.com/users/DaanHoogland/starred{/owner}{/repo}\",\"subscriptions_url\":\"https://api.github.com/users/DaanHoogland/subscriptions\"},\"labels\":[{\"id\":817420428,\"url\":\"https://api.github.com/repos/apache/cloudstack/labels/type:improvement\",\"name\":\"type:improvement\",\"color\":\"a5f9ff\",\"description\":\"\",\"default\":false,\"node_id\":\"MDU6TGFiZWw4MTc0MjA0Mjg=\"},{\"id\":1250051362,\"url\":\"https://api.github.com/repos/apache/cloudstack/labels/python3\",\"name\":\"python3\",\"color\":\"ccdcff\",\"description\":\"\",\"default\":false,\"node_id\":\"MDU6TGFiZWwxMjUwMDUxMzYy\"},{\"id\":2510052725,\"url\":\"https://api.github.com/repos/apache/cloudstack/labels/component:integration-test\",\"name\":\"component:integration-test\",\"color\":\"e858a2\",\"description\":\"\",\"default\":false,\"node_id\":\"MDU6TGFiZWwyNTEwMDUyNzI1\"}],\"comments\":5,\"created_at\":\"2022-05-16T09:02:11Z\",\"updated_at\":\"2026-05-21T14:21:32Z\",\"url\":\"https://api.github.com/repos/apache/cloudstack/issues/6391\",\"html_url\":\"https://github.com/apache/cloudstack/issues/6391\",\"comments_url\":\"https://api.github.com/repos/apache/cloudstack/issues/6391/comments\",\"events_url\":\"https://api.github.com/repos/apache/cloudstack/issues/6391/events\",\"labels_url\":\"https://api.github.com/repos/apache/cloudstack/issues/6391/labels{/name}\",\"repository_url\":\"https://api.github.com/repos/apache/cloudstack\",\"milestone\":{\"url\":\"https://api.github.com/repos/apache/cloudstack/milestones/47\",\"html_url\":\"https://github.com/apache/cloudstack/milestone/47\",\"labels_url\":\"https://api.github.com/repos/apache/cloudstack/milestones/47/labels\",\"id\":15843055,\"number\":47,\"state\":\"open\",\"title\":\"24.0\",\"description\":\"\",\"creator\":{\"login\":\"weizhouapache\",\"id\":57355700,\"node_id\":\"MDQ6VXNlcjU3MzU1NzAw\",\"avatar_url\":\"https://avatars.githubusercontent.com/u/57355700?v=4\",\"html_url\":\"https://github.com/weizhouapache\",\"gravatar_id\":\"\",\"type\":\"User\",\"site_admin\":false,\"url\":\"https://api.github.com/users/weizhouapache\",\"events_url\":\"https://api.github.com/users/weizhouapache/events{/privacy}\",\"following_url\":\"https://api.github.com/users/weizhouapache/following{/other_user}\",\"followers_url\":\"https://api.github.com/users/weizhouapache/followers\",\"gists_url\":\"https://api.github.com/users/weizhouapache/gists{/gist_id}\",\"organizations_url\":\"https://api.github.com/users/weizhouapache/orgs\",\"received_events_url\":\"https://api.github.com/users/weizhouapache/received_events\",\"repos_url\":\"https://api.github.com/users/weizhouapache/repos\",\"starred_url\":\"https://api.github.com/users/weizhouapache/starred{/owner}{/repo}\",\"subscriptions_url\":\"https://api.github.com/users/weizhouapache/subscriptions\"},\"open_issues\":272,\"closed_issues\":36,\"created_at\":\"2026-05-08T06:15:20Z\",\"updated_at\":\"2026-09-29T10:27:41Z\",\"node_id\":\"MI_kwDOAJTq2M4A8b7v\"},\"reactions\":{\"total_count\":0,\"+1\":0,\"-1\":0,\"laugh\":0,\"confused\":0,\"heart\":0,\"hooray\":0,\"rocket\":0,\"eyes\":0,\"url\":\"https://api.github.com/repos/apache/cloudstack/issues/6391/reactions\"},\"node_id\":\"I_kwDOAJTq2M5JuLhH\",\"type\":{\"id\":93570,\"node_id\":\"IT_kwDNuP_OAAFtgg\",\"name\":\"Bug\",\"description\":\"An unexpected problem or behavior\",\"color\":\"red\",\"created_at\":\"2024-01-25T09:11:09Z\",\"updated_at\":\"2024-07-26T10:04:57Z\"}},{\"id\":4315662733,\"number\":13064,\"state\":\"open\",\"locked\":false,\"title\":\"SystemVM agent fails TLS to management server\",\"body\":\"## SystemVM agent fails TLS to management server — keystore-cert-import silently exits 0, leaving cloud.jks without trustedCertEntry (VMware, 4.22) \\n\\n### problem\\n\\nAfter a fresh system VM (ConsoleProxy / SecondaryStorageVm) boots, its agent cannot complete the TLS handshake with the management server on port 8250. The console proxy never binds its public HTTP/HTTPS listener (browser gets `ERR_CONNECTION_REFUSED` on the public IP), the SSVM never registers as a host, and ACS keeps destroying and re-creating the system VMs — each replacement exhibits the same failure.\\n\\nRoot cause: on the VMware SSH dispatch path, `SetupCertificateCommand` invokes `scripts/util/keystore-cert-import` **without** positional arguments `$7` (CACERT_FILE path) and `$8` (CACERT content). The script then falls through to the `elif [ ! -f \\\"$CACERT_FILE\\\" ]` branch and calls a bare `exit` — which returns **exit code 0**. The management server receives `SetupCertificateAnswer: result=true` and believes the push succeeded. In reality the `awk ... \\\"$CACERT_FILE\\\"` and the subsequent `keytool -import -trustcacerts -alias cloudca` calls never run, so the CA certificate is never added to `cloud.jks` as a `trustedCertEntry`.\\n\\nEvidence observed on the affected deployment.\\n\\nManagement-server log, every ~10s while the system VM is Running:\\n```\\nERROR [c.c.u.n.Link] (AgentManager-SSLHandshakeHandler-1:[])\\n  SSL error caught during unwrap data: (certificate_unknown)\\n  Received fatal alert: certificate_unknown,\\n  for local address=/\\u003cMS\\u003e:8250, remote address=/\\u003cSYSVM\\u003e:xxxxx.\\n  The client may have invalid ca-certificates.\\n```\\n\\nSystem VM `/var/log/cloud.log`, reciprocally:\\n```\\nERROR [utils.nio.Link] SSL error caught during wrap data:\\n  No trusted certificate found, for local address=/\\u003cSYSVM\\u003e:xxxxx,\\n  remote address=/\\u003cMS\\u003e:8250.\\n```\\n\\nKeystore inspection inside the VM (using the passphrase stored in agent.properties):\\n```\\n$ keytool -list -keystore /usr/local/cloud/systemvm/conf/cloud.jks \\\\\\n    -storepass \\\"$(sed -n 's/^keystore.passphrase=//p' /usr/local/cloud/systemvm/conf/agent.properties)\\\"\\nYour keystore contains 1 entry\\ncloud, \\u003cdate\\u003e, PrivateKeyEntry, ...\\n```\\n\\nOnly the leaf `PrivateKeyEntry` is present — no `trustedCertEntry` for the root CA. The file `/usr/local/cloud/systemvm/conf/cloud.ca.crt` is correctly written on disk (byte-for-byte identical to the live MS root CA), but Java does not read loose PEM files on disk; it only trusts entries inside `cloud.jks`.\\n\\nThe relevant piece of `scripts/util/keystore-cert-import` in 4.22.0.0:\\n```bash\\nCACERT_FILE=\\\"$7\\\"\\nCACERT=$(echo \\\"$8\\\" | tr '^' '\\\\n' | tr '~' ' ')\\n...\\n# Import ca certs\\nif [ ! -z \\\"${CACERT// }\\\" ]; then\\n    echo \\\"$CACERT\\\" \\u003e \\\"$CACERT_FILE\\\"\\nelif [ ! -f \\\"$CACERT_FILE\\\" ]; then\\n    echo \\\"Cannot find ca certificate file: $CACERT_FILE, exiting!\\\"\\n    exit                    # \\u003c-- bare exit -\\u003e exit 0 -\\u003e MS sees success\\nfi\\n\\nawk '/-----BEGIN CERTIFICATE-----?/{n++}{print \\u003e \\\"cloudca.\\\" n }' \\\"$CACERT_FILE\\\"\\nfor caChain in $(ls cloudca.*); do\\n    keytool -delete -noprompt -alias \\\"$caChain\\\" -keystore \\\"$KS_FILE\\\" -storepass \\\"$KS_PASS\\\" \\u003e /dev/null 2\\u003e\\u00261 || true\\n    keytool -import -noprompt -storepass \\\"$KS_PASS\\\" -trustcacerts -alias \\\"$caChain\\\" -file \\\"$caChain\\\" -keystore \\\"$KS_FILE\\\" \\u003e /dev/null 2\\u003e\\u00261\\ndone\\n```\\n\\nExample arguments actually logged by MS for a `v-26-VM` `SetupCertificateCommand` dispatch (6 positional args, not 10):\\n```\\nRun command on VR: \\u003cSYSVM_IP\\u003e, script: keystore-cert-import with args:\\n  /usr/local/cloud/systemvm/conf/agent.properties \\u003cKS_PASS\\u003e\\n  /usr/local/cloud/systemvm/conf/cloud.jks\\n  ssh\\n  /usr/local/cloud/systemvm/conf/cloud.crt\\n  \\\"-----BEGIN~CERTIFICATE-----^...leaf cert content...\\\"\\n```\\n\\n`$7` (CACERT_FILE) and `$8` (CACERT content) are absent.\\n\\n\\n### versions\\n\\n- Apache CloudStack: 4.22.0.0 (package `cloudstack-management-4.22.0.0-shapeblue0`, ShapeBlue RPM build)\\n- Management server host OS: Rocky Linux 10.0\\n- Management server JDK: OpenJDK 21.0.10 (for `cloudstack-management.service`)\\n- SystemVM template: `systemvmtemplate-4.22.0-x86_64-vmware.ova` (official 4.22.0 vSphere OVA, built Tue Oct 14 11:01:03 UTC 2025)\\n- SystemVM guest OS: Debian 12 (bookworm), OpenJDK 17.0.16 (`keytool` as shipped in the image)\\n- Hypervisor: VMware vSphere (ESXi cluster, 6 hosts)\\n- Primary storage: VMFS\\n- Secondary storage: NFS\\n- Network: VMware DVS, shared Public VLAN for system VMs, Basic zone networking\\n- CA framework: `ca.framework.provider.plugin=root`, `ca.plugin.root.auth.strictness=false`\\n\\n\\n### The steps to reproduce the bug\\n\\n1. Install Apache CloudStack 4.22.0.0 management server on a clean host (e.g. Rocky 10).\\n2. Register a VMware zone and upload the official `systemvmtemplate-4.22.0-x86_64-vmware.ova` as the SystemVM template (type `SYSTEM`).\\n3. Let ACS auto-provision the ConsoleProxy and SecondaryStorageVm for that zone.\\n4. Wait ~1 minute after both system VMs reach `state=Running`, `power_state=PowerOn`.\\n5. Observe in `management-server.log` that `SetupCertificateCommand` is dispatched via the VMware SSH path and returns `SetupCertificateAnswer: result=true`.\\n6. Despite that \\\"success\\\", `management-server.log` keeps emitting `SSL error caught during unwrap data: (certificate_unknown) Received fatal alert: certificate_unknown, ... remote address=/\\u003cSYSVM\\u003e:xxxxx` every ~10 s.\\n7. SSH into the system VM on port 3922 using the MS key (`/var/cloudstack/management/.ssh/id_rsa`) and run:\\n   ```\\n   PASS=$(sed -n 's/^keystore.passphrase=//p' /usr/local/cloud/systemvm/conf/agent.properties)\\n   keytool -list -keystore /usr/local/cloud/systemvm/conf/cloud.jks -storepass \\\"$PASS\\\"\\n   ```\\n   Expected (buggy) output: the keystore contains exactly 1 entry (`cloud`, `PrivateKeyEntry`) — no `trustedCertEntry`.\\n8. Verify `/usr/local/cloud/systemvm/conf/cloud.ca.crt` exists on disk and matches the MS root CA (same serial as `ca.plugin.root.ca.certificate` in the `configuration` table), but it was never imported into the keystore.\\n9. Result: the agent never completes TLS, the host never reaches `Up`, and the console proxy never opens its public HTTP listener — browser hits `ERR_CONNECTION_REFUSED` on the system VM public IP.\\n\\n\\n### What to do about it?\\n\\nTwo fixes, ideally both.\\n\\n**A. Primary — ensure the VMware SSH dispatch of `SetupCertificateCommand` passes the CA args.**\\n\\nThe dispatch path that invokes `scripts/util/keystore-cert-import` needs to also pass positional arguments `$7` (`/usr/local/cloud/systemvm/conf/cloud.ca.crt`) and `$8` (CA certificate content, same `^`/`~`-encoded form used for the leaf cert in `$6`). The CA material is already available in the `Certificate` object used by `CAManagerImpl` (see `server/src/main/java/org/apache/cloudstack/ca/CAManagerImpl.java` around the `SetupCertificateCommand cmd = new SetupCertificateCommand(certificate)` call) and in `ca.plugin.root.ca.certificate` in the `configuration` table — it just isn't being carried into the script invocation on the VMware SSH path.\\n\\nRelevant files:\\n- `core/src/main/java/org/apache/cloudstack/ca/SetupCertificateCommand.java` — command payload; may need to explicitly carry the CA certificate to the VR path.\\n- `server/src/main/java/org/apache/cloudstack/ca/CAManagerImpl.java` — where the command is built; has the `Certificate` object with CA material.\\n- `plugins/hypervisors/vmware/src/main/java/com/cloud/hypervisor/vmware/resource/VmwareResource.java` — VMware `executeInVR` dispatch; check the branch that handles `SetupCertificateCommand` and routes it to `keystore-cert-import`.\\n\\n**B. Secondary — make `scripts/util/keystore-cert-import` fail loud, with a safe disk fallback.**\\n\\nCurrent (buggy) behaviour:\\n```bash\\nelif [ ! -f \\\"$CACERT_FILE\\\" ]; then\\n    echo \\\"Cannot find ca certificate file: $CACERT_FILE, exiting!\\\"\\n    exit\\nfi\\n```\\n\\nSuggested patch:\\n```diff\\n- elif [ ! -f \\\"$CACERT_FILE\\\" ]; then\\n-     echo \\\"Cannot find ca certificate file: $CACERT_FILE, exiting!\\\"\\n-     exit\\n- fi\\n+ elif [ ! -f \\\"$CACERT_FILE\\\" ]; then\\n+     # Fall back to the CA cert that cloud-early-config placed on disk.\\n+     if [ -f /usr/local/cloud/systemvm/conf/cloud.ca.crt ]; then\\n+         CACERT_FILE=/usr/local/cloud/systemvm/conf/cloud.ca.crt\\n+     else\\n+         echo \\\"Cannot find ca certificate file; neither arg \\\\$7 nor /usr/local/cloud/systemvm/conf/cloud.ca.crt available, aborting!\\\" \\u003e\\u00262\\n+         exit 1\\n+     fi\\n+ fi\\n```\\nA non-zero exit lets the management server see the failure (today, `SetupCertificateAnswer.result=true` completely masks it). The disk fallback is defense-in-depth against future dispatch-side regressions of this same shape.\\n\\n**Workaround currently in use on the affected deployment (for anyone hitting this before a fix is merged):**\\nFor each system VM, extract the existing leaf key+cert with `openssl pkcs12`, rebuild the PKCS12 with `openssl pkcs12 -export ... -certfile cloud.ca.crt`, then `keytool -import -noprompt -trustcacerts -alias cloudca -file cloud.ca.crt -keystore cloud.jks -storepass \\u003cagent.properties passphrase\\u003e`, then `systemctl restart cloud`. Note: the `keytool` shipped in the 4.22 systemvm template (OpenJDK 17.0.16, Debian 12) rejected `-import` of both PEM and DER forms of the CA with `CertificateParsingException: signed overrun, bytes = 115`, so the rebuilt keystore had to be generated on the management server (OpenJDK 21) and copied back. That broken `keytool -import` behaviour on the systemvm image may deserve a separate issue.\\n\",\"author_association\":\"NONE\",\"user\":{\"login\":\"sandabot\",\"id\":87813208,\"node_id\":\"MDQ6VXNlcjg3ODEzMjA4\",\"avatar_url\":\"https://avatars.githubusercontent.com/u/87813208?v=4\",\"html_url\":\"https://github.com/sandabot\",\"gravatar_id\":\"\",\"type\":\"User\",\"site_admin\":false,\"url\":\"https://api.github.com/users/sandabot\",\"events_url\":\"https://api.github.com/users/sandabot/events{/privacy}\",\"following_url\":\"https://api.github.com/users/sandabot/following{/other_user}\",\"followers_url\":\"https://api.github.com/users/sandabot/followers\",\"gists_url\":\"https://api.github.com/users/sandabot/gists{/gist_id}\",\"organizations_url\":\"https://api.github.com/users/sandabot/orgs\",\"received_events_url\":\"https://api.github.com/users/sandabot/received_events\",\"repos_url\":\"https://api.github.com/users/sandabot/repos\",\"starred_url\":\"https://api.github.com/users/sandabot/starred{/owner}{/repo}\",\"subscriptions_url\":\"https://api.github.com/users/sandabot/subscriptions\"},\"labels\":[{\"id\":37843364,\"url\":\"https://api.github.com/repos/apache/cloudstack/labels/type:bug\",\"name\":\"type:bug\",\"color\":\"fc2929\",\"description\":\"\",\"default\":false,\"node_id\":\"MDU6TGFiZWwzNzg0MzM2NA==\"},{\"id\":584073207,\"url\":\"https://api.github.com/repos/apache/cloudstack/labels/component:vmware\",\"name\":\"component:vmware\",\"color\":\"fef2c0\",\"description\":\"\",\"default\":false,\"node_id\":\"MDU6TGFiZWw1ODQwNzMyMDc=\"}],\"comments\":4,\"created_at\":\"2026-04-23T11:43:38Z\",\"updated_at\":\"2026-08-18T15:05:31Z\",\"url\":\"https://api.github.com/repos/apache/cloudstack/issues/13064\",\"html_url\":\"https://github.com/apache/cloudstack/issues/13064\",\"comments_url\":\"https://api.github.com/repos/apache/cloudstack/issues/13064/comments\",\"events_url\":\"https://api.github.com/repos/apache/cloudstack/issues/13064/events\",\"labels_url\":\"https://api.github.com/repos/apache/cloudstack/issues/13064/labels{/name}\",\"repository_url\":\"https://api.github.com/repos/apache/cloudstack\",\"milestone\":{\"url\":\"https://api.github.com/repos/apache/cloudstack/milestones/45\",\"html_url\":\"https://github.com/apache/cloudstack/milestone/45\",\"labels_url\":\"https://api.github.com/repos/apache/cloudstack/milestones/45/labels\",\"id\":14595362,\"number\":45,\"state\":\"open\",\"title\":\"4.20.4\",\"creator\":{\"login\":\"DaanHoogland\",\"id\":2486961,\"node_id\":\"MDQ6VXNlcjI0ODY5NjE=\",\"avatar_url\":\"https://avatars.githubusercontent.com/u/2486961?v=4\",\"html_url\":\"https://github.com/DaanHoogland\",\"gravatar_id\":\"\",\"type\":\"User\",\"site_admin\":false,\"url\":\"https://api.github.com/users/DaanHoogland\",\"events_url\":\"https://api.github.com/users/DaanHoogland/events{/privacy}\",\"following_url\":\"https://api.github.com/users/DaanHoogland/following{/other_user}\",\"followers_url\":\"https://api.github.com/users/DaanHoogland/followers\",\"gists_url\":\"https://api.github.com/users/DaanHoogland/gists{/gist_id}\",\"organizations_url\":\"https://api.github.com/users/DaanHoogland/orgs\",\"received_events_url\":\"https://api.github.com/users/DaanHoogland/received_events\",\"repos_url\":\"https://api.github.com/users/DaanHoogland/repos\",\"starred_url\":\"https://api.github.com/users/DaanHoogland/starred{/owner}{/repo}\",\"subscriptions_url\":\"https://api.github.com/users/DaanHoogland/subscriptions\"},\"open_issues\":135,\"closed_issues\":79,\"created_at\":\"2026-01-21T11:18:05Z\",\"updated_at\":\"2026-09-15T19:56:19Z\",\"node_id\":\"MI_kwDOAJTq2M4A3rUi\"},\"reactions\":{\"total_count\":0,\"+1\":0,\"-1\":0,\"laugh\":0,\"confused\":0,\"heart\":0,\"hooray\":0,\"rocket\":0,\"eyes\":0,\"url\":\"https://api.github.com/repos/apache/cloudstack/issues/13064/reactions\"},\"node_id\":\"I_kwDOAJTq2M8AAAABATvJjQ\"},{\"id\":5075366794,\"number\":13806,\"state\":\"closed\",\"state_reason\":\"completed\",\"locked\":false,\"title\":\"KVM: default (libvirt-chosen) cirrus video renders a blank console for Windows Server 2025 Core — default should be vga\",\"body\":\"## Summary\\r\\n\\r\\nOn KVM, CloudStack does not specify a video model unless `vm.video.hardware` (agent\\r\\nproperty) or the `video.hardware` VM setting is set. libvirt then falls back to its\\r\\nx86 default, **cirrus** — a device QEMU deprecated years ago. With Windows Server 2025\\r\\n**Core**, the guest boots fine but the console never renders: `LogonUI.exe` stays\\r\\ncompletely blank (mouse cursor moves, keyboard input incl. Ctrl-Alt-Del is delivered,\\r\\nqemu-guest-agent works — only the display output is missing). The VM is effectively\\r\\nunusable via the console.\\r\\n\\r\\nSwitching the same VM to `video.hardware=vga` renders the logon UI immediately.\\r\\n\\r\\nReported against 4.22/4.23-era code; the selection logic is unchanged on main\\r\\n(`LibvirtComputingResource.createVideoDef()`: uses `vm.video.hardware`, default null →\\r\\nno `\\u003cvideo\\u003e` model emitted → libvirt default cirrus).\\r\\n\\r\\n## Reproduction (A/B on the same VM)\\r\\n\\r\\nEnvironment: EL9 KVM host (qemu-kvm 9.x), CloudStack KVM agent, guest = Windows Server\\r\\n2025 Standard Evaluation, **Server Core**, UEFI (OVMF), q35, virtio disk/NIC.\\r\\n\\r\\n1. Start the VM with no video setting → libvirt gives `\\u003cmodel type='cirrus' vram='16384'/\\u003e`.\\r\\n   - Guest boots (qemu-guest-agent responds, `guest-exec` works, CPU active).\\r\\n   - Console: LogonUI window frame visible, content area entirely black. Mouse moves,\\r\\n     Ctrl-Alt-Del (sent via console and via `virsh send-key`) is accepted but nothing\\r\\n     ever paints. (Screenshots available; can attach on request.)\\r\\n2. Stop the VM, set VM setting `video.hardware=vga` (+ `video.ram=32768`), start.\\r\\n   - Same boot, console immediately shows `Press Ctrl-Alt-Del to unlock` at high\\r\\n     resolution. (Screenshot available.)\\r\\n\\r\\nData point narrowing the scope: a **Desktop Experience** (full UI) Windows Server 2025\\r\\ndeployed on the same platform renders on cirrus — the total render failure appears\\r\\nspecific to **Server Core**'s minimal logon/display stack. (Cirrus is still limited to\\r\\n1024x768-ish modes and 16 MB VRAM for every guest.)\\r\\n\\r\\n## Why cirrus is the wrong default in 2026 (references)\\r\\n\\r\\n1. **QEMU deprecation warning, emitted live on EL9** when CloudStack starts such a VM:\\r\\n   `qemu-kvm: warning: 'cirrus-vga' is deprecated, please use a different VGA card instead`\\r\\n2. **QEMU switched its own default** away from cirrus to `-vga std` in **QEMU 2.2 (2014)**\\r\\n   (see QEMU 2.2 changelog).\\r\\n3. **Gerd Hoffmann (QEMU display maintainer), \\\"qemu: using cirrus considered harmful\\\"**\\r\\n   (kraxel.org, 2014): 16 MB VRAM ceiling, no modes beyond 1024x768@24bpp, depends on\\r\\n   ancient guest drivers; recommends stdvga for Windows guests.\\r\\n4. **Ecosystem defaults**: virt-manager/virt-install (via libosinfo) select vga/QXL/virtio\\r\\n   for modern guests; Proxmox VE defaults to std VGA; OpenStack Nova moved its default\\r\\n   video model off cirrus. CloudStack is the outlier by inheriting libvirt's legacy default.\\r\\n\\r\\n## Proposal\\r\\n\\r\\n- Emit an explicit `\\u003cvideo\\u003e` model on KVM instead of inheriting libvirt's cirrus default.\\r\\n  `vga` (standard VBE) is the conservative candidate — every mainstream OS since ~2005\\r\\n  drives it with inbox drivers; virtio-gpu could be opt-in where guest drivers exist.\\r\\n- A default change needs an OS render matrix (Windows 7/10/11, Server 2016-2025 Core and\\r\\n  Desktop, EL7-9, Ubuntu LTS, FreeBSD) — listing it here explicitly so the scope is clear.\\r\\n- At minimum until then: document that Windows Server 2025 Core requires\\r\\n  `video.hardware=vga`, and consider defaulting vga for Windows guest-OS types.\\r\\n\\r\\n## Workarounds (verified)\\r\\n\\r\\n- Per VM: settings `video.hardware=vga`, `video.ram=32768` (stopped VM), then start.\\r\\n- Per host: agent property `vm.video.hardware=vga` in `agent.properties`.\",\"author_association\":\"CONTRIBUTOR\",\"user\":{\"login\":\"andrijapanicsb\",\"id\":45762285,\"node_id\":\"MDQ6VXNlcjQ1NzYyMjg1\",\"avatar_url\":\"https://avatars.githubusercontent.com/u/45762285?v=4\",\"html_url\":\"https://github.com/andrijapanicsb\",\"gravatar_id\":\"\",\"type\":\"User\",\"site_admin\":false,\"url\":\"https://api.github.com/users/andrijapanicsb\",\"events_url\":\"https://api.github.com/users/andrijapanicsb/events{/privacy}\",\"following_url\":\"https://api.github.com/users/andrijapanicsb/following{/other_user}\",\"followers_url\":\"https://api.github.com/users/andrijapanicsb/followers\",\"gists_url\":\"https://api.github.com/users/andrijapanicsb/gists{/gist_id}\",\"organizations_url\":\"https://api.github.com/users/andrijapanicsb/orgs\",\"received_events_url\":\"https://api.github.com/users/andrijapanicsb/received_events\",\"repos_url\":\"https://api.github.com/users/andrijapanicsb/repos\",\"starred_url\":\"https://api.github.com/users/andrijapanicsb/starred{/owner}{/repo}\",\"subscriptions_url\":\"https://api.github.com/users/andrijapanicsb/subscriptions\"},\"labels\":[{\"id\":37843364,\"url\":\"https://api.github.com/repos/apache/cloudstack/labels/type:bug\",\"name\":\"type:bug\",\"color\":\"fc2929\",\"description\":\"\",\"default\":false,\"node_id\":\"MDU6TGFiZWwzNzg0MzM2NA==\"},{\"id\":584072971,\"url\":\"https://api.github.com/repos/apache/cloudstack/labels/component:kvm\",\"name\":\"component:kvm\",\"color\":\"006b75\",\"description\":\"\",\"default\":false,\"node_id\":\"MDU6TGFiZWw1ODQwNzI5NzE=\"}],\"comments\":2,\"closed_at\":\"2026-09-09T09:01:44Z\",\"created_at\":\"2026-08-05T21:27:26Z\",\"updated_at\":\"2026-09-09T09:01:44Z\",\"url\":\"https://api.github.com/repos/apache/cloudstack/issues/13806\",\"html_url\":\"https://github.com/apache/cloudstack/issues/13806\",\"comments_url\":\"https://api.github.com/repos/apache/cloudstack/issues/13806/comments\",\"events_url\":\"https://api.github.com/repos/apache/cloudstack/issues/13806/events\",\"labels_url\":\"https://api.github.com/repos/apache/cloudstack/issues/13806/labels{/name}\",\"repository_url\":\"https://api.github.com/repos/apache/cloudstack\",\"milestone\":{\"url\":\"https://api.github.com/repos/apache/cloudstack/milestones/46\",\"html_url\":\"https://github.com/apache/cloudstack/milestone/46\",\"labels_url\":\"https://api.github.com/repos/apache/cloudstack/milestones/46/labels\",\"id\":15514689,\"number\":46,\"state\":\"open\",\"title\":\"4.22.2\",\"description\":\"\",\"creator\":{\"login\":\"sureshanaparti\",\"id\":12028987,\"node_id\":\"MDQ6VXNlcjEyMDI4OTg3\",\"avatar_url\":\"https://avatars.githubusercontent.com/u/12028987?v=4\",\"html_url\":\"https://github.com/sureshanaparti\",\"gravatar_id\":\"\",\"type\":\"User\",\"site_admin\":false,\"url\":\"https://api.github.com/users/sureshanaparti\",\"events_url\":\"https://api.github.com/users/sureshanaparti/events{/privacy}\",\"following_url\":\"https://api.github.com/users/sureshanaparti/following{/other_user}\",\"followers_url\":\"https://api.github.com/users/sureshanaparti/followers\",\"gists_url\":\"https://api.github.com/users/sureshanaparti/gists{/gist_id}\",\"organizations_url\":\"https://api.github.com/users/sureshanaparti/orgs\",\"received_events_url\":\"https://api.github.com/users/sureshanaparti/received_events\",\"repos_url\":\"https://api.github.com/users/sureshanaparti/repos\",\"starred_url\":\"https://api.github.com/users/sureshanaparti/starred{/owner}{/repo}\",\"subscriptions_url\":\"https://api.github.com/users/sureshanaparti/subscriptions\"},\"open_issues\":252,\"closed_issues\":114,\"created_at\":\"2026-04-13T07:02:43Z\",\"updated_at\":\"2026-09-29T13:13:59Z\",\"node_id\":\"MI_kwDOAJTq2M4A7LxB\"},\"reactions\":{\"total_count\":0,\"+1\":0,\"-1\":0,\"laugh\":0,\"confused\":0,\"heart\":0,\"hooray\":0,\"rocket\":0,\"eyes\":0,\"url\":\"https://api.github.com/repos/apache/cloudstack/issues/13806/reactions\"},\"node_id\":\"I_kwDOAJTq2M8AAAABLoPzig\"},{\"id\":3578319526,\"number\":11956,\"state\":\"open\",\"locked\":false,\"title\":\"Migrating VM instances fails using arm64 hosts\",\"body\":\"### problem\\n\\nMigrating systemvms (CPVM/SSVM) from arm64 local-storage based host throws this error using 4.22/RC3:\\n\\n```\\n2025-11-02 00:24:01,001 DEBUG [c.c.a.t.Request] (AgentManager-Handler-1:[]) (logid:) Seq 233-8103101629546364942: Processing:  { Ans: , MgmtId: 104339268210986, via: 233, Ver: v1, Flags: 110, [{\\\"com.cloud.agent.api.Answer\\\":{\\\"result\\\":\\\"false\\\",\\\"details\\\":\\\"com.cloud.utils.exception.CloudRuntimeException: Could not fetch storage pool 63229d40-f348-4636-8707-74ab46ab28d0 from libvirt due to org.libvirt.LibvirtException: Storage pool not found: no storage pool with matching uuid '63229d40-f348-4636-8707-74ab46ab28d0'\\n        at com.cloud.hypervisor.kvm.storage.KVMStoragePoolManager.getStoragePool(KVMStoragePoolManager.java:286)\\n        at com.cloud.hypervisor.kvm.storage.KVMStoragePoolManager.getStoragePool(KVMStoragePoolManager.java:272)\\n        at com.cloud.hypervisor.kvm.storage.KVMStoragePoolManager.disconnectPhysicalDisksViaVmSpec(KVMStoragePoolManager.java:247)\\n        at com.cloud.hypervisor.kvm.resource.wrapper.LibvirtPrepareForMigrationCommandWrapper.handleRollback(LibvirtPrepareForMigrationCommandWrapper.java:160)\\n        at com.cloud.hypervisor.kvm.resource.wrapper.LibvirtPrepareForMigrationCommandWrapper.execute(LibvirtPrepareForMigrationCommandWrapper.java:59)\\n        at com.cloud.hypervisor.kvm.resource.wrapper.LibvirtPrepareForMigrationCommandWrapper.execute(LibvirtPrepareForMigrationCommandWrapper.java:50)\\n        at com.cloud.hypervisor.kvm.resource.wrapper.LibvirtRequestWrapper.execute(LibvirtRequestWrapper.java:78)\\n        at com.cloud.hypervisor.kvm.resource.LibvirtComputingResource.executeRequest(LibvirtComputingResource.java:2280)\\n        at com.cloud.agent.Agent.processRequest(Agent.java:813)\\n        at com.cloud.agent.Agent$AgentRequestHandler.doTask(Agent.java:1295)\\n        at com.cloud.utils.nio.Task.call(Task.java:83)\\n        at com.cloud.utils.nio.Task.call(Task.java:29)\\n        at java.base/java.util.concurrent.FutureTask.run(FutureTask.java:264)\\n        at java.base/java.util.concurrent.ThreadPoolExecutor.runWorker(ThreadPoolExecutor.java:1136)\\n        at java.base/java.util.concurrent.ThreadPoolExecutor$Worker.run(ThreadPoolExecutor.java:635)\\n        at java.base/java.lang.Thread.run(Thread.java:840)\\n\\\",\\\"wait\\\":\\\"0\\\",\\\"bypassHostMaintenance\\\":\\\"false\\\"}}] }\\n\\n```\\n\\nLater also causes NPE:\\n```\\n2025-11-02 00:24:03,278 INFO  [o.a.c.s.m.KvmNonManagedStorageDataMotionStrategy] (Work-Job-Executor-19:[ctx-b7d81f9a, job-15822/job-15823, ctx-a65e4c89]) (logid:95b78c81) Expunging dest volume [id: 1547, state: Ready] as part of failed VM migration with volumes command for VM [1161].\\n2025-11-02 00:24:03,279 DEBUG [o.a.c.s.v.VolumeServiceImpl] (Work-Job-Executor-19:[ctx-b7d81f9a, job-15822/job-15823, ctx-a65e4c89]) (logid:95b78c81) Failed to copy volume java.lang.NullPointerException: Cannot invoke \\\"com.cloud.storage.VolumeVO.getId()\\\" because \\\"this.volumeVO\\\" is null\\n        at org.apache.cloudstack.storage.volume.VolumeObject.stateTransit(VolumeObject.java:243)\\n        at org.apache.cloudstack.storage.volume.VolumeObject.processEvent(VolumeObject.java:413)\\n        at org.apache.cloudstack.storage.motion.StorageSystemDataMotionStrategy.copyAsync(StorageSystemDataMotionStrategy.java:2199)\\n        at org.apache.cloudstack.storage.motion.DataMotionServiceImpl.copyAsync(DataMotionServiceImpl.java:136)\\n        at org.apache.cloudstack.storage.volume.VolumeServiceImpl.migrateVolumes(VolumeServiceImpl.java:2356)\\n        at org.apache.cloudstack.engine.orchestration.VolumeOrchestrator.migrateVolumes(VolumeOrchestrator.java:1514)\\n        at java.base/jdk.internal.reflect.NativeMethodAccessorImpl.invoke0(Native Method)\\n        at java.base/jdk.internal.reflect.NativeMethodAccessorImpl.invoke(NativeMethodAccessorImpl.java:77)\\n        at java.base/jdk.internal.reflect.DelegatingMethodAccessorImpl.invoke(DelegatingMethodAccessorImpl.java:43)\\n        at java.base/java.lang.reflect.Method.invoke(Method.java:569)\\n```\\n\\n```\\n2025-11-02 00:24:03,364 ERROR [c.c.v.VmWorkJobDispatcher] (Work-Job-Executor-19:[ctx-b7d81f9a, job-15822/job-15823]) (logid:95b78c81) Unable to complete AsyncJob {\\\"accountId\\\":2,\\\"cmd\\\":\\\"com.cloud.vm.VmWorkMigrateWithStorage\\\",\\\"cmdInfo\\\":\\\"rO0ABXNyACVjb20uY2xvdWQudm0uVm1Xb3JrTWlncmF0ZVdpdGhTdG9yYWdlsew9z6UxtXMCAANKAApkZXN0SG9zdElkSgAJc3JjSG9zdElkTAAMdm9sdW1lVG9Qb29sdAAPTGphdmEvdXRpbC9NYXA7eHIAE2NvbS5jbG91ZC52bS5WbVdvcmufmbZW8CVnawIABEoACWFjY291bnRJZEoABnVzZXJJZEoABHZtSWRMAAtoYW5kbGVyTmFtZXQAEkxqYXZhL2xhbmcvU3RyaW5nO3hwAAAAAAAAAAIAAAAAAAAAAgAAAAAAAASJdAAZVmlydHVhbE1hY2hpbmVNYW5hZ2VySW1wbAAAAAAAAADpAAAAAAAAALNzcgARamF2YS51dGlsLkhhc2hNYXAFB9rBwxZg0QMAAkYACmxvYWRGYWN0b3JJAAl0aHJlc2hvbGR4cD9AAAAAAAAAdwgAAAAQAAAAAHg\\\",\\\"cmdVersion\\\":0,\\\"completeMsid\\\":null,\\\"created\\\":\\\"Sun Nov 02 00:23:46 IST 2025\\\",\\\"id\\\":15823,\\\"initMsid\\\":104339268210986,\\\"instanceId\\\":null,\\\"instanceType\\\":null,\\\"lastPolled\\\":null,\\\"lastUpdated\\\":null,\\\"processStatus\\\":0,\\\"removed\\\":null,\\\"result\\\":null,\\\"resultCode\\\":0,\\\"status\\\":\\\"IN_PROGRESS\\\",\\\"userId\\\":2,\\\"uuid\\\":\\\"f4950b59-4f53-47dc-856a-5abda1a15964\\\"}, job origin: 15822 com.cloud.utils.exception.CloudRuntimeException: Failed to migrate VM [VM instance {\\\"id\\\":1161,\\\"instanceName\\\":\\\"s-1161-VM\\\",\\\"state\\\":\\\"Migrating\\\",\\\"type\\\":\\\"SecondaryStorageVm\\\",\\\"uuid\\\":\\\"ff0368d4-e71c-4e49-ad70-c7dab8ef7ea9\\\"}] along with its volumes due to [java.lang.NullPointerException: Cannot invoke \\\"com.cloud.storage.VolumeVO.getId()\\\" because \\\"this.volumeVO\\\" is null].\\n        at org.apache.cloudstack.engine.orchestration.VolumeOrchestrator.migrateVolumes(VolumeOrchestrator.java:1520)\\n        at java.base/jdk.internal.reflect.NativeMethodAccessorImpl.invoke0(Native Method)\\n        at java.base/jdk.internal.reflect.NativeMethodAccessorImpl.invoke(NativeMethodAccessorImpl.java:77)\\n        at java.base/jdk.internal.reflect.DelegatingMethodAccessorImpl.invoke(DelegatingMethodAccessorImpl.java:43)\\n        at java.base/java.lang.reflect.Method.invoke(Method.java:569)\\n        at org.springframework.aop.support.AopUtils.invokeJoinpointUsingReflection(AopUtils.java:344)\\n        at org.springframework.aop.framework.ReflectiveMethodInvocation.invokeJoinpoint(ReflectiveMethodInvocation.java:198)\\n        at org.springframework.aop.framework.ReflectiveMethodInvocation.proceed(ReflectiveMethodInvocation.java:163)\\n        at org.springframework.aop.interceptor.ExposeInvocationInterceptor.invoke(ExposeInvocationInterceptor.java:97)\\n        at org.springframework.aop.framework.ReflectiveMethodInvocation.proceed(ReflectiveMethodInvocation.java:186)\\n\\n```\\n\\nOn the target host, this exists:\\n```\\nroot@cloudpi:/home/rohit# virsh pool-dumpxml cc155507-f2ba-4a96-a9b9-2dac9dc50a24\\n\\u003cpool type='dir'\\u003e\\n  \\u003cname\\u003ecc155507-f2ba-4a96-a9b9-2dac9dc50a24\\u003c/name\\u003e\\n  \\u003cuuid\\u003ecc155507-f2ba-4a96-a9b9-2dac9dc50a24\\u003c/uuid\\u003e\\n  \\u003ccapacity unit='bytes'\\u003e1969186340864\\u003c/capacity\\u003e\\n  \\u003callocation unit='bytes'\\u003e1526301487104\\u003c/allocation\\u003e\\n  \\u003cavailable unit='bytes'\\u003e442884853760\\u003c/available\\u003e\\n  \\u003csource\\u003e\\n  \\u003c/source\\u003e\\n  \\u003ctarget\\u003e\\n    \\u003cpath\\u003e/var/lib/libvirt/images\\u003c/path\\u003e\\n    \\u003cpermissions\\u003e\\n      \\u003cmode\\u003e0711\\u003c/mode\\u003e\\n      \\u003cowner\\u003e0\\u003c/owner\\u003e\\n      \\u003cgroup\\u003e0\\u003c/group\\u003e\\n    \\u003c/permissions\\u003e\\n  \\u003c/target\\u003e\\n\\u003c/pool\\u003e\\n\\n```\\n\\nOn the source host, this exists:\\n```\\nroot@kvmpi:/home/rohit# virsh pool-dumpxml 63229d40-f348-4636-8707-74ab46ab28d0\\n\\u003cpool type='dir'\\u003e\\n  \\u003cname\\u003e63229d40-f348-4636-8707-74ab46ab28d0\\u003c/name\\u003e\\n  \\u003cuuid\\u003e63229d40-f348-4636-8707-74ab46ab28d0\\u003c/uuid\\u003e\\n  \\u003ccapacity unit='bytes'\\u003e1969186340864\\u003c/capacity\\u003e\\n  \\u003callocation unit='bytes'\\u003e939565473792\\u003c/allocation\\u003e\\n  \\u003cavailable unit='bytes'\\u003e1029620867072\\u003c/available\\u003e\\n  \\u003csource\\u003e\\n  \\u003c/source\\u003e\\n  \\u003ctarget\\u003e\\n    \\u003cpath\\u003e/var/lib/libvirt/images\\u003c/path\\u003e\\n    \\u003cpermissions\\u003e\\n      \\u003cmode\\u003e0711\\u003c/mode\\u003e\\n      \\u003cowner\\u003e0\\u003c/owner\\u003e\\n      \\u003cgroup\\u003e0\\u003c/group\\u003e\\n    \\u003c/permissions\\u003e\\n  \\u003c/target\\u003e\\n\\u003c/pool\\u003e\\n\\n```\\n\\n\\nIn ACS DB: storage pool are defined (source is pikvm, dest is cloudpi)\\n```\\n*************************** 2. row ***************************\\n                   id: 44\\n                 name: local-pikvm-arm64\\n                 uuid: 63229d40-f348-4636-8707-74ab46ab28d0\\n            pool_type: Filesystem\\n                 port: 0\\n       data_center_id: 1\\n               pod_id: 1\\n           cluster_id: 13\\n           used_bytes: 939565735936\\n       capacity_bytes: 1969186340864\\n         host_address: 10.10.1.10\\n            user_info: NULL\\n                 path: /var/lib/libvirt/images\\n              created: 2024-07-29 15:40:15\\n              removed: NULL\\n          update_time: 2025-11-01 19:00:44\\n               status: Up\\nstorage_provider_name: DefaultPrimary\\n                scope: HOST\\n           hypervisor: KVM\\n              managed: 0\\n        capacity_iops: NULL\\n               parent: 0\\n            used_iops: 24\\n*************************** 3. row ***************************\\n                   id: 47\\n                 name: local-cloudpi-arm64\\n                 uuid: cc155507-f2ba-4a96-a9b9-2dac9dc50a24\\n            pool_type: Filesystem\\n                 port: 0\\n       data_center_id: 1\\n               pod_id: 1\\n           cluster_id: 13\\n           used_bytes: 1527497064448\\n       capacity_bytes: 1969186340864\\n         host_address: 10.10.1.5\\n            user_info: NULL\\n                 path: /var/lib/libvirt/images\\n              created: 2025-08-10 11:13:27\\n              removed: NULL\\n          update_time: 2025-11-01 19:06:01\\n               status: Up\\nstorage_provider_name: DefaultPrimary\\n                scope: HOST\\n           hypervisor: KVM\\n              managed: 0\\n        capacity_iops: NULL\\n               parent: 0\\n            used_iops: 49\\n\\n```\\n\\n### versions\\n\\nACS 4.22 RC3, adv zone, arm64+x86 mix host env. Preferred arch set to arm64.\\n\\n### The steps to reproduce the bug\\n\\nSee description above\\n\\n### What to do about it?\\n\\nIdeally the local storage pool of the target host should be used in the domain/xml \",\"author_association\":\"MEMBER\",\"user\":{\"login\":\"yadvr\",\"id\":95203,\"node_id\":\"MDQ6VXNlcjk1MjAz\",\"avatar_url\":\"https://avatars.githubusercontent.com/u/95203?v=4\",\"html_url\":\"https://github.com/yadvr\",\"gravatar_id\":\"\",\"type\":\"User\",\"site_admin\":false,\"url\":\"https://api.github.com/users/yadvr\",\"events_url\":\"https://api.github.com/users/yadvr/events{/privacy}\",\"following_url\":\"https://api.github.com/users/yadvr/following{/other_user}\",\"followers_url\":\"https://api.github.com/users/yadvr/followers\",\"gists_url\":\"https://api.github.com/users/yadvr/gists{/gist_id}\",\"organizations_url\":\"https://api.github.com/users/yadvr/orgs\",\"received_events_url\":\"https://api.github.com/users/yadvr/received_events\",\"repos_url\":\"https://api.github.com/users/yadvr/repos\",\"starred_url\":\"https://api.github.com/users/yadvr/starred{/owner}{/repo}\",\"subscriptions_url\":\"https://api.github.com/users/yadvr/subscriptions\"},\"labels\":[{\"id\":2694797573,\"url\":\"https://api.github.com/repos/apache/cloudstack/labels/status:needs-investigation\",\"name\":\"status:needs-investigation\",\"color\":\"906C28\",\"description\":\"\",\"default\":false,\"node_id\":\"MDU6TGFiZWwyNjk0Nzk3NTcz\"},{\"id\":2947893044,\"url\":\"https://api.github.com/repos/apache/cloudstack/labels/platform:arm64\",\"name\":\"platform:arm64\",\"color\":\"2C5B6C\",\"description\":\"\",\"default\":false,\"node_id\":\"MDU6TGFiZWwyOTQ3ODkzMDQ0\"},{\"id\":9831628715,\"url\":\"https://api.github.com/repos/apache/cloudstack/labels/multi-arch\",\"name\":\"multi-arch\",\"color\":\"e89b22\",\"description\":\"\",\"default\":false,\"node_id\":\"LA_kwDOAJTq2M8AAAACSgK_qw\"}],\"assignee\":{\"login\":\"harikrishna-patnala\",\"id\":3348673,\"node_id\":\"MDQ6VXNlcjMzNDg2NzM=\",\"avatar_url\":\"https://avatars.githubusercontent.com/u/3348673?v=4\",\"html_url\":\"https://github.com/harikrishna-patnala\",\"gravatar_id\":\"\",\"type\":\"User\",\"site_admin\":false,\"url\":\"https://api.github.com/users/harikrishna-patnala\",\"events_url\":\"https://api.github.com/users/harikrishna-patnala/events{/privacy}\",\"following_url\":\"https://api.github.com/users/harikrishna-patnala/following{/other_user}\",\"followers_url\":\"https://api.github.com/users/harikrishna-patnala/followers\",\"gists_url\":\"https://api.github.com/users/harikrishna-patnala/gists{/gist_id}\",\"organizations_url\":\"https://api.github.com/users/harikrishna-patnala/orgs\",\"received_events_url\":\"https://api.github.com/users/harikrishna-patnala/received_events\",\"repos_url\":\"https://api.github.com/users/harikrishna-patnala/repos\",\"starred_url\":\"https://api.github.com/users/harikrishna-patnala/starred{/owner}{/repo}\",\"subscriptions_url\":\"https://api.github.com/users/harikrishna-patnala/subscriptions\"},\"comments\":19,\"created_at\":\"2025-11-01T19:00:02Z\",\"updated_at\":\"2026-05-06T09:28:18Z\",\"url\":\"https://api.github.com/repos/apache/cloudstack/issues/11956\",\"html_url\":\"https://github.com/apache/cloudstack/issues/11956\",\"comments_url\":\"https://api.github.com/repos/apache/cloudstack/issues/11956/comments\",\"events_url\":\"https://api.github.com/repos/apache/cloudstack/issues/11956/events\",\"labels_url\":\"https://api.github.com/repos/apache/cloudstack/issues/11956/labels{/name}\",\"repository_url\":\"https://api.github.com/repos/apache/cloudstack\",\"milestone\":{\"url\":\"https://api.github.com/repos/apache/cloudstack/milestones/45\",\"html_url\":\"https://github.com/apache/cloudstack/milestone/45\",\"labels_url\":\"https://api.github.com/repos/apache/cloudstack/milestones/45/labels\",\"id\":14595362,\"number\":45,\"state\":\"open\",\"title\":\"4.20.4\",\"creator\":{\"login\":\"DaanHoogland\",\"id\":2486961,\"node_id\":\"MDQ6VXNlcjI0ODY5NjE=\",\"avatar_url\":\"https://avatars.githubusercontent.com/u/2486961?v=4\",\"html_url\":\"https://github.com/DaanHoogland\",\"gravatar_id\":\"\",\"type\":\"User\",\"site_admin\":false,\"url\":\"https://api.github.com/users/DaanHoogland\",\"events_url\":\"https://api.github.com/users/DaanHoogland/events{/privacy}\",\"following_url\":\"https://api.github.com/users/DaanHoogland/following{/other_user}\",\"followers_url\":\"https://api.github.com/users/DaanHoogland/followers\",\"gists_url\":\"https://api.github.com/users/DaanHoogland/gists{/gist_id}\",\"organizations_url\":\"https://api.github.com/users/DaanHoogland/orgs\",\"received_events_url\":\"https://api.github.com/users/DaanHoogland/received_events\",\"repos_url\":\"https://api.github.com/users/DaanHoogland/repos\",\"starred_url\":\"https://api.github.com/users/DaanHoogland/starred{/owner}{/repo}\",\"subscriptions_url\":\"https://api.github.com/users/DaanHoogland/subscriptions\"},\"open_issues\":135,\"closed_issues\":79,\"created_at\":\"2026-01-21T11:18:05Z\",\"updated_at\":\"2026-09-15T19:56:19Z\",\"node_id\":\"MI_kwDOAJTq2M4A3rUi\"},\"reactions\":{\"total_count\":0,\"+1\":0,\"-1\":0,\"laugh\":0,\"confused\":0,\"heart\":0,\"hooray\":0,\"rocket\":0,\"eyes\":0,\"url\":\"https://api.github.com/repos/apache/cloudstack/issues/11956/reactions\"},\"assignees\":[{\"login\":\"harikrishna-patnala\",\"id\":3348673,\"node_id\":\"MDQ6VXNlcjMzNDg2NzM=\",\"avatar_url\":\"https://avatars.githubusercontent.com/u/3348673?v=4\",\"html_url\":\"https://github.com/harikrishna-patnala\",\"gravatar_id\":\"\",\"type\":\"User\",\"site_admin\":false,\"url\":\"https://api.github.com/users/harikrishna-patnala\",\"events_url\":\"https://api.github.com/users/harikrishna-patnala/events{/privacy}\",\"following_url\":\"https://api.github.com/users/harikrishna-patnala/following{/other_user}\",\"followers_url\":\"https://api.github.com/users/harikrishna-patnala/followers\",\"gists_url\":\"https://api.github.com/users/harikrishna-patnala/gists{/gist_id}\",\"organizations_url\":\"https://api.github.com/users/harikrishna-patnala/orgs\",\"received_events_url\":\"https://api.github.com/users/harikrishna-patnala/received_events\",\"repos_url\":\"https://api.github.com/users/harikrishna-patnala/repos\",\"starred_url\":\"https://api.github.com/users/harikrishna-patnala/starred{/owner}{/repo}\",\"subscriptions_url\":\"https://api.github.com/users/harikrishna-patnala/subscriptions\"}],\"node_id\":\"I_kwDOAJTq2M7VSNKm\",\"type\":{\"id\":93570,\"node_id\":\"IT_kwDNuP_OAAFtgg\",\"name\":\"Bug\",\"description\":\"An unexpected problem or behavior\",\"color\":\"red\",\"created_at\":\"2024-01-25T09:11:09Z\",\"updated_at\":\"2024-07-26T10:04:57Z\"}},{\"id\":1894161116,\"number\":7961,\"state\":\"closed\",\"state_reason\":\"not_planned\",\"locked\":false,\"title\":\"Multicast traffic problem\",\"body\":\"\\u003c!--\\r\\nVerify first that your issue/request is not already reported on GitHub.\\r\\nAlso test if the latest release and main branch are affected too.\\r\\nAlways add information AFTER of these HTML comments, but no need to delete the comments.\\r\\n--\\u003e\\r\\n\\r\\n##### ISSUE TYPE\\r\\n\\u003c!-- Pick one below and delete the rest --\\u003e\\r\\n\\r\\n * Improvement Request\\r\\n\\r\\n##### COMPONENT NAME\\r\\n\\u003c!--\\r\\nCategorize the issue, e.g. API, VR, VPN, UI, etc.\\r\\n--\\u003e\\r\\nUI\\r\\n\\r\\n##### CLOUDSTACK VERSION\\r\\n\\u003c!--\\r\\nNew line separated list of affected versions, commit ID for issues on main branch.\\r\\n--\\u003e\\r\\nACS 4.18.0.0\\r\\n\\r\\n##### CONFIGURATION\\r\\n\\u003c!--\\r\\nInformation about the configuration if relevant, e.g. basic network, advanced networking, etc.  N/A otherwise\\r\\n--\\u003e\\r\\n\\r\\n\\r\\n##### OS / ENVIRONMENT\\r\\n\\u003c!--\\r\\nInformation about the environment if relevant, N/A otherwise\\r\\n--\\u003e\\r\\nAlmaLinux8 MGMT+KVM\\r\\n\\r\\n##### SUMMARY\\r\\n\\u003c!-- Explain the problem/feature briefly --\\u003e\\r\\nNeeded multicast traffic to send or receive from user vm to vm.\\r\\n\\r\\n##### STEPS TO REPRODUCE\\r\\n\\u003c!--\\r\\nFor bugs, show exactly how to reproduce the problem, using a minimal test-case. Use Screenshots if accurate.\\r\\nFor new features, show how the feature would be used.\\r\\n--\\u003e\\r\\nI am not sure how to reproduce\\r\\n\\u003c!-- Paste example playbooks or commands between quotes below --\\u003e\\r\\n\\r\\n\\u003c!-- You can also paste gist.github.com links for larger files --\\u003e\\r\\n\\r\\n##### EXPECTED RESULTS\\r\\n\\u003c!-- What did you expect to happen when running the steps above? --\\u003e\\r\\nEsxi system have this option like IGMP\\r\\nAs like below link \\r\\nhttps://prnt.sc/e_f5V9S3xgox\\r\\n\\r\\n##### ACTUAL RESULTS\\r\\n\\u003c!-- What actually happened? --\\u003e\\r\\n\\r\\n\\u003c!-- Paste verbatim command output between quotes below --\\u003e\\r\\n~~~\\r\\n\\r\\n\",\"author_association\":\"NONE\",\"user\":{\"login\":\"alamintech\",\"id\":68062764,\"node_id\":\"MDQ6VXNlcjY4MDYyNzY0\",\"avatar_url\":\"https://avatars.githubusercontent.com/u/68062764?v=4\",\"html_url\":\"https://github.com/alamintech\",\"gravatar_id\":\"\",\"type\":\"User\",\"site_admin\":false,\"url\":\"https://api.github.com/users/alamintech\",\"events_url\":\"https://api.github.com/users/alamintech/events{/privacy}\",\"following_url\":\"https://api.github.com/users/alamintech/following{/other_user}\",\"followers_url\":\"https://api.github.com/users/alamintech/followers\",\"gists_url\":\"https://api.github.com/users/alamintech/gists{/gist_id}\",\"organizations_url\":\"https://api.github.com/users/alamintech/orgs\",\"received_events_url\":\"https://api.github.com/users/alamintech/received_events\",\"repos_url\":\"https://api.github.com/users/alamintech/repos\",\"starred_url\":\"https://api.github.com/users/alamintech/starred{/owner}{/repo}\",\"subscriptions_url\":\"https://api.github.com/users/alamintech/subscriptions\"},\"labels\":[{\"id\":1391968610,\"url\":\"https://api.github.com/repos/apache/cloudstack/labels/Severity:Minor\",\"name\":\"Severity:Minor\",\"color\":\"906666\",\"description\":\"\",\"default\":false,\"node_id\":\"MDU6TGFiZWwxMzkxOTY4NjEw\"},{\"id\":9849008471,\"url\":\"https://api.github.com/repos/apache/cloudstack/labels/no-issue-activity\",\"name\":\"no-issue-activity\",\"color\":\"ededed\",\"default\":false,\"node_id\":\"LA_kwDOAJTq2M8AAAACSwvxVw\"}],\"assignee\":{\"login\":\"weizhouapache\",\"id\":57355700,\"node_id\":\"MDQ6VXNlcjU3MzU1NzAw\",\"avatar_url\":\"https://avatars.githubusercontent.com/u/57355700?v=4\",\"html_url\":\"https://github.com/weizhouapache\",\"gravatar_id\":\"\",\"type\":\"User\",\"site_admin\":false,\"url\":\"https://api.github.com/users/weizhouapache\",\"events_url\":\"https://api.github.com/users/weizhouapache/events{/privacy}\",\"following_url\":\"https://api.github.com/users/weizhouapache/following{/other_user}\",\"followers_url\":\"https://api.github.com/users/weizhouapache/followers\",\"gists_url\":\"https://api.github.com/users/weizhouapache/gists{/gist_id}\",\"organizations_url\":\"https://api.github.com/users/weizhouapache/orgs\",\"received_events_url\":\"https://api.github.com/users/weizhouapache/received_events\",\"repos_url\":\"https://api.github.com/users/weizhouapache/repos\",\"starred_url\":\"https://api.github.com/users/weizhouapache/starred{/owner}{/repo}\",\"subscriptions_url\":\"https://api.github.com/users/weizhouapache/subscriptions\"},\"comments\":31,\"closed_at\":\"2026-09-24T11:35:11Z\",\"created_at\":\"2023-09-13T09:48:14Z\",\"updated_at\":\"2026-09-24T11:35:11Z\",\"url\":\"https://api.github.com/repos/apache/cloudstack/issues/7961\",\"html_url\":\"https://github.com/apache/cloudstack/issues/7961\",\"comments_url\":\"https://api.github.com/repos/apache/cloudstack/issues/7961/comments\",\"events_url\":\"https://api.github.com/repos/apache/cloudstack/issues/7961/events\",\"labels_url\":\"https://api.github.com/repos/apache/cloudstack/issues/7961/labels{/name}\",\"repository_url\":\"https://api.github.com/repos/apache/cloudstack\",\"milestone\":{\"url\":\"https://api.github.com/repos/apache/cloudstack/milestones/46\",\"html_url\":\"https://github.com/apache/cloudstack/milestone/46\",\"labels_url\":\"https://api.github.com/repos/apache/cloudstack/milestones/46/labels\",\"id\":15514689,\"number\":46,\"state\":\"open\",\"title\":\"4.22.2\",\"description\":\"\",\"creator\":{\"login\":\"sureshanaparti\",\"id\":12028987,\"node_id\":\"MDQ6VXNlcjEyMDI4OTg3\",\"avatar_url\":\"https://avatars.githubusercontent.com/u/12028987?v=4\",\"html_url\":\"https://github.com/sureshanaparti\",\"gravatar_id\":\"\",\"type\":\"User\",\"site_admin\":false,\"url\":\"https://api.github.com/users/sureshanaparti\",\"events_url\":\"https://api.github.com/users/sureshanaparti/events{/privacy}\",\"following_url\":\"https://api.github.com/users/sureshanaparti/following{/other_user}\",\"followers_url\":\"https://api.github.com/users/sureshanaparti/followers\",\"gists_url\":\"https://api.github.com/users/sureshanaparti/gists{/gist_id}\",\"organizations_url\":\"https://api.github.com/users/sureshanaparti/orgs\",\"received_events_url\":\"https://api.github.com/users/sureshanaparti/received_events\",\"repos_url\":\"https://api.github.com/users/sureshanaparti/repos\",\"starred_url\":\"https://api.github.com/users/sureshanaparti/starred{/owner}{/repo}\",\"subscriptions_url\":\"https://api.github.com/users/sureshanaparti/subscriptions\"},\"open_issues\":252,\"closed_issues\":114,\"created_at\":\"2026-04-13T07:02:43Z\",\"updated_at\":\"2026-09-29T13:13:59Z\",\"node_id\":\"MI_kwDOAJTq2M4A7LxB\"},\"reactions\":{\"total_count\":0,\"+1\":0,\"-1\":0,\"laugh\":0,\"confused\":0,\"heart\":0,\"hooray\":0,\"rocket\":0,\"eyes\":0,\"url\":\"https://api.github.com/repos/apache/cloudstack/issues/7961/reactions\"},\"assignees\":[{\"login\":\"weizhouapache\",\"id\":57355700,\"node_id\":\"MDQ6VXNlcjU3MzU1NzAw\",\"avatar_url\":\"https://avatars.githubusercontent.com/u/57355700?v=4\",\"html_url\":\"https://github.com/weizhouapache\",\"gravatar_id\":\"\",\"type\":\"User\",\"site_admin\":false,\"url\":\"https://api.github.com/users/weizhouapache\",\"events_url\":\"https://api.github.com/users/weizhouapache/events{/privacy}\",\"following_url\":\"https://api.github.com/users/weizhouapache/following{/other_user}\",\"followers_url\":\"https://api.github.com/users/weizhouapache/followers\",\"gists_url\":\"https://api.github.com/users/weizhouapache/gists{/gist_id}\",\"organizations_url\":\"https://api.github.com/users/weizhouapache/orgs\",\"received_events_url\":\"https://api.github.com/users/weizhouapache/received_events\",\"repos_url\":\"https://api.github.com/users/weizhouapache/repos\",\"starred_url\":\"https://api.github.com/users/weizhouapache/starred{/owner}{/repo}\",\"subscriptions_url\":\"https://api.github.com/users/weizhouapache/subscriptions\"}],\"node_id\":\"I_kwDOAJTq2M5w5prc\",\"type\":{\"id\":93570,\"node_id\":\"IT_kwDNuP_OAAFtgg\",\"name\":\"Bug\",\"description\":\"An unexpected problem or behavior\",\"color\":\"red\",\"created_at\":\"2024-01-25T09:11:09Z\",\"updated_at\":\"2024-07-26T10:04:57Z\"}},{\"id\":2028308883,\"number\":8314,\"state\":\"closed\",\"state_reason\":\"completed\",\"locked\":false,\"title\":\"IPv6 does not work\",\"body\":\"\\u003c!--\\r\\nVerify first that your issue/request is not already reported on GitHub.\\r\\nAlso test if the latest release and main branch are affected too.\\r\\nAlways add information AFTER of these HTML comments, but no need to delete the comments.\\r\\n--\\u003e\\r\\n\\r\\n##### ISSUE TYPE\\r\\n\\u003c!-- Pick one below and delete the rest --\\u003e\\r\\n * Bug Report\\r\\n\\r\\n##### COMPONENT NAME\\r\\n\\u003c!--\\r\\nCategorize the issue, e.g. API, VR, VPN, UI, etc.\\r\\n--\\u003e\\r\\n~~~\\r\\nNetwork\\r\\n~~~\\r\\n\\r\\n##### CLOUDSTACK VERSION\\r\\n\\u003c!--\\r\\nNew line separated list of affected versions, commit ID for issues on main branch.\\r\\n--\\u003e\\r\\n\\r\\n~~~\\r\\n4.18.1.0\\r\\n~~~\\r\\n\\r\\n##### CONFIGURATION\\r\\n\\u003c!--\\r\\nInformation about the configuration if relevant, e.g. basic network, advanced networking, etc.  N/A otherwise\\r\\n--\\u003e\\r\\n\\r\\nAdvanced network, isolated network with dualstack ip config\\r\\n##### OS / ENVIRONMENT\\r\\n\\u003c!--\\r\\nInformation about the environment if relevant, N/A otherwise\\r\\n--\\u003e\\r\\nCompute:\\r\\n~~~\\r\\nroot@cloud2:~# cat /etc/os-release\\r\\nPRETTY_NAME=\\\"Ubuntu 22.04.3 LTS\\\"\\r\\nNAME=\\\"Ubuntu\\\"\\r\\nVERSION_ID=\\\"22.04\\\"\\r\\nVERSION=\\\"22.04.3 LTS (Jammy Jellyfish)\\\"\\r\\n~~~\\r\\n\\r\\n##### SUMMARY\\r\\n\\u003c!-- Explain the problem/feature briefly --\\u003e\\r\\nWhen creating an isolated network with ipv4+ipv6, ip addresses are assigned to the VM (displayed in the interface), but are not received via DHCP from the virtual router inside VM. At the same time ipv4 addresses are received by guest VMs normally. Setting the enable-ra option, which is not enabled by default in /etc/dnsmasq.conf has no effect. When assigning ipv6 manually to the guest VM (the one specified in the interface), ping to the virtual router fails with the error \\r\\n~~~\\r\\nDestination unreachable: Address unreachable. \\r\\n~~~\\r\\ntcpdump on the bridge where virtual interfaces are located:\\r\\n~~~\\r\\n12:03:15.186417 IP6 2a00:1728:23:109f:1:ff:fee7:1 \\u003e ff02::1:ff00:1: ICMP6, neighbor solicitation, who has 2a00:1728:23:109f::1, length 32\\r\\n12:03:16.210411 IP6 2a00:1728:23:109f:1:ff:fee7:1 \\u003e ff02::1:ff00:1: ICMP6, neighbor solicitation, who has 2a00:1728:23:109f::1, length 32\\r\\n12:03:17.234483 IP6 2a00:1728:23:109f:1:ff:fee7:1 \\u003e ff02::1:ff00:1: ICMP6, neighbor solicitation, who has 2a00:1728:23:109f::1, length 32\\r\\n12:03:17.234737 IP 10.1.1.254.22 \\u003e 10.1.1.1.59366: Flags [P.], seq 1169432167:1169432483, ack 3282011073, win 501, length 316\\r\\n12:03:17.234945 IP 10.1.1.1.59366 \\u003e 10.1.1.254.22: Flags [.], ack 316, win 5882, length 0\\r\\n12:03:18.258392 IP6 2a00:1728:23:109f:1:ff:fee7:1 \\u003e ff02::1:ff00:1: ICMP6, neighbor solicitation, who has 2a00:1728:23:109f::1, length 32\\r\\n12:03:18.410325 IP6 fe80::1:ff:fee7:2 \\u003e ff02::1: ICMP6, router advertisement, length 104\\r\\n12:03:19.282398 IP6 2a00:1728:23:109f:1:ff:fee7:1 \\u003e ff02::1:ff00:1: ICMP6, neighbor solicitation, who has 2a00:1728:23:109f::1, length 32\\r\\n12:03:20.306561 IP6 2a00:1728:23:109f:1:ff:fee7:1 \\u003e ff02::1:ff00:1: ICMP6, neighbor solicitation, who has 2a00:1728:23:109f::1, length 32\\r\\n\\r\\n~~~\\r\\nTested on Debian 11, Ubuntu 22.04 b CentOS5 (deployed from built-in template). No additional configurations at host level.\\r\\n\\r\\n##### STEPS TO REPRODUCE\\r\\n\\u003c!--\\r\\nFor bugs, show exactly how to reproduce the problem, using a minimal test-case. Use Screenshots if accurate.\\r\\n\\r\\nFor new features, show how the feature would be used.\\r\\n--\\u003e\\r\\ncreate an isolated network as shown in the video https://www.youtube.com/watch?v=rqqJENCAwoo. Create a VM on this network. Log in to the VM and check the ipv6 assignment on the primary interface. Try pinging the virtual router\\r\\n\\u003c!-- Paste example playbooks or commands between quotes below --\\u003e\\r\\n~~~\\r\\n\\r\\n~~~\\r\\n\\r\\n\\u003c!-- You can also paste gist.github.com links for larger files --\\u003e\\r\\n\\r\\n##### EXPECTED RESULTS\\r\\n\\u003c!-- What did you expect to happen when running the steps above? --\\u003e\\r\\nGuest VM gets ipv6 by dhcp and can ping the virtual router\\r\\n~~~\\r\\n~~~\\r\\n\\r\\n##### ACTUAL RESULTS\\r\\n\\u003c!-- What actually happened? --\\u003e\\r\\nGuest VM does not get ipv6 ip over dhcp and cannot ping the virtual router\\r\\n\\u003c!-- Paste verbatim command output between quotes below --\\u003e\\r\\n~~~\\r\\n\\r\\n~~~\\r\\n\",\"author_association\":\"NONE\",\"user\":{\"login\":\"0sorkon\",\"id\":3714094,\"node_id\":\"MDQ6VXNlcjM3MTQwOTQ=\",\"avatar_url\":\"https://avatars.githubusercontent.com/u/3714094?v=4\",\"html_url\":\"https://github.com/0sorkon\",\"gravatar_id\":\"\",\"type\":\"User\",\"site_admin\":false,\"url\":\"https://api.github.com/users/0sorkon\",\"events_url\":\"https://api.github.com/users/0sorkon/events{/privacy}\",\"following_url\":\"https://api.github.com/users/0sorkon/following{/other_user}\",\"followers_url\":\"https://api.github.com/users/0sorkon/followers\",\"gists_url\":\"https://api.github.com/users/0sorkon/gists{/gist_id}\",\"organizations_url\":\"https://api.github.com/users/0sorkon/orgs\",\"received_events_url\":\"https://api.github.com/users/0sorkon/received_events\",\"repos_url\":\"https://api.github.com/users/0sorkon/repos\",\"starred_url\":\"https://api.github.com/users/0sorkon/starred{/owner}{/repo}\",\"subscriptions_url\":\"https://api.github.com/users/0sorkon/subscriptions\"},\"labels\":[{\"id\":37843366,\"url\":\"https://api.github.com/repos/apache/cloudstack/labels/type:enhancement\",\"name\":\"type:enhancement\",\"color\":\"84b6eb\",\"description\":\"\",\"default\":false,\"node_id\":\"MDU6TGFiZWwzNzg0MzM2Ng==\"},{\"id\":584073336,\"url\":\"https://api.github.com/repos/apache/cloudstack/labels/component:ipv6\",\"name\":\"component:ipv6\",\"color\":\"c2e0c6\",\"description\":\"\",\"default\":false,\"node_id\":\"MDU6TGFiZWw1ODQwNzMzMzY=\"},{\"id\":592559219,\"url\":\"https://api.github.com/repos/apache/cloudstack/labels/component:networking\",\"name\":\"component:networking\",\"color\":\"f9d0c4\",\"description\":\"\",\"default\":false,\"node_id\":\"MDU6TGFiZWw1OTI1NTkyMTk=\"},{\"id\":4507982790,\"url\":\"https://api.github.com/repos/apache/cloudstack/labels/ipv6\",\"name\":\"ipv6\",\"color\":\"C744C9\",\"description\":\"\",\"default\":false,\"node_id\":\"LA_kwDOAJTq2M8AAAABDLJbxg\"}],\"comments\":3,\"closed_at\":\"2026-07-27T11:17:33Z\",\"created_at\":\"2023-12-06T11:13:20Z\",\"updated_at\":\"2026-07-27T11:17:33Z\",\"url\":\"https://api.github.com/repos/apache/cloudstack/issues/8314\",\"html_url\":\"https://github.com/apache/cloudstack/issues/8314\",\"comments_url\":\"https://api.github.com/repos/apache/cloudstack/issues/8314/comments\",\"events_url\":\"https://api.github.com/repos/apache/cloudstack/issues/8314/events\",\"labels_url\":\"https://api.github.com/repos/apache/cloudstack/issues/8314/labels{/name}\",\"repository_url\":\"https://api.github.com/repos/apache/cloudstack\",\"milestone\":{\"url\":\"https://api.github.com/repos/apache/cloudstack/milestones/19\",\"html_url\":\"https://github.com/apache/cloudstack/milestone/19\",\"labels_url\":\"https://api.github.com/repos/apache/cloudstack/milestones/19/labels\",\"id\":6265435,\"number\":19,\"state\":\"open\",\"title\":\"unplanned\",\"creator\":{\"login\":\"DaanHoogland\",\"id\":2486961,\"node_id\":\"MDQ6VXNlcjI0ODY5NjE=\",\"avatar_url\":\"https://avatars.githubusercontent.com/u/2486961?v=4\",\"html_url\":\"https://github.com/DaanHoogland\",\"gravatar_id\":\"\",\"type\":\"User\",\"site_admin\":false,\"url\":\"https://api.github.com/users/DaanHoogland\",\"events_url\":\"https://api.github.com/users/DaanHoogland/events{/privacy}\",\"following_url\":\"https://api.github.com/users/DaanHoogland/following{/other_user}\",\"followers_url\":\"https://api.github.com/users/DaanHoogland/followers\",\"gists_url\":\"https://api.github.com/users/DaanHoogland/gists{/gist_id}\",\"organizations_url\":\"https://api.github.com/users/DaanHoogland/orgs\",\"received_events_url\":\"https://api.github.com/users/DaanHoogland/received_events\",\"repos_url\":\"https://api.github.com/users/DaanHoogland/repos\",\"starred_url\":\"https://api.github.com/users/DaanHoogland/starred{/owner}{/repo}\",\"subscriptions_url\":\"https://api.github.com/users/DaanHoogland/subscriptions\"},\"open_issues\":185,\"closed_issues\":1302,\"created_at\":\"2021-01-04T09:07:50Z\",\"updated_at\":\"2026-09-24T11:01:33Z\",\"node_id\":\"MDk6TWlsZXN0b25lNjI2NTQzNQ==\"},\"reactions\":{\"total_count\":0,\"+1\":0,\"-1\":0,\"laugh\":0,\"confused\":0,\"heart\":0,\"hooray\":0,\"rocket\":0,\"eyes\":0,\"url\":\"https://api.github.com/repos/apache/cloudstack/issues/8314/reactions\"},\"node_id\":\"I_kwDOAJTq2M545YmT\",\"type\":{\"id\":93574,\"node_id\":\"IT_kwDNuP_OAAFthg\",\"name\":\"Feature\",\"description\":\"A request, idea, or new functionality\",\"color\":\"blue\",\"created_at\":\"2024-01-25T09:11:09Z\",\"updated_at\":\"2024-10-08T08:30:20Z\"}},{\"id\":4677627711,\"number\":13435,\"state\":\"closed\",\"state_reason\":\"not_planned\",\"locked\":false,\"title\":\"[repo-status] Daily Status Report — June 16, 2026\",\"body\":\"## 🌟 Apache CloudStack — Daily Status Report\\n**June 16, 2026**\\n\\n---\\n\\n## 🚀 Latest Releases\\n\\n| Version | Type | Published |\\n|---|---|---|\\n| [4.22.1.0 (LTS)](https://github.com/apache/cloudstack/releases/tag/4.22.1.0) | Maintenance | May 26, 2026 |\\n| [4.22.0.1 (LTS Security)](https://github.com/apache/cloudstack/releases/tag/4.22.0.1) | Security (7 CVEs) | May 8, 2026 |\\n| [4.20.3.0 (LTS)](https://github.com/apache/cloudstack/releases/tag/4.20.3.0) | Maintenance | Apr 17, 2026 |\\n\\nGreat job to all release managers — active maintenance across two LTS branches keeps the community secure and current! 🔐\\n\\n---\\n\\n## 🔀 Recent Merges (Last 72h)\\n\\nSome exciting improvements landed:\\n\\n- ✅ **[`#12617`](https://github.com/apache/cloudstack/pull/12617) CLVM enhancements and fixes** *(4.23.0)* — modernizes the CLVM storage implementation with CLVM_NG support on QCOW2/LVM, replacing the deprecated corosync/pacemaker-based approach. Great work `@Pearl1594`!\\n- ✅ **[`#10098`](https://github.com/apache/cloudstack/pull/10098) Guest OS rules** *(4.23.0)* — adds JavaScript-based rules to restrict VM placement on hosts by guest OS, enabling stricter workload isolation and licensing optimization. Kudos `@BryanMLima`!\\n- ✅ **[`#13420`](https://github.com/apache/cloudstack/pull/13420) Add bhouse-nexthop to contributors list** — welcome to a new contributor! 🎉\\n- ✅ **[`#13131`](https://github.com/apache/cloudstack/pull/13131) Fix NPE when migrating VM away with volumes** *(4.20.4)* — thanks `@weizhouapache`!\\n- ✅ **[`#13019`](https://github.com/apache/cloudstack/pull/13019) Fix usage server stuck on duplicate VM events** *(4.20.4)* — resolves a reliability issue in usage processing. Thanks `@abh1sar`!\\n\\n---\\n\\n## 🔧 Active Pull Requests (20 open)\\n\\n**Milestone breakdown:** 4.23.0 (6) · 4.22.2 (3) · 4.20.4 (2) · unassigned (9)\\n**Draft PRs:** 6\\n\\n### Highlighted PRs needing attention:\\n\\n| PR | Description | Milestone | Author |\\n|---|---|---|---|\\n| [`#13423`](https://github.com/apache/cloudstack/pull/13423) | Allow selecting network for VNF nics | 4.22.2 | `@Pearl1594` |\\n| [`#13380`](https://github.com/apache/cloudstack/pull/13380) | Update nw_rate \\u0026 mc_rate to int unsigned (\\u003e 65Gbps support) | — | `@Pearl1594` |\\n| [`#13424`](https://github.com/apache/cloudstack/pull/13424) | [NAS Backup] Suppress errors in disk usage calculation | — | `@daviftorres` |\\n| [`#13229`](https://github.com/apache/cloudstack/pull/13229) | Prevent backup offering assignment for encrypted volumes | 4.22.2 | `@sureshanaparti` |\\n| [`#12758`](https://github.com/apache/cloudstack/pull/12758) | Introduce KBOSS backup provider | 4.23.0 | `@JoaoJandre` |\\n| [`#13281`](https://github.com/apache/cloudstack/pull/13281) | cloudutils: skip SELinux/AppArmor in agent setup | — | `@weizhouapache` |\\n| [`#13263`](https://github.com/apache/cloudstack/pull/13263) | Improved error log message with null check | — | `@saurabhkushwaha438` |\\n| [`#9531`](https://github.com/apache/cloudstack/pull/9531) | Allow deploying VRs on dedicated resources | — | `@GaOrtiga` |\\n\\n**Top active contributor today:** `@Pearl1594` with 4 open PRs across KVM, UI, API, and CI 🏆\\n\\n---\\n\\n## 🐛 Recent Issues (Since June 13)\\n\\n| Issue | Title | Reporter |\\n|---|---|---|\\n| [`#13433`](https://github.com/apache/cloudstack/issues/13433) | UI: Backup notifications mislabeled as \\\"Bucket\\\" | `@daviftorres` |\\n| [`#13428`](https://github.com/apache/cloudstack/issues/13428) | Slow response between XCP-NG and CloudStack syncing | `@dksharma-yotta` |\\n| [`#13422`](https://github.com/apache/cloudstack/issues/13422) | Intermittent Console Proxy Failure in 4.22.1.0 | `@tverkade` |\\n| [`#13408`](https://github.com/apache/cloudstack/issues/13408) | `cmk create kubernetescluster` serviceofferingid issue (CKS) | `@chunkyen` |\\n| [`#13406`](https://github.com/apache/cloudstack/issues/13406) | Failed to Move VM to Another Account | `@daviftorres` |\\n| [`#13399`](https://github.com/apache/cloudstack/issues/13399) | Usage Server repeatedly reprocesses historical usage | `@mwa-sudo` |\\n| [`#13390`](https://github.com/apache/cloudstack/issues/13390) | VM live migrate with storage fails on SharedMountPoint | `@prashanthr2` |\\n| [`#13387`](https://github.com/apache/cloudstack/issues/13387) | Error during `resetPasswordForVirtualMachine` | `@shwstppr` |\\n| [`#13382`](https://github.com/apache/cloudstack/issues/13382) | Connection Pool Leak in Out-of-Band Management | `@mortenstevens` |\\n\\n\\u003e 💡 The mislabeled Backup/Bucket UI notification (`#13433`) and OOB connection pool leak (`#13382`) look like quick wins worth triaging first.\\n\\n---\\n\\n## 📊 Component Activity Snapshot\\n\\nBased on open PR labels, today's hottest areas:\\n\\n- 🖥️ **KVM** — 9 PRs (storage drivers, HA fencing, NAS backup, networking)\\n- 🌐 **UI** — 7 PRs (VNF networks, account/project selectors)\\n- 🔌 **API** — 7 PRs (guest OS rules, backup offerings)\\n- 💾 **Storage / Backup** — 5+4 PRs (KBOSS provider, CLVM_NG, encrypted volume safety)\\n\\n---\\n\\n## ✅ Actionable Next Steps for Maintainers\\n\\n1. **Review \\u0026 merge 4.22.2 milestone PRs** — [`#13423`](https://github.com/apache/cloudstack/pull/13423) and [`#13229`](https://github.com/apache/cloudstack/pull/13229) are ready and targeted for the next patch release.\\n2. **Triage the UI mislabeling issue** [`#13433`](https://github.com/apache/cloudstack/issues/13433) — likely a quick label fix in the UI code.\\n3. **Investigate OOB connection pool leak** [`#13382`](https://github.com/apache/cloudstack/issues/13382) — can cause stability issues in production environments.\\n4. **Assign milestone to [`#13380`](https://github.com/apache/cloudstack/pull/13380), [`#13424`](https://github.com/apache/cloudstack/pull/13424), [`#13281`](https://github.com/apache/cloudstack/pull/13281)** — these unassigned PRs look polished enough for targeting.\\n5. **Welcome and guide new contributors** — `@saurabhkushwaha438` submitted their first enhancement PR; a review comment goes a long way! 👋\\n\\n---\\n\\n*📬 Report generated automatically on June 16, 2026 · [apache/cloudstack](https://github.com/apache/cloudstack)*\\n\\n\\n\\n\\n\\u003e Generated by [Repo Status](https://github.com/apache/cloudstack/actions/runs/27645352285) · sonnet46 939.7K · [◷](https://github.com/search?q=repo%3Aapache%2Fcloudstack+is%3Aissue+%22gh-aw-workflow-call-id%3A+apache%2Fcloudstack%2Fdaily-repo-status%22\\u0026type=issues)\\n\\u003e\\n\\u003cdetails\\u003e\\n\\u003csummary\\u003eAdd this agentic workflows to your repo\\u003c/summary\\u003e\\n\\nTo install this agentic workflow, run\\n\\n```\\ngh aw add githubnext/agentics/workflows/repo-status.md@main\\n```\\n\\u003c/details\\u003e\\n\\n\\n\\u003c!-- gh-aw-agentic-workflow: Repo Status, engine: copilot, version: 1.0.52, model: claude-sonnet-4.6, id: 27645352285, workflow_id: daily-repo-status, run: https://github.com/apache/cloudstack/actions/runs/27645352285 --\\u003e\\n\\n\\u003c!-- gh-aw-workflow-id: daily-repo-status --\\u003e\\n\\u003c!-- gh-aw-workflow-call-id: apache/cloudstack/daily-repo-status --\\u003e\",\"author_association\":\"NONE\",\"user\":{\"login\":\"github-actions[bot]\",\"id\":41898282,\"node_id\":\"MDM6Qm90NDE4OTgyODI=\",\"avatar_url\":\"https://avatars.githubusercontent.com/in/15368?v=4\",\"html_url\":\"https://github.com/apps/github-actions\",\"gravatar_id\":\"\",\"type\":\"Bot\",\"site_admin\":false,\"url\":\"https://api.github.com/users/github-actions%5Bbot%5D\",\"events_url\":\"https://api.github.com/users/github-actions%5Bbot%5D/events{/privacy}\",\"following_url\":\"https://api.github.com/users/github-actions%5Bbot%5D/following{/other_user}\",\"followers_url\":\"https://api.github.com/users/github-actions%5Bbot%5D/followers\",\"gists_url\":\"https://api.github.com/users/github-actions%5Bbot%5D/gists{/gist_id}\",\"organizations_url\":\"https://api.github.com/users/github-actions%5Bbot%5D/orgs\",\"received_events_url\":\"https://api.github.com/users/github-actions%5Bbot%5D/received_events\",\"repos_url\":\"https://api.github.com/users/github-actions%5Bbot%5D/repos\",\"starred_url\":\"https://api.github.com/users/github-actions%5Bbot%5D/starred{/owner}{/repo}\",\"subscriptions_url\":\"https://api.github.com/users/github-actions%5Bbot%5D/subscriptions\"},\"labels\":[{\"id\":11108839396,\"url\":\"https://api.github.com/repos/apache/cloudstack/labels/report\",\"name\":\"report\",\"color\":\"ededed\",\"default\":false,\"node_id\":\"LA_kwDOAJTq2M8AAAACliNv5A\"}],\"comments\":1,\"closed_at\":\"2026-06-17T20:54:01Z\",\"created_at\":\"2026-06-16T20:22:27Z\",\"updated_at\":\"2026-06-17T20:54:01Z\",\"url\":\"https://api.github.com/repos/apache/cloudstack/issues/13435\",\"html_url\":\"https://github.com/apache/cloudstack/issues/13435\",\"comments_url\":\"https://api.github.com/repos/apache/cloudstack/issues/13435/comments\",\"events_url\":\"https://api.github.com/repos/apache/cloudstack/issues/13435/events\",\"labels_url\":\"https://api.github.com/repos/apache/cloudstack/issues/13435/labels{/name}\",\"repository_url\":\"https://api.github.com/repos/apache/cloudstack\",\"reactions\":{\"total_count\":0,\"+1\":0,\"-1\":0,\"laugh\":0,\"confused\":0,\"heart\":0,\"hooray\":0,\"rocket\":0,\"eyes\":0,\"url\":\"https://api.github.com/repos/apache/cloudstack/issues/13435/reactions\"},\"node_id\":\"I_kwDOAJTq2M8AAAABFs7vPw\"}]}","type":"text"}]}} +631µs
guard:wasm parseCollectionLabeledData: parsed 1 labeled items from 1 input items +60µs
guard:wasm tryCallWasmFunction: guard=github, func=<unknown>, inputSize=263107, outputSize=4194304 +2ms
guard:wasm Using guard allocator path: guard=github +273µs
guard:wasm [guard:github] DEBUG: >>> alloc(263107) +288µs
guard:wasm [guard:github] DEBUG: <<< alloc returning ptr=1107776 +211µs
guard:wasm wasmAlloc: guard=github, size=263107, ptr=1107776 +210µs
guard:wasm [guard:github] DEBUG: >>> alloc(4194304) +206µs
difc:evaluator Filtering collection: operation=read, totalItems=1 +1.4s
difc:evaluator Evaluating access: operation=read, resource=issue:apache/cloudstack#14265 +297µs
guard:wasm [guard:github] DEBUG: <<< alloc returning ptr=5302576 +705µs
difc:evaluator Evaluating read access (mode=filter): resource=issue:apache/cloudstack#14265, agentSecrecy=[], agentIntegrity=[none:all] +466µs
difc:evaluator Read access allowed: resource=issue:apache/cloudstack#14265 +243µs
guard:wasm wasmAlloc: guard=github, size=4194304, ptr=5302576 +726µs
guard:wasm [guard:github] INFO: >>> label_response called +225µs
guard:wasm [guard:github] INFO:     input_len=263107, output_size=4194304 +241µs
difc:evaluator Collection filtered: accessible=1, filtered=0, total=1 +946µs
server:unified [DIFC] Filtered collection: 1/1 items accessible +1.2s
difc:pipeline_decisions ShouldBlockFilteredResponse: mode=filter, filteredCount=0, block=false +643ms
guard:wasm [guard:github] INFO:     input_preview={"capabilities":{},"tool_args":{"query":"repo:apache/cloudstack is:issue guest OS list version"},"tool_name":"search_issues","tool_result":{"content":[{"text":"{\"total_count\":294,\"incomplete_results\":false,\"items\":[{\"id\":5630698507,\"number\":14265,\"state\":\"open\",\"locked\":false,\"title\":\"[Feature] Add latest OS versions to guest OS list\",\"body\":\"### The required feature described as a wish\\n\\nAs an MSP switching from vmware to cloudstack at the moment we would love to see t +923µs
difc:resource FilteredCollectionLabeledData.ToResult: returning 1 accessible items (filter_reason=DIFC policy) +1.4s
difc:pipeline_decisions ShouldAccumulateReadLabels: operation=read, mode=filter, accumulate=false +987µs
mcp:tool_result Converting backend result to CallToolResult +1.4s
mcp:tool_result Backend returned array, wrapping as text +219µs
server:response_writer Writing response body: 149 bytes +1.4s
server:response_writer Retrieving captured body: 149 bytes +319µs
server:response_writer Retrieving captured status code: 200 +221µs
server:sdk-frontend <<< SDK Response [routed:github] status=200 duration=1.925698243s (non-JSON or stream) +1.4s
server:sdk-frontend     Raw response: event: message
data: {"jsonrpc":"2.0","id":6,"result":{"content":[{"type":"text","text":"[{\"content\":[{\"text\":\"[]\",\"type\":\"text\"}]}]"}]}}

 +213µs
guard:wasm [guard:github] INFO:     tool_name=search_issues +4ms
guard:wasm [guard:github] DEBUG: extract_mcp_response: top-level keys=["content"] +253µs
guard:wasm [guard:github] DEBUG: extract_mcp_response: found content array with 1 items +223µs
guard:wasm [guard:github] DEBUG: extract_mcp_response: found text field, len=246329 +224µs
guard:wasm [guard:github] DEBUG: extract_mcp_response: parsed content[0].text as JSON +5ms
guard:wasm [guard:github] DEBUG: Checking repo visibility for apache/cloudstack +354µs
guard:wasm [guard:github] INFO: >>> call_backend: tool=search_repositories +313µs
guard:wasm [guard:github] DEBUG:     args={"perPage":10,"query":"repo:apache/cloudstack"} +260µs
guard:wasm WASM guard calling backend: tool=search_repositories +363µs
server:unified [DIFC] Guard calling backend github tool search_repositories for metadata +12ms
server:unified executeBackendToolCall: serverID=github, toolName=search_repositories +267µs
launcher:launcher Checking session pool: serverID=github, sessionID=r9hBDzr7i7fbNU8wge9KaPQDr8vB9RkNYd7tKEjAW0hbweUjRiiscSu1zfKA +1.2s
launcher:pool Reusing connection: backend=github, session=r9hBDzr7i7fbNU8wge9KaPQDr8vB9RkNYd7tKEjAW0hbweUjRiiscSu1zfKA, requests=27 +1.2s
mcp:connection Dispatching SDK method: tools/call, serverID=github +1.2s
mcp:connection callTool: parsed name=search_repositories, argumentCount=2 +277µs
guard:wasm Backend call failed: calling "tools/call": unknown tool "search_repositories" +5ms
guard:wasm [guard:github] ERROR: <<< call_backend FAILED with code -1 +234µs
guard:wasm [guard:github] WARN: Backend call search_repositories failed with code -1 +392µs
guard:wasm [guard:github] DEBUG: Checking repo visibility for apache/cloudstack +477µs
guard:wasm [guard:github] INFO: >>> call_backend: tool=search_repositories +361µs
guard:wasm [guard:github] DEBUG:     args={"perPage":10,"query":"repo:apache/cloudstack"} +255µs
guard:wasm WASM guard calling backend: tool=search_repositories +261µs
server:unified [DIFC] Guard calling backend github tool search_repositories for metadata +7ms
server:unified executeBackendToolCall: serverID=github, toolName=search_repositories +245µs
launcher:launcher Checking session pool: serverID=github, sessionID=r9hBDzr7i7fbNU8wge9KaPQDr8vB9RkNYd7tKEjAW0hbweUjRiiscSu1zfKA +6ms
launcher:pool Reusing connection: backend=github, session=r9hBDzr7i7fbNU8wge9KaPQDr8vB9RkNYd7tKEjAW0hbweUjRiiscSu1zfKA, requests=28 +6ms
mcp:connection Dispatching SDK method: tools/call, serverID=github +6ms
mcp:connection callTool: parsed name=search_repositories, argumentCount=2 +223µs
guard:wasm Backend call failed: calling "tools/call": unknown tool "search_repositories" +4ms
guard:wasm [guard:github] ERROR: <<< call_backend FAILED with code -1 +241µs
guard:wasm [guard:github] WARN: Backend call search_repositories failed with code -1 +443µs
guard:wasm [guard:github] DEBUG: [integrity] issue:apache/cloudstack#14265: author_association floor below writer (rank=2), checking collaborator permission for la-wu +426µs
guard:wasm [guard:github] DEBUG: get_collaborator_permission: cache hit for apache/cloudstack user la-wu → permission=Some("read") +204µs
guard:wasm [guard:github] DEBUG: [integrity] issue:apache/cloudstack#14265: collaborator permission=Some("read") → merged rank=2 +213µs
guard:wasm [guard:github] DEBUG: Checking repo visibility for apache/cloudstack +213µs
guard:wasm [guard:github] INFO: >>> call_backend: tool=search_repositories +261µs
guard:wasm [guard:github] DEBUG:     args={"perPage":10,"query":"repo:apache/cloudstack"} +241µs
guard:wasm WASM guard calling backend: tool=search_repositories +220µs
server:unified [DIFC] Guard calling backend github tool search_repositories for metadata +6ms
server:unified executeBackendToolCall: serverID=github, toolName=search_repositories +217µs
launcher:launcher Checking session pool: serverID=github, sessionID=r9hBDzr7i7fbNU8wge9KaPQDr8vB9RkNYd7tKEjAW0hbweUjRiiscSu1zfKA +7ms
launcher:pool Reusing connection: backend=github, session=r9hBDzr7i7fbNU8wge9KaPQDr8vB9RkNYd7tKEjAW0hbweUjRiiscSu1zfKA, requests=29 +7ms
mcp:connection Dispatching SDK method: tools/call, serverID=github +6ms
mcp:connection callTool: parsed name=search_repositories, argumentCount=2 +228µs
guard:wasm Backend call failed: calling "tools/call": unknown tool "search_repositories" +3ms
guard:wasm [guard:github] ERROR: <<< call_backend FAILED with code -1 +195µs
guard:wasm [guard:github] WARN: Backend call search_repositories failed with code -1 +454µs
guard:wasm [guard:github] DEBUG: Checking repo visibility for apache/cloudstack +401µs
guard:wasm [guard:github] INFO: >>> call_backend: tool=search_repositories +269µs
guard:wasm [guard:github] DEBUG:     args={"perPage":10,"query":"repo:apache/cloudstack"} +810µs
guard:wasm WASM guard calling backend: tool=search_repositories +257µs
server:unified [DIFC] Guard calling backend github tool search_repositories for metadata +6ms
server:unified executeBackendToolCall: serverID=github, toolName=search_repositories +244µs
launcher:launcher Checking session pool: serverID=github, sessionID=r9hBDzr7i7fbNU8wge9KaPQDr8vB9RkNYd7tKEjAW0hbweUjRiiscSu1zfKA +6ms
launcher:pool Reusing connection: backend=github, session=r9hBDzr7i7fbNU8wge9KaPQDr8vB9RkNYd7tKEjAW0hbweUjRiiscSu1zfKA, requests=30 +6ms
mcp:connection Dispatching SDK method: tools/call, serverID=github +6ms
mcp:connection callTool: parsed name=search_repositories, argumentCount=2 +264µs
guard:wasm Backend call failed: calling "tools/call": unknown tool "search_repositories" +4ms
guard:wasm [guard:github] ERROR: <<< call_backend FAILED with code -1 +237µs
guard:wasm [guard:github] WARN: Backend call search_repositories failed with code -1 +402µs
guard:wasm [guard:github] DEBUG: [integrity] issue:apache/cloudstack#13824: author_association floor below writer (rank=2), checking collaborator permission for andrijapanicsb +427µs
guard:wasm [guard:github] DEBUG: get_collaborator_permission: fetching permission for apache/cloudstack user andrijapanicsb +231µs
guard:wasm [guard:github] INFO: >>> call_backend: tool=get_collaborator_permission +231µs
guard:wasm [guard:github] DEBUG:     args={"owner":"apache","repo":"cloudstack","username":"andrijapanicsb"} +246µs
guard:wasm WASM guard calling backend: tool=get_collaborator_permission +230µs
envutil:github Looking up GitHub token: checking 4 candidate env vars +5.9s
envutil:github GitHub token found: source=GITHUB_MCP_SERVER_TOKEN +211µs
envutil:github GitHub API URL using default:  +209µs
envutil:github Deriving API URL from server URL: https://github.com +207µs
envutil:github GitHub.com detected, using default API URL: https://api.github.com +212µs
envutil:github GitHub API URL derived from GITHUB_SERVER_URL=https://github.com: https://api.github.com +206µs
httputil:collaborator_permission FetchCollaboratorPermission: owner=apache, repo=cloudstack, username=andrijapanicsb, apiPath=/repos/apache/cloudstack/collaborators/andrijapanicsb/permission +5.7s
server:unified get_collaborator_permission: GET /repos/apache/cloudstack/collaborators/andrijapanicsb/permission (for apache/cloudstack user andrijapanicsb) +7ms
httputil:httputil GitHub GET: baseURL="https://api.github.com", path="/repos/apache/cloudstack/collaborators/andrijapanicsb/permission", hasAuth=true +5.7s
httputil:httputil Applying GitHub API headers: method="GET", path="/repos/apache/cloudstack/collaborators/andrijapanicsb/permission", hasAuth=true +222µs
httputil:httputil GitHub GET response: path="/repos/apache/cloudstack/collaborators/andrijapanicsb/permission", status=200 +162ms
httputil:collaborator_permission FetchCollaboratorPermission: response received: status=200, bodyLen=1170 +163ms
server:unified get_collaborator_permission: apache/cloudstack user andrijapanicsb → permission="write" (HTTP 200) +163ms
guard:wasm [guard:github] INFO: <<< call_backend returned 1307 bytes +165ms
guard:wasm [guard:github] DEBUG: extract_mcp_response: top-level keys=["content"] +270µs
guard:wasm [guard:github] DEBUG: extract_mcp_response: found content array with 1 items +206µs
guard:wasm [guard:github] DEBUG: extract_mcp_response: found text field, len=1170 +229µs
guard:wasm [guard:github] DEBUG: extract_mcp_response: parsed content[0].text as JSON +287µs
guard:wasm [guard:github] INFO: get_collaborator_permission: apache/cloudstack user andrijapanicsb → permission=Some("write") login=Some("andrijapanicsb") +273µs
guard:wasm [guard:github] DEBUG: [integrity] issue:apache/cloudstack#13824: collaborator permission=Some("write") → merged rank=3 +256µs
guard:wasm [guard:github] DEBUG: Checking repo visibility for apache/cloudstack +264µs
guard:wasm [guard:github] INFO: >>> call_backend: tool=search_repositories +281µs
guard:wasm [guard:github] DEBUG:     args={"perPage":10,"query":"repo:apache/cloudstack"} +217µs
guard:wasm WASM guard calling backend: tool=search_repositories +272µs
server:unified [DIFC] Guard calling backend github tool search_repositories for metadata +3ms
server:unified executeBackendToolCall: serverID=github, toolName=search_repositories +276µs
launcher:launcher Checking session pool: serverID=github, sessionID=r9hBDzr7i7fbNU8wge9KaPQDr8vB9RkNYd7tKEjAW0hbweUjRiiscSu1zfKA +174ms
launcher:pool Reusing connection: backend=github, session=r9hBDzr7i7fbNU8wge9KaPQDr8vB9RkNYd7tKEjAW0hbweUjRiiscSu1zfKA, requests=31 +174ms
mcp:connection Dispatching SDK method: tools/call, serverID=github +174ms
mcp:connection callTool: parsed name=search_repositories, argumentCount=2 +234µs
guard:wasm Backend call failed: calling "tools/call": unknown tool "search_repositories" +4ms
guard:wasm [guard:github] ERROR: <<< call_backend FAILED with code -1 +210µs
guard:wasm [guard:github] WARN: Backend call search_repositories failed with code -1 +430µs
guard:wasm [guard:github] DEBUG: Checking repo visibility for apache/cloudstack +470µs
guard:wasm [guard:github] INFO: >>> call_backend: tool=search_repositories +202µs
guard:wasm [guard:github] DEBUG:     args={"perPage":10,"query":"repo:apache/cloudstack"} +261µs
guard:wasm WASM guard calling backend: tool=search_repositories +196µs
server:unified [DIFC] Guard calling backend github tool search_repositories for metadata +6ms
server:unified executeBackendToolCall: serverID=github, toolName=search_repositories +223µs
launcher:launcher Checking session pool: serverID=github, sessionID=r9hBDzr7i7fbNU8wge9KaPQDr8vB9RkNYd7tKEjAW0hbweUjRiiscSu1zfKA +6ms
launcher:pool Reusing connection: backend=github, session=r9hBDzr7i7fbNU8wge9KaPQDr8vB9RkNYd7tKEjAW0hbweUjRiiscSu1zfKA, requests=32 +6ms
mcp:connection Dispatching SDK method: tools/call, serverID=github +5ms
mcp:connection callTool: parsed name=search_repositories, argumentCount=2 +247µs
guard:wasm Backend call failed: calling "tools/call": unknown tool "search_repositories" +4ms
guard:wasm [guard:github] ERROR: <<< call_backend FAILED with code -1 +229µs
guard:wasm [guard:github] WARN: Backend call search_repositories failed with code -1 +396µs
guard:wasm [guard:github] DEBUG: [integrity] issue:apache/cloudstack#12889: author_association floor below writer (rank=2), checking collaborator permission for daviftorres +399µs
guard:wasm [guard:github] DEBUG: get_collaborator_permission: fetching permission for apache/cloudstack user daviftorres +187µs
guard:wasm [guard:github] INFO: >>> call_backend: tool=get_collaborator_permission +231µs
guard:wasm [guard:github] DEBUG:     args={"owner":"apache","repo":"cloudstack","username":"daviftorres"} +216µs
guard:wasm WASM guard calling backend: tool=get_collaborator_permission +241µs
envutil:github Looking up GitHub token: checking 4 candidate env vars +179ms
envutil:github GitHub token found: source=GITHUB_MCP_SERVER_TOKEN +210µs
envutil:github GitHub API URL using default:  +214µs
envutil:github Deriving API URL from server URL: https://github.com +325µs
envutil:github GitHub.com detected, using default API URL: https://api.github.com +211µs
envutil:github GitHub API URL derived from GITHUB_SERVER_URL=https://github.com: https://api.github.com +191µs
httputil:collaborator_permission FetchCollaboratorPermission: owner=apache, repo=cloudstack, username=daviftorres, apiPath=/repos/apache/cloudstack/collaborators/daviftorres/permission +17ms
server:unified get_collaborator_permission: GET /repos/apache/cloudstack/collaborators/daviftorres/permission (for apache/cloudstack user daviftorres) +7ms
httputil:httputil GitHub GET: baseURL="https://api.github.com", path="/repos/apache/cloudstack/collaborators/daviftorres/permission", hasAuth=true +18ms
httputil:httputil Applying GitHub API headers: method="GET", path="/repos/apache/cloudstack/collaborators/daviftorres/permission", hasAuth=true +200µs
httputil:httputil GitHub GET response: path="/repos/apache/cloudstack/collaborators/daviftorres/permission", status=200 +210ms
httputil:collaborator_permission FetchCollaboratorPermission: response received: status=200, bodyLen=1123 +211ms
server:unified get_collaborator_permission: apache/cloudstack user daviftorres → permission="read" (HTTP 200) +211ms
guard:wasm [guard:github] INFO: <<< call_backend returned 1260 bytes +213ms
guard:wasm [guard:github] DEBUG: extract_mcp_response: top-level keys=["content"] +274µs
guard:wasm [guard:github] DEBUG: extract_mcp_response: found content array with 1 items +220µs
guard:wasm [guard:github] DEBUG: extract_mcp_response: found text field, len=1123 +263µs
guard:wasm [guard:github] DEBUG: extract_mcp_response: parsed content[0].text as JSON +230µs
guard:wasm [guard:github] INFO: get_collaborator_permission: apache/cloudstack user daviftorres → permission=Some("read") login=Some("daviftorres") +223µs
guard:wasm [guard:github] DEBUG: [integrity] issue:apache/cloudstack#12889: collaborator permission=Some("read") → merged rank=2 +254µs
guard:wasm [guard:github] DEBUG: Checking repo visibility for apache/cloudstack +277µs
guard:wasm [guard:github] INFO: >>> call_backend: tool=search_repositories +238µs
guard:wasm [guard:github] DEBUG:     args={"perPage":10,"query":"repo:apache/cloudstack"} +257µs
guard:wasm WASM guard calling backend: tool=search_repositories +232µs
server:unified [DIFC] Guard calling backend github tool search_repositories for metadata +2ms
server:unified executeBackendToolCall: serverID=github, toolName=search_repositories +223µs
launcher:launcher Checking session pool: serverID=github, sessionID=r9hBDzr7i7fbNU8wge9KaPQDr8vB9RkNYd7tKEjAW0hbweUjRiiscSu1zfKA +222ms
launcher:pool Reusing connection: backend=github, session=r9hBDzr7i7fbNU8wge9KaPQDr8vB9RkNYd7tKEjAW0hbweUjRiiscSu1zfKA, requests=33 +222ms
mcp:connection Dispatching SDK method: tools/call, serverID=github +222ms
mcp:connection callTool: parsed name=search_repositories, argumentCount=2 +229µs
guard:wasm Backend call failed: calling "tools/call": unknown tool "search_repositories" +4ms
guard:wasm [guard:github] ERROR: <<< call_backend FAILED with code -1 +253µs
guard:wasm [guard:github] WARN: Backend call search_repositories failed with code -1 +451µs
guard:wasm [guard:github] DEBUG: Checking repo visibility for apache/cloudstack +401µs
guard:wasm [guard:github] INFO: >>> call_backend: tool=search_repositories +240µs
guard:wasm [guard:github] DEBUG:     args={"perPage":10,"query":"repo:apache/cloudstack"} +227µs
guard:wasm WASM guard calling backend: tool=search_repositories +220µs
server:unified [DIFC] Guard calling backend github tool search_repositories for metadata +5ms
server:unified executeBackendToolCall: serverID=github, toolName=search_repositories +265µs
launcher:launcher Checking session pool: serverID=github, sessionID=r9hBDzr7i7fbNU8wge9KaPQDr8vB9RkNYd7tKEjAW0hbweUjRiiscSu1zfKA +6ms
launcher:pool Reusing connection: backend=github, session=r9hBDzr7i7fbNU8wge9KaPQDr8vB9RkNYd7tKEjAW0hbweUjRiiscSu1zfKA, requests=34 +6ms
mcp:connection Dispatching SDK method: tools/call, serverID=github +20ms
mcp:connection callTool: parsed name=search_repositories, argumentCount=2 +314µs
guard:wasm Backend call failed: calling "tools/call": unknown tool "search_repositories" +19ms
guard:wasm [guard:github] ERROR: <<< call_backend FAILED with code -1 +393µs
guard:wasm [guard:github] WARN: Backend call search_repositories failed with code -1 +554µs
guard:wasm [guard:github] DEBUG: [integrity] issue:apache/cloudstack#12405: author_association floor below writer (rank=2), checking collaborator permission for furkandogmus +599µs
guard:wasm [guard:github] DEBUG: get_collaborator_permission: fetching permission for apache/cloudstack user furkandogmus +287µs
guard:wasm [guard:github] INFO: >>> call_backend: tool=get_collaborator_permission +268µs
guard:wasm [guard:github] DEBUG:     args={"owner":"apache","repo":"cloudstack","username":"furkandogmus"} +231µs
guard:wasm WASM guard calling backend: tool=get_collaborator_permission +304µs
envutil:github Looking up GitHub token: checking 4 candidate env vars +244ms
envutil:github GitHub token found: source=GITHUB_MCP_SERVER_TOKEN +261µs
envutil:github GitHub API URL using default:  +242µs
envutil:github Deriving API URL from server URL: https://github.com +232µs
envutil:github GitHub.com detected, using default API URL: https://api.github.com +292µs
envutil:github GitHub API URL derived from GITHUB_SERVER_URL=https://github.com: https://api.github.com +232µs
httputil:collaborator_permission FetchCollaboratorPermission: owner=apache, repo=cloudstack, username=furkandogmus, apiPath=/repos/apache/cloudstack/collaborators/furkandogmus/permission +33ms
server:unified get_collaborator_permission: GET /repos/apache/cloudstack/collaborators/furkandogmus/permission (for apache/cloudstack user furkandogmus) +24ms
httputil:httputil GitHub GET: baseURL="https://api.github.com", path="/repos/apache/cloudstack/collaborators/furkandogmus/permission", hasAuth=true +34ms
httputil:httputil Applying GitHub API headers: method="GET", path="/repos/apache/cloudstack/collaborators/furkandogmus/permission", hasAuth=true +216µs
httputil:httputil GitHub GET response: path="/repos/apache/cloudstack/collaborators/furkandogmus/permission", status=200 +182ms
httputil:collaborator_permission FetchCollaboratorPermission: response received: status=200, bodyLen=1135 +183ms
server:unified get_collaborator_permission: apache/cloudstack user furkandogmus → permission="read" (HTTP 200) +183ms
guard:wasm [guard:github] INFO: <<< call_backend returned 1272 bytes +186ms
guard:wasm [guard:github] DEBUG: extract_mcp_response: top-level keys=["content"] +332µs
guard:wasm [guard:github] DEBUG: extract_mcp_response: found content array with 1 items +230µs
guard:wasm [guard:github] DEBUG: extract_mcp_response: found text field, len=1135 +234µs
guard:wasm [guard:github] DEBUG: extract_mcp_response: parsed content[0].text as JSON +265µs
guard:wasm [guard:github] INFO: get_collaborator_permission: apache/cloudstack user furkandogmus → permission=Some("read") login=Some("furkandogmus") +229µs
guard:wasm [guard:github] DEBUG: [integrity] issue:apache/cloudstack#12405: collaborator permission=Some("read") → merged rank=2 +249µs
guard:wasm [guard:github] DEBUG: Checking repo visibility for apache/cloudstack +228µs
guard:wasm [guard:github] INFO: >>> call_backend: tool=search_repositories +244µs
guard:wasm [guard:github] DEBUG:     args={"perPage":10,"query":"repo:apache/cloudstack"} +238µs
guard:wasm WASM guard calling backend: tool=search_repositories +233µs
server:unified [DIFC] Guard calling backend github tool search_repositories for metadata +3ms
server:unified executeBackendToolCall: serverID=github, toolName=search_repositories +237µs
launcher:launcher Checking session pool: serverID=github, sessionID=r9hBDzr7i7fbNU8wge9KaPQDr8vB9RkNYd7tKEjAW0hbweUjRiiscSu1zfKA +211ms
launcher:pool Reusing connection: backend=github, session=r9hBDzr7i7fbNU8wge9KaPQDr8vB9RkNYd7tKEjAW0hbweUjRiiscSu1zfKA, requests=35 +211ms
mcp:connection Dispatching SDK method: tools/call, serverID=github +195ms
mcp:connection callTool: parsed name=search_repositories, argumentCount=2 +228µs
guard:wasm Backend call failed: calling "tools/call": unknown tool "search_repositories" +4ms
guard:wasm [guard:github] ERROR: <<< call_backend FAILED with code -1 +253µs
guard:wasm [guard:github] WARN: Backend call search_repositories failed with code -1 +462µs
guard:wasm [guard:github] DEBUG: Checking repo visibility for apache/cloudstack +470µs
guard:wasm [guard:github] INFO: >>> call_backend: tool=search_repositories +275µs
guard:wasm [guard:github] DEBUG:     args={"perPage":10,"query":"repo:apache/cloudstack"} +226µs
guard:wasm WASM guard calling backend: tool=search_repositories +278µs
server:unified [DIFC] Guard calling backend github tool search_repositories for metadata +6ms
server:unified executeBackendToolCall: serverID=github, toolName=search_repositories +232µs
launcher:launcher Checking session pool: serverID=github, sessionID=r9hBDzr7i7fbNU8wge9KaPQDr8vB9RkNYd7tKEjAW0hbweUjRiiscSu1zfKA +6ms
launcher:pool Reusing connection: backend=github, session=r9hBDzr7i7fbNU8wge9KaPQDr8vB9RkNYd7tKEjAW0hbweUjRiiscSu1zfKA, requests=36 +6ms
mcp:connection Dispatching SDK method: tools/call, serverID=github +6ms
mcp:connection callTool: parsed name=search_repositories, argumentCount=2 +250µs
guard:wasm Backend call failed: calling "tools/call": unknown tool "search_repositories" +4ms
guard:wasm [guard:github] ERROR: <<< call_backend FAILED with code -1 +242µs
guard:wasm [guard:github] WARN: Backend call search_repositories failed with code -1 +388µs
guard:wasm [guard:github] DEBUG: [integrity] issue:apache/cloudstack#8294: author_association floor below writer (rank=2), checking collaborator permission for 0sorkon +484µs
guard:wasm [guard:github] DEBUG: get_collaborator_permission: fetching permission for apache/cloudstack user 0sorkon +252µs
guard:wasm [guard:github] INFO: >>> call_backend: tool=get_collaborator_permission +379µs
guard:wasm [guard:github] DEBUG:     args={"owner":"apache","repo":"cloudstack","username":"0sorkon"} +266µs
guard:wasm WASM guard calling backend: tool=get_collaborator_permission +227µs
envutil:github Looking up GitHub token: checking 4 candidate env vars +200ms
envutil:github GitHub token found: source=GITHUB_MCP_SERVER_TOKEN +231µs
envutil:github GitHub API URL using default:  +238µs
envutil:github Deriving API URL from server URL: https://github.com +212µs
envutil:github GitHub.com detected, using default API URL: https://api.github.com +231µs
envutil:github GitHub API URL derived from GITHUB_SERVER_URL=https://github.com: https://api.github.com +219µs
httputil:collaborator_permission FetchCollaboratorPermission: owner=apache, repo=cloudstack, username=0sorkon, apiPath=/repos/apache/cloudstack/collaborators/0sorkon/permission +18ms
server:unified get_collaborator_permission: GET /repos/apache/cloudstack/collaborators/0sorkon/permission (for apache/cloudstack user 0sorkon) +8ms
httputil:httputil GitHub GET: baseURL="https://api.github.com", path="/repos/apache/cloudstack/collaborators/0sorkon/permission", hasAuth=true +19ms
httputil:httputil Applying GitHub API headers: method="GET", path="/repos/apache/cloudstack/collaborators/0sorkon/permission", hasAuth=true +259µs
httputil:httputil GitHub GET response: path="/repos/apache/cloudstack/collaborators/0sorkon/permission", status=200 +2.3s
httputil:collaborator_permission FetchCollaboratorPermission: response received: status=200, bodyLen=1073 +2.3s
server:unified get_collaborator_permission: apache/cloudstack user 0sorkon → permission="read" (HTTP 200) +2.3s
guard:wasm [guard:github] INFO: <<< call_backend returned 1210 bytes +2.3s
guard:wasm [guard:github] DEBUG: extract_mcp_response: top-level keys=["content"] +307µs
guard:wasm [guard:github] DEBUG: extract_mcp_response: found content array with 1 items +256µs
guard:wasm [guard:github] DEBUG: extract_mcp_response: found text field, len=1073 +257µs
guard:wasm [guard:github] DEBUG: extract_mcp_response: parsed content[0].text as JSON +264µs
guard:wasm [guard:github] INFO: get_collaborator_permission: apache/cloudstack user 0sorkon → permission=Some("read") login=Some("0sorkon") +270µs
guard:wasm [guard:github] DEBUG: [integrity] issue:apache/cloudstack#8294: collaborator permission=Some("read") → merged rank=2 +253µs
guard:wasm [guard:github] DEBUG: Checking repo visibility for apache/cloudstack +247µs
guard:wasm [guard:github] INFO: >>> call_backend: tool=search_repositories +242µs
guard:wasm [guard:github] DEBUG:     args={"perPage":10,"query":"repo:apache/cloudstack"} +235µs
guard:wasm WASM guard calling backend: tool=search_repositories +239µs
server:unified [DIFC] Guard calling backend github tool search_repositories for metadata +3ms
server:unified executeBackendToolCall: serverID=github, toolName=search_repositories +221µs
launcher:launcher Checking session pool: serverID=github, sessionID=r9hBDzr7i7fbNU8wge9KaPQDr8vB9RkNYd7tKEjAW0hbweUjRiiscSu1zfKA +2.3s
launcher:pool Reusing connection: backend=github, session=r9hBDzr7i7fbNU8wge9KaPQDr8vB9RkNYd7tKEjAW0hbweUjRiiscSu1zfKA, requests=37 +2.3s
mcp:connection Dispatching SDK method: tools/call, serverID=github +2.3s
mcp:connection callTool: parsed name=search_repositories, argumentCount=2 +250µs
guard:wasm Backend call failed: calling "tools/call": unknown tool "search_repositories" +5ms
guard:wasm [guard:github] ERROR: <<< call_backend FAILED with code -1 +244µs
guard:wasm [guard:github] WARN: Backend call search_repositories failed with code -1 +450µs
guard:wasm [guard:github] DEBUG: Checking repo visibility for apache/cloudstack +446µs
guard:wasm [guard:github] INFO: >>> call_backend: tool=search_repositories +264µs
guard:wasm [guard:github] DEBUG:     args={"perPage":10,"query":"repo:apache/cloudstack"} +239µs
guard:wasm WASM guard calling backend: tool=search_repositories +244µs
server:unified [DIFC] Guard calling backend github tool search_repositories for metadata +6ms
server:unified executeBackendToolCall: serverID=github, toolName=search_repositories +225µs
launcher:launcher Checking session pool: serverID=github, sessionID=r9hBDzr7i7fbNU8wge9KaPQDr8vB9RkNYd7tKEjAW0hbweUjRiiscSu1zfKA +6ms
launcher:pool Reusing connection: backend=github, session=r9hBDzr7i7fbNU8wge9KaPQDr8vB9RkNYd7tKEjAW0hbweUjRiiscSu1zfKA, requests=38 +6ms
mcp:connection Dispatching SDK method: tools/call, serverID=github +6ms
mcp:connection callTool: parsed name=search_repositories, argumentCount=2 +248µs
guard:wasm Backend call failed: calling "tools/call": unknown tool "search_repositories" +5ms
guard:wasm [guard:github] ERROR: <<< call_backend FAILED with code -1 +233µs
guard:wasm [guard:github] WARN: Backend call search_repositories failed with code -1 +450µs
guard:wasm [guard:github] DEBUG: [integrity] issue:apache/cloudstack#9853: author_association floor below writer (rank=2), checking collaborator permission for rp- +508µs
guard:wasm [guard:github] DEBUG: get_collaborator_permission: fetching permission for apache/cloudstack user rp- +329µs
guard:wasm [guard:github] INFO: >>> call_backend: tool=get_collaborator_permission +261µs
guard:wasm [guard:github] DEBUG:     args={"owner":"apache","repo":"cloudstack","username":"rp-"} +220µs
guard:wasm WASM guard calling backend: tool=get_collaborator_permission +222µs
envutil:github Looking up GitHub token: checking 4 candidate env vars +2.3s
envutil:github GitHub token found: source=GITHUB_MCP_SERVER_TOKEN +222µs
envutil:github GitHub API URL using default:  +188µs
envutil:github Deriving API URL from server URL: https://github.com +218µs
envutil:github GitHub.com detected, using default API URL: https://api.github.com +204µs
envutil:github GitHub API URL derived from GITHUB_SERVER_URL=https://github.com: https://api.github.com +209µs
httputil:collaborator_permission FetchCollaboratorPermission: owner=apache, repo=cloudstack, username=rp-, apiPath=/repos/apache/cloudstack/collaborators/rp-/permission +19ms
server:unified get_collaborator_permission: GET /repos/apache/cloudstack/collaborators/rp-/permission (for apache/cloudstack user rp-) +8ms
httputil:httputil GitHub GET: baseURL="https://api.github.com", path="/repos/apache/cloudstack/collaborators/rp-/permission", hasAuth=true +20ms
httputil:httputil Applying GitHub API headers: method="GET", path="/repos/apache/cloudstack/collaborators/rp-/permission", hasAuth=true +265µs
httputil:httputil GitHub GET response: path="/repos/apache/cloudstack/collaborators/rp-/permission", status=200 +232ms
httputil:collaborator_permission FetchCollaboratorPermission: response received: status=200, bodyLen=1024 +233ms
server:unified get_collaborator_permission: apache/cloudstack user rp- → permission="write" (HTTP 200) +233ms
guard:wasm [guard:github] INFO: <<< call_backend returned 1161 bytes +235ms
guard:wasm [guard:github] DEBUG: extract_mcp_response: top-level keys=["content"] +284µs
guard:wasm [guard:github] DEBUG: extract_mcp_response: found content array with 1 items +212µs
guard:wasm [guard:github] DEBUG: extract_mcp_response: found text field, len=1024 +217µs
guard:wasm [guard:github] DEBUG: extract_mcp_response: parsed content[0].text as JSON +283µs
guard:wasm [guard:github] INFO: get_collaborator_permission: apache/cloudstack user rp- → permission=Some("write") login=Some("rp-") +198µs
guard:wasm [guard:github] DEBUG: [integrity] issue:apache/cloudstack#9853: collaborator permission=Some("write") → merged rank=3 +242µs
guard:wasm [guard:github] DEBUG: Checking repo visibility for apache/cloudstack +265µs
guard:wasm [guard:github] INFO: >>> call_backend: tool=search_repositories +298µs
guard:wasm [guard:github] DEBUG:     args={"perPage":10,"query":"repo:apache/cloudstack"} +213µs
guard:wasm WASM guard calling backend: tool=search_repositories +193µs
server:unified [DIFC] Guard calling backend github tool search_repositories for metadata +2ms
server:unified executeBackendToolCall: serverID=github, toolName=search_repositories +216µs
launcher:launcher Checking session pool: serverID=github, sessionID=r9hBDzr7i7fbNU8wge9KaPQDr8vB9RkNYd7tKEjAW0hbweUjRiiscSu1zfKA +245ms
launcher:pool Reusing connection: backend=github, session=r9hBDzr7i7fbNU8wge9KaPQDr8vB9RkNYd7tKEjAW0hbweUjRiiscSu1zfKA, requests=39 +245ms
mcp:connection Dispatching SDK method: tools/call, serverID=github +245ms
mcp:connection callTool: parsed name=search_repositories, argumentCount=2 +228µs
guard:wasm Backend call failed: calling "tools/call": unknown tool "search_repositories" +4ms
guard:wasm [guard:github] ERROR: <<< call_backend FAILED with code -1 +211µs
guard:wasm [guard:github] WARN: Backend call search_repositories failed with code -1 +445µs
guard:wasm [guard:github] DEBUG: Checking repo visibility for apache/cloudstack +453µs
guard:wasm [guard:github] INFO: >>> call_backend: tool=search_repositories +249µs
guard:wasm [guard:github] DEBUG:     args={"perPage":10,"query":"repo:apache/cloudstack"} +237µs
guard:wasm WASM guard calling backend: tool=search_repositories +207µs
server:unified [DIFC] Guard calling backend github tool search_repositories for metadata +6ms
server:unified executeBackendToolCall: serverID=github, toolName=search_repositories +229µs
launcher:launcher Checking session pool: serverID=github, sessionID=r9hBDzr7i7fbNU8wge9KaPQDr8vB9RkNYd7tKEjAW0hbweUjRiiscSu1zfKA +6ms
launcher:pool Reusing connection: backend=github, session=r9hBDzr7i7fbNU8wge9KaPQDr8vB9RkNYd7tKEjAW0hbweUjRiiscSu1zfKA, requests=40 +6ms
mcp:connection Dispatching SDK method: tools/call, serverID=github +6ms
mcp:connection callTool: parsed name=search_repositories, argumentCount=2 +246µs
guard:wasm Backend call failed: calling "tools/call": unknown tool "search_repositories" +4ms
guard:wasm [guard:github] ERROR: <<< call_backend FAILED with code -1 +237µs
guard:wasm [guard:github] WARN: Backend call search_repositories failed with code -1 +433µs
guard:wasm [guard:github] DEBUG: [integrity] issue:apache/cloudstack#9403: author_association floor below writer (rank=2), checking collaborator permission for leduyquy +565µs
guard:wasm [guard:github] DEBUG: get_collaborator_permission: fetching permission for apache/cloudstack user leduyquy +216µs
guard:wasm [guard:github] INFO: >>> call_backend: tool=get_collaborator_permission +231µs
guard:wasm [guard:github] DEBUG:     args={"owner":"apache","repo":"cloudstack","username":"leduyquy"} +221µs
guard:wasm WASM guard calling backend: tool=get_collaborator_permission +212µs
envutil:github Looking up GitHub token: checking 4 candidate env vars +250ms
envutil:github GitHub token found: source=GITHUB_MCP_SERVER_TOKEN +232µs
envutil:github GitHub API URL using default:  +210µs
envutil:github Deriving API URL from server URL: https://github.com +218µs
envutil:github GitHub.com detected, using default API URL: https://api.github.com +213µs
envutil:github GitHub API URL derived from GITHUB_SERVER_URL=https://github.com: https://api.github.com +209µs
httputil:collaborator_permission FetchCollaboratorPermission: owner=apache, repo=cloudstack, username=leduyquy, apiPath=/repos/apache/cloudstack/collaborators/leduyquy/permission +17ms
server:unified get_collaborator_permission: GET /repos/apache/cloudstack/collaborators/leduyquy/permission (for apache/cloudstack user leduyquy) +7ms
httputil:httputil GitHub GET: baseURL="https://api.github.com", path="/repos/apache/cloudstack/collaborators/leduyquy/permission", hasAuth=true +18ms
httputil:httputil Applying GitHub API headers: method="GET", path="/repos/apache/cloudstack/collaborators/leduyquy/permission", hasAuth=true +237µs
httputil:httputil GitHub GET response: path="/repos/apache/cloudstack/collaborators/leduyquy/permission", status=200 +181ms
httputil:collaborator_permission FetchCollaboratorPermission: response received: status=200, bodyLen=1087 +182ms
server:unified get_collaborator_permission: apache/cloudstack user leduyquy → permission="read" (HTTP 200) +183ms
guard:wasm [guard:github] INFO: <<< call_backend returned 1224 bytes +185ms
guard:wasm [guard:github] DEBUG: extract_mcp_response: top-level keys=["content"] +309µs
guard:wasm [guard:github] DEBUG: extract_mcp_response: found content array with 1 items +243µs
guard:wasm [guard:github] DEBUG: extract_mcp_response: found text field, len=1087 +239µs
guard:wasm [guard:github] DEBUG: extract_mcp_response: parsed content[0].text as JSON +346µs
guard:wasm [guard:github] INFO: get_collaborator_permission: apache/cloudstack user leduyquy → permission=Some("read") login=Some("leduyquy") +252µs
guard:wasm [guard:github] DEBUG: [integrity] issue:apache/cloudstack#9403: collaborator permission=Some("read") → merged rank=2 +249µs
guard:wasm [guard:github] DEBUG: Checking repo visibility for apache/cloudstack +262µs
guard:wasm [guard:github] INFO: >>> call_backend: tool=search_repositories +266µs
guard:wasm [guard:github] DEBUG:     args={"perPage":10,"query":"repo:apache/cloudstack"} +216µs
guard:wasm WASM guard calling backend: tool=search_repositories +240µs
server:unified [DIFC] Guard calling backend github tool search_repositories for metadata +3ms
server:unified executeBackendToolCall: serverID=github, toolName=search_repositories +455µs
launcher:launcher Checking session pool: serverID=github, sessionID=r9hBDzr7i7fbNU8wge9KaPQDr8vB9RkNYd7tKEjAW0hbweUjRiiscSu1zfKA +194ms
launcher:pool Reusing connection: backend=github, session=r9hBDzr7i7fbNU8wge9KaPQDr8vB9RkNYd7tKEjAW0hbweUjRiiscSu1zfKA, requests=41 +194ms
mcp:connection Dispatching SDK method: tools/call, serverID=github +197ms
mcp:connection callTool: parsed name=search_repositories, argumentCount=2 +254µs
guard:wasm Backend call failed: calling "tools/call": unknown tool "search_repositories" +8ms
guard:wasm [guard:github] ERROR: <<< call_backend FAILED with code -1 +217µs
guard:wasm [guard:github] WARN: Backend call search_repositories failed with code -1 +456µs
guard:wasm [guard:github] DEBUG: Checking repo visibility for apache/cloudstack +500µs
guard:wasm [guard:github] INFO: >>> call_backend: tool=search_repositories +291µs
guard:wasm [guard:github] DEBUG:     args={"perPage":10,"query":"repo:apache/cloudstack"} +201µs
guard:wasm WASM guard calling backend: tool=search_repositories +230µs
server:unified [DIFC] Guard calling backend github tool search_repositories for metadata +10ms
server:unified executeBackendToolCall: serverID=github, toolName=search_repositories +229µs
launcher:launcher Checking session pool: serverID=github, sessionID=r9hBDzr7i7fbNU8wge9KaPQDr8vB9RkNYd7tKEjAW0hbweUjRiiscSu1zfKA +10ms
launcher:pool Reusing connection: backend=github, session=r9hBDzr7i7fbNU8wge9KaPQDr8vB9RkNYd7tKEjAW0hbweUjRiiscSu1zfKA, requests=42 +10ms
mcp:connection Dispatching SDK method: tools/call, serverID=github +6ms
mcp:connection callTool: parsed name=search_repositories, argumentCount=2 +215µs
guard:wasm Backend call failed: calling "tools/call": unknown tool "search_repositories" +4ms
guard:wasm [guard:github] ERROR: <<< call_backend FAILED with code -1 +270µs
guard:wasm [guard:github] WARN: Backend call search_repositories failed with code -1 +544µs
guard:wasm [guard:github] DEBUG: [integrity] issue:apache/cloudstack#10011: author_association floor below writer (rank=2), checking collaborator permission for maic +445µs
guard:wasm [guard:github] DEBUG: get_collaborator_permission: fetching permission for apache/cloudstack user maic +225µs
guard:wasm [guard:github] INFO: >>> call_backend: tool=get_collaborator_permission +280µs
guard:wasm [guard:github] DEBUG:     args={"owner":"apache","repo":"cloudstack","username":"maic"} +213µs
guard:wasm WASM guard calling backend: tool=get_collaborator_permission +206µs
envutil:github Looking up GitHub token: checking 4 candidate env vars +203ms
envutil:github GitHub token found: source=GITHUB_MCP_SERVER_TOKEN +264µs
envutil:github GitHub API URL using default:  +210µs
envutil:github Deriving API URL from server URL: https://github.com +234µs
envutil:github GitHub.com detected, using default API URL: https://api.github.com +233µs
envutil:github GitHub API URL derived from GITHUB_SERVER_URL=https://github.com: https://api.github.com +250µs
httputil:collaborator_permission FetchCollaboratorPermission: owner=apache, repo=cloudstack, username=maic, apiPath=/repos/apache/cloudstack/collaborators/maic/permission +21ms
server:unified get_collaborator_permission: GET /repos/apache/cloudstack/collaborators/maic/permission (for apache/cloudstack user maic) +7ms
httputil:httputil GitHub GET: baseURL="https://api.github.com", path="/repos/apache/cloudstack/collaborators/maic/permission", hasAuth=true +22ms
httputil:httputil Applying GitHub API headers: method="GET", path="/repos/apache/cloudstack/collaborators/maic/permission", hasAuth=true +236µs
httputil:httputil GitHub GET response: path="/repos/apache/cloudstack/collaborators/maic/permission", status=200 +136ms
httputil:collaborator_permission FetchCollaboratorPermission: response received: status=200, bodyLen=1035 +138ms
server:unified get_collaborator_permission: apache/cloudstack user maic → permission="read" (HTTP 200) +138ms
guard:wasm [guard:github] INFO: <<< call_backend returned 1172 bytes +140ms
guard:wasm [guard:github] DEBUG: extract_mcp_response: top-level keys=["content"] +291µs
guard:wasm [guard:github] DEBUG: extract_mcp_response: found content array with 1 items +250µs
guard:wasm [guard:github] DEBUG: extract_mcp_response: found text field, len=1035 +287µs
guard:wasm [guard:github] DEBUG: extract_mcp_response: parsed content[0].text as JSON +264µs
guard:wasm [guard:github] INFO: get_collaborator_permission: apache/cloudstack user maic → permission=Some("read") login=Some("maic") +230µs
guard:wasm [guard:github] DEBUG: [integrity] issue:apache/cloudstack#10011: collaborator permission=Some("read") → merged rank=2 +265µs
guard:wasm [guard:github] DEBUG: Checking repo visibility for apache/cloudstack +257µs
guard:wasm [guard:github] INFO: >>> call_backend: tool=search_repositories +254µs
guard:wasm [guard:github] DEBUG:     args={"perPage":10,"query":"repo:apache/cloudstack"} +229µs
guard:wasm WASM guard calling backend: tool=search_repositories +346µs
server:unified [DIFC] Guard calling backend github tool search_repositories for metadata +3ms
server:unified executeBackendToolCall: serverID=github, toolName=search_repositories +190µs
launcher:launcher Checking session pool: serverID=github, sessionID=r9hBDzr7i7fbNU8wge9KaPQDr8vB9RkNYd7tKEjAW0hbweUjRiiscSu1zfKA +149ms
launcher:pool Reusing connection: backend=github, session=r9hBDzr7i7fbNU8wge9KaPQDr8vB9RkNYd7tKEjAW0hbweUjRiiscSu1zfKA, requests=43 +149ms
mcp:connection Dispatching SDK method: tools/call, serverID=github +149ms
mcp:connection callTool: parsed name=search_repositories, argumentCount=2 +320µs
guard:wasm Backend call failed: calling "tools/call": unknown tool "search_repositories" +4ms
guard:wasm [guard:github] ERROR: <<< call_backend FAILED with code -1 +262µs
guard:wasm [guard:github] WARN: Backend call search_repositories failed with code -1 +451µs
guard:wasm [guard:github] DEBUG: Checking repo visibility for apache/cloudstack +515µs
guard:wasm [guard:github] INFO: >>> call_backend: tool=search_repositories +292µs
guard:wasm [guard:github] DEBUG:     args={"perPage":10,"query":"repo:apache/cloudstack"} +274µs
guard:wasm WASM guard calling backend: tool=search_repositories +20ms
server:unified [DIFC] Guard calling backend github tool search_repositories for metadata +26ms
server:unified executeBackendToolCall: serverID=github, toolName=search_repositories +264µs
launcher:launcher Checking session pool: serverID=github, sessionID=r9hBDzr7i7fbNU8wge9KaPQDr8vB9RkNYd7tKEjAW0hbweUjRiiscSu1zfKA +26ms
launcher:pool Reusing connection: backend=github, session=r9hBDzr7i7fbNU8wge9KaPQDr8vB9RkNYd7tKEjAW0hbweUjRiiscSu1zfKA, requests=44 +26ms
mcp:connection Dispatching SDK method: tools/call, serverID=github +26ms
mcp:connection callTool: parsed name=search_repositories, argumentCount=2 +237µs
guard:wasm Backend call failed: calling "tools/call": unknown tool "search_repositories" +5ms
guard:wasm [guard:github] ERROR: <<< call_backend FAILED with code -1 +242µs
guard:wasm [guard:github] WARN: Backend call search_repositories failed with code -1 +461µs
guard:wasm [guard:github] DEBUG: [integrity] issue:apache/cloudstack#13519: author_association floor below writer (rank=2), checking collaborator permission for EduFrazao +512µs
guard:wasm [guard:github] DEBUG: get_collaborator_permission: fetching permission for apache/cloudstack user EduFrazao +270µs
guard:wasm [guard:github] INFO: >>> call_backend: tool=get_collaborator_permission +297µs
guard:wasm [guard:github] DEBUG:     args={"owner":"apache","repo":"cloudstack","username":"EduFrazao"} +222µs
guard:wasm WASM guard calling backend: tool=get_collaborator_permission +246µs
envutil:github Looking up GitHub token: checking 4 candidate env vars +176ms
envutil:github GitHub token found: source=GITHUB_MCP_SERVER_TOKEN +245µs
envutil:github GitHub API URL using default:  +301µs
envutil:github Deriving API URL from server URL: https://github.com +271µs
envutil:github GitHub.com detected, using default API URL: https://api.github.com +343µs
envutil:github GitHub API URL derived from GITHUB_SERVER_URL=https://github.com: https://api.github.com +256µs
httputil:collaborator_permission FetchCollaboratorPermission: owner=apache, repo=cloudstack, username=EduFrazao, apiPath=/repos/apache/cloudstack/collaborators/EduFrazao/permission +39ms
server:unified get_collaborator_permission: GET /repos/apache/cloudstack/collaborators/EduFrazao/permission (for apache/cloudstack user EduFrazao) +9ms
httputil:httputil GitHub GET: baseURL="https://api.github.com", path="/repos/apache/cloudstack/collaborators/EduFrazao/permission", hasAuth=true +40ms
httputil:httputil Applying GitHub API headers: method="GET", path="/repos/apache/cloudstack/collaborators/EduFrazao/permission", hasAuth=true +241µs
httputil:httputil GitHub GET response: path="/repos/apache/cloudstack/collaborators/EduFrazao/permission", status=200 +142ms
httputil:collaborator_permission FetchCollaboratorPermission: response received: status=200, bodyLen=1095 +143ms
server:unified get_collaborator_permission: apache/cloudstack user EduFrazao → permission="read" (HTTP 200) +143ms
guard:wasm [guard:github] INFO: <<< call_backend returned 1232 bytes +146ms
guard:wasm [guard:github] DEBUG: extract_mcp_response: top-level keys=["content"] +332µs
guard:wasm [guard:github] DEBUG: extract_mcp_response: found content array with 1 items +236µs
guard:wasm [guard:github] DEBUG: extract_mcp_response: found text field, len=1095 +261µs
guard:wasm [guard:github] DEBUG: extract_mcp_response: parsed content[0].text as JSON +260µs
guard:wasm [guard:github] INFO: get_collaborator_permission: apache/cloudstack user EduFrazao → permission=Some("read") login=Some("EduFrazao") +257µs
guard:wasm [guard:github] DEBUG: [integrity] issue:apache/cloudstack#13519: collaborator permission=Some("read") → merged rank=2 +254µs
guard:wasm [guard:github] DEBUG: Checking repo visibility for apache/cloudstack +389µs
guard:wasm [guard:github] INFO: >>> call_backend: tool=search_repositories +268µs
guard:wasm [guard:github] DEBUG:     args={"perPage":10,"query":"repo:apache/cloudstack"} +251µs
guard:wasm WASM guard calling backend: tool=search_repositories +238µs
server:unified [DIFC] Guard calling backend github tool search_repositories for metadata +3ms
server:unified executeBackendToolCall: serverID=github, toolName=search_repositories +241µs
launcher:launcher Checking session pool: serverID=github, sessionID=r9hBDzr7i7fbNU8wge9KaPQDr8vB9RkNYd7tKEjAW0hbweUjRiiscSu1zfKA +156ms
launcher:pool Reusing connection: backend=github, session=r9hBDzr7i7fbNU8wge9KaPQDr8vB9RkNYd7tKEjAW0hbweUjRiiscSu1zfKA, requests=45 +156ms
mcp:connection Dispatching SDK method: tools/call, serverID=github +156ms
mcp:connection callTool: parsed name=search_repositories, argumentCount=2 +231µs
guard:wasm Backend call failed: calling "tools/call": unknown tool "search_repositories" +4ms
guard:wasm [guard:github] ERROR: <<< call_backend FAILED with code -1 +236µs
guard:wasm [guard:github] WARN: Backend call search_repositories failed with code -1 +423µs
guard:wasm [guard:github] DEBUG: Checking repo visibility for apache/cloudstack +468µs
guard:wasm [guard:github] INFO: >>> call_backend: tool=search_repositories +246µs
guard:wasm [guard:github] DEBUG:     args={"perPage":10,"query":"repo:apache/cloudstack"} +244µs
guard:wasm WASM guard calling backend: tool=search_repositories +219µs
server:unified [DIFC] Guard calling backend github tool search_repositories for metadata +6ms
server:unified executeBackendToolCall: serverID=github, toolName=search_repositories +211µs
launcher:launcher Checking session pool: serverID=github, sessionID=r9hBDzr7i7fbNU8wge9KaPQDr8vB9RkNYd7tKEjAW0hbweUjRiiscSu1zfKA +6ms
launcher:pool Reusing connection: backend=github, session=r9hBDzr7i7fbNU8wge9KaPQDr8vB9RkNYd7tKEjAW0hbweUjRiiscSu1zfKA, requests=46 +6ms
mcp:connection Dispatching SDK method: tools/call, serverID=github +6ms
mcp:connection callTool: parsed name=search_repositories, argumentCount=2 +296µs
guard:wasm Backend call failed: calling "tools/call": unknown tool "search_repositories" +4ms
guard:wasm [guard:github] ERROR: <<< call_backend FAILED with code -1 +233µs
guard:wasm [guard:github] WARN: Backend call search_repositories failed with code -1 +492µs
guard:wasm [guard:github] DEBUG: [integrity] issue:apache/cloudstack#8627: author_association floor below writer (rank=2), checking collaborator permission for levindecaro +496µs
guard:wasm [guard:github] DEBUG: get_collaborator_permission: fetching permission for apache/cloudstack user levindecaro +239µs
guard:wasm [guard:github] INFO: >>> call_backend: tool=get_collaborator_permission +251µs
guard:wasm [guard:github] DEBUG:     args={"owner":"apache","repo":"cloudstack","username":"levindecaro"} +240µs
guard:wasm WASM guard calling backend: tool=get_collaborator_permission +241µs
envutil:github Looking up GitHub token: checking 4 candidate env vars +160ms
envutil:github GitHub token found: source=GITHUB_MCP_SERVER_TOKEN +228µs
envutil:github GitHub API URL using default:  +221µs
envutil:github Deriving API URL from server URL: https://github.com +248µs
envutil:github GitHub.com detected, using default API URL: https://api.github.com +224µs
envutil:github GitHub API URL derived from GITHUB_SERVER_URL=https://github.com: https://api.github.com +244µs
httputil:collaborator_permission FetchCollaboratorPermission: owner=apache, repo=cloudstack, username=levindecaro, apiPath=/repos/apache/cloudstack/collaborators/levindecaro/permission +17ms
server:unified get_collaborator_permission: GET /repos/apache/cloudstack/collaborators/levindecaro/permission (for apache/cloudstack user levindecaro) +7ms
httputil:httputil GitHub GET: baseURL="https://api.github.com", path="/repos/apache/cloudstack/collaborators/levindecaro/permission", hasAuth=true +18ms
httputil:httputil Applying GitHub API headers: method="GET", path="/repos/apache/cloudstack/collaborators/levindecaro/permission", hasAuth=true +213µs
httputil:httputil GitHub GET response: path="/repos/apache/cloudstack/collaborators/levindecaro/permission", status=200 +165ms
httputil:collaborator_permission FetchCollaboratorPermission: response received: status=200, bodyLen=1123 +166ms
server:unified get_collaborator_permission: apache/cloudstack user levindecaro → permission="read" (HTTP 200) +166ms
guard:wasm [guard:github] INFO: <<< call_backend returned 1260 bytes +168ms
guard:wasm [guard:github] DEBUG: extract_mcp_response: top-level keys=["content"] +303µs
guard:wasm [guard:github] DEBUG: extract_mcp_response: found content array with 1 items +247µs
guard:wasm [guard:github] DEBUG: extract_mcp_response: found text field, len=1123 +234µs
guard:wasm [guard:github] DEBUG: extract_mcp_response: parsed content[0].text as JSON +254µs
guard:wasm [guard:github] INFO: get_collaborator_permission: apache/cloudstack user levindecaro → permission=Some("read") login=Some("levindecaro") +244µs
guard:wasm [guard:github] DEBUG: [integrity] issue:apache/cloudstack#8627: collaborator permission=Some("read") → merged rank=2 +390µs
guard:wasm [guard:github] DEBUG: Checking repo visibility for apache/cloudstack +243µs
guard:wasm [guard:github] INFO: >>> call_backend: tool=search_repositories +220µs
guard:wasm [guard:github] DEBUG:     args={"perPage":10,"query":"repo:apache/cloudstack"} +219µs
guard:wasm WASM guard calling backend: tool=search_repositories +245µs
server:unified [DIFC] Guard calling backend github tool search_repositories for metadata +3ms
server:unified executeBackendToolCall: serverID=github, toolName=search_repositories +246µs
launcher:launcher Checking session pool: serverID=github, sessionID=r9hBDzr7i7fbNU8wge9KaPQDr8vB9RkNYd7tKEjAW0hbweUjRiiscSu1zfKA +177ms
launcher:pool Reusing connection: backend=github, session=r9hBDzr7i7fbNU8wge9KaPQDr8vB9RkNYd7tKEjAW0hbweUjRiiscSu1zfKA, requests=47 +177ms
mcp:connection Dispatching SDK method: tools/call, serverID=github +177ms
mcp:connection callTool: parsed name=search_repositories, argumentCount=2 +262µs
guard:wasm Backend call failed: calling "tools/call": unknown tool "search_repositories" +4ms
guard:wasm [guard:github] ERROR: <<< call_backend FAILED with code -1 +253µs
guard:wasm [guard:github] WARN: Backend call search_repositories failed with code -1 +402µs
guard:wasm [guard:github] DEBUG: Checking repo visibility for apache/cloudstack +452µs
guard:wasm [guard:github] INFO: >>> call_backend: tool=search_repositories +223µs
guard:wasm [guard:github] DEBUG:     args={"perPage":10,"query":"repo:apache/cloudstack"} +239µs
guard:wasm WASM guard calling backend: tool=search_repositories +203µs
server:unified [DIFC] Guard calling backend github tool search_repositories for metadata +6ms
server:unified executeBackendToolCall: serverID=github, toolName=search_repositories +243µs
launcher:launcher Checking session pool: serverID=github, sessionID=r9hBDzr7i7fbNU8wge9KaPQDr8vB9RkNYd7tKEjAW0hbweUjRiiscSu1zfKA +6ms
launcher:pool Reusing connection: backend=github, session=r9hBDzr7i7fbNU8wge9KaPQDr8vB9RkNYd7tKEjAW0hbweUjRiiscSu1zfKA, requests=48 +6ms
mcp:connection Dispatching SDK method: tools/call, serverID=github +6ms
mcp:connection callTool: parsed name=search_repositories, argumentCount=2 +228µs
guard:wasm Backend call failed: calling "tools/call": unknown tool "search_repositories" +4ms
guard:wasm [guard:github] ERROR: <<< call_backend FAILED with code -1 +229µs
guard:wasm [guard:github] WARN: Backend call search_repositories failed with code -1 +438µs
guard:wasm [guard:github] DEBUG: [integrity] issue:apache/cloudstack#6163: author_association floor below writer (rank=2), checking collaborator permission for levindecaro +447µs
guard:wasm [guard:github] DEBUG: get_collaborator_permission: cache hit for apache/cloudstack user levindecaro → permission=Some("read") +222µs
guard:wasm [guard:github] DEBUG: [integrity] issue:apache/cloudstack#6163: collaborator permission=Some("read") → merged rank=2 +240µs
guard:wasm [guard:github] DEBUG: Checking repo visibility for apache/cloudstack +240µs
guard:wasm [guard:github] INFO: >>> call_backend: tool=search_repositories +234µs
guard:wasm [guard:github] DEBUG:     args={"perPage":10,"query":"repo:apache/cloudstack"} +229µs
guard:wasm WASM guard calling backend: tool=search_repositories +242µs
server:unified [DIFC] Guard calling backend github tool search_repositories for metadata +6ms
server:unified executeBackendToolCall: serverID=github, toolName=search_repositories +202µs
launcher:launcher Checking session pool: serverID=github, sessionID=r9hBDzr7i7fbNU8wge9KaPQDr8vB9RkNYd7tKEjAW0hbweUjRiiscSu1zfKA +6ms
launcher:pool Reusing connection: backend=github, session=r9hBDzr7i7fbNU8wge9KaPQDr8vB9RkNYd7tKEjAW0hbweUjRiiscSu1zfKA, requests=49 +6ms
mcp:connection Dispatching SDK method: tools/call, serverID=github +6ms
mcp:connection callTool: parsed name=search_repositories, argumentCount=2 +217µs
guard:wasm Backend call failed: calling "tools/call": unknown tool "search_repositories" +4ms
guard:wasm [guard:github] ERROR: <<< call_backend FAILED with code -1 +241µs
guard:wasm [guard:github] WARN: Backend call search_repositories failed with code -1 +428µs
guard:wasm [guard:github] DEBUG: Checking repo visibility for apache/cloudstack +523µs
guard:wasm [guard:github] INFO: >>> call_backend: tool=search_repositories +258µs
guard:wasm [guard:github] DEBUG:     args={"perPage":10,"query":"repo:apache/cloudstack"} +239µs
guard:wasm WASM guard calling backend: tool=search_repositories +232µs
server:unified [DIFC] Guard calling backend github tool search_repositories for metadata +5ms
server:unified executeBackendToolCall: serverID=github, toolName=search_repositories +209µs
launcher:launcher Checking session pool: serverID=github, sessionID=r9hBDzr7i7fbNU8wge9KaPQDr8vB9RkNYd7tKEjAW0hbweUjRiiscSu1zfKA +5ms
launcher:pool Reusing connection: backend=github, session=r9hBDzr7i7fbNU8wge9KaPQDr8vB9RkNYd7tKEjAW0hbweUjRiiscSu1zfKA, requests=50 +5ms
mcp:connection Dispatching SDK method: tools/call, serverID=github +5ms
mcp:connection callTool: parsed name=search_repositories, argumentCount=2 +239µs
guard:wasm Backend call failed: calling "tools/call": unknown tool "search_repositories" +4ms
guard:wasm [guard:github] ERROR: <<< call_backend FAILED with code -1 +221µs
guard:wasm [guard:github] WARN: Backend call search_repositories failed with code -1 +443µs
guard:wasm [guard:github] DEBUG: [integrity] issue:apache/cloudstack#13471: author_association floor below writer (rank=2), checking collaborator permission for akoskuczi-bw +443µs
guard:wasm [guard:github] DEBUG: get_collaborator_permission: fetching permission for apache/cloudstack user akoskuczi-bw +223µs
guard:wasm [guard:github] INFO: >>> call_backend: tool=get_collaborator_permission +295µs
guard:wasm [guard:github] DEBUG:     args={"owner":"apache","repo":"cloudstack","username":"akoskuczi-bw"} +240µs
guard:wasm WASM guard calling backend: tool=get_collaborator_permission +204µs
envutil:github Looking up GitHub token: checking 4 candidate env vars +195ms
envutil:github GitHub token found: source=GITHUB_MCP_SERVER_TOKEN +233µs
envutil:github GitHub API URL using default:  +212µs
envutil:github Deriving API URL from server URL: https://github.com +243µs
envutil:github GitHub.com detected, using default API URL: https://api.github.com +213µs
envutil:github GitHub API URL derived from GITHUB_SERVER_URL=https://github.com: https://api.github.com +208µs
httputil:collaborator_permission FetchCollaboratorPermission: owner=apache, repo=cloudstack, username=akoskuczi-bw, apiPath=/repos/apache/cloudstack/collaborators/akoskuczi-bw/permission +30ms
server:unified get_collaborator_permission: GET /repos/apache/cloudstack/collaborators/akoskuczi-bw/permission (for apache/cloudstack user akoskuczi-bw) +7ms
httputil:httputil GitHub GET: baseURL="https://api.github.com", path="/repos/apache/cloudstack/collaborators/akoskuczi-bw/permission", hasAuth=true +31ms
httputil:httputil Applying GitHub API headers: method="GET", path="/repos/apache/cloudstack/collaborators/akoskuczi-bw/permission", hasAuth=true +204µs
httputil:httputil GitHub GET response: path="/repos/apache/cloudstack/collaborators/akoskuczi-bw/permission", status=200 +144ms
httputil:collaborator_permission FetchCollaboratorPermission: response received: status=200, bodyLen=1129 +145ms
server:unified get_collaborator_permission: apache/cloudstack user akoskuczi-bw → permission="read" (HTTP 200) +145ms
guard:wasm [guard:github] INFO: <<< call_backend returned 1266 bytes +147ms
guard:wasm [guard:github] DEBUG: extract_mcp_response: top-level keys=["content"] +298µs
guard:wasm [guard:github] DEBUG: extract_mcp_response: found content array with 1 items +223µs
guard:wasm [guard:github] DEBUG: extract_mcp_response: found text field, len=1129 +212µs
guard:wasm [guard:github] DEBUG: extract_mcp_response: parsed content[0].text as JSON +253µs
guard:wasm [guard:github] INFO: get_collaborator_permission: apache/cloudstack user akoskuczi-bw → permission=Some("read") login=Some("akoskuczi-bw") +242µs
guard:wasm [guard:github] DEBUG: [integrity] issue:apache/cloudstack#13471: collaborator permission=Some("read") → merged rank=2 +321µs
guard:wasm [guard:github] DEBUG: Checking repo visibility for apache/cloudstack +292µs
guard:wasm [guard:github] INFO: >>> call_backend: tool=search_repositories +272µs
guard:wasm [guard:github] DEBUG:     args={"perPage":10,"query":"repo:apache/cloudstack"} +279µs
guard:wasm WASM guard calling backend: tool=search_repositories +238µs
server:unified [DIFC] Guard calling backend github tool search_repositories for metadata +3ms
server:unified executeBackendToolCall: serverID=github, toolName=search_repositories +230µs
launcher:launcher Checking session pool: serverID=github, sessionID=r9hBDzr7i7fbNU8wge9KaPQDr8vB9RkNYd7tKEjAW0hbweUjRiiscSu1zfKA +156ms
launcher:pool Reusing connection: backend=github, session=r9hBDzr7i7fbNU8wge9KaPQDr8vB9RkNYd7tKEjAW0hbweUjRiiscSu1zfKA, requests=51 +156ms
mcp:connection Dispatching SDK method: tools/call, serverID=github +156ms
mcp:connection callTool: parsed name=search_repositories, argumentCount=2 +231µs
guard:wasm Backend call failed: calling "tools/call": unknown tool "search_repositories" +4ms
guard:wasm [guard:github] ERROR: <<< call_backend FAILED with code -1 +263µs
guard:wasm [guard:github] WARN: Backend call search_repositories failed with code -1 +489µs
guard:wasm [guard:github] DEBUG: Checking repo visibility for apache/cloudstack +438µs
guard:wasm [guard:github] INFO: >>> call_backend: tool=search_repositories +234µs
guard:wasm [guard:github] DEBUG:     args={"perPage":10,"query":"repo:apache/cloudstack"} +212µs
guard:wasm WASM guard calling backend: tool=search_repositories +246µs
server:unified [DIFC] Guard calling backend github tool search_repositories for metadata +6ms
server:unified executeBackendToolCall: serverID=github, toolName=search_repositories +236µs
launcher:launcher Checking session pool: serverID=github, sessionID=r9hBDzr7i7fbNU8wge9KaPQDr8vB9RkNYd7tKEjAW0hbweUjRiiscSu1zfKA +6ms
launcher:pool Reusing connection: backend=github, session=r9hBDzr7i7fbNU8wge9KaPQDr8vB9RkNYd7tKEjAW0hbweUjRiiscSu1zfKA, requests=52 +6ms
mcp:connection Dispatching SDK method: tools/call, serverID=github +6ms
mcp:connection callTool: parsed name=search_repositories, argumentCount=2 +242µs
guard:wasm Backend call failed: calling "tools/call": unknown tool "search_repositories" +4ms
guard:wasm [guard:github] ERROR: <<< call_backend FAILED with code -1 +227µs
guard:wasm [guard:github] WARN: Backend call search_repositories failed with code -1 +406µs
guard:wasm [guard:github] DEBUG: [integrity] issue:apache/cloudstack#8304: author_association floor below writer (rank=2), checking collaborator permission for 0sorkon +429µs
guard:wasm [guard:github] DEBUG: get_collaborator_permission: cache hit for apache/cloudstack user 0sorkon → permission=Some("read") +197µs
guard:wasm [guard:github] DEBUG: [integrity] issue:apache/cloudstack#8304: collaborator permission=Some("read") → merged rank=2 +238µs
guard:wasm [guard:github] DEBUG: Checking repo visibility for apache/cloudstack +250µs
guard:wasm [guard:github] INFO: >>> call_backend: tool=search_repositories +236µs
guard:wasm [guard:github] DEBUG:     args={"perPage":10,"query":"repo:apache/cloudstack"} +219µs
guard:wasm WASM guard calling backend: tool=search_repositories +274µs
server:unified [DIFC] Guard calling backend github tool search_repositories for metadata +6ms
server:unified executeBackendToolCall: serverID=github, toolName=search_repositories +210µs
launcher:launcher Checking session pool: serverID=github, sessionID=r9hBDzr7i7fbNU8wge9KaPQDr8vB9RkNYd7tKEjAW0hbweUjRiiscSu1zfKA +7ms
launcher:pool Reusing connection: backend=github, session=r9hBDzr7i7fbNU8wge9KaPQDr8vB9RkNYd7tKEjAW0hbweUjRiiscSu1zfKA, requests=53 +7ms
mcp:connection Dispatching SDK method: tools/call, serverID=github +7ms
mcp:connection callTool: parsed name=search_repositories, argumentCount=2 +243µs
guard:wasm Backend call failed: calling "tools/call": unknown tool "search_repositories" +4ms
guard:wasm [guard:github] ERROR: <<< call_backend FAILED with code -1 +250µs
guard:wasm [guard:github] WARN: Backend call search_repositories failed with code -1 +440µs
guard:wasm [guard:github] DEBUG: Checking repo visibility for apache/cloudstack +454µs
guard:wasm [guard:github] INFO: >>> call_backend: tool=search_repositories +233µs
guard:wasm [guard:github] DEBUG:     args={"perPage":10,"query":"repo:apache/cloudstack"} +239µs
guard:wasm WASM guard calling backend: tool=search_repositories +211µs
server:unified [DIFC] Guard calling backend github tool search_repositories for metadata +6ms
server:unified executeBackendToolCall: serverID=github, toolName=search_repositories +227µs
launcher:launcher Checking session pool: serverID=github, sessionID=r9hBDzr7i7fbNU8wge9KaPQDr8vB9RkNYd7tKEjAW0hbweUjRiiscSu1zfKA +6ms
launcher:pool Reusing connection: backend=github, session=r9hBDzr7i7fbNU8wge9KaPQDr8vB9RkNYd7tKEjAW0hbweUjRiiscSu1zfKA, requests=54 +6ms
mcp:connection Dispatching SDK method: tools/call, serverID=github +5ms
mcp:connection callTool: parsed name=search_repositories, argumentCount=2 +210µs
guard:wasm Backend call failed: calling "tools/call": unknown tool "search_repositories" +4ms
guard:wasm [guard:github] ERROR: <<< call_backend FAILED with code -1 +225µs
guard:wasm [guard:github] WARN: Backend call search_repositories failed with code -1 +377µs
guard:wasm [guard:github] DEBUG: [integrity] issue:apache/cloudstack#11710: author_association floor below writer (rank=2), checking collaborator permission for bradh352 +500µs
guard:wasm [guard:github] DEBUG: get_collaborator_permission: fetching permission for apache/cloudstack user bradh352 +195µs
guard:wasm [guard:github] INFO: >>> call_backend: tool=get_collaborator_permission +250µs
guard:wasm [guard:github] DEBUG:     args={"owner":"apache","repo":"cloudstack","username":"bradh352"} +233µs
guard:wasm WASM guard calling backend: tool=get_collaborator_permission +211µs
envutil:github Looking up GitHub token: checking 4 candidate env vars +174ms
envutil:github GitHub token found: source=GITHUB_MCP_SERVER_TOKEN +204µs
envutil:github GitHub API URL using default:  +213µs
envutil:github Deriving API URL from server URL: https://github.com +211µs
envutil:github GitHub.com detected, using default API URL: https://api.github.com +205µs
envutil:github GitHub API URL derived from GITHUB_SERVER_URL=https://github.com: https://api.github.com +198µs
httputil:collaborator_permission FetchCollaboratorPermission: owner=apache, repo=cloudstack, username=bradh352, apiPath=/repos/apache/cloudstack/collaborators/bradh352/permission +30ms
server:unified get_collaborator_permission: GET /repos/apache/cloudstack/collaborators/bradh352/permission (for apache/cloudstack user bradh352) +7ms
httputil:httputil GitHub GET: baseURL="https://api.github.com", path="/repos/apache/cloudstack/collaborators/bradh352/permission", hasAuth=true +31ms
httputil:httputil Applying GitHub API headers: method="GET", path="/repos/apache/cloudstack/collaborators/bradh352/permission", hasAuth=true +200µs
httputil:httputil GitHub GET response: path="/repos/apache/cloudstack/collaborators/bradh352/permission", status=200 +188ms
httputil:collaborator_permission FetchCollaboratorPermission: response received: status=200, bodyLen=1087 +189ms
server:unified get_collaborator_permission: apache/cloudstack user bradh352 → permission="read" (HTTP 200) +189ms
guard:wasm [guard:github] INFO: <<< call_backend returned 1224 bytes +191ms
guard:wasm [guard:github] DEBUG: extract_mcp_response: top-level keys=["content"] +274µs
guard:wasm [guard:github] DEBUG: extract_mcp_response: found content array with 1 items +226µs
guard:wasm [guard:github] DEBUG: extract_mcp_response: found text field, len=1087 +222µs
guard:wasm [guard:github] DEBUG: extract_mcp_response: parsed content[0].text as JSON +266µs
guard:wasm [guard:github] INFO: get_collaborator_permission: apache/cloudstack user bradh352 → permission=Some("read") login=Some("bradh352") +212µs
guard:wasm [guard:github] DEBUG: [integrity] issue:apache/cloudstack#11710: collaborator permission=Some("read") → merged rank=2 +239µs
guard:wasm [guard:github] DEBUG: Checking repo visibility for apache/cloudstack +226µs
guard:wasm [guard:github] INFO: >>> call_backend: tool=search_repositories +234µs
guard:wasm [guard:github] DEBUG:     args={"perPage":10,"query":"repo:apache/cloudstack"} +209µs
guard:wasm WASM guard calling backend: tool=search_repositories +225µs
server:unified [DIFC] Guard calling backend github tool search_repositories for metadata +2ms
server:unified executeBackendToolCall: serverID=github, toolName=search_repositories +208µs
launcher:launcher Checking session pool: serverID=github, sessionID=r9hBDzr7i7fbNU8wge9KaPQDr8vB9RkNYd7tKEjAW0hbweUjRiiscSu1zfKA +200ms
launcher:pool Reusing connection: backend=github, session=r9hBDzr7i7fbNU8wge9KaPQDr8vB9RkNYd7tKEjAW0hbweUjRiiscSu1zfKA, requests=55 +200ms
mcp:connection Dispatching SDK method: tools/call, serverID=github +200ms
mcp:connection callTool: parsed name=search_repositories, argumentCount=2 +215µs
guard:wasm Backend call failed: calling "tools/call": unknown tool "search_repositories" +4ms
guard:wasm [guard:github] ERROR: <<< call_backend FAILED with code -1 +227µs
guard:wasm [guard:github] WARN: Backend call search_repositories failed with code -1 +426µs
guard:wasm [guard:github] DEBUG: Checking repo visibility for apache/cloudstack +434µs
guard:wasm [guard:github] INFO: >>> call_backend: tool=search_repositories +249µs
guard:wasm [guard:github] DEBUG:     args={"perPage":10,"query":"repo:apache/cloudstack"} +219µs
guard:wasm WASM guard calling backend: tool=search_repositories +217µs
server:unified [DIFC] Guard calling backend github tool search_repositories for metadata +6ms
server:unified executeBackendToolCall: serverID=github, toolName=search_repositories +218µs
launcher:launcher Checking session pool: serverID=github, sessionID=r9hBDzr7i7fbNU8wge9KaPQDr8vB9RkNYd7tKEjAW0hbweUjRiiscSu1zfKA +6ms
launcher:pool Reusing connection: backend=github, session=r9hBDzr7i7fbNU8wge9KaPQDr8vB9RkNYd7tKEjAW0hbweUjRiiscSu1zfKA, requests=56 +6ms
mcp:connection Dispatching SDK method: tools/call, serverID=github +5ms
mcp:connection callTool: parsed name=search_repositories, argumentCount=2 +234µs
guard:wasm Backend call failed: calling "tools/call": unknown tool "search_repositories" +4ms
guard:wasm [guard:github] ERROR: <<< call_backend FAILED with code -1 +197µs
guard:wasm [guard:github] WARN: Backend call search_repositories failed with code -1 +455µs
guard:wasm [guard:github] DEBUG: [integrity] issue:apache/cloudstack#11983: author_association floor below writer (rank=2), checking collaborator permission for tatay188 +403µs
guard:wasm [guard:github] DEBUG: get_collaborator_permission: fetching permission for apache/cloudstack user tatay188 +199µs
guard:wasm [guard:github] INFO: >>> call_backend: tool=get_collaborator_permission +242µs
guard:wasm [guard:github] DEBUG:     args={"owner":"apache","repo":"cloudstack","username":"tatay188"} +213µs
guard:wasm WASM guard calling backend: tool=get_collaborator_permission +202µs
envutil:github Looking up GitHub token: checking 4 candidate env vars +205ms
envutil:github GitHub token found: source=GITHUB_MCP_SERVER_TOKEN +214µs
envutil:github GitHub API URL using default:  +222µs
envutil:github Deriving API URL from server URL: https://github.com +222µs
envutil:github GitHub.com detected, using default API URL: https://api.github.com +197µs
envutil:github GitHub API URL derived from GITHUB_SERVER_URL=https://github.com: https://api.github.com +226µs
httputil:collaborator_permission FetchCollaboratorPermission: owner=apache, repo=cloudstack, username=tatay188, apiPath=/repos/apache/cloudstack/collaborators/tatay188/permission +16ms
server:unified get_collaborator_permission: GET /repos/apache/cloudstack/collaborators/tatay188/permission (for apache/cloudstack user tatay188) +7ms
httputil:httputil GitHub GET: baseURL="https://api.github.com", path="/repos/apache/cloudstack/collaborators/tatay188/permission", hasAuth=true +17ms
httputil:httputil Applying GitHub API headers: method="GET", path="/repos/apache/cloudstack/collaborators/tatay188/permission", hasAuth=true +204µs
httputil:httputil GitHub GET response: path="/repos/apache/cloudstack/collaborators/tatay188/permission", status=200 +138ms
httputil:collaborator_permission FetchCollaboratorPermission: response received: status=200, bodyLen=1087 +139ms
server:unified get_collaborator_permission: apache/cloudstack user tatay188 → permission="read" (HTTP 200) +139ms
guard:wasm [guard:github] INFO: <<< call_backend returned 1224 bytes +141ms
guard:wasm [guard:github] DEBUG: extract_mcp_response: top-level keys=["content"] +265µs
guard:wasm [guard:github] DEBUG: extract_mcp_response: found content array with 1 items +242µs
guard:wasm [guard:github] DEBUG: extract_mcp_response: found text field, len=1087 +254µs
guard:wasm [guard:github] DEBUG: extract_mcp_response: parsed content[0].text as JSON +231µs
guard:wasm [guard:github] INFO: get_collaborator_permission: apache/cloudstack user tatay188 → permission=Some("read") login=Some("tatay188") +206µs
guard:wasm [guard:github] DEBUG: [integrity] issue:apache/cloudstack#11983: collaborator permission=Some("read") → merged rank=2 +224µs
guard:wasm [guard:github] DEBUG: Checking repo visibility for apache/cloudstack +232µs
guard:wasm [guard:github] INFO: >>> call_backend: tool=search_repositories +231µs
guard:wasm [guard:github] DEBUG:     args={"perPage":10,"query":"repo:apache/cloudstack"} +319µs
guard:wasm WASM guard calling backend: tool=search_repositories +204µs
server:unified [DIFC] Guard calling backend github tool search_repositories for metadata +2ms
server:unified executeBackendToolCall: serverID=github, toolName=search_repositories +262µs
launcher:launcher Checking session pool: serverID=github, sessionID=r9hBDzr7i7fbNU8wge9KaPQDr8vB9RkNYd7tKEjAW0hbweUjRiiscSu1zfKA +150ms
launcher:pool Reusing connection: backend=github, session=r9hBDzr7i7fbNU8wge9KaPQDr8vB9RkNYd7tKEjAW0hbweUjRiiscSu1zfKA, requests=57 +150ms
mcp:connection Dispatching SDK method: tools/call, serverID=github +151ms
mcp:connection callTool: parsed name=search_repositories, argumentCount=2 +249µs
guard:wasm Backend call failed: calling "tools/call": unknown tool "search_repositories" +5ms
guard:wasm [guard:github] ERROR: <<< call_backend FAILED with code -1 +264µs
guard:wasm [guard:github] WARN: Backend call search_repositories failed with code -1 +425µs
guard:wasm [guard:github] DEBUG: Checking repo visibility for apache/cloudstack +489µs
guard:wasm [guard:github] INFO: >>> call_backend: tool=search_repositories +222µs
guard:wasm [guard:github] DEBUG:     args={"perPage":10,"query":"repo:apache/cloudstack"} +209µs
guard:wasm WASM guard calling backend: tool=search_repositories +229µs
server:unified [DIFC] Guard calling backend github tool search_repositories for metadata +6ms
server:unified executeBackendToolCall: serverID=github, toolName=search_repositories +231µs
launcher:launcher Checking session pool: serverID=github, sessionID=r9hBDzr7i7fbNU8wge9KaPQDr8vB9RkNYd7tKEjAW0hbweUjRiiscSu1zfKA +7ms
launcher:pool Reusing connection: backend=github, session=r9hBDzr7i7fbNU8wge9KaPQDr8vB9RkNYd7tKEjAW0hbweUjRiiscSu1zfKA, requests=58 +7ms
mcp:connection Dispatching SDK method: tools/call, serverID=github +5ms
mcp:connection callTool: parsed name=search_repositories, argumentCount=2 +226µs
guard:wasm Backend call failed: calling "tools/call": unknown tool "search_repositories" +4ms
guard:wasm [guard:github] ERROR: <<< call_backend FAILED with code -1 +261µs
guard:wasm [guard:github] WARN: Backend call search_repositories failed with code -1 +439µs
guard:wasm [guard:github] DEBUG: [integrity] issue:apache/cloudstack#4542: author_association floor below writer (rank=2), checking collaborator permission for aleskxyz +423µs
guard:wasm [guard:github] DEBUG: get_collaborator_permission: fetching permission for apache/cloudstack user aleskxyz +239µs
guard:wasm [guard:github] INFO: >>> call_backend: tool=get_collaborator_permission +244µs
guard:wasm [guard:github] DEBUG:     args={"owner":"apache","repo":"cloudstack","username":"aleskxyz"} +223µs
guard:wasm WASM guard calling backend: tool=get_collaborator_permission +200µs
envutil:github Looking up GitHub token: checking 4 candidate env vars +156ms
envutil:github GitHub token found: source=GITHUB_MCP_SERVER_TOKEN +205µs
envutil:github GitHub API URL using default:  +213µs
envutil:github Deriving API URL from server URL: https://github.com +211µs
envutil:github GitHub.com detected, using default API URL: https://api.github.com +214µs
envutil:github GitHub API URL derived from GITHUB_SERVER_URL=https://github.com: https://api.github.com +21ms
httputil:collaborator_permission FetchCollaboratorPermission: owner=apache, repo=cloudstack, username=aleskxyz, apiPath=/repos/apache/cloudstack/collaborators/aleskxyz/permission +39ms
server:unified get_collaborator_permission: GET /repos/apache/cloudstack/collaborators/aleskxyz/permission (for apache/cloudstack user aleskxyz) +29ms
httputil:httputil GitHub GET: baseURL="https://api.github.com", path="/repos/apache/cloudstack/collaborators/aleskxyz/permission", hasAuth=true +40ms
httputil:httputil Applying GitHub API headers: method="GET", path="/repos/apache/cloudstack/collaborators/aleskxyz/permission", hasAuth=true +207µs
httputil:httputil GitHub GET response: path="/repos/apache/cloudstack/collaborators/aleskxyz/permission", status=200 +176ms
httputil:collaborator_permission FetchCollaboratorPermission: response received: status=200, bodyLen=1087 +177ms
server:unified get_collaborator_permission: apache/cloudstack user aleskxyz → permission="read" (HTTP 200) +177ms
guard:wasm [guard:github] INFO: <<< call_backend returned 1224 bytes +201ms
guard:wasm [guard:github] DEBUG: extract_mcp_response: top-level keys=["content"] +299µs
guard:wasm [guard:github] DEBUG: extract_mcp_response: found content array with 1 items +230µs
guard:wasm [guard:github] DEBUG: extract_mcp_response: found text field, len=1087 +263µs
guard:wasm [guard:github] DEBUG: extract_mcp_response: parsed content[0].text as JSON +288µs
guard:wasm [guard:github] INFO: get_collaborator_permission: apache/cloudstack user aleskxyz → permission=Some("read") login=Some("aleskxyz") +264µs
guard:wasm [guard:github] DEBUG: [integrity] issue:apache/cloudstack#4542: collaborator permission=Some("read") → merged rank=2 +303µs
guard:wasm [guard:github] DEBUG: Checking repo visibility for apache/cloudstack +404µs
guard:wasm [guard:github] INFO: >>> call_backend: tool=search_repositories +251µs
guard:wasm [guard:github] DEBUG:     args={"perPage":10,"query":"repo:apache/cloudstack"} +256µs
guard:wasm WASM guard calling backend: tool=search_repositories +252µs
server:unified [DIFC] Guard calling backend github tool search_repositories for metadata +3ms
server:unified executeBackendToolCall: serverID=github, toolName=search_repositories +224µs
launcher:launcher Checking session pool: serverID=github, sessionID=r9hBDzr7i7fbNU8wge9KaPQDr8vB9RkNYd7tKEjAW0hbweUjRiiscSu1zfKA +210ms
launcher:pool Reusing connection: backend=github, session=r9hBDzr7i7fbNU8wge9KaPQDr8vB9RkNYd7tKEjAW0hbweUjRiiscSu1zfKA, requests=59 +217ms
mcp:connection Dispatching SDK method: tools/call, serverID=github +217ms
mcp:connection callTool: parsed name=search_repositories, argumentCount=2 +271µs
guard:wasm Backend call failed: calling "tools/call": unknown tool "search_repositories" +11ms
guard:wasm [guard:github] ERROR: <<< call_backend FAILED with code -1 +268µs
guard:wasm [guard:github] WARN: Backend call search_repositories failed with code -1 +491µs
guard:wasm [guard:github] DEBUG: Checking repo visibility for apache/cloudstack +519µs
guard:wasm [guard:github] INFO: >>> call_backend: tool=search_repositories +238µs
guard:wasm [guard:github] DEBUG:     args={"perPage":10,"query":"repo:apache/cloudstack"} +229µs
guard:wasm WASM guard calling backend: tool=search_repositories +227µs
server:unified [DIFC] Guard calling backend github tool search_repositories for metadata +12ms
server:unified executeBackendToolCall: serverID=github, toolName=search_repositories +251µs
launcher:launcher Checking session pool: serverID=github, sessionID=r9hBDzr7i7fbNU8wge9KaPQDr8vB9RkNYd7tKEjAW0hbweUjRiiscSu1zfKA +13ms
launcher:pool Reusing connection: backend=github, session=r9hBDzr7i7fbNU8wge9KaPQDr8vB9RkNYd7tKEjAW0hbweUjRiiscSu1zfKA, requests=60 +6ms
mcp:connection Dispatching SDK method: tools/call, serverID=github +6ms
mcp:connection callTool: parsed name=search_repositories, argumentCount=2 +238µs
guard:wasm Backend call failed: calling "tools/call": unknown tool "search_repositories" +4ms
guard:wasm [guard:github] ERROR: <<< call_backend FAILED with code -1 +305µs
guard:wasm [guard:github] WARN: Backend call search_repositories failed with code -1 +506µs
guard:wasm [guard:github] DEBUG: [integrity] issue:apache/cloudstack#7458: author_association floor below writer (rank=2), checking collaborator permission for alexandremattioli +562µs
guard:wasm [guard:github] DEBUG: get_collaborator_permission: fetching permission for apache/cloudstack user alexandremattioli +230µs
guard:wasm [guard:github] INFO: >>> call_backend: tool=get_collaborator_permission +325µs
guard:wasm [guard:github] DEBUG:     args={"owner":"apache","repo":"cloudstack","username":"alexandremattioli"} +299µs
guard:wasm WASM guard calling backend: tool=get_collaborator_permission +218µs
envutil:github Looking up GitHub token: checking 4 candidate env vars +201ms
envutil:github GitHub token found: source=GITHUB_MCP_SERVER_TOKEN +247µs
envutil:github GitHub API URL using default:  +523µs
envutil:github Deriving API URL from server URL: https://github.com +409µs
envutil:github GitHub.com detected, using default API URL: https://api.github.com +231µs
envutil:github GitHub API URL derived from GITHUB_SERVER_URL=https://github.com: https://api.github.com +237µs
httputil:collaborator_permission FetchCollaboratorPermission: owner=apache, repo=cloudstack, username=alexandremattioli, apiPath=/repos/apache/cloudstack/collaborators/alexandremattioli/permission +25ms
server:unified get_collaborator_permission: GET /repos/apache/cloudstack/collaborators/alexandremattioli/permission (for apache/cloudstack user alexandremattioli) +9ms
httputil:httputil GitHub GET: baseURL="https://api.github.com", path="/repos/apache/cloudstack/collaborators/alexandremattioli/permission", hasAuth=true +26ms
httputil:httputil Applying GitHub API headers: method="GET", path="/repos/apache/cloudstack/collaborators/alexandremattioli/permission", hasAuth=true +226µs
httputil:httputil GitHub GET response: path="/repos/apache/cloudstack/collaborators/alexandremattioli/permission", status=200 +141ms
httputil:collaborator_permission FetchCollaboratorPermission: response received: status=200, bodyLen=1195 +142ms
server:unified get_collaborator_permission: apache/cloudstack user alexandremattioli → permission="read" (HTTP 200) +142ms
guard:wasm [guard:github] INFO: <<< call_backend returned 1332 bytes +145ms
guard:wasm [guard:github] DEBUG: extract_mcp_response: top-level keys=["content"] +333µs
guard:wasm [guard:github] DEBUG: extract_mcp_response: found content array with 1 items +294µs
guard:wasm [guard:github] DEBUG: extract_mcp_response: found text field, len=1195 +233µs
guard:wasm [guard:github] DEBUG: extract_mcp_response: parsed content[0].text as JSON +279µs
guard:wasm [guard:github] INFO: get_collaborator_permission: apache/cloudstack user alexandremattioli → permission=Some("read") login=Some("alexandremattioli") +375µs
guard:wasm [guard:github] DEBUG: [integrity] issue:apache/cloudstack#7458: collaborator permission=Some("read") → merged rank=2 +292µs
guard:wasm [guard:github] DEBUG: Checking repo visibility for apache/cloudstack +256µs
guard:wasm [guard:github] INFO: >>> call_backend: tool=search_repositories +240µs
guard:wasm [guard:github] DEBUG:     args={"perPage":10,"query":"repo:apache/cloudstack"} +254µs
guard:wasm WASM guard calling backend: tool=search_repositories +230µs
server:unified [DIFC] Guard calling backend github tool search_repositories for metadata +3ms
server:unified executeBackendToolCall: serverID=github, toolName=search_repositories +251µs
launcher:launcher Checking session pool: serverID=github, sessionID=r9hBDzr7i7fbNU8wge9KaPQDr8vB9RkNYd7tKEjAW0hbweUjRiiscSu1zfKA +155ms
launcher:pool Reusing connection: backend=github, session=r9hBDzr7i7fbNU8wge9KaPQDr8vB9RkNYd7tKEjAW0hbweUjRiiscSu1zfKA, requests=61 +155ms
mcp:connection Dispatching SDK method: tools/call, serverID=github +154ms
mcp:connection callTool: parsed name=search_repositories, argumentCount=2 +246µs
guard:wasm Backend call failed: calling "tools/call": unknown tool "search_repositories" +4ms
guard:wasm [guard:github] ERROR: <<< call_backend FAILED with code -1 +263µs
guard:wasm [guard:github] WARN: Backend call search_repositories failed with code -1 +404µs
guard:wasm [guard:github] DEBUG: Checking repo visibility for apache/cloudstack +489µs
guard:wasm [guard:github] INFO: >>> call_backend: tool=search_repositories +235µs
guard:wasm [guard:github] DEBUG:     args={"perPage":10,"query":"repo:apache/cloudstack"} +235µs
guard:wasm WASM guard calling backend: tool=search_repositories +228µs
server:unified [DIFC] Guard calling backend github tool search_repositories for metadata +6ms
server:unified executeBackendToolCall: serverID=github, toolName=search_repositories +206µs
launcher:launcher Checking session pool: serverID=github, sessionID=r9hBDzr7i7fbNU8wge9KaPQDr8vB9RkNYd7tKEjAW0hbweUjRiiscSu1zfKA +6ms
launcher:pool Reusing connection: backend=github, session=r9hBDzr7i7fbNU8wge9KaPQDr8vB9RkNYd7tKEjAW0hbweUjRiiscSu1zfKA, requests=62 +6ms
mcp:connection Dispatching SDK method: tools/call, serverID=github +6ms
mcp:connection callTool: parsed name=search_repositories, argumentCount=2 +249µs
guard:wasm Backend call failed: calling "tools/call": unknown tool "search_repositories" +4ms
guard:wasm [guard:github] ERROR: <<< call_backend FAILED with code -1 +250µs
guard:wasm [guard:github] WARN: Backend call search_repositories failed with code -1 +497µs
guard:wasm [guard:github] DEBUG: [integrity] issue:apache/cloudstack#6861: author_association floor below writer (rank=2), checking collaborator permission for nxsbi +467µs
guard:wasm [guard:github] DEBUG: get_collaborator_permission: fetching permission for apache/cloudstack user nxsbi +252µs
guard:wasm [guard:github] INFO: >>> call_backend: tool=get_collaborator_permission +271µs
guard:wasm [guard:github] DEBUG:     args={"owner":"apache","repo":"cloudstack","username":"nxsbi"} +244µs
guard:wasm WASM guard calling backend: tool=get_collaborator_permission +233µs
envutil:github Looking up GitHub token: checking 4 candidate env vars +159ms
envutil:github GitHub token found: source=GITHUB_MCP_SERVER_TOKEN +215µs
envutil:github GitHub API URL using default:  +222µs
envutil:github Deriving API URL from server URL: https://github.com +272µs
envutil:github GitHub.com detected, using default API URL: https://api.github.com +243µs
envutil:github GitHub API URL derived from GITHUB_SERVER_URL=https://github.com: https://api.github.com +231µs
httputil:collaborator_permission FetchCollaboratorPermission: owner=apache, repo=cloudstack, username=nxsbi, apiPath=/repos/apache/cloudstack/collaborators/nxsbi/permission +18ms
server:unified get_collaborator_permission: GET /repos/apache/cloudstack/collaborators/nxsbi/permission (for apache/cloudstack user nxsbi) +8ms
httputil:httputil GitHub GET: baseURL="https://api.github.com", path="/repos/apache/cloudstack/collaborators/nxsbi/permission", hasAuth=true +19ms
httputil:httputil Applying GitHub API headers: method="GET", path="/repos/apache/cloudstack/collaborators/nxsbi/permission", hasAuth=true +237µs
httputil:httputil GitHub GET response: path="/repos/apache/cloudstack/collaborators/nxsbi/permission", status=200 +146ms
httputil:collaborator_permission FetchCollaboratorPermission: response received: status=200, bodyLen=1051 +147ms
server:unified get_collaborator_permission: apache/cloudstack user nxsbi → permission="read" (HTTP 200) +147ms
guard:wasm [guard:github] INFO: <<< call_backend returned 1188 bytes +149ms
guard:wasm [guard:github] DEBUG: extract_mcp_response: top-level keys=["content"] +369µs
guard:wasm [guard:github] DEBUG: extract_mcp_response: found content array with 1 items +260µs
guard:wasm [guard:github] DEBUG: extract_mcp_response: found text field, len=1051 +396µs
guard:wasm [guard:github] DEBUG: extract_mcp_response: parsed content[0].text as JSON +288µs
guard:wasm [guard:github] INFO: get_collaborator_permission: apache/cloudstack user nxsbi → permission=Some("read") login=Some("nxsbi") +243µs
guard:wasm [guard:github] DEBUG: [integrity] issue:apache/cloudstack#6861: collaborator permission=Some("read") → merged rank=2 +257µs
guard:wasm [guard:github] DEBUG: Checking repo visibility for apache/cloudstack +219µs
guard:wasm [guard:github] INFO: >>> call_backend: tool=search_repositories +273µs
guard:wasm [guard:github] DEBUG:     args={"perPage":10,"query":"repo:apache/cloudstack"} +213µs
guard:wasm WASM guard calling backend: tool=search_repositories +241µs
server:unified [DIFC] Guard calling backend github tool search_repositories for metadata +3ms
server:unified executeBackendToolCall: serverID=github, toolName=search_repositories +259µs
launcher:launcher Checking session pool: serverID=github, sessionID=r9hBDzr7i7fbNU8wge9KaPQDr8vB9RkNYd7tKEjAW0hbweUjRiiscSu1zfKA +159ms
launcher:pool Reusing connection: backend=github, session=r9hBDzr7i7fbNU8wge9KaPQDr8vB9RkNYd7tKEjAW0hbweUjRiiscSu1zfKA, requests=63 +159ms
mcp:connection Dispatching SDK method: tools/call, serverID=github +159ms
mcp:connection callTool: parsed name=search_repositories, argumentCount=2 +223µs
guard:wasm Backend call failed: calling "tools/call": unknown tool "search_repositories" +4ms
guard:wasm [guard:github] ERROR: <<< call_backend FAILED with code -1 +259µs
guard:wasm [guard:github] WARN: Backend call search_repositories failed with code -1 +441µs
guard:wasm [guard:github] DEBUG: Checking repo visibility for apache/cloudstack +482µs
guard:wasm [guard:github] INFO: >>> call_backend: tool=search_repositories +240µs
guard:wasm [guard:github] DEBUG:     args={"perPage":10,"query":"repo:apache/cloudstack"} +234µs
guard:wasm WASM guard calling backend: tool=search_repositories +265µs
server:unified [DIFC] Guard calling backend github tool search_repositories for metadata +6ms
server:unified executeBackendToolCall: serverID=github, toolName=search_repositories +202µs
launcher:launcher Checking session pool: serverID=github, sessionID=r9hBDzr7i7fbNU8wge9KaPQDr8vB9RkNYd7tKEjAW0hbweUjRiiscSu1zfKA +6ms
launcher:pool Reusing connection: backend=github, session=r9hBDzr7i7fbNU8wge9KaPQDr8vB9RkNYd7tKEjAW0hbweUjRiiscSu1zfKA, requests=64 +6ms
mcp:connection Dispatching SDK method: tools/call, serverID=github +6ms
mcp:connection callTool: parsed name=search_repositories, argumentCount=2 +238µs
guard:wasm Backend call failed: calling "tools/call": unknown tool "search_repositories" +4ms
guard:wasm [guard:github] ERROR: <<< call_backend FAILED with code -1 +236µs
guard:wasm [guard:github] WARN: Backend call search_repositories failed with code -1 +420µs
guard:wasm [guard:github] DEBUG: [integrity] issue:apache/cloudstack#9693: author_association floor below writer (rank=2), checking collaborator permission for btzq +449µs
guard:wasm [guard:github] DEBUG: get_collaborator_permission: fetching permission for apache/cloudstack user btzq +231µs
guard:wasm [guard:github] INFO: >>> call_backend: tool=get_collaborator_permission +269µs
guard:wasm [guard:github] DEBUG:     args={"owner":"apache","repo":"cloudstack","username":"btzq"} +244µs
guard:wasm WASM guard calling backend: tool=get_collaborator_permission +221µs
envutil:github Looking up GitHub token: checking 4 candidate env vars +164ms
envutil:github GitHub token found: source=GITHUB_MCP_SERVER_TOKEN +243µs
envutil:github GitHub API URL using default:  +249µs
envutil:github Deriving API URL from server URL: https://github.com +250µs
envutil:github GitHub.com detected, using default API URL: https://api.github.com +205µs
envutil:github GitHub API URL derived from GITHUB_SERVER_URL=https://github.com: https://api.github.com +219µs
httputil:collaborator_permission FetchCollaboratorPermission: owner=apache, repo=cloudstack, username=btzq, apiPath=/repos/apache/cloudstack/collaborators/btzq/permission +18ms
server:unified get_collaborator_permission: GET /repos/apache/cloudstack/collaborators/btzq/permission (for apache/cloudstack user btzq) +7ms
httputil:httputil GitHub GET: baseURL="https://api.github.com", path="/repos/apache/cloudstack/collaborators/btzq/permission", hasAuth=true +19ms
httputil:httputil Applying GitHub API headers: method="GET", path="/repos/apache/cloudstack/collaborators/btzq/permission", hasAuth=true +212µs
httputil:httputil GitHub GET response: path="/repos/apache/cloudstack/collaborators/btzq/permission", status=200 +189ms
httputil:collaborator_permission FetchCollaboratorPermission: response received: status=200, bodyLen=1033 +190ms
server:unified get_collaborator_permission: apache/cloudstack user btzq → permission="read" (HTTP 200) +190ms
guard:wasm [guard:github] INFO: <<< call_backend returned 1170 bytes +192ms
guard:wasm [guard:github] DEBUG: extract_mcp_response: top-level keys=["content"] +496µs
guard:wasm [guard:github] DEBUG: extract_mcp_response: found content array with 1 items +248µs
guard:wasm [guard:github] DEBUG: extract_mcp_response: found text field, len=1033 +210µs
guard:wasm [guard:github] DEBUG: extract_mcp_response: parsed content[0].text as JSON +256µs
guard:wasm [guard:github] INFO: get_collaborator_permission: apache/cloudstack user btzq → permission=Some("read") login=Some("btzq") +225µs
guard:wasm [guard:github] DEBUG: [integrity] issue:apache/cloudstack#9693: collaborator permission=Some("read") → merged rank=2 +237µs
guard:wasm [guard:github] DEBUG: Checking repo visibility for apache/cloudstack +227µs
guard:wasm [guard:github] INFO: >>> call_backend: tool=search_repositories +311µs
guard:wasm [guard:github] DEBUG:     args={"perPage":10,"query":"repo:apache/cloudstack"} +339µs
guard:wasm WASM guard calling backend: tool=search_repositories +258µs
server:unified [DIFC] Guard calling backend github tool search_repositories for metadata +3ms
server:unified executeBackendToolCall: serverID=github, toolName=search_repositories +199µs
launcher:launcher Checking session pool: serverID=github, sessionID=r9hBDzr7i7fbNU8wge9KaPQDr8vB9RkNYd7tKEjAW0hbweUjRiiscSu1zfKA +202ms
launcher:pool Reusing connection: backend=github, session=r9hBDzr7i7fbNU8wge9KaPQDr8vB9RkNYd7tKEjAW0hbweUjRiiscSu1zfKA, requests=65 +202ms
mcp:connection Dispatching SDK method: tools/call, serverID=github +202ms
mcp:connection callTool: parsed name=search_repositories, argumentCount=2 +240µs
guard:wasm Backend call failed: calling "tools/call": unknown tool "search_repositories" +5ms
guard:wasm [guard:github] ERROR: <<< call_backend FAILED with code -1 +232µs
guard:wasm [guard:github] WARN: Backend call search_repositories failed with code -1 +421µs
guard:wasm [guard:github] DEBUG: Checking repo visibility for apache/cloudstack +411µs
guard:wasm [guard:github] INFO: >>> call_backend: tool=search_repositories +235µs
guard:wasm [guard:github] DEBUG:     args={"perPage":10,"query":"repo:apache/cloudstack"} +221µs
guard:wasm WASM guard calling backend: tool=search_repositories +252µs
server:unified [DIFC] Guard calling backend github tool search_repositories for metadata +7ms
server:unified executeBackendToolCall: serverID=github, toolName=search_repositories +228µs
launcher:launcher Checking session pool: serverID=github, sessionID=r9hBDzr7i7fbNU8wge9KaPQDr8vB9RkNYd7tKEjAW0hbweUjRiiscSu1zfKA +7ms
launcher:pool Reusing connection: backend=github, session=r9hBDzr7i7fbNU8wge9KaPQDr8vB9RkNYd7tKEjAW0hbweUjRiiscSu1zfKA, requests=66 +7ms
mcp:connection Dispatching SDK method: tools/call, serverID=github +6ms
mcp:connection callTool: parsed name=search_repositories, argumentCount=2 +275µs
guard:wasm Backend call failed: calling "tools/call": unknown tool "search_repositories" +4ms
guard:wasm [guard:github] ERROR: <<< call_backend FAILED with code -1 +210µs
guard:wasm [guard:github] WARN: Backend call search_repositories failed with code -1 +374µs
guard:wasm [guard:github] DEBUG: [integrity] issue:apache/cloudstack#7155: author_association floor below writer (rank=2), checking collaborator permission for DaanHoogland +388µs
guard:wasm [guard:github] DEBUG: get_collaborator_permission: fetching permission for apache/cloudstack user DaanHoogland +203µs
guard:wasm [guard:github] INFO: >>> call_backend: tool=get_collaborator_permission +221µs
guard:wasm [guard:github] DEBUG:     args={"owner":"apache","repo":"cloudstack","username":"DaanHoogland"} +205µs
guard:wasm WASM guard calling backend: tool=get_collaborator_permission +198µs
envutil:github Looking up GitHub token: checking 4 candidate env vars +208ms
envutil:github GitHub token found: source=GITHUB_MCP_SERVER_TOKEN +246µs
envutil:github GitHub API URL using default:  +306µs
envutil:github Deriving API URL from server URL: https://github.com +239µs
envutil:github GitHub.com detected, using default API URL: https://api.github.com +242µs
envutil:github GitHub API URL derived from GITHUB_SERVER_URL=https://github.com: https://api.github.com +244µs
httputil:collaborator_permission FetchCollaboratorPermission: owner=apache, repo=cloudstack, username=DaanHoogland, apiPath=/repos/apache/cloudstack/collaborators/DaanHoogland/permission +18ms
server:unified get_collaborator_permission: GET /repos/apache/cloudstack/collaborators/DaanHoogland/permission (for apache/cloudstack user DaanHoogland) +7ms
httputil:httputil GitHub GET: baseURL="https://api.github.com", path="/repos/apache/cloudstack/collaborators/DaanHoogland/permission", hasAuth=true +19ms
httputil:httputil Applying GitHub API headers: method="GET", path="/repos/apache/cloudstack/collaborators/DaanHoogland/permission", hasAuth=true +235µs
httputil:httputil GitHub GET response: path="/repos/apache/cloudstack/collaborators/DaanHoogland/permission", status=200 +198ms
httputil:collaborator_permission FetchCollaboratorPermission: response received: status=200, bodyLen=1134 +199ms
server:unified get_collaborator_permission: apache/cloudstack user DaanHoogland → permission="write" (HTTP 200) +199ms
guard:wasm [guard:github] INFO: <<< call_backend returned 1271 bytes +202ms
guard:wasm [guard:github] DEBUG: extract_mcp_response: top-level keys=["content"] +285µs
guard:wasm [guard:github] DEBUG: extract_mcp_response: found content array with 1 items +250µs
guard:wasm [guard:github] DEBUG: extract_mcp_response: found text field, len=1134 +217µs
guard:wasm [guard:github] DEBUG: extract_mcp_response: parsed content[0].text as JSON +247µs
guard:wasm [guard:github] INFO: get_collaborator_permission: apache/cloudstack user DaanHoogland → permission=Some("write") login=Some("DaanHoogland") +234µs
guard:wasm [guard:github] DEBUG: [integrity] issue:apache/cloudstack#7155: collaborator permission=Some("write") → merged rank=3 +247µs
guard:wasm [guard:github] DEBUG: Checking repo visibility for apache/cloudstack +1ms
guard:wasm [guard:github] INFO: >>> call_backend: tool=search_repositories +280µs
guard:wasm [guard:github] DEBUG:     args={"perPage":10,"query":"repo:apache/cloudstack"} +259µs
guard:wasm WASM guard calling backend: tool=search_repositories +250µs
server:unified [DIFC] Guard calling backend github tool search_repositories for metadata +4ms
server:unified executeBackendToolCall: serverID=github, toolName=search_repositories +232µs
launcher:launcher Checking session pool: serverID=github, sessionID=r9hBDzr7i7fbNU8wge9KaPQDr8vB9RkNYd7tKEjAW0hbweUjRiiscSu1zfKA +211ms
launcher:pool Reusing connection: backend=github, session=r9hBDzr7i7fbNU8wge9KaPQDr8vB9RkNYd7tKEjAW0hbweUjRiiscSu1zfKA, requests=67 +212ms
mcp:connection Dispatching SDK method: tools/call, serverID=github +211ms
mcp:connection callTool: parsed name=search_repositories, argumentCount=2 +261µs
guard:wasm Backend call failed: calling "tools/call": unknown tool "search_repositories" +4ms
guard:wasm [guard:github] ERROR: <<< call_backend FAILED with code -1 +245µs
guard:wasm [guard:github] WARN: Backend call search_repositories failed with code -1 +411µs
guard:wasm [guard:github] DEBUG: Checking repo visibility for apache/cloudstack +5ms
guard:wasm [guard:github] INFO: >>> call_backend: tool=search_repositories +284µs
guard:wasm [guard:github] DEBUG:     args={"perPage":10,"query":"repo:apache/cloudstack"} +266µs
guard:wasm WASM guard calling backend: tool=search_repositories +244µs
server:unified [DIFC] Guard calling backend github tool search_repositories for metadata +11ms
server:unified executeBackendToolCall: serverID=github, toolName=search_repositories +226µs
launcher:launcher Checking session pool: serverID=github, sessionID=r9hBDzr7i7fbNU8wge9KaPQDr8vB9RkNYd7tKEjAW0hbweUjRiiscSu1zfKA +12ms
launcher:pool Reusing connection: backend=github, session=r9hBDzr7i7fbNU8wge9KaPQDr8vB9RkNYd7tKEjAW0hbweUjRiiscSu1zfKA, requests=68 +12ms
mcp:connection Dispatching SDK method: tools/call, serverID=github +12ms
mcp:connection callTool: parsed name=search_repositories, argumentCount=2 +252µs
guard:wasm Backend call failed: calling "tools/call": unknown tool "search_repositories" +5ms
guard:wasm [guard:github] ERROR: <<< call_backend FAILED with code -1 +227µs
guard:wasm [guard:github] WARN: Backend call search_repositories failed with code -1 +390µs
guard:wasm [guard:github] DEBUG: Checking repo visibility for apache/cloudstack +417µs
guard:wasm [guard:github] INFO: >>> call_backend: tool=search_repositories +209µs
guard:wasm [guard:github] DEBUG:     args={"perPage":10,"query":"repo:apache/cloudstack"} +225µs
guard:wasm WASM guard calling backend: tool=search_repositories +254µs
server:unified [DIFC] Guard calling backend github tool search_repositories for metadata +6ms
server:unified executeBackendToolCall: serverID=github, toolName=search_repositories +210µs
launcher:launcher Checking session pool: serverID=github, sessionID=r9hBDzr7i7fbNU8wge9KaPQDr8vB9RkNYd7tKEjAW0hbweUjRiiscSu1zfKA +6ms
launcher:pool Reusing connection: backend=github, session=r9hBDzr7i7fbNU8wge9KaPQDr8vB9RkNYd7tKEjAW0hbweUjRiiscSu1zfKA, requests=69 +6ms
mcp:connection Dispatching SDK method: tools/call, serverID=github +5ms
mcp:connection callTool: parsed name=search_repositories, argumentCount=2 +256µs
guard:wasm Backend call failed: calling "tools/call": unknown tool "search_repositories" +4ms
guard:wasm [guard:github] ERROR: <<< call_backend FAILED with code -1 +231µs
guard:wasm [guard:github] WARN: Backend call search_repositories failed with code -1 +517µs
guard:wasm [guard:github] DEBUG: Checking repo visibility for apache/cloudstack +417µs
guard:wasm [guard:github] INFO: >>> call_backend: tool=search_repositories +225µs
guard:wasm [guard:github] DEBUG:     args={"perPage":10,"query":"repo:apache/cloudstack"} +205µs
guard:wasm WASM guard calling backend: tool=search_repositories +202µs
server:unified [DIFC] Guard calling backend github tool search_repositories for metadata +5ms
server:unified executeBackendToolCall: serverID=github, toolName=search_repositories +212µs
launcher:launcher Checking session pool: serverID=github, sessionID=r9hBDzr7i7fbNU8wge9KaPQDr8vB9RkNYd7tKEjAW0hbweUjRiiscSu1zfKA +5ms
launcher:pool Reusing connection: backend=github, session=r9hBDzr7i7fbNU8wge9KaPQDr8vB9RkNYd7tKEjAW0hbweUjRiiscSu1zfKA, requests=70 +5ms
mcp:connection Dispatching SDK method: tools/call, serverID=github +5ms
mcp:connection callTool: parsed name=search_repositories, argumentCount=2 +239µs
guard:wasm Backend call failed: calling "tools/call": unknown tool "search_repositories" +4ms
guard:wasm [guard:github] ERROR: <<< call_backend FAILED with code -1 +221µs
guard:wasm [guard:github] WARN: Backend call search_repositories failed with code -1 +410µs
guard:wasm [guard:github] DEBUG: [integrity] issue:apache/cloudstack#7473: author_association floor below writer (rank=2), checking collaborator permission for bradsmin +429µs
guard:wasm [guard:github] DEBUG: get_collaborator_permission: fetching permission for apache/cloudstack user bradsmin +220µs
guard:wasm [guard:github] INFO: >>> call_backend: tool=get_collaborator_permission +272µs
guard:wasm [guard:github] DEBUG:     args={"owner":"apache","repo":"cloudstack","username":"bradsmin"} +567µs
guard:wasm WASM guard calling backend: tool=get_collaborator_permission +231µs
envutil:github Looking up GitHub token: checking 4 candidate env vars +235ms
envutil:github GitHub token found: source=GITHUB_MCP_SERVER_TOKEN +261µs
envutil:github GitHub API URL using default:  +223µs
envutil:github Deriving API URL from server URL: https://github.com +247µs
envutil:github GitHub.com detected, using default API URL: https://api.github.com +209µs
envutil:github GitHub API URL derived from GITHUB_SERVER_URL=https://github.com: https://api.github.com +227µs
httputil:collaborator_permission FetchCollaboratorPermission: owner=apache, repo=cloudstack, username=bradsmin, apiPath=/repos/apache/cloudstack/collaborators/bradsmin/permission +37ms
server:unified get_collaborator_permission: GET /repos/apache/cloudstack/collaborators/bradsmin/permission (for apache/cloudstack user bradsmin) +8ms
httputil:httputil GitHub GET: baseURL="https://api.github.com", path="/repos/apache/cloudstack/collaborators/bradsmin/permission", hasAuth=true +38ms
httputil:httputil Applying GitHub API headers: method="GET", path="/repos/apache/cloudstack/collaborators/bradsmin/permission", hasAuth=true +226µs
httputil:httputil GitHub GET response: path="/repos/apache/cloudstack/collaborators/bradsmin/permission", status=200 +202ms
httputil:collaborator_permission FetchCollaboratorPermission: response received: status=200, bodyLen=1081 +203ms
server:unified get_collaborator_permission: apache/cloudstack user bradsmin → permission="read" (HTTP 200) +204ms
guard:wasm [guard:github] INFO: <<< call_backend returned 1218 bytes +206ms
guard:wasm [guard:github] DEBUG: extract_mcp_response: top-level keys=["content"] +308µs
guard:wasm [guard:github] DEBUG: extract_mcp_response: found content array with 1 items +270µs
guard:wasm [guard:github] DEBUG: extract_mcp_response: found text field, len=1081 +290µs
guard:wasm [guard:github] DEBUG: extract_mcp_response: parsed content[0].text as JSON +258µs
guard:wasm [guard:github] INFO: get_collaborator_permission: apache/cloudstack user bradsmin → permission=Some("read") login=Some("bradsmin") +232µs
guard:wasm [guard:github] DEBUG: [integrity] issue:apache/cloudstack#7473: collaborator permission=Some("read") → merged rank=2 +270µs
guard:wasm [guard:github] DEBUG: Checking repo visibility for apache/cloudstack +251µs
guard:wasm [guard:github] INFO: >>> call_backend: tool=search_repositories +254µs
guard:wasm [guard:github] DEBUG:     args={"perPage":10,"query":"repo:apache/cloudstack"} +209µs
guard:wasm WASM guard calling backend: tool=search_repositories +230µs
server:unified [DIFC] Guard calling backend github tool search_repositories for metadata +3ms
server:unified executeBackendToolCall: serverID=github, toolName=search_repositories +225µs
launcher:launcher Checking session pool: serverID=github, sessionID=r9hBDzr7i7fbNU8wge9KaPQDr8vB9RkNYd7tKEjAW0hbweUjRiiscSu1zfKA +215ms
launcher:pool Reusing connection: backend=github, session=r9hBDzr7i7fbNU8wge9KaPQDr8vB9RkNYd7tKEjAW0hbweUjRiiscSu1zfKA, requests=71 +215ms
mcp:connection Dispatching SDK method: tools/call, serverID=github +215ms
mcp:connection callTool: parsed name=search_repositories, argumentCount=2 +242µs
guard:wasm Backend call failed: calling "tools/call": unknown tool "search_repositories" +4ms
guard:wasm [guard:github] ERROR: <<< call_backend FAILED with code -1 +245µs
guard:wasm [guard:github] WARN: Backend call search_repositories failed with code -1 +456µs
guard:wasm [guard:github] DEBUG: Checking repo visibility for apache/cloudstack +440µs
guard:wasm [guard:github] INFO: >>> call_backend: tool=search_repositories +269µs
guard:wasm [guard:github] DEBUG:     args={"perPage":10,"query":"repo:apache/cloudstack"} +248µs
guard:wasm WASM guard calling backend: tool=search_repositories +242µs
server:unified [DIFC] Guard calling backend github tool search_repositories for metadata +6ms
server:unified executeBackendToolCall: serverID=github, toolName=search_repositories +223µs
launcher:launcher Checking session pool: serverID=github, sessionID=r9hBDzr7i7fbNU8wge9KaPQDr8vB9RkNYd7tKEjAW0hbweUjRiiscSu1zfKA +6ms
launcher:pool Reusing connection: backend=github, session=r9hBDzr7i7fbNU8wge9KaPQDr8vB9RkNYd7tKEjAW0hbweUjRiiscSu1zfKA, requests=72 +6ms
mcp:connection Dispatching SDK method: tools/call, serverID=github +6ms
mcp:connection callTool: parsed name=search_repositories, argumentCount=2 +237µs
guard:wasm Backend call failed: calling "tools/call": unknown tool "search_repositories" +4ms
guard:wasm [guard:github] ERROR: <<< call_backend FAILED with code -1 +228µs
guard:wasm [guard:github] WARN: Backend call search_repositories failed with code -1 +370µs
guard:wasm [guard:github] DEBUG: [integrity] issue:apache/cloudstack#13735: author_association floor below writer (rank=2), checking collaborator permission for richevanscybermyte +430µs
guard:wasm [guard:github] DEBUG: get_collaborator_permission: fetching permission for apache/cloudstack user richevanscybermyte +226µs
guard:wasm [guard:github] INFO: >>> call_backend: tool=get_collaborator_permission +677µs
guard:wasm [guard:github] DEBUG:     args={"owner":"apache","repo":"cloudstack","username":"richevanscybermyte"} +402µs
guard:wasm WASM guard calling backend: tool=get_collaborator_permission +243µs
envutil:github Looking up GitHub token: checking 4 candidate env vars +221ms
envutil:github GitHub token found: source=GITHUB_MCP_SERVER_TOKEN +260µs
envutil:github GitHub API URL using default:  +251µs
envutil:github Deriving API URL from server URL: https://github.com +304µs
envutil:github GitHub.com detected, using default API URL: https://api.github.com +227µs
envutil:github GitHub API URL derived from GITHUB_SERVER_URL=https://github.com: https://api.github.com +239µs
httputil:collaborator_permission FetchCollaboratorPermission: owner=apache, repo=cloudstack, username=richevanscybermyte, apiPath=/repos/apache/cloudstack/collaborators/richevanscybermyte/permission +18ms
server:unified get_collaborator_permission: GET /repos/apache/cloudstack/collaborators/richevanscybermyte/permission (for apache/cloudstack user richevanscybermyte) +8ms
httputil:httputil GitHub GET: baseURL="https://api.github.com", path="/repos/apache/cloudstack/collaborators/richevanscybermyte/permission", hasAuth=true +19ms
httputil:httputil Applying GitHub API headers: method="GET", path="/repos/apache/cloudstack/collaborators/richevanscybermyte/permission", hasAuth=true +238µs
httputil:httputil GitHub GET response: path="/repos/apache/cloudstack/collaborators/richevanscybermyte/permission", status=200 +165ms
httputil:collaborator_permission FetchCollaboratorPermission: response received: status=200, bodyLen=1207 +167ms
server:unified get_collaborator_permission: apache/cloudstack user richevanscybermyte → permission="read" (HTTP 200) +167ms
guard:wasm [guard:github] INFO: <<< call_backend returned 1344 bytes +169ms
guard:wasm [guard:github] DEBUG: extract_mcp_response: top-level keys=["content"] +322µs
guard:wasm [guard:github] DEBUG: extract_mcp_response: found content array with 1 items +231µs
guard:wasm [guard:github] DEBUG: extract_mcp_response: found text field, len=1207 +219µs
guard:wasm [guard:github] DEBUG: extract_mcp_response: parsed content[0].text as JSON +273µs
guard:wasm [guard:github] INFO: get_collaborator_permission: apache/cloudstack user richevanscybermyte → permission=Some("read") login=Some("richevanscybermyte") +256µs
guard:wasm [guard:github] DEBUG: [integrity] issue:apache/cloudstack#13735: collaborator permission=Some("read") → merged rank=2 +263µs
guard:wasm [guard:github] DEBUG: Checking repo visibility for apache/cloudstack +278µs
guard:wasm [guard:github] INFO: >>> call_backend: tool=search_repositories +281µs
guard:wasm [guard:github] DEBUG:     args={"perPage":10,"query":"repo:apache/cloudstack"} +298µs
guard:wasm WASM guard calling backend: tool=search_repositories +253µs
server:unified [DIFC] Guard calling backend github tool search_repositories for metadata +3ms
server:unified executeBackendToolCall: serverID=github, toolName=search_repositories +18ms
launcher:launcher Checking session pool: serverID=github, sessionID=r9hBDzr7i7fbNU8wge9KaPQDr8vB9RkNYd7tKEjAW0hbweUjRiiscSu1zfKA +196ms
launcher:pool Reusing connection: backend=github, session=r9hBDzr7i7fbNU8wge9KaPQDr8vB9RkNYd7tKEjAW0hbweUjRiiscSu1zfKA, requests=73 +196ms
mcp:connection Dispatching SDK method: tools/call, serverID=github +196ms
mcp:connection callTool: parsed name=search_repositories, argumentCount=2 +230µs
guard:wasm Backend call failed: calling "tools/call": unknown tool "search_repositories" +22ms
guard:wasm [guard:github] ERROR: <<< call_backend FAILED with code -1 +268µs
guard:wasm [guard:github] WARN: Backend call search_repositories failed with code -1 +448µs
guard:wasm [guard:github] DEBUG: Checking repo visibility for apache/cloudstack +449µs
guard:wasm [guard:github] INFO: >>> call_backend: tool=search_repositories +231µs
guard:wasm [guard:github] DEBUG:     args={"perPage":10,"query":"repo:apache/cloudstack"} +226µs
guard:wasm WASM guard calling backend: tool=search_repositories +217µs
server:unified [DIFC] Guard calling backend github tool search_repositories for metadata +6ms
server:unified executeBackendToolCall: serverID=github, toolName=search_repositories +231µs
launcher:launcher Checking session pool: serverID=github, sessionID=r9hBDzr7i7fbNU8wge9KaPQDr8vB9RkNYd7tKEjAW0hbweUjRiiscSu1zfKA +6ms
launcher:pool Reusing connection: backend=github, session=r9hBDzr7i7fbNU8wge9KaPQDr8vB9RkNYd7tKEjAW0hbweUjRiiscSu1zfKA, requests=74 +6ms
mcp:connection Dispatching SDK method: tools/call, serverID=github +6ms
mcp:connection callTool: parsed name=search_repositories, argumentCount=2 +232µs
guard:wasm Backend call failed: calling "tools/call": unknown tool "search_repositories" +4ms
guard:wasm [guard:github] ERROR: <<< call_backend FAILED with code -1 +227µs
guard:wasm [guard:github] WARN: Backend call search_repositories failed with code -1 +439µs
guard:wasm [guard:github] DEBUG: [integrity] issue:apache/cloudstack#6391: author_association floor below writer (rank=2), checking collaborator permission for DaanHoogland +436µs
guard:wasm [guard:github] DEBUG: get_collaborator_permission: cache hit for apache/cloudstack user DaanHoogland → permission=Some("write") +216µs
guard:wasm [guard:github] DEBUG: [integrity] issue:apache/cloudstack#6391: collaborator permission=Some("write") → merged rank=3 +221µs
guard:wasm [guard:github] DEBUG: Checking repo visibility for apache/cloudstack +230µs
guard:wasm [guard:github] INFO: >>> call_backend: tool=search_repositories +373µs
guard:wasm [guard:github] DEBUG:     args={"perPage":10,"query":"repo:apache/cloudstack"} +254µs
guard:wasm WASM guard calling backend: tool=search_repositories +236µs
server:unified [DIFC] Guard calling backend github tool search_repositories for metadata +6ms
server:unified executeBackendToolCall: serverID=github, toolName=search_repositories +384µs
launcher:launcher Checking session pool: serverID=github, sessionID=r9hBDzr7i7fbNU8wge9KaPQDr8vB9RkNYd7tKEjAW0hbweUjRiiscSu1zfKA +7ms
launcher:pool Reusing connection: backend=github, session=r9hBDzr7i7fbNU8wge9KaPQDr8vB9RkNYd7tKEjAW0hbweUjRiiscSu1zfKA, requests=75 +7ms
mcp:connection Dispatching SDK method: tools/call, serverID=github +6ms
mcp:connection callTool: parsed name=search_repositories, argumentCount=2 +230µs
guard:wasm Backend call failed: calling "tools/call": unknown tool "search_repositories" +4ms
guard:wasm [guard:github] ERROR: <<< call_backend FAILED with code -1 +231µs
guard:wasm [guard:github] WARN: Backend call search_repositories failed with code -1 +421µs
guard:wasm [guard:github] DEBUG: Checking repo visibility for apache/cloudstack +415µs
guard:wasm [guard:github] INFO: >>> call_backend: tool=search_repositories +224µs
guard:wasm [guard:github] DEBUG:     args={"perPage":10,"query":"repo:apache/cloudstack"} +216µs
guard:wasm WASM guard calling backend: tool=search_repositories +245µs
server:unified [DIFC] Guard calling backend github tool search_repositories for metadata +5ms
server:unified executeBackendToolCall: serverID=github, toolName=search_repositories +276µs
launcher:launcher Checking session pool: serverID=github, sessionID=r9hBDzr7i7fbNU8wge9KaPQDr8vB9RkNYd7tKEjAW0hbweUjRiiscSu1zfKA +6ms
launcher:pool Reusing connection: backend=github, session=r9hBDzr7i7fbNU8wge9KaPQDr8vB9RkNYd7tKEjAW0hbweUjRiiscSu1zfKA, requests=76 +6ms
mcp:connection Dispatching SDK method: tools/call, serverID=github +5ms
mcp:connection callTool: parsed name=search_repositories, argumentCount=2 +314µs
guard:wasm Backend call failed: calling "tools/call": unknown tool "search_repositories" +4ms
guard:wasm [guard:github] ERROR: <<< call_backend FAILED with code -1 +282µs
guard:wasm [guard:github] WARN: Backend call search_repositories failed with code -1 +438µs
guard:wasm [guard:github] DEBUG: [integrity] issue:apache/cloudstack#13064: author_association floor below writer (rank=2), checking collaborator permission for sandabot +423µs
guard:wasm [guard:github] DEBUG: get_collaborator_permission: fetching permission for apache/cloudstack user sandabot +233µs
guard:wasm [guard:github] INFO: >>> call_backend: tool=get_collaborator_permission +240µs
guard:wasm [guard:github] DEBUG:     args={"owner":"apache","repo":"cloudstack","username":"sandabot"} +211µs
guard:wasm WASM guard calling backend: tool=get_collaborator_permission +213µs
envutil:github Looking up GitHub token: checking 4 candidate env vars +215ms
envutil:github GitHub token found: source=GITHUB_MCP_SERVER_TOKEN +195µs
envutil:github GitHub API URL using default:  +207µs
envutil:github Deriving API URL from server URL: https://github.com +194µs
envutil:github GitHub.com detected, using default API URL: https://api.github.com +204µs
envutil:github GitHub API URL derived from GITHUB_SERVER_URL=https://github.com: https://api.github.com +209µs
httputil:collaborator_permission FetchCollaboratorPermission: owner=apache, repo=cloudstack, username=sandabot, apiPath=/repos/apache/cloudstack/collaborators/sandabot/permission +49ms
server:unified get_collaborator_permission: GET /repos/apache/cloudstack/collaborators/sandabot/permission (for apache/cloudstack user sandabot) +7ms
httputil:httputil GitHub GET: baseURL="https://api.github.com", path="/repos/apache/cloudstack/collaborators/sandabot/permission", hasAuth=true +49ms
httputil:httputil Applying GitHub API headers: method="GET", path="/repos/apache/cloudstack/collaborators/sandabot/permission", hasAuth=true +191µs
httputil:httputil GitHub GET response: path="/repos/apache/cloudstack/collaborators/sandabot/permission", status=200 +180ms
httputil:collaborator_permission FetchCollaboratorPermission: response received: status=200, bodyLen=1087 +181ms
server:unified get_collaborator_permission: apache/cloudstack user sandabot → permission="read" (HTTP 200) +181ms
guard:wasm [guard:github] INFO: <<< call_backend returned 1224 bytes +183ms
guard:wasm [guard:github] DEBUG: extract_mcp_response: top-level keys=["content"] +263µs
guard:wasm [guard:github] DEBUG: extract_mcp_response: found content array with 1 items +228µs
guard:wasm [guard:github] DEBUG: extract_mcp_response: found text field, len=1087 +225µs
guard:wasm [guard:github] DEBUG: extract_mcp_response: parsed content[0].text as JSON +265µs
guard:wasm [guard:github] INFO: get_collaborator_permission: apache/cloudstack user sandabot → permission=Some("read") login=Some("sandabot") +268µs
guard:wasm [guard:github] DEBUG: [integrity] issue:apache/cloudstack#13064: collaborator permission=Some("read") → merged rank=2 +375µs
guard:wasm [guard:github] DEBUG: Checking repo visibility for apache/cloudstack +292µs
guard:wasm [guard:github] INFO: >>> call_backend: tool=search_repositories +261µs
guard:wasm [guard:github] DEBUG:     args={"perPage":10,"query":"repo:apache/cloudstack"} +345µs
guard:wasm WASM guard calling backend: tool=search_repositories +229µs
server:unified [DIFC] Guard calling backend github tool search_repositories for metadata +3ms
server:unified executeBackendToolCall: serverID=github, toolName=search_repositories +241µs
launcher:launcher Checking session pool: serverID=github, sessionID=r9hBDzr7i7fbNU8wge9KaPQDr8vB9RkNYd7tKEjAW0hbweUjRiiscSu1zfKA +192ms
launcher:pool Reusing connection: backend=github, session=r9hBDzr7i7fbNU8wge9KaPQDr8vB9RkNYd7tKEjAW0hbweUjRiiscSu1zfKA, requests=77 +192ms
mcp:connection Dispatching SDK method: tools/call, serverID=github +214ms
mcp:connection callTool: parsed name=search_repositories, argumentCount=2 +358µs
guard:wasm Backend call failed: calling "tools/call": unknown tool "search_repositories" +27ms
guard:wasm [guard:github] ERROR: <<< call_backend FAILED with code -1 +236µs
guard:wasm [guard:github] WARN: Backend call search_repositories failed with code -1 +453µs
guard:wasm [guard:github] DEBUG: Checking repo visibility for apache/cloudstack +465µs
guard:wasm [guard:github] INFO: >>> call_backend: tool=search_repositories +263µs
guard:wasm [guard:github] DEBUG:     args={"perPage":10,"query":"repo:apache/cloudstack"} +253µs
guard:wasm WASM guard calling backend: tool=search_repositories +221µs
server:unified [DIFC] Guard calling backend github tool search_repositories for metadata +28ms
server:unified executeBackendToolCall: serverID=github, toolName=search_repositories +209µs
launcher:launcher Checking session pool: serverID=github, sessionID=r9hBDzr7i7fbNU8wge9KaPQDr8vB9RkNYd7tKEjAW0hbweUjRiiscSu1zfKA +28ms
launcher:pool Reusing connection: backend=github, session=r9hBDzr7i7fbNU8wge9KaPQDr8vB9RkNYd7tKEjAW0hbweUjRiiscSu1zfKA, requests=78 +28ms
mcp:connection Dispatching SDK method: tools/call, serverID=github +6ms
mcp:connection callTool: parsed name=search_repositories, argumentCount=2 +243µs
guard:wasm Backend call failed: calling "tools/call": unknown tool "search_repositories" +4ms
guard:wasm [guard:github] ERROR: <<< call_backend FAILED with code -1 +217µs
guard:wasm [guard:github] WARN: Backend call search_repositories failed with code -1 +394µs
guard:wasm [guard:github] DEBUG: [integrity] issue:apache/cloudstack#13806: author_association floor below writer (rank=2), checking collaborator permission for andrijapanicsb +424µs
guard:wasm [guard:github] DEBUG: get_collaborator_permission: cache hit for apache/cloudstack user andrijapanicsb → permission=Some("write") +209µs
guard:wasm [guard:github] DEBUG: [integrity] issue:apache/cloudstack#13806: collaborator permission=Some("write") → merged rank=3 +249µs
guard:wasm [guard:github] DEBUG: Checking repo visibility for apache/cloudstack +257µs
guard:wasm [guard:github] INFO: >>> call_backend: tool=search_repositories +292µs
guard:wasm [guard:github] DEBUG:     args={"perPage":10,"query":"repo:apache/cloudstack"} +190µs
guard:wasm WASM guard calling backend: tool=search_repositories +204µs
server:unified [DIFC] Guard calling backend github tool search_repositories for metadata +6ms
server:unified executeBackendToolCall: serverID=github, toolName=search_repositories +227µs
launcher:launcher Checking session pool: serverID=github, sessionID=r9hBDzr7i7fbNU8wge9KaPQDr8vB9RkNYd7tKEjAW0hbweUjRiiscSu1zfKA +6ms
launcher:pool Reusing connection: backend=github, session=r9hBDzr7i7fbNU8wge9KaPQDr8vB9RkNYd7tKEjAW0hbweUjRiiscSu1zfKA, requests=79 +6ms
mcp:connection Dispatching SDK method: tools/call, serverID=github +6ms
mcp:connection callTool: parsed name=search_repositories, argumentCount=2 +206µs
guard:wasm Backend call failed: calling "tools/call": unknown tool "search_repositories" +4ms
guard:wasm [guard:github] ERROR: <<< call_backend FAILED with code -1 +240µs
guard:wasm [guard:github] WARN: Backend call search_repositories failed with code -1 +407µs
guard:wasm [guard:github] DEBUG: Checking repo visibility for apache/cloudstack +415µs
guard:wasm [guard:github] INFO: >>> call_backend: tool=search_repositories +317µs
guard:wasm [guard:github] DEBUG:     args={"perPage":10,"query":"repo:apache/cloudstack"} +219µs
guard:wasm WASM guard calling backend: tool=search_repositories +218µs
server:unified [DIFC] Guard calling backend github tool search_repositories for metadata +5ms
server:unified executeBackendToolCall: serverID=github, toolName=search_repositories +220µs
launcher:launcher Checking session pool: serverID=github, sessionID=r9hBDzr7i7fbNU8wge9KaPQDr8vB9RkNYd7tKEjAW0hbweUjRiiscSu1zfKA +6ms
launcher:pool Reusing connection: backend=github, session=r9hBDzr7i7fbNU8wge9KaPQDr8vB9RkNYd7tKEjAW0hbweUjRiiscSu1zfKA, requests=80 +6ms
mcp:connection Dispatching SDK method: tools/call, serverID=github +5ms
mcp:connection callTool: parsed name=search_repositories, argumentCount=2 +218µs
guard:wasm Backend call failed: calling "tools/call": unknown tool "search_repositories" +4ms
guard:wasm [guard:github] ERROR: <<< call_backend FAILED with code -1 +227µs
guard:wasm [guard:github] WARN: Backend call search_repositories failed with code -1 +379µs
guard:wasm [guard:github] DEBUG: Checking repo visibility for apache/cloudstack +416µs
guard:wasm [guard:github] INFO: >>> call_backend: tool=search_repositories +208µs
guard:wasm [guard:github] DEBUG:     args={"perPage":10,"query":"repo:apache/cloudstack"} +221µs
guard:wasm WASM guard calling backend: tool=search_repositories +212µs
server:unified [DIFC] Guard calling backend github tool search_repositories for metadata +5ms
server:unified executeBackendToolCall: serverID=github, toolName=search_repositories +231µs
launcher:launcher Checking session pool: serverID=github, sessionID=r9hBDzr7i7fbNU8wge9KaPQDr8vB9RkNYd7tKEjAW0hbweUjRiiscSu1zfKA +6ms
launcher:pool Reusing connection: backend=github, session=r9hBDzr7i7fbNU8wge9KaPQDr8vB9RkNYd7tKEjAW0hbweUjRiiscSu1zfKA, requests=81 +6ms
mcp:connection Dispatching SDK method: tools/call, serverID=github +6ms
mcp:connection callTool: parsed name=search_repositories, argumentCount=2 +438µs
guard:wasm Backend call failed: calling "tools/call": unknown tool "search_repositories" +4ms
guard:wasm [guard:github] ERROR: <<< call_backend FAILED with code -1 +197µs
guard:wasm [guard:github] WARN: Backend call search_repositories failed with code -1 +546µs
guard:wasm [guard:github] DEBUG: Checking repo visibility for apache/cloudstack +496µs
guard:wasm [guard:github] INFO: >>> call_backend: tool=search_repositories +271µs
guard:wasm [guard:github] DEBUG:     args={"perPage":10,"query":"repo:apache/cloudstack"} +231µs
guard:wasm WASM guard calling backend: tool=search_repositories +247µs
server:unified [DIFC] Guard calling backend github tool search_repositories for metadata +6ms
server:unified executeBackendToolCall: serverID=github, toolName=search_repositories +236µs
launcher:launcher Checking session pool: serverID=github, sessionID=r9hBDzr7i7fbNU8wge9KaPQDr8vB9RkNYd7tKEjAW0hbweUjRiiscSu1zfKA +6ms
launcher:pool Reusing connection: backend=github, session=r9hBDzr7i7fbNU8wge9KaPQDr8vB9RkNYd7tKEjAW0hbweUjRiiscSu1zfKA, requests=82 +6ms
mcp:connection Dispatching SDK method: tools/call, serverID=github +6ms
mcp:connection callTool: parsed name=search_repositories, argumentCount=2 +233µs
guard:wasm Backend call failed: calling "tools/call": unknown tool "search_repositories" +4ms
guard:wasm [guard:github] ERROR: <<< call_backend FAILED with code -1 +243µs
guard:wasm [guard:github] WARN: Backend call search_repositories failed with code -1 +417µs
guard:wasm [guard:github] DEBUG: [integrity] issue:apache/cloudstack#7961: author_association floor below writer (rank=2), checking collaborator permission for alamintech +420µs
guard:wasm [guard:github] DEBUG: get_collaborator_permission: fetching permission for apache/cloudstack user alamintech +222µs
guard:wasm [guard:github] INFO: >>> call_backend: tool=get_collaborator_permission +240µs
guard:wasm [guard:github] DEBUG:     args={"owner":"apache","repo":"cloudstack","username":"alamintech"} +228µs
guard:wasm WASM guard calling backend: tool=get_collaborator_permission +225µs
envutil:github Looking up GitHub token: checking 4 candidate env vars +246ms
envutil:github GitHub token found: source=GITHUB_MCP_SERVER_TOKEN +302µs
envutil:github GitHub API URL using default:  +226µs
envutil:github Deriving API URL from server URL: https://github.com +266µs
envutil:github GitHub.com detected, using default API URL: https://api.github.com +238µs
envutil:github GitHub API URL derived from GITHUB_SERVER_URL=https://github.com: https://api.github.com +213µs
httputil:collaborator_permission FetchCollaboratorPermission: owner=apache, repo=cloudstack, username=alamintech, apiPath=/repos/apache/cloudstack/collaborators/alamintech/permission +66ms
server:unified get_collaborator_permission: GET /repos/apache/cloudstack/collaborators/alamintech/permission (for apache/cloudstack user alamintech) +7ms
httputil:httputil GitHub GET: baseURL="https://api.github.com", path="/repos/apache/cloudstack/collaborators/alamintech/permission", hasAuth=true +66ms
httputil:httputil Applying GitHub API headers: method="GET", path="/repos/apache/cloudstack/collaborators/alamintech/permission", hasAuth=true +212µs
httputil:httputil GitHub GET response: path="/repos/apache/cloudstack/collaborators/alamintech/permission", status=200 +174ms
httputil:collaborator_permission FetchCollaboratorPermission: response received: status=200, bodyLen=1111 +192ms
server:unified get_collaborator_permission: apache/cloudstack user alamintech → permission="read" (HTTP 200) +192ms
guard:wasm [guard:github] INFO: <<< call_backend returned 1248 bytes +195ms
guard:wasm [guard:github] DEBUG: extract_mcp_response: top-level keys=["content"] +267µs
guard:wasm [guard:github] DEBUG: extract_mcp_response: found content array with 1 items +227µs
guard:wasm [guard:github] DEBUG: extract_mcp_response: found text field, len=1111 +235µs
guard:wasm [guard:github] DEBUG: extract_mcp_response: parsed content[0].text as JSON +247µs
guard:wasm [guard:github] INFO: get_collaborator_permission: apache/cloudstack user alamintech → permission=Some("read") login=Some("alamintech") +235µs
guard:wasm [guard:github] DEBUG: [integrity] issue:apache/cloudstack#7961: collaborator permission=Some("read") → merged rank=2 +253µs
guard:wasm [guard:github] DEBUG: Checking repo visibility for apache/cloudstack +217µs
guard:wasm [guard:github] INFO: >>> call_backend: tool=search_repositories +226µs
guard:wasm [guard:github] DEBUG:     args={"perPage":10,"query":"repo:apache/cloudstack"} +220µs
guard:wasm WASM guard calling backend: tool=search_repositories +200µs
server:unified [DIFC] Guard calling backend github tool search_repositories for metadata +2ms
server:unified executeBackendToolCall: serverID=github, toolName=search_repositories +206µs
launcher:launcher Checking session pool: serverID=github, sessionID=r9hBDzr7i7fbNU8wge9KaPQDr8vB9RkNYd7tKEjAW0hbweUjRiiscSu1zfKA +203ms
launcher:pool Reusing connection: backend=github, session=r9hBDzr7i7fbNU8wge9KaPQDr8vB9RkNYd7tKEjAW0hbweUjRiiscSu1zfKA, requests=83 +203ms
mcp:connection Dispatching SDK method: tools/call, serverID=github +203ms
mcp:connection callTool: parsed name=search_repositories, argumentCount=2 +239µs
guard:wasm Backend call failed: calling "tools/call": unknown tool "search_repositories" +4ms
guard:wasm [guard:github] ERROR: <<< call_backend FAILED with code -1 +231µs
guard:wasm [guard:github] WARN: Backend call search_repositories failed with code -1 +423µs
guard:wasm [guard:github] DEBUG: Checking repo visibility for apache/cloudstack +439µs
guard:wasm [guard:github] INFO: >>> call_backend: tool=search_repositories +249µs
guard:wasm [guard:github] DEBUG:     args={"perPage":10,"query":"repo:apache/cloudstack"} +226µs
guard:wasm WASM guard calling backend: tool=search_repositories +247µs
server:unified [DIFC] Guard calling backend github tool search_repositories for metadata +6ms
server:unified executeBackendToolCall: serverID=github, toolName=search_repositories +228µs
launcher:launcher Checking session pool: serverID=github, sessionID=r9hBDzr7i7fbNU8wge9KaPQDr8vB9RkNYd7tKEjAW0hbweUjRiiscSu1zfKA +6ms
launcher:pool Reusing connection: backend=github, session=r9hBDzr7i7fbNU8wge9KaPQDr8vB9RkNYd7tKEjAW0hbweUjRiiscSu1zfKA, requests=84 +6ms
mcp:connection Dispatching SDK method: tools/call, serverID=github +5ms
mcp:connection callTool: parsed name=search_repositories, argumentCount=2 +211µs
guard:wasm Backend call failed: calling "tools/call": unknown tool "search_repositories" +4ms
guard:wasm [guard:github] ERROR: <<< call_backend FAILED with code -1 +233µs
guard:wasm [guard:github] WARN: Backend call search_repositories failed with code -1 +405µs
guard:wasm [guard:github] DEBUG: [integrity] issue:apache/cloudstack#8314: author_association floor below writer (rank=2), checking collaborator permission for 0sorkon +425µs
guard:wasm [guard:github] DEBUG: get_collaborator_permission: cache hit for apache/cloudstack user 0sorkon → permission=Some("read") +200µs
guard:wasm [guard:github] DEBUG: [integrity] issue:apache/cloudstack#8314: collaborator permission=Some("read") → merged rank=2 +237µs
guard:wasm [guard:github] DEBUG: Checking repo visibility for apache/cloudstack +319µs
guard:wasm [guard:github] INFO: >>> call_backend: tool=search_repositories +232µs
guard:wasm [guard:github] DEBUG:     args={"perPage":10,"query":"repo:apache/cloudstack"} +209µs
guard:wasm WASM guard calling backend: tool=search_repositories +203µs
server:unified [DIFC] Guard calling backend github tool search_repositories for metadata +6ms
server:unified executeBackendToolCall: serverID=github, toolName=search_repositories +198µs
launcher:launcher Checking session pool: serverID=github, sessionID=r9hBDzr7i7fbNU8wge9KaPQDr8vB9RkNYd7tKEjAW0hbweUjRiiscSu1zfKA +6ms
launcher:pool Reusing connection: backend=github, session=r9hBDzr7i7fbNU8wge9KaPQDr8vB9RkNYd7tKEjAW0hbweUjRiiscSu1zfKA, requests=85 +6ms
mcp:connection Dispatching SDK method: tools/call, serverID=github +6ms
mcp:connection callTool: parsed name=search_repositories, argumentCount=2 +212µs
guard:wasm Backend call failed: calling "tools/call": unknown tool "search_repositories" +4ms
guard:wasm [guard:github] ERROR: <<< call_backend FAILED with code -1 +308µs
guard:wasm [guard:github] WARN: Backend call search_repositories failed with code -1 +456µs
guard:wasm [guard:github] DEBUG: Checking repo visibility for apache/cloudstack +427µs
guard:wasm [guard:github] INFO: >>> call_backend: tool=search_repositories +218µs
guard:wasm [guard:github] DEBUG:     args={"perPage":10,"query":"repo:apache/cloudstack"} +260µs
guard:wasm WASM guard calling backend: tool=search_repositories +182µs
server:unified [DIFC] Guard calling backend github tool search_repositories for metadata +5ms
server:unified executeBackendToolCall: serverID=github, toolName=search_repositories +210µs
launcher:launcher Checking session pool: serverID=github, sessionID=r9hBDzr7i7fbNU8wge9KaPQDr8vB9RkNYd7tKEjAW0hbweUjRiiscSu1zfKA +5ms
launcher:pool Reusing connection: backend=github, session=r9hBDzr7i7fbNU8wge9KaPQDr8vB9RkNYd7tKEjAW0hbweUjRiiscSu1zfKA, requests=86 +5ms
mcp:connection Dispatching SDK method: tools/call, serverID=github +5ms
mcp:connection callTool: parsed name=search_repositories, argumentCount=2 +345µs
guard:wasm Backend call failed: calling "tools/call": unknown tool "search_repositories" +4ms
guard:wasm [guard:github] ERROR: <<< call_backend FAILED with code -1 +224µs
guard:wasm [guard:github] WARN: Backend call search_repositories failed with code -1 +385µs
guard:wasm [guard:github] DEBUG: Checking repo visibility for apache/cloudstack +2ms
guard:wasm [guard:github] INFO: >>> call_backend: tool=search_repositories +259µs
guard:wasm [guard:github] DEBUG:     args={"perPage":10,"query":"repo:apache/cloudstack"} +193µs
guard:wasm WASM guard calling backend: tool=search_repositories +195µs
server:unified [DIFC] Guard calling backend github tool search_repositories for metadata +7ms
server:unified executeBackendToolCall: serverID=github, toolName=search_repositories +1ms
launcher:launcher Checking session pool: serverID=github, sessionID=r9hBDzr7i7fbNU8wge9KaPQDr8vB9RkNYd7tKEjAW0hbweUjRiiscSu1zfKA +9ms
launcher:pool Reusing connection: backend=github, session=r9hBDzr7i7fbNU8wge9KaPQDr8vB9RkNYd7tKEjAW0hbweUjRiiscSu1zfKA, requests=87 +9ms
mcp:connection Dispatching SDK method: tools/call, serverID=github +8ms
mcp:connection callTool: parsed name=search_repositories, argumentCount=2 +244µs
guard:wasm Backend call failed: calling "tools/call": unknown tool "search_repositories" +5ms
guard:wasm [guard:github] ERROR: <<< call_backend FAILED with code -1 +207µs
guard:wasm [guard:github] WARN: Backend call search_repositories failed with code -1 +458µs
guard:wasm [guard:github] INFO:     using path-based labeling with 30 paths +1ms
guard:wasm [guard:github] INFO:     path_output_preview={"labeled_paths":[{"path":"/items/0","labels":{"description":"issue:apache/cloudstack#14265","secrecy":[],"integrity":["none:all","unapproved:all"]}},{"path":"/items/1","labels":{"description":"issue:apache/cloudstack#13824","secrecy":[],"integrity":["none:all","unapproved:all","approved:all"]}},{"path":"/items/2","labels":{"description":"issue:apache/cloudstack#12889","secrecy":[],"integrity":["none:all","unapproved:all"]}},{"path":"/items/3","labels":{"description":"issue:apache/cloudstack#124 +383µs
guard:wasm [guard:github] INFO: <<< label_response returning 4205 bytes (path-based) +255µs
guard:wasm [guard:github] DEBUG: >>> dealloc(ptr=5302576, size=4194304) +364µs
guard:wasm [guard:github] DEBUG: <<< dealloc complete +239µs
guard:wasm [guard:github] DEBUG: >>> dealloc(ptr=1107776, size=263107) +275µs
guard:wasm [guard:github] DEBUG: <<< dealloc complete +255µs
guard:wasm parsePathLabeledResponse: responseSize=4205 +323µs
difc:path_labels ParsePathLabels: parsing 4205 bytes +12.1s
difc:path_labels ParsePathLabels: parsed 30 labeled paths, hasDefaultLabels=true +338µs
guard:wasm parsePathLabeledResponse: parsed 30 path labels +845µs
difc:path_labels unwrapMCPResponse: detected MCP-wrapped response, unwrapping inner JSON +2ms
difc:path_labels NewPathLabeledData: isMCPWrapped=true, labeledPaths=30 +294µs
difc:path_labels getItems: navigating to items at path=/items +238µs
difc:path_labels getItems: found 30 items at path=/items +214µs
difc:path_labels resolve: resolving 30 items with 30 explicit path labels +232µs
guard:wasm parsePathLabeledResponse: converted to CollectionLabeledData successfully +3ms
difc:evaluator Filtering collection: operation=read, totalItems=30 +6.4s
difc:evaluator Evaluating access: operation=read, resource=issue:apache/cloudstack#14265 +184µs
difc:evaluator Evaluating read access (mode=filter): resource=issue:apache/cloudstack#14265, agentSecrecy=[], agentIntegrity=[none:all] +242µs
difc:evaluator Read access allowed: resource=issue:apache/cloudstack#14265 +211µs
difc:evaluator Evaluating access: operation=read, resource=issue:apache/cloudstack#13824 +200µs
difc:evaluator Evaluating read access (mode=filter): resource=issue:apache/cloudstack#13824, agentSecrecy=[], agentIntegrity=[none:all] +196µs
difc:evaluator Read access allowed: resource=issue:apache/cloudstack#13824 +197µs
difc:evaluator Evaluating access: operation=read, resource=issue:apache/cloudstack#12889 +232µs
difc:evaluator Evaluating read access (mode=filter): resource=issue:apache/cloudstack#12889, agentSecrecy=[], agentIntegrity=[none:all] +200µs
difc:evaluator Read access allowed: resource=issue:apache/cloudstack#12889 +248µs
difc:evaluator Evaluating access: operation=read, resource=issue:apache/cloudstack#12405 +221µs
difc:evaluator Evaluating read access (mode=filter): resource=issue:apache/cloudstack#12405, agentSecrecy=[], agentIntegrity=[none:all] +247µs
difc:evaluator Read access allowed: resource=issue:apache/cloudstack#12405 +212µs
difc:evaluator Evaluating access: operation=read, resource=issue:apache/cloudstack#8294 +252µs
difc:evaluator Evaluating read access (mode=filter): resource=issue:apache/cloudstack#8294, agentSecrecy=[], agentIntegrity=[none:all] +200µs
difc:evaluator Read access allowed: resource=issue:apache/cloudstack#8294 +221µs
difc:evaluator Evaluating access: operation=read, resource=issue:apache/cloudstack#9853 +205µs
difc:evaluator Evaluating read access (mode=filter): resource=issue:apache/cloudstack#9853, agentSecrecy=[], agentIntegrity=[none:all] +238µs
difc:evaluator Read access allowed: resource=issue:apache/cloudstack#9853 +234µs
difc:evaluator Evaluating access: operation=read, resource=issue:apache/cloudstack#9403 +233µs
difc:evaluator Evaluating read access (mode=filter): resource=issue:apache/cloudstack#9403, agentSecrecy=[], agentIntegrity=[none:all] +306µs
difc:evaluator Read access allowed: resource=issue:apache/cloudstack#9403 +224µs
difc:evaluator Evaluating access: operation=read, resource=issue:apache/cloudstack#10011 +249µs
difc:evaluator Evaluating read access (mode=filter): resource=issue:apache/cloudstack#10011, agentSecrecy=[], agentIntegrity=[none:all] +222µs
difc:evaluator Read access allowed: resource=issue:apache/cloudstack#10011 +216µs
difc:evaluator Evaluating access: operation=read, resource=issue:apache/cloudstack#13519 +208µs
difc:evaluator Evaluating read access (mode=filter): resource=issue:apache/cloudstack#13519, agentSecrecy=[], agentIntegrity=[none:all] +224µs
difc:evaluator Read access allowed: resource=issue:apache/cloudstack#13519 +194µs
difc:evaluator Evaluating access: operation=read, resource=issue:apache/cloudstack#8627 +224µs
difc:evaluator Evaluating read access (mode=filter): resource=issue:apache/cloudstack#8627, agentSecrecy=[], agentIntegrity=[none:all] +239µs
difc:evaluator Read access allowed: resource=issue:apache/cloudstack#8627 +262µs
difc:evaluator Evaluating access: operation=read, resource=issue:apache/cloudstack#6163 +291µs
difc:evaluator Evaluating read access (mode=filter): resource=issue:apache/cloudstack#6163, agentSecrecy=[], agentIntegrity=[none:all] +284µs
difc:evaluator Read access allowed: resource=issue:apache/cloudstack#6163 +291µs
difc:evaluator Evaluating access: operation=read, resource=issue:apache/cloudstack#13471 +243µs
difc:evaluator Evaluating read access (mode=filter): resource=issue:apache/cloudstack#13471, agentSecrecy=[], agentIntegrity=[none:all] +264µs
difc:evaluator Read access allowed: resource=issue:apache/cloudstack#13471 +966µs
difc:evaluator Evaluating access: operation=read, resource=issue:apache/cloudstack#8304 +332µs
difc:evaluator Evaluating read access (mode=filter): resource=issue:apache/cloudstack#8304, agentSecrecy=[], agentIntegrity=[none:all] +247µs
difc:evaluator Read access allowed: resource=issue:apache/cloudstack#8304 +249µs
difc:evaluator Evaluating access: operation=read, resource=issue:apache/cloudstack#11710 +234µs
difc:evaluator Evaluating read access (mode=filter): resource=issue:apache/cloudstack#11710, agentSecrecy=[], agentIntegrity=[none:all] +261µs
difc:evaluator Read access allowed: resource=issue:apache/cloudstack#11710 +240µs
difc:evaluator Evaluating access: operation=read, resource=issue:apache/cloudstack#11983 +230µs
difc:evaluator Evaluating read access (mode=filter): resource=issue:apache/cloudstack#11983, agentSecrecy=[], agentIntegrity=[none:all] +238µs
difc:evaluator Read access allowed: resource=issue:apache/cloudstack#11983 +200µs
difc:evaluator Evaluating access: operation=read, resource=issue:apache/cloudstack#4542 +245µs
difc:evaluator Evaluating read access (mode=filter): resource=issue:apache/cloudstack#4542, agentSecrecy=[], agentIntegrity=[none:all] +250µs
difc:evaluator Read access allowed: resource=issue:apache/cloudstack#4542 +238µs
difc:evaluator Evaluating access: operation=read, resource=issue:apache/cloudstack#7458 +229µs
difc:evaluator Evaluating read access (mode=filter): resource=issue:apache/cloudstack#7458, agentSecrecy=[], agentIntegrity=[none:all] +369µs
difc:evaluator Read access allowed: resource=issue:apache/cloudstack#7458 +249µs
difc:evaluator Evaluating access: operation=read, resource=issue:apache/cloudstack#6861 +223µs
difc:evaluator Evaluating read access (mode=filter): resource=issue:apache/cloudstack#6861, agentSecrecy=[], agentIntegrity=[none:all] +272µs
difc:evaluator Read access allowed: resource=issue:apache/cloudstack#6861 +221µs
difc:evaluator Evaluating access: operation=read, resource=issue:apache/cloudstack#9693 +215µs
difc:evaluator Evaluating read access (mode=filter): resource=issue:apache/cloudstack#9693, agentSecrecy=[], agentIntegrity=[none:all] +215µs
difc:evaluator Read access allowed: resource=issue:apache/cloudstack#9693 +252µs
difc:evaluator Evaluating access: operation=read, resource=issue:apache/cloudstack#7155 +212µs
difc:evaluator Evaluating read access (mode=filter): resource=issue:apache/cloudstack#7155, agentSecrecy=[], agentIntegrity=[none:all] +223µs
difc:evaluator Read access allowed: resource=issue:apache/cloudstack#7155 +219µs
difc:evaluator Evaluating access: operation=read, resource=issue:apache/cloudstack#12374 +202µs
difc:evaluator Evaluating read access (mode=filter): resource=issue:apache/cloudstack#12374, agentSecrecy=[], agentIntegrity=[none:all] +246µs
difc:evaluator Read access allowed: resource=issue:apache/cloudstack#12374 +189µs
difc:evaluator Evaluating access: operation=read, resource=issue:apache/cloudstack#7473 +229µs
difc:evaluator Evaluating read access (mode=filter): resource=issue:apache/cloudstack#7473, agentSecrecy=[], agentIntegrity=[none:all] +244µs
difc:evaluator Read access allowed: resource=issue:apache/cloudstack#7473 +232µs
difc:evaluator Evaluating access: operation=read, resource=issue:apache/cloudstack#13735 +189µs
difc:evaluator Evaluating read access (mode=filter): resource=issue:apache/cloudstack#13735, agentSecrecy=[], agentIntegrity=[none:all] +196µs
difc:evaluator Read access allowed: resource=issue:apache/cloudstack#13735 +238µs
difc:evaluator Evaluating access: operation=read, resource=issue:apache/cloudstack#6391 +201µs
difc:evaluator Evaluating read access (mode=filter): resource=issue:apache/cloudstack#6391, agentSecrecy=[], agentIntegrity=[none:all] +187µs
difc:evaluator Read access allowed: resource=issue:apache/cloudstack#6391 +188µs
difc:evaluator Evaluating access: operation=read, resource=issue:apache/cloudstack#13064 +236µs
difc:evaluator Evaluating read access (mode=filter): resource=issue:apache/cloudstack#13064, agentSecrecy=[], agentIntegrity=[none:all] +220µs
difc:evaluator Read access allowed: resource=issue:apache/cloudstack#13064 +188µs
difc:evaluator Evaluating access: operation=read, resource=issue:apache/cloudstack#13806 +243µs
difc:evaluator Evaluating read access (mode=filter): resource=issue:apache/cloudstack#13806, agentSecrecy=[], agentIntegrity=[none:all] +209µs
difc:evaluator Read access allowed: resource=issue:apache/cloudstack#13806 +240µs
difc:evaluator Evaluating access: operation=read, resource=issue:apache/cloudstack#11956 +221µs
difc:evaluator Evaluating read access (mode=filter): resource=issue:apache/cloudstack#11956, agentSecrecy=[], agentIntegrity=[none:all] +346µs
difc:evaluator Read access allowed: resource=issue:apache/cloudstack#11956 +208µs
difc:evaluator Evaluating access: operation=read, resource=issue:apache/cloudstack#7961 +217µs
difc:evaluator Evaluating read access (mode=filter): resource=issue:apache/cloudstack#7961, agentSecrecy=[], agentIntegrity=[none:all] +234µs
difc:evaluator Read access allowed: resource=issue:apache/cloudstack#7961 +230µs
difc:evaluator Evaluating access: operation=read, resource=issue:apache/cloudstack#8314 +189µs
difc:evaluator Evaluating read access (mode=filter): resource=issue:apache/cloudstack#8314, agentSecrecy=[], agentIntegrity=[none:all] +218µs
difc:evaluator Read access allowed: resource=issue:apache/cloudstack#8314 +238µs
difc:evaluator Evaluating access: operation=read, resource=issue:apache/cloudstack#13435 +219µs
difc:evaluator Evaluating read access (mode=filter): resource=issue:apache/cloudstack#13435, agentSecrecy=[], agentIntegrity=[none:all] +219µs
difc:evaluator Read access allowed: resource=issue:apache/cloudstack#13435 +215µs
difc:evaluator Collection filtered: accessible=30, filtered=0, total=30 +235µs
server:unified [DIFC] Filtered collection: 30/30 items accessible +34ms
difc:pipeline_decisions ShouldBlockFilteredResponse: mode=filter, filteredCount=0, block=false +6.4s
difc:resource FilteredCollectionLabeledData.ToResult: returning 30 accessible items (filter_reason=DIFC policy) +6.4s
difc:pipeline_decisions ShouldAccumulateReadLabels: operation=read, mode=filter, accumulate=false +483µs
mcp:tool_result Converting backend result to CallToolResult +6.4s
mcp:tool_result Backend returned array, wrapping as text +225µs
server:response_writer Writing response body: 262963 bytes +6.5s
server:response_writer Retrieving captured body: 262963 bytes +594µs
server:response_writer Retrieving captured status code: 200 +274µs
server:sdk-frontend <<< SDK Response [routed:github] status=200 duration=8.466882264s (non-JSON or stream) +6.5s
server:sdk-frontend     Raw response (truncated): event: message
data: {"jsonrpc":"2.0","id":7,"result":{"content":[{"type":"text","text":"[{\"author_association\":\"NONE\",\"body\":\"### The required feature described as a wish\\n\\nAs an MSP switching from vmware to cloudstack at the moment we would love to see the latest Linux versions within the Guest OS list by default. Currently Alma/Rocky etc. are on version 9, debian latest is 12, ubuntu latest is 24. All of them have one newer Major version not sure about other distributions.\\n\\nI kn... +243µs
tracing:provider Handling request: span=gateway.request, method=POST, path=/mcp/safeoutputs, remoteParent=false +23.9s
tracing:provider Span started: span=gateway.request, traceID=00000000000000000000000000000000 +561µs
server:auth Authenticating request: method=POST, path=/mcp/safeoutputs, remote=172.30.0.20:36656 +23.9s
auth:header Extracting session ID from auth header: sanitized=r9hB... +23.9s
auth:header Using plain API key as session ID +278µs
server:sdk-frontend >>> SDK Request [routed:safeoutputs] session=r9hBDzr7... mcp-session=KVZQUHEF... method=POST path=/mcp/safeoutputs +15.5s
server:sdk-frontend     JSON-RPC Request: method=tools/call id=3 +270µs
tracing:provider Handling request: span=gateway.request, method=POST, path=/mcp/safeoutputs, remoteParent=false +1ms
server:response_writer Creating new response writer with default status 200 +15.5s
2026/09/29 15:26:07 [ROUTED] Calling unified handler for: add_labels
server:session Extracted session ID from context: r9hBDzr7... +23.9s
tracing:provider Span started: span=gateway.request, traceID=00000000000000000000000000000000 +1ms
server:auth Authenticating request: method=POST, path=/mcp/safeoutputs, remote=172.30.0.20:36666 +2ms
auth:header Extracting session ID from auth header: sanitized=r9hB... +2ms
mcp:tool_result Parsing arguments for tool: add_labels +15.5s
auth:header Using plain API key as session ID +754µs
server:sdk-frontend >>> SDK Request [routed:safeoutputs] session=r9hBDzr7... mcp-session=KVZQUHEF... method=POST path=/mcp/safeoutputs +2ms
server:sdk-frontend     JSON-RPC Request: method=tools/call id=4 +293µs
server:response_writer Creating new response writer with default status 200 +3ms
mcp:tool_result Parsed 2 arguments +1ms
server:session Extracted session ID from context: r9hBDzr7... +3ms
server:session Extracted session ID from context: r9hBDzr7... +525µs
2026/09/29 15:26:07 [ROUTED] Calling unified handler for: add_comment
server:session Extracted session ID from context: r9hBDzr7... +359µs
server:session Checking session: sessionID=r9hBDzr7... +257µs
server:session Session validated for ID: r9hBDzr7... +225µs
server:unified callBackendTool: serverID=safeoutputs, toolName=add_labels, args=map[item_number:14265 labels:[type:new-feature]] +15.6s
guard:registry Getting guard for serverID=safeoutputs +23.9s
guard:registry Found guard for serverID=safeoutputs, guardName=write-sink +233µs
mcp:tool_result Parsing arguments for tool: add_comment +2ms
mcp:tool_result Parsed 2 arguments +321µs
server:session Extracted session ID from context: r9hBDzr7... +1ms
server:session Extracted session ID from context: r9hBDzr7... +561µs
server:guard_init Resolving guard policy: serverID=safeoutputs +23.9s
config:guard_policy ParseServerGuardPolicy: serverID=safeoutputs, keyCount=1 +23.9s
config:guard_policy ParsePolicyMap: hasAllowOnly=false, hasWriteSink=true, keyCount=1 +248µs
config:guard_policy Parsing guard policy JSON: len=31 +249µs
config:guard_policy UnmarshalJSON: parsing guard policy, keys=1 +248µs
config:guard_policy UnmarshalJSON: guard policy type is write-sink +260µs
config:guard_policy ValidateGuardPolicy: delegating to write-sink validation, acceptCount=1 +259µs
server:session Extracted session ID from context: r9hBDzr7... +1ms
server:session Checking session: sessionID=r9hBDzr7... +245µs
server:session Session validated for ID: r9hBDzr7... +299µs
server:unified callBackendTool: serverID=safeoutputs, toolName=add_comment, args=map[body:## 🎯 Triage report

Feature request to expand the default Guest OS list with newer major versions of common Linux distributions (AlmaLinux/Rocky 10, Debian 13, Ubuntu newer LTS, etc.) so admins don't need to add them manually after each release.

### 📊 Assessment

| Dimension | Value | Reasoning |
|---|---|---|
| **Type** | `type:new-feature` | Requests new default data (guest OS mappings), not a bug fix |
| **Component** | none | Affects the guest OS type list, which spans management-server config data rather than a single clearly identifiable component |
| **Severity** | n/a | Not a bug |
| **Labels** | `type:new-feature` | See above |
| **Coding agent** | Needs more info | The general idea is clear, but a concrete PR would require enumerating exact distro/version/hypervisor guest-OS-mapping entries to add (per hypervisor: KVM, VMware, XenServer), which isn't specified here |

### 🔗 Similar issues

- https://github.com/apache/cloudstack/issues/12374 (related) — explicit request to add Debian 13 (trixie) support to the guest OS list, a subset of this broader request

<details><summary>💡 Notes and suggestions</summary>

- The default guest OS list is defined in DB seed data (e.g. `engine/schema/src/main/resources/META-INF/db/schema-*` and `guest_os`/`guest_os_hypervisor` tables) — historically new OS types are added via SQL upgrade scripts per major release.
- Consider asking the reporter to specify exactly which OS/version combinations they need (e.g. AlmaLinux 10, Rocky Linux 10, Ubuntu 24.04 already exists per issue text, Ubuntu 25.x, Debian 13) and for which hypervisors, to scope a concrete PR.
- Related discussion in #12374 shows there is an established process/precedent for adding a single new guest OS via a dedicated PR — this issue could be split into per-OS sub-tasks following that pattern.

</details> item_number:14265] +4ms
config:guard_policy ValidateWriteSinkPolicy: acceptCount=1 +1ms
config:guard_policy ValidateWriteSinkPolicy: wildcard accept, policy is valid +259µs
guard:registry Getting guard for serverID=safeoutputs +5ms
guard:registry Found guard for serverID=safeoutputs, guardName=write-sink +224µs
server:session Extracted session ID from context: r9hBDzr7... +1ms
server:guard_init Resolving guard policy: serverID=safeoutputs +4ms
config:guard_policy ParseServerGuardPolicy: serverID=safeoutputs, keyCount=1 +1ms
config:guard_policy ParsePolicyMap: hasAllowOnly=false, hasWriteSink=true, keyCount=1 +244µs
server:guard_init Using server-level guard policy: serverID=safeoutputs +709µs
guard:wasm BuildLabelAgentPayload: trustedBots=0, trustedUsers=0 +15.6s
config:guard_policy Parsing guard policy JSON: len=31 +972µs
config:guard_policy UnmarshalJSON: parsing guard policy, keys=1 +411µs
guard:context Retrieved agent ID from context: r9hBDzr7i7fbNU8wge9KaPQDr8vB9RkNYd7tKEjAW0hbweUjRiiscSu1zfKA +22.6s
difc:agent GetOrCreate called for agentID=r9hBDzr7i7fbNU8wge9KaPQDr8vB9RkNYd7tKEjAW0hbweUjRiiscSu1zfKA +23.9s
guard:label_agent Calling LabelAgent: guard=write-sink +28.5s
guard:write-sink LabelAgent: returning empty labels (write-sink does not label agents) +53.5s
guard:guard Creating empty agent labels result: mode="filter" +28.5s
guard:guard Applying label agent result: difc_mode="filter", secrecy_tags=0, integrity_tags=0, defaultMode=strict +262µs
config:guard_policy UnmarshalJSON: guard policy type is write-sink +1ms
config:guard_policy ValidateGuardPolicy: delegating to write-sink validation, acceptCount=1 +233µs
config:guard_policy ValidateWriteSinkPolicy: acceptCount=1 +237µs
config:guard_policy ValidateWriteSinkPolicy: wildcard accept, policy is valid +233µs
server:guard_init Using server-level guard policy: serverID=safeoutputs +3ms
guard:wasm BuildLabelAgentPayload: trustedBots=0, trustedUsers=0 +3ms
guard:guard Enforcement mode overridden: default=strict, override=filter +1ms
difc:agent Agent r9hBDzr7i7fbNU8wge9KaPQDr8vB9RkNYd7tKEjAW0hbweUjRiiscSu1zfKA adding 0 secrecy tags +2ms
difc:agent Agent r9hBDzr7i7fbNU8wge9KaPQDr8vB9RkNYd7tKEjAW0hbweUjRiiscSu1zfKA adding 0 integrity tags +209µs
guard:guard Label agent result applied: effective_mode=filter +694µs
guard:label_agent LabelAgent completed: guard=write-sink, mode=filter +3ms
guard:context Retrieved agent ID from context: r9hBDzr7i7fbNU8wge9KaPQDr8vB9RkNYd7tKEjAW0hbweUjRiiscSu1zfKA +4ms
guard:context Retrieved agent ID from context: r9hBDzr7i7fbNU8wge9KaPQDr8vB9RkNYd7tKEjAW0hbweUjRiiscSu1zfKA +236µs
difc:agent GetOrCreate called for agentID=r9hBDzr7i7fbNU8wge9KaPQDr8vB9RkNYd7tKEjAW0hbweUjRiiscSu1zfKA +2ms
guard:label_agent Calling LabelAgent: guard=write-sink +1ms
guard:write-sink LabelAgent: returning empty labels (write-sink does not label agents) +5ms
guard:guard Creating empty agent labels result: mode="filter" +2ms
difc:agent GetOrCreate called for agentID=r9hBDzr7i7fbNU8wge9KaPQDr8vB9RkNYd7tKEjAW0hbweUjRiiscSu1zfKA +925µs
server:unified [DIFC] Agent r9hBDzr7i7fbNU8wge9KaPQDr8vB9RkNYd7tKEjAW0hbweUjRiiscSu1zfKA | Secrecy: [] | Integrity: [none:all] +10ms
guard:context Setting request state in context +1ms
guard:write-sink LabelResource: tool=add_labels, operation=write, accept_tags=1 +1ms
difc:labels Creating label with 1 initial tags: [*] +22.0s
server:unified [DIFC] Resource: write-sink (add_labels) | Operation: write | Secrecy: [*] | Integrity: [] +934µs
guard:guard Applying label agent result: difc_mode="filter", secrecy_tags=0, integrity_tags=0, defaultMode=strict +1ms
guard:guard Enforcement mode overridden: default=strict, override=filter +231µs
difc:agent Agent r9hBDzr7i7fbNU8wge9KaPQDr8vB9RkNYd7tKEjAW0hbweUjRiiscSu1zfKA adding 0 secrecy tags +1ms
difc:agent Agent r9hBDzr7i7fbNU8wge9KaPQDr8vB9RkNYd7tKEjAW0hbweUjRiiscSu1zfKA adding 0 integrity tags +610µs
difc:pipeline_decisions ShouldBypassCoarseDeny: operation=write, bypass=false +15.6s
guard:guard Label agent result applied: effective_mode=filter +1ms
difc:evaluator Evaluating access: operation=write, resource=write-sink (add_labels) +15.6s
guard:label_agent LabelAgent completed: guard=write-sink, mode=filter +4ms
difc:evaluator Evaluating write access: resource=write-sink (add_labels), agentSecrecy=[], agentIntegrity=[none:all] +585µs
difc:evaluator Write access allowed: resource=write-sink (add_labels) +297µs
server:unified [DIFC] Access ALLOWED for agent r9hBDzr7i7fbNU8wge9KaPQDr8vB9RkNYd7tKEjAW0hbweUjRiiscSu1zfKA to write-sink (add_labels) +3ms
server:unified executeBackendToolCall: serverID=safeoutputs, toolName=add_labels +481µs
guard:context Retrieved agent ID from context: r9hBDzr7i7fbNU8wge9KaPQDr8vB9RkNYd7tKEjAW0hbweUjRiiscSu1zfKA +5ms
difc:agent GetOrCreate called for agentID=r9hBDzr7i7fbNU8wge9KaPQDr8vB9RkNYd7tKEjAW0hbweUjRiiscSu1zfKA +3ms
server:unified [DIFC] Agent r9hBDzr7i7fbNU8wge9KaPQDr8vB9RkNYd7tKEjAW0hbweUjRiiscSu1zfKA | Secrecy: [] | Integrity: [none:all] +729µs
guard:context Setting request state in context +678µs
guard:write-sink LabelResource: tool=add_comment, operation=write, accept_tags=1 +6ms
launcher:launcher HTTP backend detected, using stateless connection: serverID=safeoutputs +15.6s
difc:labels Creating label with 1 initial tags: [*] +6ms
server:unified [DIFC] Resource: write-sink (add_comment) | Operation: write | Secrecy: [*] | Integrity: [] +1ms
difc:pipeline_decisions ShouldBypassCoarseDeny: operation=write, bypass=false +5ms
difc:evaluator Evaluating access: operation=write, resource=write-sink (add_comment) +4ms
difc:evaluator Evaluating write access: resource=write-sink (add_comment), agentSecrecy=[], agentIntegrity=[none:all] +247µs
difc:evaluator Write access allowed: resource=write-sink (add_comment) +256µs
server:unified [DIFC] Access ALLOWED for agent r9hBDzr7i7fbNU8wge9KaPQDr8vB9RkNYd7tKEjAW0hbweUjRiiscSu1zfKA to write-sink (add_comment) +1ms
server:unified executeBackendToolCall: serverID=safeoutputs, toolName=add_comment +524µs
mcp:connection Dispatching SDK method: tools/call, serverID=safeoutputs +15.6s
mcp:connection callTool: parsed name=add_labels, argumentCount=2 +241µs
launcher:launcher HTTP backend detected, using stateless connection: serverID=safeoutputs +3ms
mcp:connection Dispatching SDK method: tools/call, serverID=safeoutputs +3ms
mcp:connection callTool: parsed name=add_comment, argumentCount=2 +363µs
difc:pipeline_decisions ShouldCallLabelResponse: operation=write, mode=filter, result=false +6ms
server:unified [DIFC] Skipping LabelResponse() for write operation in filter mode +5ms
difc:pipeline_decisions ShouldAccumulateReadLabels: operation=write, mode=filter, accumulate=false +926µs
mcp:tool_result Converting backend result to CallToolResult +29ms
mcp:tool_result Converted result: content_items=1, is_error=false +271µs
server:response_writer Writing response body: 120 bytes +34ms
server:response_writer Retrieving captured body: 120 bytes +382µs
server:response_writer Retrieving captured status code: 200 +694µs
server:sdk-frontend <<< SDK Response [routed:safeoutputs] status=200 duration=38.907665ms (non-JSON or stream) +35ms
difc:pipeline_decisions ShouldCallLabelResponse: operation=write, mode=filter, result=false +3ms
server:sdk-frontend     Raw response: event: message
data: {"jsonrpc":"2.0","id":3,"result":{"content":[{"type":"text","text":"{\"result\":\"success\"}"}]}}

 +240µs
server:unified [DIFC] Skipping LabelResponse() for write operation in filter mode +4ms
difc:pipeline_decisions ShouldAccumulateReadLabels: operation=write, mode=filter, accumulate=false +1ms
mcp:tool_result Converting backend result to CallToolResult +3ms
mcp:tool_result Converted result: content_items=1, is_error=false +266µs
server:response_writer Writing response body: 182 bytes +2ms
server:response_writer Retrieving captured body: 182 bytes +381µs
server:response_writer Retrieving captured status code: 200 +233µs
server:sdk-frontend <<< SDK Response [routed:safeoutputs] status=200 duration=40.205505ms (non-JSON or stream) +3ms
server:sdk-frontend     Raw response: event: message
data: {"jsonrpc":"2.0","id":4,"result":{"content":[{"type":"text","text":"{\"result\":\"success\",\"temporary_id\":\"aw_vwlUOxnU\",\"comment\":\"#aw_vwlUOxnU\"}"}]}}

 +399µs
tracing:provider Handling request: span=gateway.request, method=DELETE, path=/mcp/github, remoteParent=false +2.7s
tracing:provider Handling request: span=gateway.request, method=DELETE, path=/mcp/safeoutputs, remoteParent=false +180µs
tracing:provider Span started: span=gateway.request, traceID=00000000000000000000000000000000 +15ms
tracing:provider Span started: span=gateway.request, traceID=00000000000000000000000000000000 +151µs
server:auth Authenticating request: method=DELETE, path=/mcp/safeoutputs, remote=172.30.0.20:36666 +2.8s
auth:header Extracting session ID from auth header: sanitized=r9hB... +2.8s
auth:header Using plain API key as session ID +187µs
server:auth Authenticating request: method=DELETE, path=/mcp/github, remote=172.30.0.20:36656 +933µs
auth:header Extracting session ID from auth header: sanitized=r9hB... +784µs
auth:header Using plain API key as session ID +301µs
server:sdk-frontend >>> SDK Request [routed:github] session=r9hBDzr7... mcp-session=BYVAAWFV... method=DELETE path=/mcp/github +2.7s
server:sdk-frontend >>> SDK Request [routed:safeoutputs] session=r9hBDzr7... mcp-session=KVZQUHEF... method=DELETE path=/mcp/safeoutputs +144µs
server:response_writer Creating new response writer with default status 200 +2.7s
server:response_writer Retrieving captured body: 0 bytes +659µs
server:routed [INFO] server session disconnected session_id=KVZQUHEFXRRHU5GOGGKHQJJJ3J +35.3s
server:response_writer Retrieving captured status code: 200 +321µs
server:response_writer Creating new response writer with default status 200 +217µs
server:response_writer Setting response status code: 204 +267µs
server:response_writer Retrieving captured body: 0 bytes +284µs
server:response_writer Retrieving captured status code: 204 +288µs
server:sdk-frontend <<< SDK Response [routed:safeoutputs] status=204 duration=3.886801ms (empty body) +2ms
server:sdk-frontend <<< SDK Response [routed:safeoutputs] status=200 duration=35.303202033s (empty body) +247µs
server:response_writer Retrieving captured body: 0 bytes +1ms
server:routed [INFO] server session disconnected session_id=BYVAAWFVEU7EGJWCGLKJ5JXICQ +2ms
server:response_writer Retrieving captured status code: 200 +815µs
server:response_writer Setting response status code: 204 +233µs
server:sdk-frontend <<< SDK Response [routed:github] status=200 duration=35.318085839s (empty body) +2ms
server:response_writer Retrieving captured body: 0 bytes +776µs
server:response_writer Retrieving captured status code: 204 +231µs
server:sdk-frontend <<< SDK Response [routed:github] status=204 duration=6.309556ms (empty body) +990µs
server:response_writer Creating new response writer with default status 200 +1.7s
server:auth Authenticating request: method=POST, path=/close, remote=[::1]:60046 +1.7s
2026/09/29 15:26:12 [[::1]:60046] POST /close
server:handlers Initiating gateway shutdown +57.7s
launcher:health Stopping health monitor, waiting for background goroutine to finish +27.7s
launcher:health Health monitor stopped +222µs
launcher:launcher Retrieved server IDs: count=2, ids=[github safeoutputs] +4.5s
launcher:launcher Closing launcher: connections=2, hasSessionPool=true +418µs
launcher:launcher Closing 2 connections +233µs
mcp:connection Closing connection: serverID=safeoutputs, isHTTP=true +4.5s
mcp:connection Closing connection: serverID=github, isHTTP=false +1ms
launcher:launcher Stopping session connection pool +3ms
launcher:pool Stopping connection pool +20.1s
launcher:pool Context cancelled, stopping cleanup +270µs
launcher:pool Cleanup goroutine stopped +286µs
launcher:pool Closing connection: backend=github, session=r9hBDzr7i7fbNU8wge9KaPQDr8vB9RkNYd7tKEjAW0hbweUjRiiscSu1zfKA +824µs
launcher:pool Connection pool stopped +292µs
launcher:launcher Launcher closed successfully +2ms
guard:wasm Closing global compilation cache +4.5s
guard:wasm Global compilation cache closed +243µs
server:handlers Shutdown completed: servers_terminated=2 +8ms
httputil:httputil Writing JSON response: statusCode=200 +20.1s
server:response_writer Setting response status code: 200 +11ms
httputil:httputil JSON response body size: 80 bytes +573µs
server:response_writer Writing response body: 80 bytes +541µs
2026/09/29 15:26:12 Gateway shutdown initiated. Terminated 2 server(s)
server:response_writer Retrieving captured body: 80 bytes +3ms
server:response_writer Retrieving captured body: 80 bytes +232µs
server:response_writer Retrieving captured status code: 200 +302µs
server:helpers [[::1]:60046] POST /close - Status: 200, Response: {"message":"Gateway shutdown initiated","serversTerminated":2,"status":"closed"} +37.1s
cmd:root Shutting down tracing provider +57.7s
cmd:root Tracing provider shut down successfully +979µs
2026/09/29 15:26:12 Shutting down...
