[INFO] Starting MCP Gateway in containerized mode...
[INFO] Auto-detected baked-in WASM guards at /guards
[INFO] MCP_GATEWAY_WASM_GUARDS_DIR=/guards
[INFO] Running in containerized environment
[WARN] Could not determine container ID
[INFO] Docker daemon is accessible
[INFO] Required environment variables are set
[INFO] Set DOCKER_API_VERSION=1.48 (server current)
[INFO] Detecting host IP for container networking...
[INFO] Method 1 (primary interface): 10.1.0.147
[INFO] Using host IP: 10.1.0.147
[INFO] host.docker.internal already exists in /etc/hosts
[INFO] Gateway will listen on 0.0.0.0:8080
[INFO] Log directory: /tmp/gh-aw/mcp-logs/
[INFO] Command: ./awmg --routed --listen 0.0.0.0:8080 --config-stdin --log-dir /tmp/gh-aw/mcp-logs/
[INFO] Waiting for JSON configuration on stdin...
[INFO] 
[INFO] IMPORTANT: Configuration must be provided via stdin.
[INFO] No default configuration is used in containerized mode.
[INFO] 
config:feature Registered defaults setter: total=1 +65µs
config:feature Registered defaults setter: total=2 +12µs
config:feature Registered stdin converter: total=1 +2µs
cmd:root Checking for baked-in guard at /guards/github/00-github-guard.wasm +2µs
cmd:root Auto-detected baked-in guard: /guards/github/00-github-guard.wasm +43µs
cmd:root WASM cache dir resolved from default (logDir="/tmp/gh-aw/mcp-logs/"): "/tmp/gh-aw/mcp-logs/wazero-cache" +26µs
cmd:root Registering 5 flag groups +18µs
cmd:root WASM cache dir resolved from default (logDir="/tmp/gh-aw/mcp-logs/"): "/tmp/gh-aw/mcp-logs/wazero-cache" +43µs
cmd:root Flag group registration complete +12µs
cmd:root Registering flag completion functions +2µs
main:main Starting MCP Gateway application +821ns
version:version BuildVersionString: mainVersion="v0.3.19", gitCommit="", buildDate="" +3ms
version:version vcsCommitFromBuildInfo: vcs.revision not found in build settings +15µs
version:version BuildVersionString: result="v0.3.19" +17µs
main:main Built version string: v0.3.19 +39µs
version:version Setting gateway version: v0.3.19 +16µs
main:main Executing root command +20µs
2026/08/27 17:46:45 Logging level: DEBUG=* (from environment)
2026/08/27 17:46:45 Logging to file: /tmp/gh-aw/mcp-logs/mcp-gateway.log
2026/08/27 17:46:45 Initialized per-serverID logging in directory: /tmp/gh-aw/mcp-logs/
2026/08/27 17:46:45 Tools logging to file: /tmp/gh-aw/mcp-logs/tools.json
cmd:root Starting MCPG with config: stdin, listen: 0.0.0.0:8080 +1ms
cmd:root WASM cache dir resolved from default (logDir="/tmp/gh-aw/mcp-logs/"): "/tmp/gh-aw/mcp-logs/wazero-cache" +235µs
cmd:root Configuring WASM compilation cache: resolvedDir="/tmp/gh-aw/mcp-logs/wazero-cache", flagChanged=false +232µs
guard:wasm Configuring global compilation cache: dir="/tmp/gh-aw/mcp-logs/wazero-cache" +5ms
guard:wasm Creating disk-backed compilation cache: dir=/tmp/gh-aw/mcp-logs/wazero-cache +218µs
guard:wasm Global compilation cache replaced successfully +356µs
cmd:root WASM compilation cache configured: mode=disk, dir="/tmp/gh-aw/mcp-logs/wazero-cache" +1ms
2026/08/27 17:46:45 WASM compilation cache directory: /tmp/gh-aw/mcp-logs/wazero-cache
2026/08/27 17:46:45 Reading configuration from stdin...
config:config Loading configuration from stdin JSON +5ms
config:config Read 734 bytes from stdin +231µs
config:validation Expanding variables: context=raw JSON data +5ms
config:validation Expanded variable: GITHUB_SERVER_URL (found in environment) +245µs
config:validation Expanded variable: GITHUB_MCP_SERVER_TOKEN (found in environment) +229µs
config:validation Expanded variable: GH_AW_SAFE_OUTPUTS_API_KEY (found in environment) +216µs
config:validation Variable expansion completed: context=raw JSON data, undefined_count=0 +217µs
config:validation_schema Starting JSON schema validation: data_size=1115 bytes +6ms
config:validation_schema Compiling JSON schema for the first time +214µs
config:validation_schema Applied customServerConfig type fix: replaced negative-lookahead pattern with not-enum constraint +431µs
config:validation_schema Applied customSchemas patternProperties fix: replaced negative-lookahead key "^(?!stdio$|http$)[a-z][a-z0-9-]*$" with ^[a-z][a-z0-9-]*$ +215µs
config:validation_schema Added registry and Added guard-policies fields in stdioServerConfig +265µs
config:validation_schema Added registry and Updated guard-policies fields in httpServerConfig +224µs
config:validation_schema Added trustedBots and keepaliveInterval fields to gatewayConfig +291µs
config:validation_schema Schema fixes applied in 1.923484ms +713µs
config:validation_schema Schema compiled and cached successfully +2ms
config:validation_schema Schema compilation/retrieval took: 5.10716ms +275µs
config:validation_schema JSON parsing took: 20.551µs +231µs
config:validation_schema Schema validation took: 111.945µs +355µs
config:validation_schema Total validation completed successfully in 6.167507ms +258µs
config:config Parsed stdin config with 2 servers +8ms
config:validation_schema Validating string patterns: server_count=2 +660µs
config:validation_schema Validating server: name=safeoutputs, type=http +245µs
config:validation_schema Validating server: name=github, type=stdio +258µs
config:validation Validating gateway configuration +7ms
config:validation Validating gateway port: 8080 +220µs
config:rules Validating port range: port=8080, jsonPath=gateway.port +17ms
config:validation Validating payload directory: /tmp/gh-aw/mcp-payloads +593µs
config:rules Validating absolute path: field=payloadDir, value=/tmp/gh-aw/mcp-payloads, jsonPath=gateway.payloadDir +560µs
config:rules Valid Unix absolute path: /tmp/gh-aw/mcp-payloads +224µs
config:validation Gateway config validation passed +654µs
config:validation Validating gateway configuration +232µs
config:validation Validating gateway port: 8080 +228µs
config:rules Validating port range: port=8080, jsonPath=gateway.port +920µs
config:validation Validating payload directory: /tmp/gh-aw/mcp-payloads +492µs
config:rules Validating absolute path: field=payloadDir, value=/tmp/gh-aw/mcp-payloads, jsonPath=gateway.payloadDir +520µs
config:rules Valid Unix absolute path: /tmp/gh-aw/mcp-payloads +411µs
config:validation Gateway config validation passed +947µs
config:config_stdin Converting stdin config: 2 servers +18ms
config:config MCP_GATEWAY_TOOL_TIMEOUT not set in environment +4ms
config:feature Applying 2 default setter(s) +18ms
config:feature All default setters applied +214µs
config:validation Validating server config: name=safeoutputs, type=http +1ms
config:validation Server config validation passed: name=safeoutputs, type=http +318µs
config:config_stdin Server "safeoutputs": expanding 1 HTTP header(s) +1ms
config:validation Expanding env variables for server: safeoutputs, count=1 +427µs
config:validation Expanding variables: context=jsonPath=mcpServers.safeoutputs.env.Authorization +258µs
config:validation Variable expansion completed: context=jsonPath=mcpServers.safeoutputs.env.Authorization, undefined_count=0 +268µs
config:validation Env variable expansion completed for server: safeoutputs +225µs
config:config_stdin Converting server "safeoutputs": type=http +1ms
config:config Configured HTTP MCP server: name=safeoutputs, url=http://host.docker.internal:3001 +2ms
2026/08/27 17:46:45 [CONFIG] Configured HTTP MCP server: safeoutputs -> http://host.docker.internal:3001
config:validation Validating server config: name=github, type=stdio +730µs
config:validation Server config validation passed: name=github, type=stdio +275µs
config:config_stdin Server "github": expanding 4 environment variable(s) +1ms
config:validation Expanding env variables for server: github, count=4 +555µs
config:validation Expanding variables: context=jsonPath=mcpServers.github.env.GITHUB_PERSONAL_ACCESS_TOKEN +263µs
config:validation Variable expansion completed: context=jsonPath=mcpServers.github.env.GITHUB_PERSONAL_ACCESS_TOKEN, undefined_count=0 +257µs
config:validation Expanding variables: context=jsonPath=mcpServers.github.env.GITHUB_READ_ONLY +250µs
config:validation Variable expansion completed: context=jsonPath=mcpServers.github.env.GITHUB_READ_ONLY, undefined_count=0 +276µs
config:validation Expanding variables: context=jsonPath=mcpServers.github.env.GITHUB_TOOLSETS +234µs
config:validation Variable expansion completed: context=jsonPath=mcpServers.github.env.GITHUB_TOOLSETS, undefined_count=0 +225µs
config:validation Expanding variables: context=jsonPath=mcpServers.github.env.GITHUB_HOST +235µs
config:validation Variable expansion completed: context=jsonPath=mcpServers.github.env.GITHUB_HOST, undefined_count=0 +322µs
config:validation Env variable expansion completed for server: github +246µs
config:config_stdin Converting server "github": type=stdio +2ms
config:config_stdin Server "github": configured stdio container=ghcr.io/github/github-mcp-server:v1.0.4, env_vars=4, mounts=0 +227µs
config:config Configured stdio MCP server: name=github, container=ghcr.io/github/github-mcp-server:v1.0.4 +4ms
config:feature Applying 1 stdin converter(s) +6ms
config:feature All stdin converters applied +335µs
config:validation Validating guard policies: count=0 +1ms
config:config Converted stdin config to internal format with 2 servers +1ms
cmd:root Configuration loaded with 2 servers +22ms
2026/08/27 17:46:45 Loaded 2 MCP server(s)
config:guard_policy ResolveGuardPolicyOverride: cliChanged=false, hasCLIPolicyJSON=false, allowOnlyPublic=false, owner="", repo="", minIntegrity="" +27ms
config:guard_policy ResolveGuardPolicyOverride: no guard policy configured (nil) +263µs
difc:sink_server_ids Setting sink server IDs: input_count=0 +30ms
difc:sink_server_ids No sink server IDs provided, clearing configuration +322µs
2026/08/27 17:46:45 Guards sink server ID logging enrichment disabled (no sink server IDs configured)
2026/08/27 17:46:45 Parallel server launching enabled (default)
cmd:root Server mode: routed, guards mode: strict +2ms
cmd:root Initializing tracing provider +242µs
tracing:provider Tracing disabled: no OTLP endpoint configured +29ms
cmd:root Tracing provider initialized successfully +541µs
2026/08/27 17:46:45 OpenTelemetry tracing disabled (no OTLP endpoint configured)
server:unified Creating new unified server: sequentialLaunch=false, servers=2 +30ms
launcher:launcher Creating new launcher with 2 configured servers +31ms
sys:container Detecting container environment +34ms
sys:container Container detected via /.dockerenv +256µs
2026/08/27 17:46:45 [LAUNCHER] Detected running inside a container
config:config Resolved gateway config after defaulting: port=8080, startupTimeout=30, toolTimeout=60, keepaliveInterval=1500 +5ms
config:feature Applying 2 default setter(s) +6ms
config:feature All default setters applied +247µs
launcher:launcher Using startup timeout: 30s +1ms
launcher:pool Creating new session connection pool: idleTimeout=6h0m0s, cleanupInterval=5m0s, maxErrors=10 +33ms
server:unified Payload configuration: dir=/tmp/gh-aw/mcp-payloads, pathPrefix=, sizeThreshold=524288 bytes (512.00 KB) +2ms
launcher:pool Cleanup goroutine started +281µs
difc:agent Creating agent registry with defaults: secrecyTags=0, integrityTags=0 +36ms
difc:capabilities Creating new capabilities set +36ms
launcher:launcher Retrieved server IDs: count=2, ids=[safeoutputs github] +1ms
server:system_tools Creating new SysServer with 2 servers: [safeoutputs github] +33ms
server:unified Built allowed tool sets: 0 server(s) with tool restrictions +1ms
server:circuit_breaker Creating circuit breaker: serverID=safeoutputs, threshold=3, cooldown=1m0s +34ms
server:circuit_breaker Created circuit breaker for server safeoutputs: threshold=0, cooldown=0s +467µs
server:circuit_breaker Creating circuit breaker: serverID=github, threshold=3, cooldown=1m0s +466µs
server:circuit_breaker Created circuit breaker for server github: threshold=0, cooldown=0s +279µs
server:circuit_breaker buildCircuitBreakers: created 2 circuit breakers +333µs
guard:registry Creating new guard registry +39ms
launcher:launcher Retrieved server IDs: count=2, ids=[safeoutputs github] +3ms
server:guard_init Searching for WASM guard file: serverID=safeoutputs, dir=/guards/safeoutputs +37ms
server:guard_init No WASM guard directory found for serverID=safeoutputs +266µs
server:guard_init Resolving guard policy: serverID=safeoutputs +277µs
config:guard_policy ParseServerGuardPolicy: serverID=safeoutputs, keyCount=1 +11ms
config:guard_policy ParsePolicyMap: hasAllowOnly=false, hasWriteSink=true, keyCount=1 +241µs
config:guard_policy Parsing guard policy JSON: len=31 +246µs
config:guard_policy UnmarshalJSON: parsing guard policy, keys=1 +252µs
config:guard_policy UnmarshalJSON: guard policy type is write-sink +243µs
config:guard_policy ValidateGuardPolicy: delegating to write-sink validation, acceptCount=1 +240µs
config:guard_policy ValidateWriteSinkPolicy: acceptCount=1 +268µs
config:guard_policy ValidateWriteSinkPolicy: wildcard accept, policy is valid +255µs
server:guard_init Using server-level guard policy: serverID=safeoutputs +2ms
guard:write-sink Creating write-sink guard with 1 accept patterns +44ms
server:guard_init Resolving guard policy: serverID=safeoutputs +928µs
config:guard_policy ParseServerGuardPolicy: serverID=safeoutputs, keyCount=1 +1ms
config:guard_policy ParsePolicyMap: hasAllowOnly=false, hasWriteSink=true, keyCount=1 +321µs
config:guard_policy Parsing guard policy JSON: len=31 +273µs
config:guard_policy UnmarshalJSON: parsing guard policy, keys=1 +286µs
config:guard_policy UnmarshalJSON: guard policy type is write-sink +239µs
config:guard_policy ValidateGuardPolicy: delegating to write-sink validation, acceptCount=1 +251µs
config:guard_policy ValidateWriteSinkPolicy: acceptCount=1 +243µs
config:guard_policy ValidateWriteSinkPolicy: wildcard accept, policy is valid +229µs
server:guard_init Using server-level guard policy: serverID=safeoutputs +2ms
guard:registry Registering guard for serverID=safeoutputs, guardName=write-sink +7ms
server:guard_init Searching for WASM guard file: serverID=github, dir=/guards/github +1ms
server:guard_init Found WASM guard file: serverID=github, path=/guards/github/00-github-guard.wasm +383µs
guard:wasm Creating WASM guard: name=github, path=/guards/github/00-github-guard.wasm +43ms
guard:wasm Creating WASM guard from bytes: name=github, size=310015 +319µs
guard:wasm Instantiating WASM host functions: guard=github +735µs
guard:wasm WASM host functions instantiated: guard=github (call_backend, host_log) +340µs
guard:wasm WASM guard created successfully: name=github +124ms
server:guard_init Resolving guard policy: serverID=github +127ms
config:guard_policy ParseServerGuardPolicy: serverID=github, keyCount=1 +130ms
config:guard_policy ParsePolicyMap: hasAllowOnly=true, hasWriteSink=false, keyCount=1 +286µs
config:guard_policy Parsing guard policy JSON: len=112 +326µs
config:guard_policy UnmarshalJSON: parsing guard policy, keys=1 +324µs
config:guard_policy UnmarshalJSON: parsing allow-only policy, fields=5 +306µs
config:guard_policy UnmarshalJSON: allow-only policy parsed, repos=string, minIntegrity=none +225µs
config:guard_policy UnmarshalJSON: guard policy type is allow-only +274µs
config:guard_policy ValidateGuardPolicy: delegating to allow-only normalization +220µs
config:guard_policy Normalizing guard policy: integrity=none, reposType=string +233µs
config:guard_policy Guard policy normalized: scopeKind=all, integrity=none +234µs
server:guard_init Using server-level guard policy: serverID=github +2ms
guard:registry Registering guard for serverID=github, guardName=github +132ms
server:unified Auto-enabled DIFC: non-noop guard, global policy, or per-server guard policies detected +144ms
launcher:launcher Retrieved server IDs: count=2, ids=[safeoutputs github] +142ms
server:unified Registered 2 sys tools +1ms
launcher:launcher Retrieved server IDs: count=2, ids=[safeoutputs github] +920µs
server:unified Registering tools in parallel from 2 backends +519µs
server:unified Registering tools from backend: github +252µs
server:unified Registering tools from backend: safeoutputs +2µs
launcher:launcher Connection not found in cache, launching new: serverID=github +1ms
launcher:launcher Retrieved server config: serverID=github, type=stdio +467µs
launcher:launcher Launching new server: serverID=github, command=docker, inContainer=true, isDirectCommand=false +762µs
2026/08/27 17:46:45 [LAUNCHER] Command: docker
2026/08/27 17:46:45 [LAUNCHER] Args: [run --rm -i -e NO_COLOR=... -e TERM=... -e PYTHONUNBUFFERED=... -e GITHUB_PERSONAL_ACCESS_TOKEN=ghs_... -e GITHUB_READ_ONLY=... -e GITHUB_TOOLSETS=issu... -e GITHUB_HOST=http... ghcr.io/github/github-mcp-server:v1.0.4]
2026/08/27 17:46:45 [LAUNCHER] Starting server with 30s timeout
launcher:launcher Starting server with timeout: serverID=github, sessionID=, timeout=30s +285µs
launcher:launcher Starting connection goroutine: serverID=github +268µs
envutil:expand Expanding env args: input_count=18 +186ms
envutil:expand Env args expansion complete: output_count=18 +281µs
mcp:connection Expanded args for Docker env: [run --rm -i -e NO_COLOR=... -e TERM=... -e PYTHONUNBUFFERED=... -e GITHUB_PERSONAL_ACCESS_TOKEN=ghs_... -e GITHUB_READ_ONLY=... -e GITHUB_TOOLSETS=issu... -e GITHUB_HOST=http... ghcr.io/github/github-mcp-server:v1.0.4] +184ms
mcp:connection Initiating MCP server connection and handshake +601µs
launcher:launcher Connection established: serverID=github +165ms
launcher:launcher Recorded server start: serverID=github +234µs
launcher:launcher Connection not found in cache, launching new: serverID=safeoutputs +312µs
launcher:launcher Retrieved server config: serverID=safeoutputs, type=http +490µs
mcp:connection Dispatching SDK method: tools/list, serverID=github +165ms
mcp:connection listTools: listing tools from serverID=github +378µs
mcp:connection listtools: requesting tools list from backend serverID=github +272µs
mcp:http_transport Wrapping HTTP client with 1 custom header(s) +352ms
mcp:http_transport Attempting streamable HTTP transport: serverID=safeoutputs, url=http://host.docker.internal:3001, connectTimeout=30s +234µs
mcp:connection listtools: received page of 6 tools from serverID=github +3ms
mcp:connection listtools: received 6 tools total from serverID=github +270µs
mcp:http_transport Creating HTTP connection: serverID=safeoutputs, url=http://host.docker.internal:3001, transport=streamable, headers=1, keepAlive=25m0s, connectTimeout=30s +10ms
mcp:connection Connected with streamable HTTP transport +7ms
launcher:launcher Recorded server start: serverID=safeoutputs +15ms
mcp:connection Dispatching SDK method: tools/list, serverID=safeoutputs +4ms
mcp:connection listTools: listing tools from serverID=safeoutputs +357µs
mcp:connection listtools: requesting tools list from backend serverID=safeoutputs +364µs
mcp:connection listtools: received page of 6 tools from serverID=safeoutputs +1ms
mcp:connection listtools: received 6 tools total from serverID=safeoutputs +487µs
mcp:schema Normalizing input schema for tool: safeoutputs___add_comment +392ms
mcp:schema Tool safeoutputs___add_comment schema analysis: hasType=true +522µs
mcp:schema Tool safeoutputs___add_comment object type schema: hasProperties=true, hasAdditionalProperties=true +369µs
mcp:schema Tool safeoutputs___add_comment schema is valid, no normalization needed +328µs
middleware:jqschema ShouldApplyMiddleware: tool=safeoutputs___add_comment, applies=true +393ms
middleware:jqschema WrapToolHandler: wrapping tool=safeoutputs___add_comment, sizeThreshold=524288 bytes, baseDir=/tmp/gh-aw/mcp-payloads, pathPrefixSet=false +240µs
server:unified Registered tool: safeoutputs-add_comment +213ms
mcp:schema Normalizing input schema for tool: safeoutputs___add_labels +1ms
mcp:schema Normalizing input schema for tool: github___get_label +434µs
mcp:schema Tool safeoutputs___add_labels schema analysis: hasType=true +471µs
mcp:schema Tool github___get_label schema analysis: hasType=true +271µs
mcp:schema Tool github___get_label object type schema: hasProperties=true, hasAdditionalProperties=false +259µs
mcp:schema Tool github___get_label schema is valid, no normalization needed +225µs
middleware:jqschema ShouldApplyMiddleware: tool=github___get_label, applies=true +2ms
middleware:jqschema WrapToolHandler: wrapping tool=github___get_label, sizeThreshold=524288 bytes, baseDir=/tmp/gh-aw/mcp-payloads, pathPrefixSet=false +307µs
mcp:schema Tool safeoutputs___add_labels object type schema: hasProperties=true, hasAdditionalProperties=true +724µs
mcp:schema Tool safeoutputs___add_labels schema is valid, no normalization needed +238µs
middleware:jqschema ShouldApplyMiddleware: tool=safeoutputs___add_labels, applies=true +641µs
middleware:jqschema WrapToolHandler: wrapping tool=safeoutputs___add_labels, sizeThreshold=524288 bytes, baseDir=/tmp/gh-aw/mcp-payloads, pathPrefixSet=false +285µs
server:unified Registered tool: safeoutputs-add_labels +3ms
mcp:schema Normalizing input schema for tool: safeoutputs___missing_tool +1ms
server:unified Registered tool: github-get_label +564µs
mcp:schema Normalizing input schema for tool: github___issue_read +558µs
mcp:schema Tool github___issue_read schema analysis: hasType=true +230µs
mcp:schema Tool github___issue_read object type schema: hasProperties=true, hasAdditionalProperties=false +234µs
mcp:schema Tool github___issue_read schema is valid, no normalization needed +268µs
mcp:schema Tool safeoutputs___missing_tool schema analysis: hasType=true +236µs
mcp:schema Tool safeoutputs___missing_tool object type schema: hasProperties=true, hasAdditionalProperties=true +250µs
mcp:schema Tool safeoutputs___missing_tool schema is valid, no normalization needed +256µs
middleware:jqschema ShouldApplyMiddleware: tool=safeoutputs___missing_tool, applies=true +2ms
middleware:jqschema WrapToolHandler: wrapping tool=safeoutputs___missing_tool, sizeThreshold=524288 bytes, baseDir=/tmp/gh-aw/mcp-payloads, pathPrefixSet=false +323µs
server:unified Registered tool: safeoutputs-missing_tool +2ms
middleware:jqschema ShouldApplyMiddleware: tool=github___issue_read, applies=true +505µs
middleware:jqschema WrapToolHandler: wrapping tool=github___issue_read, sizeThreshold=524288 bytes, baseDir=/tmp/gh-aw/mcp-payloads, pathPrefixSet=false +269µs
server:unified Registered tool: github-issue_read +731µs
mcp:schema Normalizing input schema for tool: github___list_issue_types +1ms
mcp:schema Tool github___list_issue_types schema analysis: hasType=true +238µs
mcp:schema Tool github___list_issue_types object type schema: hasProperties=true, hasAdditionalProperties=false +280µs
mcp:schema Normalizing input schema for tool: safeoutputs___noop +223µs
mcp:schema Tool safeoutputs___noop schema analysis: hasType=true +228µs
mcp:schema Tool safeoutputs___noop object type schema: hasProperties=true, hasAdditionalProperties=true +246µs
mcp:schema Tool safeoutputs___noop schema is valid, no normalization needed +257µs
middleware:jqschema ShouldApplyMiddleware: tool=safeoutputs___noop, applies=true +2ms
middleware:jqschema WrapToolHandler: wrapping tool=safeoutputs___noop, sizeThreshold=524288 bytes, baseDir=/tmp/gh-aw/mcp-payloads, pathPrefixSet=false +285µs
mcp:schema Tool github___list_issue_types schema is valid, no normalization needed +768µs
middleware:jqschema ShouldApplyMiddleware: tool=github___list_issue_types, applies=true +464µs
middleware:jqschema WrapToolHandler: wrapping tool=github___list_issue_types, sizeThreshold=524288 bytes, baseDir=/tmp/gh-aw/mcp-payloads, pathPrefixSet=false +253µs
server:unified Registered tool: github-list_issue_types +3ms
mcp:schema Normalizing input schema for tool: github___list_issues +1ms
server:unified Registered tool: safeoutputs-noop +562µs
mcp:schema Normalizing input schema for tool: safeoutputs___missing_data +512µs
mcp:schema Tool safeoutputs___missing_data schema analysis: hasType=true +245µs
mcp:schema Tool safeoutputs___missing_data object type schema: hasProperties=true, hasAdditionalProperties=true +263µs
mcp:schema Tool safeoutputs___missing_data schema is valid, no normalization needed +269µs
mcp:schema Tool github___list_issues schema analysis: hasType=true +204µs
mcp:schema Tool github___list_issues object type schema: hasProperties=true, hasAdditionalProperties=false +255µs
mcp:schema Tool github___list_issues schema is valid, no normalization needed +236µs
middleware:jqschema ShouldApplyMiddleware: tool=github___list_issues, applies=true +2ms
middleware:jqschema WrapToolHandler: wrapping tool=github___list_issues, sizeThreshold=524288 bytes, baseDir=/tmp/gh-aw/mcp-payloads, pathPrefixSet=false +238µs
server:unified Registered tool: github-list_issues +2ms
middleware:jqschema ShouldApplyMiddleware: tool=safeoutputs___missing_data, applies=true +455µs
middleware:jqschema WrapToolHandler: wrapping tool=safeoutputs___missing_data, sizeThreshold=524288 bytes, baseDir=/tmp/gh-aw/mcp-payloads, pathPrefixSet=false +227µs
server:unified Registered tool: safeoutputs-missing_data +728µs
mcp:schema Normalizing input schema for tool: safeoutputs___report_incomplete +1ms
mcp:schema Tool safeoutputs___report_incomplete schema analysis: hasType=true +202µs
mcp:schema Tool safeoutputs___report_incomplete object type schema: hasProperties=true, hasAdditionalProperties=true +225µs
mcp:schema Normalizing input schema for tool: github___list_label +216µs
mcp:schema Tool github___list_label schema analysis: hasType=true +200µs
mcp:schema Tool github___list_label object type schema: hasProperties=true, hasAdditionalProperties=false +212µs
mcp:schema Tool github___list_label schema is valid, no normalization needed +211µs
middleware:jqschema ShouldApplyMiddleware: tool=github___list_label, applies=true +2ms
middleware:jqschema WrapToolHandler: wrapping tool=github___list_label, sizeThreshold=524288 bytes, baseDir=/tmp/gh-aw/mcp-payloads, pathPrefixSet=false +225µs
mcp:schema Tool safeoutputs___report_incomplete schema is valid, no normalization needed +657µs
middleware:jqschema ShouldApplyMiddleware: tool=safeoutputs___report_incomplete, applies=true +420µs
middleware:jqschema WrapToolHandler: wrapping tool=safeoutputs___report_incomplete, sizeThreshold=524288 bytes, baseDir=/tmp/gh-aw/mcp-payloads, pathPrefixSet=false +249µs
server:unified Registered tool: safeoutputs-report_incomplete +2ms
server:unified Registered 6 tools from safeoutputs: safeoutputs-add_comment, safeoutputs-add_labels, safeoutputs-missing_tool, safeoutputs-noop, safeoutputs-missing_data, safeoutputs-report_incomplete +212µs
server:unified Registered tool: github-list_label +448µs
mcp:schema Normalizing input schema for tool: github___search_issues +1ms
mcp:schema Tool github___search_issues schema analysis: hasType=true +195µs
mcp:schema Tool github___search_issues object type schema: hasProperties=true, hasAdditionalProperties=false +180µs
mcp:schema Tool github___search_issues schema is valid, no normalization needed +188µs
middleware:jqschema ShouldApplyMiddleware: tool=github___search_issues, applies=true +1ms
middleware:jqschema WrapToolHandler: wrapping tool=github___search_issues, sizeThreshold=524288 bytes, baseDir=/tmp/gh-aw/mcp-payloads, pathPrefixSet=false +276µs
server:unified Registered tool: github-search_issues +1ms
server:unified Registered 6 tools from github: github-get_label, github-issue_read, github-list_issue_types, github-list_issues, github-list_label, github-search_issues +277µs
server:unified Successfully registered tools from safeoutputs (took 231.20497ms) +232µs
server:unified Successfully registered tools from github (took 233.451911ms) +704µs
launcher:health Creating health monitor: interval=30s, maxRestartFailures=3 +416ms
launcher:health Starting health monitor: interval=30s +304µs
server:unified Unified server created successfully with 14 tools +1ms
launcher:health Health monitor goroutine started: interval=30s +450µs
2026/08/27 17:46:45 Starting MCPG in ROUTED mode on 0.0.0.0:8080
launcher:launcher Retrieved server IDs: count=2, ids=[safeoutputs github] +52ms
2026/08/27 17:46:45 Routes: /mcp/<server> where <server> is one of: [safeoutputs github]
server:routed Creating HTTP server for routed mode: addr=0.0.0.0:8080 +417ms
launcher:launcher Retrieved server IDs: count=2, ids=[safeoutputs github] +922µs
server:routed Registering routes for 2 backends: [safeoutputs github] +490µs
server:http_server Building MCP HTTP server: addr=0.0.0.0:8080, auth_enabled=true, hmac_enabled=false +418ms
server:handlers Creating OAuth discovery handler +419ms
server:handlers Creating OAuth discovery handler +244µs
server:handlers Creating close handler +245µs
server:auth Initialized auth middleware +419ms
server:http_server Session timeout configured: 6h0m0s +1ms
server:routed [CACHE] Creating filtered server cache: ttl=6h0m0s, maxSize=1000 +2ms
server:helpers Wrapping handler with middleware: logTag=routed:safeoutputs, authEnabled=true, hmacEnabled=false +420ms
server:auth Initialized auth middleware +1ms
tracing:provider Registering HTTP handler with OTel span: span=gateway.request, extraAttrs=1 +392ms
server:helpers Middleware wrapping complete: logTag=routed:safeoutputs +916µs
2026/08/27 17:46:45 Registered route: /mcp/safeoutputs
server:helpers Wrapping handler with middleware: logTag=routed:github, authEnabled=true, hmacEnabled=false +249µs
server:auth Initialized auth middleware +1ms
tracing:provider Registering HTTP handler with OTel span: span=gateway.request, extraAttrs=1 +975µs
server:helpers Middleware wrapping complete: logTag=routed:github +895µs
2026/08/27 17:46:45 Registered route: /mcp/github
server:http_server MCP HTTP server scaffold ready: addr=0.0.0.0:8080 +2ms
server:http_server Creating HTTP server: addr=0.0.0.0:8080 +238µs
2026/08/27 17:46:45 TLS not configured — listening on http://0.0.0.0:8080 (set --tls-cert/--tls-key to enable)
cmd:root Writing gateway config: listenAddr=0.0.0.0:8080, mode=routed, serverCount=2 +395ms
cmd:root Parsed listen address: host=0.0.0.0, port=8080 +223µs
cmd:root Resolved gateway address: host=0.0.0.0, port=8080 +227µs
cmd:root Gateway config: auth_enabled=true +241µs
cmd:root Gateway auth: apiKeyConfigured=true +283µs
cmd:root Writing server config: name=safeoutputs, url=http://127.0.0.1:8080/mcp/safeoutputs, toolCount=0 +226µs
cmd:root Wrote server config entry: name=safeoutputs, url=http://127.0.0.1:8080/mcp/safeoutputs, toolCount=0 +239µs
cmd:root Writing server config: name=github, url=http://127.0.0.1:8080/mcp/github, toolCount=0 +238µs
cmd:root Wrote server config entry: name=github, url=http://127.0.0.1:8080/mcp/github, toolCount=0 +216µs
cmd:root Gateway config written successfully: serverCount=2 +221µs
server:response_writer Creating new response writer with default status 200 +4.8s
server:health Health check request: method=GET, remote=[::1]:45042 +4.8s
server:health Building health response +306µs
launcher:launcher Retrieved server IDs: count=2, ids=[github safeoutputs] +4.4s
server:health Retrieved status for 2 servers +516µs
server:health Overall health status determined: healthy +251µs
server:health Health response: status=healthy, servers=2 +249µs
httputil:httputil Writing JSON response: statusCode=200 +4.8s
server:response_writer Setting response status code: 200 +2ms
httputil:httputil JSON response body size: 168 bytes +560µs
server:response_writer Writing response body: 168 bytes +588µs
server:response_writer Retrieving captured body: 168 bytes +248µs
server:response_writer Retrieving captured body: 168 bytes +234µs
server:response_writer Retrieving captured status code: 200 +327µs
server:helpers [[::1]:45042] GET /health - Status: 200, Response: {"status":"healthy","specVersion":"1.9.0","gatewayVersion":"v0.3.19","servers":{"github":{"status":"running","uptime":4},"safeoutputs":{"status":"running","uptime":4}}} +4.4s
tracing:provider Handling request: span=gateway.request, method=POST, path=/mcp/github, remoteParent=false +4.5s
tracing:provider Span started: span=gateway.request, traceID=00000000000000000000000000000000 +431µs
server:auth Authenticating request: method=POST, path=/mcp/github, remote=127.0.0.1:60508 +4.5s
auth:header Extracting session ID from auth header: sanitized=EGx8... +4.9s
auth:header Using plain API key as session ID +252µs
server:sdk-frontend >>> SDK Request [routed:github] session=EGx8lFxA... mcp-session=(none) method=POST path=/mcp/github +4.9s
server:sdk-frontend     JSON-RPC Request: method=ping id=1 +335µs
server:response_writer Creating new response writer with default status 200 +74ms
server:session Extracting session from request: remote=127.0.0.1:60508, path=/mcp/github +4.9s
auth:header Extracting session ID from auth header: sanitized=EGx8... +1ms
auth:header Using plain API key as session ID +255µs
server:session Session extracted successfully: sessionID=EGx8lFxA..., remote=127.0.0.1:60508 +788µs
server:helpers Checking request body: method=POST, hasBody=true, sessionID=EGx8lFxA... +75ms
server:helpers Request body read: size=40 bytes, sessionID=EGx8lFxA..., backendID=github +255µs
server:helpers Request body logged for debugging +482µs
server:session Injecting session context: sessionID=EGx8lFxA..., backendID=github +1ms
guard:context Setting agent ID in context: EGx8lFxAkwOJ45MbQcXN4752dMW4vuQJvBiktFx3sar0gENvGSeKssaN4EH +4.9s
server:session Adding backend ID to context: backendID=github +660µs
server:session Session context injected successfully +255µs
server:routed [CACHE] Creating new filtered server: backend=github, session=EGx8lFxA... +4.5s
server:routed Creating filtered server: backend=github +304µs
server:unified GetToolsForBackend: backendID=github, found=6 tools +4.5s
2026/08/27 17:46:50 Creating filtered server for github with 6 tools
server:routed Backend github has 6 tools available +528µs
server:routed [INFO] server connecting +424µs
server:routed [INFO] server session connected session_id=GR3NMB4SUFLBU53EUAEMJA74E3 +245µs
server:response_writer Writing response body: 59 bytes +5ms
server:routed [INFO] server session disconnected session_id=GR3NMB4SUFLBU53EUAEMJA74E3 +727µs
server:response_writer Retrieving captured body: 59 bytes +745µs
server:response_writer Retrieving captured status code: 200 +240µs
server:sdk-frontend <<< SDK Response [routed:github] status=200 duration=7.773793ms (non-JSON or stream) +7ms
server:sdk-frontend     Raw response: event: message
data: {"jsonrpc":"2.0","id":1,"result":{}}

 +251µs
tracing:provider Handling request: span=gateway.request, method=POST, path=/mcp/github, remoteParent=false +18ms
tracing:provider Span started: span=gateway.request, traceID=00000000000000000000000000000000 +370µs
server:auth Authenticating request: method=POST, path=/mcp/github, remote=127.0.0.1:60524 +19ms
auth:header Extracting session ID from auth header: sanitized=EGx8... +17ms
auth:header Using plain API key as session ID +250µs
server:sdk-frontend >>> SDK Request [routed:github] session=EGx8lFxA... mcp-session=(none) method=POST path=/mcp/github +11ms
server:sdk-frontend     JSON-RPC Request: method=initialize id=2 +269µs
server:response_writer Creating new response writer with default status 200 +12ms
server:session Extracting session from request: remote=127.0.0.1:60524, path=/mcp/github +15ms
auth:header Extracting session ID from auth header: sanitized=EGx8... +1ms
auth:header Using plain API key as session ID +221µs
server:session Session extracted successfully: sessionID=EGx8lFxA..., remote=127.0.0.1:60524 +672µs
server:helpers Checking request body: method=POST, hasBody=true, sessionID=EGx8lFxA... +18ms
server:helpers Request body read: size=166 bytes, sessionID=EGx8lFxA..., backendID=github +218µs
server:helpers Request body logged for debugging +491µs
server:session Injecting session context: sessionID=EGx8lFxA..., backendID=github +1ms
guard:context Setting agent ID in context: EGx8lFxAkwOJ45MbQcXN4752dMW4vuQJvBiktFx3sar0gENvGSeKssaN4EH +18ms
server:session Adding backend ID to context: backendID=github +492µs
server:session Session context injected successfully +222µs
server:routed [CACHE] Cache hit: key=github/EGx8lFxA... +16ms
server:routed [INFO] server connecting +225µs
server:routed [INFO] server session connected session_id=EIEQKPTB5CB3KVAT27LQGJ7YTY +278µs
server:response_writer Writing response body: 204 bytes +4ms
server:response_writer Retrieving captured body: 204 bytes +754µs
server:response_writer Retrieving captured status code: 200 +259µs
server:sdk-frontend <<< SDK Response [routed:github] status=200 duration=6.466683ms (non-JSON or stream) +6ms
server:sdk-frontend     Raw response: event: message
data: {"jsonrpc":"2.0","id":2,"result":{"capabilities":{"logging":{},"tools":{"listChanged":true}},"protocolVersion":"2024-11-05","serverInfo":{"name":"awmg-github","version":"v0.3.19"}}}

 +231µs
tracing:provider Handling request: span=gateway.request, method=POST, path=/mcp/github, remoteParent=false +21ms
tracing:provider Span started: span=gateway.request, traceID=00000000000000000000000000000000 +365µs
server:auth Authenticating request: method=POST, path=/mcp/github, remote=127.0.0.1:60530 +22ms
auth:header Extracting session ID from auth header: sanitized=EGx8... +20ms
auth:header Using plain API key as session ID +248µs
server:sdk-frontend >>> SDK Request [routed:github] session=EGx8lFxA... mcp-session=EIEQKPTB... method=POST path=/mcp/github +15ms
server:sdk-frontend     JSON-RPC Request: method=tools/list id=3 +299µs
server:response_writer Creating new response writer with default status 200 +16ms
server:response_writer Writing response body: 4441 bytes +507µs
server:response_writer Retrieving captured body: 4441 bytes +356µs
server:response_writer Retrieving captured status code: 200 +282µs
server:sdk-frontend <<< SDK Response [routed:github] status=200 duration=2.157207ms (non-JSON or stream) +1ms
server:sdk-frontend     Raw response (truncated): event: message
data: {"jsonrpc":"2.0","id":3,"result":{"tools":[{"description":"[github] Get a specific label from a repository.","inputSchema":{"properties":{"name":{"description":"Label name.","type":"string"},"owner":{"description":"Repository owner (username or organization name)","type":"string"},"repo":{"description":"Repository name","type":"string"}},"required":["owner","repo","name"],"type":"object"},"name":"get_label"},{"description":"[github] Get information about a specific issue in ... +252µs
tracing:provider Handling request: span=gateway.request, method=POST, path=/mcp/safeoutputs, remoteParent=false +34ms
tracing:provider Span started: span=gateway.request, traceID=00000000000000000000000000000000 +361µs
server:auth Authenticating request: method=POST, path=/mcp/safeoutputs, remote=127.0.0.1:60532 +35ms
auth:header Extracting session ID from auth header: sanitized=EGx8... +34ms
auth:header Using plain API key as session ID +364µs
server:sdk-frontend >>> SDK Request [routed:safeoutputs] session=EGx8lFxA... mcp-session=(none) method=POST path=/mcp/safeoutputs +32ms
server:sdk-frontend     JSON-RPC Request: method=ping id=1 +302µs
server:response_writer Creating new response writer with default status 200 +34ms
server:session Extracting session from request: remote=127.0.0.1:60532, path=/mcp/safeoutputs +54ms
auth:header Extracting session ID from auth header: sanitized=EGx8... +1ms
auth:header Using plain API key as session ID +253µs
server:session Session extracted successfully: sessionID=EGx8lFxA..., remote=127.0.0.1:60532 +754µs
server:helpers Checking request body: method=POST, hasBody=true, sessionID=EGx8lFxA... +56ms
server:helpers Request body read: size=40 bytes, sessionID=EGx8lFxA..., backendID=safeoutputs +246µs
server:helpers Request body logged for debugging +518µs
server:session Injecting session context: sessionID=EGx8lFxA..., backendID=safeoutputs +1ms
guard:context Setting agent ID in context: EGx8lFxAkwOJ45MbQcXN4752dMW4vuQJvBiktFx3sar0gENvGSeKssaN4EH +57ms
server:session Adding backend ID to context: backendID=safeoutputs +498µs
server:session Session context injected successfully +231µs
server:routed [CACHE] Creating new filtered server: backend=safeoutputs, session=EGx8lFxA... +57ms
server:routed Creating filtered server: backend=safeoutputs +260µs
server:unified GetToolsForBackend: backendID=safeoutputs, found=6 tools +76ms
2026/08/27 17:46:50 Creating filtered server for safeoutputs with 6 tools
server:routed Backend safeoutputs has 6 tools available +486µs
server:routed [INFO] server connecting +411µs
server:routed [INFO] server session connected session_id=YJS7WTVGMESENE63AISPYZ2KNN +252µs
server:response_writer Writing response body: 59 bytes +5ms
server:routed [INFO] server session disconnected session_id=YJS7WTVGMESENE63AISPYZ2KNN +643µs
server:response_writer Retrieving captured body: 59 bytes +609µs
server:response_writer Retrieving captured status code: 200 +292µs
server:sdk-frontend <<< SDK Response [routed:safeoutputs] status=200 duration=7.083503ms (non-JSON or stream) +6ms
server:sdk-frontend     Raw response: event: message
data: {"jsonrpc":"2.0","id":1,"result":{}}

 +281µs
tracing:provider Handling request: span=gateway.request, method=POST, path=/mcp/safeoutputs, remoteParent=false +18ms
tracing:provider Span started: span=gateway.request, traceID=00000000000000000000000000000000 +348µs
server:auth Authenticating request: method=POST, path=/mcp/safeoutputs, remote=127.0.0.1:60540 +18ms
auth:header Extracting session ID from auth header: sanitized=EGx8... +16ms
auth:header Using plain API key as session ID +446µs
server:sdk-frontend >>> SDK Request [routed:safeoutputs] session=EGx8lFxA... mcp-session=(none) method=POST path=/mcp/safeoutputs +11ms
server:sdk-frontend     JSON-RPC Request: method=initialize id=2 +258µs
server:response_writer Creating new response writer with default status 200 +12ms
server:session Extracting session from request: remote=127.0.0.1:60540, path=/mcp/safeoutputs +15ms
auth:header Extracting session ID from auth header: sanitized=EGx8... +1ms
auth:header Using plain API key as session ID +297µs
server:session Session extracted successfully: sessionID=EGx8lFxA..., remote=127.0.0.1:60540 +784µs
server:helpers Checking request body: method=POST, hasBody=true, sessionID=EGx8lFxA... +18ms
server:helpers Request body read: size=166 bytes, sessionID=EGx8lFxA..., backendID=safeoutputs +259µs
server:helpers Request body logged for debugging +556µs
server:session Injecting session context: sessionID=EGx8lFxA..., backendID=safeoutputs +1ms
guard:context Setting agent ID in context: EGx8lFxAkwOJ45MbQcXN4752dMW4vuQJvBiktFx3sar0gENvGSeKssaN4EH +19ms
server:session Adding backend ID to context: backendID=safeoutputs +473µs
server:session Session context injected successfully +252µs
server:routed [CACHE] Cache hit: key=safeoutputs/EGx8lFxA... +16ms
server:routed [INFO] server connecting +266µs
server:routed [INFO] server session connected session_id=Z6HC5ZJLWMFM2K2Y2HI2KEK46L +290µs
server:response_writer Writing response body: 209 bytes +4ms
server:response_writer Retrieving captured body: 209 bytes +339µs
server:response_writer Retrieving captured status code: 200 +233µs
server:sdk-frontend <<< SDK Response [routed:safeoutputs] status=200 duration=6.307809ms (non-JSON or stream) +5ms
server:sdk-frontend     Raw response: event: message
data: {"jsonrpc":"2.0","id":2,"result":{"capabilities":{"logging":{},"tools":{"listChanged":true}},"protocolVersion":"2024-11-05","serverInfo":{"name":"awmg-safeoutputs","version":"v0.3.19"}}}

 +286µs
tracing:provider Handling request: span=gateway.request, method=POST, path=/mcp/safeoutputs, remoteParent=false +21ms
tracing:provider Span started: span=gateway.request, traceID=00000000000000000000000000000000 +371µs
server:auth Authenticating request: method=POST, path=/mcp/safeoutputs, remote=127.0.0.1:60544 +22ms
auth:header Extracting session ID from auth header: sanitized=EGx8... +20ms
auth:header Using plain API key as session ID +223µs
server:sdk-frontend >>> SDK Request [routed:safeoutputs] session=EGx8lFxA... mcp-session=Z6HC5ZJL... method=POST path=/mcp/safeoutputs +15ms
server:sdk-frontend     JSON-RPC Request: method=tools/list id=3 +281µs
server:response_writer Creating new response writer with default status 200 +17ms
server:response_writer Writing response body: 8550 bytes +557µs
server:response_writer Retrieving captured body: 8550 bytes +692µs
server:response_writer Retrieving captured status code: 200 +309µs
server:sdk-frontend <<< SDK Response [routed:safeoutputs] status=200 duration=2.649343ms (non-JSON or stream) +2ms
server:sdk-frontend     Raw response (truncated): event: message
data: {"jsonrpc":"2.0","id":3,"result":{"tools":[{"description":"[safeoutputs] WRITE-ONCE: do NOT call this tool with empty or placeholder arguments to probe or discover its schema — the required `body` field is listed in this schema; if you are not ready to post a real comment, call `noop` instead. Adds a comment to an existing GitHub issue, pull request, or discussion. Use this to provide feedback, answer questions, or add information to an existing conversation. For creating ... +259µs
tracing:provider Handling request: span=gateway.request, method=POST, path=/mcp/safeoutputs, remoteParent=false +146ms
tracing:provider Span started: span=gateway.request, traceID=00000000000000000000000000000000 +559µs
server:auth Authenticating request: method=POST, path=/mcp/safeoutputs, remote=127.0.0.1:60548 +146ms
auth:header Extracting session ID from auth header: sanitized=EGx8... +146ms
auth:header Using plain API key as session ID +227µs
server:sdk-frontend >>> SDK Request [routed:safeoutputs] session=EGx8lFxA... mcp-session=(none) method=POST path=/mcp/safeoutputs +143ms
server:sdk-frontend     JSON-RPC Request: method=initialize id=1 +315µs
server:response_writer Creating new response writer with default status 200 +145ms
server:session Extracting session from request: remote=127.0.0.1:60548, path=/mcp/safeoutputs +166ms
auth:header Extracting session ID from auth header: sanitized=EGx8... +1ms
auth:header Using plain API key as session ID +270µs
server:session Session extracted successfully: sessionID=EGx8lFxA..., remote=127.0.0.1:60548 +789µs
server:helpers Checking request body: method=POST, hasBody=true, sessionID=EGx8lFxA... +168ms
server:helpers Request body read: size=162 bytes, sessionID=EGx8lFxA..., backendID=safeoutputs +231µs
server:helpers Request body logged for debugging +527µs
server:session Injecting session context: sessionID=EGx8lFxA..., backendID=safeoutputs +1ms
guard:context Setting agent ID in context: EGx8lFxAkwOJ45MbQcXN4752dMW4vuQJvBiktFx3sar0gENvGSeKssaN4EH +169ms
server:session Adding backend ID to context: backendID=safeoutputs +549µs
server:session Session context injected successfully +226µs
server:routed [CACHE] Cache hit: key=safeoutputs/EGx8lFxA... +168ms
server:routed [INFO] server connecting +240µs
server:routed [INFO] server session connected session_id=AZESMICG7K5LNISCA6B4R5V5GC +281µs
server:response_writer Writing response body: 209 bytes +4ms
server:response_writer Retrieving captured body: 209 bytes +357µs
server:response_writer Retrieving captured status code: 200 +274µs
server:sdk-frontend <<< SDK Response [routed:safeoutputs] status=200 duration=5.96988ms (non-JSON or stream) +5ms
server:sdk-frontend     Raw response: event: message
data: {"jsonrpc":"2.0","id":1,"result":{"capabilities":{"logging":{},"tools":{"listChanged":true}},"protocolVersion":"2024-11-05","serverInfo":{"name":"awmg-safeoutputs","version":"v0.3.19"}}}

 +258µs
tracing:provider Handling request: span=gateway.request, method=POST, path=/mcp/safeoutputs, remoteParent=false +10ms
tracing:provider Span started: span=gateway.request, traceID=00000000000000000000000000000000 +307µs
server:auth Authenticating request: method=POST, path=/mcp/safeoutputs, remote=127.0.0.1:60548 +10ms
auth:header Extracting session ID from auth header: sanitized=EGx8... +8ms
auth:header Using plain API key as session ID +251µs
server:sdk-frontend >>> SDK Request [routed:safeoutputs] session=EGx8lFxA... mcp-session=AZESMICG... method=POST path=/mcp/safeoutputs +4ms
server:sdk-frontend     JSON-RPC Request: method=notifications/initialized id=<nil> +238µs
server:response_writer Creating new response writer with default status 200 +5ms
server:response_writer Setting response status code: 202 +261µs
server:routed [INFO] session initialized +6ms
server:response_writer Retrieving captured body: 0 bytes +268µs
server:response_writer Retrieving captured status code: 202 +450µs
server:sdk-frontend <<< SDK Response [routed:safeoutputs] status=202 duration=1.704097ms (empty body) +1ms
tracing:provider Handling request: span=gateway.request, method=POST, path=/mcp/safeoutputs, remoteParent=false +4ms
tracing:provider Span started: span=gateway.request, traceID=00000000000000000000000000000000 +298µs
server:auth Authenticating request: method=POST, path=/mcp/safeoutputs, remote=127.0.0.1:60548 +4ms
auth:header Extracting session ID from auth header: sanitized=EGx8... +4ms
auth:header Using plain API key as session ID +248µs
server:sdk-frontend >>> SDK Request [routed:safeoutputs] session=EGx8lFxA... mcp-session=AZESMICG... method=POST path=/mcp/safeoutputs +2ms
server:sdk-frontend     JSON-RPC Request: method=tools/list id=2 +333µs
server:response_writer Creating new response writer with default status 200 +4ms
server:response_writer Writing response body: 8550 bytes +460µs
server:response_writer Retrieving captured body: 8550 bytes +345µs
server:response_writer Retrieving captured status code: 200 +275µs
server:sdk-frontend <<< SDK Response [routed:safeoutputs] status=200 duration=2.106711ms (non-JSON or stream) +1ms
server:sdk-frontend     Raw response (truncated): event: message
data: {"jsonrpc":"2.0","id":2,"result":{"tools":[{"description":"[safeoutputs] WRITE-ONCE: do NOT call this tool with empty or placeholder arguments to probe or discover its schema — the required `body` field is listed in this schema; if you are not ready to post a real comment, call `noop` instead. Adds a comment to an existing GitHub issue, pull request, or discussion. Use this to provide feedback, answer questions, or add information to an existing conversation. For creating ... +236µs
tracing:provider Handling request: span=gateway.request, method=POST, path=/mcp/github, remoteParent=false +19.7s
tracing:provider Span started: span=gateway.request, traceID=00000000000000000000000000000000 +648µs
server:auth Authenticating request: method=POST, path=/mcp/github, remote=172.30.0.20:48438 +19.7s
auth:header Extracting session ID from auth header: sanitized=EGx8... +19.7s
auth:header Using plain API key as session ID +358µs
server:sdk-frontend >>> SDK Request [routed:github] session=EGx8lFxA... mcp-session=(none) method=POST path=/mcp/github +19.7s
server:sdk-frontend     JSON-RPC Request: method=initialize id=0 +444µs
server:response_writer Creating new response writer with default status 200 +19.7s
tracing:provider Handling request: span=gateway.request, method=POST, path=/mcp/safeoutputs, remoteParent=false +3ms
server:session Extracting session from request: remote=172.30.0.20:48438, path=/mcp/github +19.7s
auth:header Extracting session ID from auth header: sanitized=EGx8... +2ms
auth:header Using plain API key as session ID +307µs
server:session Session extracted successfully: sessionID=EGx8lFxA..., remote=172.30.0.20:48438 +930µs
tracing:provider Span started: span=gateway.request, traceID=00000000000000000000000000000000 +1ms
server:auth Authenticating request: method=POST, path=/mcp/safeoutputs, remote=172.30.0.20:48444 +4ms
auth:header Extracting session ID from auth header: sanitized=EGx8... +1ms
server:helpers Checking request body: method=POST, hasBody=true, sessionID=EGx8lFxA... +19.7s
server:helpers Request body read: size=208 bytes, sessionID=EGx8lFxA..., backendID=github +353µs
auth:header Using plain API key as session ID +1ms
server:sdk-frontend >>> SDK Request [routed:safeoutputs] session=EGx8lFxA... mcp-session=(none) method=POST path=/mcp/safeoutputs +5ms
server:sdk-frontend     JSON-RPC Request: method=initialize id=0 +358µs
server:helpers Request body logged for debugging +1ms
server:session Injecting session context: sessionID=EGx8lFxA..., backendID=github +4ms
guard:context Setting agent ID in context: EGx8lFxAkwOJ45MbQcXN4752dMW4vuQJvBiktFx3sar0gENvGSeKssaN4EH +19.7s
server:session Adding backend ID to context: backendID=github +605µs
server:session Session context injected successfully +320µs
server:response_writer Creating new response writer with default status 200 +7ms
server:session Extracting session from request: remote=172.30.0.20:48444, path=/mcp/safeoutputs +937µs
auth:header Extracting session ID from auth header: sanitized=EGx8... +3ms
auth:header Using plain API key as session ID +324µs
server:routed [CACHE] Cache hit: key=github/EGx8lFxA... +19.7s
server:routed [INFO] server connecting +347µs
server:routed [INFO] server session connected session_id=C734WVWHEAAVRKEEGCAMUPVIWE +350µs
server:response_writer Writing response body: 204 bytes +2ms
server:session Session extracted successfully: sessionID=EGx8lFxA..., remote=172.30.0.20:48444 +2ms
server:helpers Checking request body: method=POST, hasBody=true, sessionID=EGx8lFxA... +4ms
server:helpers Request body read: size=208 bytes, sessionID=EGx8lFxA..., backendID=safeoutputs +288µs
server:response_writer Retrieving captured body: 204 bytes +1ms
server:helpers Request body logged for debugging +1ms
server:session Injecting session context: sessionID=EGx8lFxA..., backendID=safeoutputs +2ms
guard:context Setting agent ID in context: EGx8lFxAkwOJ45MbQcXN4752dMW4vuQJvBiktFx3sar0gENvGSeKssaN4EH +6ms
server:session Adding backend ID to context: backendID=safeoutputs +801µs
server:response_writer Retrieving captured status code: 200 +1ms
server:session Session context injected successfully +617µs
server:routed [CACHE] Cache hit: key=safeoutputs/EGx8lFxA... +4ms
server:routed [INFO] server connecting +306µs
server:routed [INFO] server session connected session_id=UIAV5GEDV2FEK52N3W276CANJS +361µs
server:response_writer Writing response body: 209 bytes +1ms
server:sdk-frontend <<< SDK Response [routed:github] status=200 duration=13.017017ms (non-JSON or stream) +10ms
server:response_writer Retrieving captured body: 209 bytes +787µs
server:sdk-frontend     Raw response: event: message
data: {"jsonrpc":"2.0","id":0,"result":{"capabilities":{"logging":{},"tools":{"listChanged":true}},"protocolVersion":"2025-11-25","serverInfo":{"name":"awmg-github","version":"v0.3.19"}}}

 +984µs
server:response_writer Retrieving captured status code: 200 +1ms
server:sdk-frontend <<< SDK Response [routed:safeoutputs] status=200 duration=12.830492ms (non-JSON or stream) +1ms
server:sdk-frontend     Raw response: event: message
data: {"jsonrpc":"2.0","id":0,"result":{"capabilities":{"logging":{},"tools":{"listChanged":true}},"protocolVersion":"2025-11-25","serverInfo":{"name":"awmg-safeoutputs","version":"v0.3.19"}}}

 +366µs
tracing:provider Handling request: span=gateway.request, method=POST, path=/mcp/github, remoteParent=false +29ms
tracing:provider Span started: span=gateway.request, traceID=00000000000000000000000000000000 +514µs
server:auth Authenticating request: method=POST, path=/mcp/github, remote=172.30.0.20:48446 +29ms
auth:header Extracting session ID from auth header: sanitized=EGx8... +24ms
auth:header Using plain API key as session ID +297µs
server:sdk-frontend >>> SDK Request [routed:github] session=EGx8lFxA... mcp-session=C734WVWH... method=POST path=/mcp/github +15ms
server:sdk-frontend     JSON-RPC Request: method=notifications/initialized id=<nil> +379µs
tracing:provider Handling request: span=gateway.request, method=POST, path=/mcp/safeoutputs, remoteParent=false +1ms
server:response_writer Creating new response writer with default status 200 +17ms
server:response_writer Setting response status code: 202 +359µs
server:routed [INFO] session initialized +20ms
server:response_writer Retrieving captured body: 0 bytes +285µs
server:response_writer Retrieving captured status code: 202 +405µs
tracing:provider Span started: span=gateway.request, traceID=00000000000000000000000000000000 +1ms
server:sdk-frontend <<< SDK Response [routed:github] status=202 duration=2.255362ms (empty body) +2ms
server:auth Authenticating request: method=POST, path=/mcp/safeoutputs, remote=172.30.0.20:48462 +4ms
auth:header Extracting session ID from auth header: sanitized=EGx8... +4ms
auth:header Using plain API key as session ID +384µs
server:sdk-frontend >>> SDK Request [routed:safeoutputs] session=EGx8lFxA... mcp-session=UIAV5GED... method=POST path=/mcp/safeoutputs +2ms
server:sdk-frontend     JSON-RPC Request: method=notifications/initialized id=<nil> +337µs
tracing:provider Handling request: span=gateway.request, method=GET, path=/mcp/github, remoteParent=false +3ms
server:response_writer Creating new response writer with default status 200 +4ms
server:response_writer Setting response status code: 202 +501µs
server:routed [INFO] session initialized +5ms
tracing:provider Span started: span=gateway.request, traceID=00000000000000000000000000000000 +1ms
server:response_writer Retrieving captured body: 0 bytes +927µs
server:auth Authenticating request: method=GET, path=/mcp/github, remote=172.30.0.20:48438 +4ms
server:response_writer Retrieving captured status code: 202 +1ms
server:sdk-frontend <<< SDK Response [routed:safeoutputs] status=202 duration=3.541902ms (empty body) +3ms
auth:header Extracting session ID from auth header: sanitized=EGx8... +5ms
auth:header Using plain API key as session ID +584µs
tracing:provider Handling request: span=gateway.request, method=GET, path=/mcp/safeoutputs, remoteParent=false +3ms
server:sdk-frontend >>> SDK Request [routed:github] session=EGx8lFxA... mcp-session=C734WVWH... method=GET path=/mcp/github +2ms
server:response_writer Creating new response writer with default status 200 +2ms
server:response_writer Setting response status code: 200 +342µs
tracing:provider Span started: span=gateway.request, traceID=00000000000000000000000000000000 +1ms
server:auth Authenticating request: method=GET, path=/mcp/safeoutputs, remote=172.30.0.20:48444 +4ms
auth:header Extracting session ID from auth header: sanitized=EGx8... +2ms
auth:header Using plain API key as session ID +387µs
server:sdk-frontend >>> SDK Request [routed:safeoutputs] session=EGx8lFxA... mcp-session=UIAV5GED... method=GET path=/mcp/safeoutputs +2ms
server:response_writer Creating new response writer with default status 200 +2ms
server:response_writer Setting response status code: 200 +263µs
tracing:provider Handling request: span=gateway.request, method=POST, path=/mcp/github, remoteParent=false +30ms
tracing:provider Span started: span=gateway.request, traceID=00000000000000000000000000000000 +752µs
server:auth Authenticating request: method=POST, path=/mcp/github, remote=172.30.0.20:48446 +31ms
auth:header Extracting session ID from auth header: sanitized=EGx8... +31ms
auth:header Using plain API key as session ID +343µs
server:sdk-frontend >>> SDK Request [routed:github] session=EGx8lFxA... mcp-session=C734WVWH... method=POST path=/mcp/github +32ms
server:sdk-frontend     JSON-RPC Request: method=tools/list id=1 +399µs
tracing:provider Handling request: span=gateway.request, method=POST, path=/mcp/safeoutputs, remoteParent=false +2ms
server:response_writer Creating new response writer with default status 200 +32ms
server:response_writer Writing response body: 4441 bytes +842µs
tracing:provider Span started: span=gateway.request, traceID=00000000000000000000000000000000 +1ms
server:auth Authenticating request: method=POST, path=/mcp/safeoutputs, remote=172.30.0.20:48462 +4ms
auth:header Extracting session ID from auth header: sanitized=EGx8... +3ms
server:response_writer Retrieving captured body: 4441 bytes +1ms
server:response_writer Retrieving captured status code: 200 +374µs
server:sdk-frontend <<< SDK Response [routed:github] status=200 duration=4.40794ms (non-JSON or stream) +4ms
auth:header Using plain API key as session ID +1ms
server:sdk-frontend >>> SDK Request [routed:safeoutputs] session=EGx8lFxA... mcp-session=UIAV5GED... method=POST path=/mcp/safeoutputs +863µs
server:sdk-frontend     JSON-RPC Request: method=tools/list id=1 +379µs
server:sdk-frontend     Raw response (truncated): event: message
data: {"jsonrpc":"2.0","id":1,"result":{"tools":[{"description":"[github] Get a specific label from a repository.","inputSchema":{"properties":{"name":{"description":"Label name.","type":"string"},"owner":{"description":"Repository owner (username or organization name)","type":"string"},"repo":{"description":"Repository name","type":"string"}},"required":["owner","repo","name"],"type":"object"},"name":"get_label"},{"description":"[github] Get information about a specific issue in ... +535µs
server:response_writer Creating new response writer with default status 200 +3ms
server:response_writer Writing response body: 8550 bytes +667µs
server:response_writer Retrieving captured body: 8550 bytes +630µs
server:response_writer Retrieving captured status code: 200 +263µs
server:sdk-frontend <<< SDK Response [routed:safeoutputs] status=200 duration=5.163857ms (non-JSON or stream) +2ms
server:sdk-frontend     Raw response (truncated): event: message
data: {"jsonrpc":"2.0","id":1,"result":{"tools":[{"description":"[safeoutputs] WRITE-ONCE: do NOT call this tool with empty or placeholder arguments to probe or discover its schema — the required `body` field is listed in this schema; if you are not ready to post a real comment, call `noop` instead. Adds a comment to an existing GitHub issue, pull request, or discussion. Use this to provide feedback, answer questions, or add information to an existing conversation. For creating ... +346µs
tracing:provider Handling request: span=gateway.request, method=POST, path=/mcp/github, remoteParent=false +39ms
tracing:provider Span started: span=gateway.request, traceID=00000000000000000000000000000000 +523µs
server:auth Authenticating request: method=POST, path=/mcp/github, remote=172.30.0.20:48478 +40ms
auth:header Extracting session ID from auth header: sanitized=EGx8... +38ms
auth:header Using plain API key as session ID +272µs
server:sdk-frontend >>> SDK Request [routed:github] session=EGx8lFxA... mcp-session=C734WVWH... method=POST path=/mcp/github +34ms
server:sdk-frontend     JSON-RPC Request: method=tools/list id=2 +574µs
tracing:provider Handling request: span=gateway.request, method=POST, path=/mcp/safeoutputs, remoteParent=false +2ms
server:response_writer Creating new response writer with default status 200 +37ms
tracing:provider Span started: span=gateway.request, traceID=00000000000000000000000000000000 +1ms
server:response_writer Writing response body: 4441 bytes +755µs
server:auth Authenticating request: method=POST, path=/mcp/safeoutputs, remote=172.30.0.20:48482 +3ms
auth:header Extracting session ID from auth header: sanitized=EGx8... +3ms
server:response_writer Retrieving captured body: 4441 bytes +1ms
auth:header Using plain API key as session ID +803µs
server:sdk-frontend >>> SDK Request [routed:safeoutputs] session=EGx8lFxA... mcp-session=UIAV5GED... method=POST path=/mcp/safeoutputs +3ms
server:sdk-frontend     JSON-RPC Request: method=tools/list id=2 +307µs
server:response_writer Retrieving captured status code: 200 +1ms
server:response_writer Creating new response writer with default status 200 +621µs
server:sdk-frontend <<< SDK Response [routed:github] status=200 duration=4.384116ms (non-JSON or stream) +1ms
server:sdk-frontend     Raw response (truncated): event: message
data: {"jsonrpc":"2.0","id":2,"result":{"tools":[{"description":"[github] Get a specific label from a repository.","inputSchema":{"properties":{"name":{"description":"Label name.","type":"string"},"owner":{"description":"Repository owner (username or organization name)","type":"string"},"repo":{"description":"Repository name","type":"string"}},"required":["owner","repo","name"],"type":"object"},"name":"get_label"},{"description":"[github] Get information about a specific issue in ... +353µs
server:response_writer Writing response body: 8550 bytes +1ms
server:response_writer Retrieving captured body: 8550 bytes +403µs
server:response_writer Retrieving captured status code: 200 +298µs
server:sdk-frontend <<< SDK Response [routed:safeoutputs] status=200 duration=4.466127ms (non-JSON or stream) +1ms
server:sdk-frontend     Raw response (truncated): event: message
data: {"jsonrpc":"2.0","id":2,"result":{"tools":[{"description":"[safeoutputs] WRITE-ONCE: do NOT call this tool with empty or placeholder arguments to probe or discover its schema — the required `body` field is listed in this schema; if you are not ready to post a real comment, call `noop` instead. Adds a comment to an existing GitHub issue, pull request, or discussion. Use this to provide feedback, answer questions, or add information to an existing conversation. For creating ... +294µs
launcher:launcher Retrieved server IDs: count=2, ids=[safeoutputs github] +25.6s
launcher:health Running health check: checking 2 servers +30.0s
launcher:launcher Retrieved server IDs: count=2, ids=[safeoutputs github] +30.0s
launcher:health Running health check: checking 2 servers +30.0s
launcher:launcher Retrieved server IDs: count=2, ids=[safeoutputs github] +30.0s
launcher:health Running health check: checking 2 servers +30.0s
tracing:provider Handling request: span=gateway.request, method=DELETE, path=/mcp/github, remoteParent=false +1.5m
tracing:provider Handling request: span=gateway.request, method=DELETE, path=/mcp/safeoutputs, remoteParent=false +203µs
tracing:provider Span started: span=gateway.request, traceID=00000000000000000000000000000000 +233µs
server:auth Authenticating request: method=DELETE, path=/mcp/github, remote=172.30.0.20:34364 +1.5m
auth:header Extracting session ID from auth header: sanitized=EGx8... +1.5m
tracing:provider Span started: span=gateway.request, traceID=00000000000000000000000000000000 +1ms
server:auth Authenticating request: method=DELETE, path=/mcp/safeoutputs, remote=172.30.0.20:34374 +1ms
auth:header Using plain API key as session ID +924µs
server:sdk-frontend >>> SDK Request [routed:github] session=EGx8lFxA... mcp-session=C734WVWH... method=DELETE path=/mcp/github +1.5m
server:response_writer Creating new response writer with default status 200 +1.5m
server:response_writer Retrieving captured body: 0 bytes +325µs
server:routed [INFO] server session disconnected session_id=C734WVWHEAAVRKEEGCAMUPVIWE +1.5m
server:response_writer Retrieving captured status code: 200 +381µs
server:response_writer Setting response status code: 204 +474µs
server:response_writer Retrieving captured body: 0 bytes +221µs
server:response_writer Retrieving captured status code: 204 +247µs
server:sdk-frontend <<< SDK Response [routed:github] status=204 duration=2.991761ms (empty body) +2ms
server:sdk-frontend <<< SDK Response [routed:github] status=200 duration=1m27.398986263s (empty body) +472µs
auth:header Extracting session ID from auth header: sanitized=EGx8... +3ms
auth:header Using plain API key as session ID +620µs
server:sdk-frontend >>> SDK Request [routed:safeoutputs] session=EGx8lFxA... mcp-session=UIAV5GED... method=DELETE path=/mcp/safeoutputs +1ms
server:response_writer Creating new response writer with default status 200 +2ms
server:response_writer Retrieving captured body: 0 bytes +277µs
server:routed [INFO] server session disconnected session_id=UIAV5GEDV2FEK52N3W276CANJS +3ms
server:response_writer Retrieving captured status code: 200 +263µs
server:response_writer Setting response status code: 204 +286µs
server:sdk-frontend <<< SDK Response [routed:safeoutputs] status=200 duration=1m27.399541134s (empty body) +1ms
server:response_writer Retrieving captured body: 0 bytes +763µs
server:response_writer Retrieving captured status code: 204 +224µs
server:sdk-frontend <<< SDK Response [routed:safeoutputs] status=204 duration=2.66592ms (empty body) +1ms
tracing:provider Handling request: span=gateway.request, method=POST, path=/mcp/github, remoteParent=false +6.2s
tracing:provider Span started: span=gateway.request, traceID=00000000000000000000000000000000 +484µs
server:auth Authenticating request: method=POST, path=/mcp/github, remote=172.30.0.20:34378 +6.2s
auth:header Extracting session ID from auth header: sanitized=EGx8... +6.2s
auth:header Using plain API key as session ID +245µs
server:sdk-frontend >>> SDK Request [routed:github] session=EGx8lFxA... mcp-session=(none) method=POST path=/mcp/github +6.2s
server:sdk-frontend     JSON-RPC Request: method=initialize id=0 +301µs
server:response_writer Creating new response writer with default status 200 +6.2s
server:session Extracting session from request: remote=172.30.0.20:34378, path=/mcp/github +1.6m
auth:header Extracting session ID from auth header: sanitized=EGx8... +1ms
tracing:provider Handling request: span=gateway.request, method=POST, path=/mcp/safeoutputs, remoteParent=false +3ms
auth:header Using plain API key as session ID +283µs
server:session Session extracted successfully: sessionID=EGx8lFxA..., remote=172.30.0.20:34378 +871µs
tracing:provider Span started: span=gateway.request, traceID=00000000000000000000000000000000 +698µs
server:auth Authenticating request: method=POST, path=/mcp/safeoutputs, remote=172.30.0.20:34380 +3ms
auth:header Extracting session ID from auth header: sanitized=EGx8... +1ms
auth:header Using plain API key as session ID +251µs
server:helpers Checking request body: method=POST, hasBody=true, sessionID=EGx8lFxA... +1.6m
server:helpers Request body read: size=208 bytes, sessionID=EGx8lFxA..., backendID=github +257µs
server:sdk-frontend >>> SDK Request [routed:safeoutputs] session=EGx8lFxA... mcp-session=(none) method=POST path=/mcp/safeoutputs +4ms
server:sdk-frontend     JSON-RPC Request: method=initialize id=0 +228µs
server:helpers Request body logged for debugging +1ms
server:session Injecting session context: sessionID=EGx8lFxA..., backendID=github +3ms
guard:context Setting agent ID in context: EGx8lFxAkwOJ45MbQcXN4752dMW4vuQJvBiktFx3sar0gENvGSeKssaN4EH +1.6m
server:session Adding backend ID to context: backendID=github +526µs
server:session Session context injected successfully +297µs
server:response_writer Creating new response writer with default status 200 +5ms
server:session Extracting session from request: remote=172.30.0.20:34380, path=/mcp/safeoutputs +663µs
auth:header Extracting session ID from auth header: sanitized=EGx8... +3ms
auth:header Using plain API key as session ID +238µs
server:session Session extracted successfully: sessionID=EGx8lFxA..., remote=172.30.0.20:34380 +870µs
server:routed [CACHE] Cache hit: key=github/EGx8lFxA... +6.2s
server:routed [INFO] server connecting +308µs
server:routed [INFO] server session connected session_id=WSELC6T3UFDEF2YCLSEJAL2C3H +249µs
server:response_writer Writing response body: 204 bytes +2ms
server:helpers Checking request body: method=POST, hasBody=true, sessionID=EGx8lFxA... +4ms
server:helpers Request body read: size=208 bytes, sessionID=EGx8lFxA..., backendID=safeoutputs +232µs
server:response_writer Retrieving captured body: 204 bytes +1ms
server:helpers Request body logged for debugging +876µs
server:session Injecting session context: sessionID=EGx8lFxA..., backendID=safeoutputs +2ms
guard:context Setting agent ID in context: EGx8lFxAkwOJ45MbQcXN4752dMW4vuQJvBiktFx3sar0gENvGSeKssaN4EH +5ms
server:session Adding backend ID to context: backendID=safeoutputs +495µs
server:session Session context injected successfully +268µs
server:routed [CACHE] Cache hit: key=safeoutputs/EGx8lFxA... +3ms
server:response_writer Retrieving captured status code: 200 +1ms
server:sdk-frontend <<< SDK Response [routed:github] status=200 duration=10.729653ms (non-JSON or stream) +7ms
server:sdk-frontend     Raw response: event: message
data: {"jsonrpc":"2.0","id":0,"result":{"capabilities":{"logging":{},"tools":{"listChanged":true}},"protocolVersion":"2025-11-25","serverInfo":{"name":"awmg-github","version":"v0.3.19"}}}

 +290µs
server:routed [INFO] server connecting +1ms
server:routed [INFO] server session connected session_id=YMCVEWBK53TSPDHJT36PRMWYZZ +330µs
server:response_writer Writing response body: 209 bytes +1ms
server:response_writer Retrieving captured body: 209 bytes +479µs
server:response_writer Retrieving captured status code: 200 +311µs
server:sdk-frontend <<< SDK Response [routed:safeoutputs] status=200 duration=10.942848ms (non-JSON or stream) +2ms
server:sdk-frontend     Raw response: event: message
data: {"jsonrpc":"2.0","id":0,"result":{"capabilities":{"logging":{},"tools":{"listChanged":true}},"protocolVersion":"2025-11-25","serverInfo":{"name":"awmg-safeoutputs","version":"v0.3.19"}}}

 +262µs
tracing:provider Handling request: span=gateway.request, method=POST, path=/mcp/github, remoteParent=false +28ms
tracing:provider Span started: span=gateway.request, traceID=00000000000000000000000000000000 +371µs
server:auth Authenticating request: method=POST, path=/mcp/github, remote=172.30.0.20:34384 +28ms
auth:header Extracting session ID from auth header: sanitized=EGx8... +24ms
auth:header Using plain API key as session ID +317µs
server:sdk-frontend >>> SDK Request [routed:github] session=EGx8lFxA... mcp-session=WSELC6T3... method=POST path=/mcp/github +17ms
server:sdk-frontend     JSON-RPC Request: method=notifications/initialized id=<nil> +303µs
tracing:provider Handling request: span=gateway.request, method=POST, path=/mcp/safeoutputs, remoteParent=false +1ms
server:response_writer Creating new response writer with default status 200 +18ms
server:response_writer Setting response status code: 202 +332µs
server:routed [INFO] session initialized +20ms
server:response_writer Retrieving captured body: 0 bytes +239µs
server:response_writer Retrieving captured status code: 202 +283µs
tracing:provider Span started: span=gateway.request, traceID=00000000000000000000000000000000 +1ms
server:sdk-frontend <<< SDK Response [routed:github] status=202 duration=2.014477ms (empty body) +2ms
server:auth Authenticating request: method=POST, path=/mcp/safeoutputs, remote=172.30.0.20:34386 +4ms
auth:header Extracting session ID from auth header: sanitized=EGx8... +3ms
auth:header Using plain API key as session ID +297µs
server:sdk-frontend >>> SDK Request [routed:safeoutputs] session=EGx8lFxA... mcp-session=YMCVEWBK... method=POST path=/mcp/safeoutputs +1ms
server:sdk-frontend     JSON-RPC Request: method=notifications/initialized id=<nil> +341µs
tracing:provider Handling request: span=gateway.request, method=GET, path=/mcp/github, remoteParent=false +3ms
server:response_writer Creating new response writer with default status 200 +3ms
server:response_writer Setting response status code: 202 +417µs
server:routed [INFO] session initialized +4ms
server:response_writer Retrieving captured body: 0 bytes +251µs
server:response_writer Retrieving captured status code: 202 +302µs
tracing:provider Span started: span=gateway.request, traceID=00000000000000000000000000000000 +1ms
server:sdk-frontend <<< SDK Response [routed:safeoutputs] status=202 duration=2.504469ms (empty body) +2ms
server:auth Authenticating request: method=GET, path=/mcp/github, remote=172.30.0.20:34378 +4ms
auth:header Extracting session ID from auth header: sanitized=EGx8... +4ms
auth:header Using plain API key as session ID +269µs
server:sdk-frontend >>> SDK Request [routed:github] session=EGx8lFxA... mcp-session=WSELC6T3... method=GET path=/mcp/github +2ms
tracing:provider Handling request: span=gateway.request, method=GET, path=/mcp/safeoutputs, remoteParent=false +2ms
server:response_writer Creating new response writer with default status 200 +2ms
tracing:provider Span started: span=gateway.request, traceID=00000000000000000000000000000000 +497µs
server:response_writer Setting response status code: 200 +839µs
server:auth Authenticating request: method=GET, path=/mcp/safeoutputs, remote=172.30.0.20:34380 +3ms
auth:header Extracting session ID from auth header: sanitized=EGx8... +2ms
auth:header Using plain API key as session ID +329µs
server:sdk-frontend >>> SDK Request [routed:safeoutputs] session=EGx8lFxA... mcp-session=YMCVEWBK... method=GET path=/mcp/safeoutputs +2ms
server:response_writer Creating new response writer with default status 200 +2ms
server:response_writer Setting response status code: 200 +300µs
tracing:provider Handling request: span=gateway.request, method=POST, path=/mcp/github, remoteParent=false +33ms
tracing:provider Span started: span=gateway.request, traceID=00000000000000000000000000000000 +538µs
server:auth Authenticating request: method=POST, path=/mcp/github, remote=172.30.0.20:34384 +33ms
auth:header Extracting session ID from auth header: sanitized=EGx8... +32ms
auth:header Using plain API key as session ID +305µs
server:sdk-frontend >>> SDK Request [routed:github] session=EGx8lFxA... mcp-session=WSELC6T3... method=POST path=/mcp/github +33ms
server:sdk-frontend     JSON-RPC Request: method=tools/list id=1 +295µs
tracing:provider Handling request: span=gateway.request, method=POST, path=/mcp/safeoutputs, remoteParent=false +1ms
server:response_writer Creating new response writer with default status 200 +33ms
server:response_writer Writing response body: 4441 bytes +580µs
tracing:provider Span started: span=gateway.request, traceID=00000000000000000000000000000000 +1ms
server:auth Authenticating request: method=POST, path=/mcp/safeoutputs, remote=172.30.0.20:34386 +3ms
server:response_writer Retrieving captured body: 4441 bytes +926µs
auth:header Extracting session ID from auth header: sanitized=EGx8... +3ms
auth:header Using plain API key as session ID +338µs
server:sdk-frontend >>> SDK Request [routed:safeoutputs] session=EGx8lFxA... mcp-session=YMCVEWBK... method=POST path=/mcp/safeoutputs +3ms
server:response_writer Retrieving captured status code: 200 +1ms
server:sdk-frontend     JSON-RPC Request: method=tools/list id=1 +614µs
server:response_writer Creating new response writer with default status 200 +988µs
server:sdk-frontend <<< SDK Response [routed:github] status=200 duration=2.936899ms (non-JSON or stream) +984µs
server:sdk-frontend     Raw response (truncated): event: message
data: {"jsonrpc":"2.0","id":1,"result":{"tools":[{"description":"[github] Get a specific label from a repository.","inputSchema":{"properties":{"name":{"description":"Label name.","type":"string"},"owner":{"description":"Repository owner (username or organization name)","type":"string"},"repo":{"description":"Repository name","type":"string"}},"required":["owner","repo","name"],"type":"object"},"name":"get_label"},{"description":"[github] Get information about a specific issue in ... +259µs
server:response_writer Writing response body: 8550 bytes +1ms
server:response_writer Retrieving captured body: 8550 bytes +693µs
server:response_writer Retrieving captured status code: 200 +525µs
server:sdk-frontend <<< SDK Response [routed:safeoutputs] status=200 duration=3.832373ms (non-JSON or stream) +2ms
server:sdk-frontend     Raw response (truncated): event: message
data: {"jsonrpc":"2.0","id":1,"result":{"tools":[{"description":"[safeoutputs] WRITE-ONCE: do NOT call this tool with empty or placeholder arguments to probe or discover its schema — the required `body` field is listed in this schema; if you are not ready to post a real comment, call `noop` instead. Adds a comment to an existing GitHub issue, pull request, or discussion. Use this to provide feedback, answer questions, or add information to an existing conversation. For creating ... +253µs
tracing:provider Handling request: span=gateway.request, method=POST, path=/mcp/github, remoteParent=false +41ms
tracing:provider Span started: span=gateway.request, traceID=00000000000000000000000000000000 +424µs
server:auth Authenticating request: method=POST, path=/mcp/github, remote=172.30.0.20:40674 +42ms
auth:header Extracting session ID from auth header: sanitized=EGx8... +41ms
auth:header Using plain API key as session ID +237µs
server:sdk-frontend >>> SDK Request [routed:github] session=EGx8lFxA... mcp-session=WSELC6T3... method=POST path=/mcp/github +37ms
server:sdk-frontend     JSON-RPC Request: method=tools/list id=2 +319µs
tracing:provider Handling request: span=gateway.request, method=POST, path=/mcp/safeoutputs, remoteParent=false +1ms
server:response_writer Creating new response writer with default status 200 +38ms
tracing:provider Span started: span=gateway.request, traceID=00000000000000000000000000000000 +872µs
server:response_writer Writing response body: 4441 bytes +543µs
server:auth Authenticating request: method=POST, path=/mcp/safeoutputs, remote=172.30.0.20:40682 +2ms
server:response_writer Retrieving captured body: 4441 bytes +687µs
auth:header Extracting session ID from auth header: sanitized=EGx8... +2ms
server:response_writer Retrieving captured status code: 200 +784µs
server:sdk-frontend <<< SDK Response [routed:github] status=200 duration=2.544559ms (non-JSON or stream) +2ms
server:sdk-frontend     Raw response (truncated): event: message
data: {"jsonrpc":"2.0","id":2,"result":{"tools":[{"description":"[github] Get a specific label from a repository.","inputSchema":{"properties":{"name":{"description":"Label name.","type":"string"},"owner":{"description":"Repository owner (username or organization name)","type":"string"},"repo":{"description":"Repository name","type":"string"}},"required":["owner","repo","name"],"type":"object"},"name":"get_label"},{"description":"[github] Get information about a specific issue in ... +367µs
auth:header Using plain API key as session ID +1ms
server:sdk-frontend >>> SDK Request [routed:safeoutputs] session=EGx8lFxA... mcp-session=YMCVEWBK... method=POST path=/mcp/safeoutputs +930µs
server:sdk-frontend     JSON-RPC Request: method=tools/list id=2 +242µs
server:response_writer Creating new response writer with default status 200 +2ms
server:response_writer Writing response body: 8550 bytes +536µs
server:response_writer Retrieving captured body: 8550 bytes +367µs
server:response_writer Retrieving captured status code: 200 +324µs
server:sdk-frontend <<< SDK Response [routed:safeoutputs] status=200 duration=3.599419ms (non-JSON or stream) +2ms
server:sdk-frontend     Raw response (truncated): event: message
data: {"jsonrpc":"2.0","id":2,"result":{"tools":[{"description":"[safeoutputs] WRITE-ONCE: do NOT call this tool with empty or placeholder arguments to probe or discover its schema — the required `body` field is listed in this schema; if you are not ready to post a real comment, call `noop` instead. Adds a comment to an existing GitHub issue, pull request, or discussion. Use this to provide feedback, answer questions, or add information to an existing conversation. For creating ... +269µs
launcher:launcher Retrieved server IDs: count=2, ids=[safeoutputs github] +30.0s
launcher:health Running health check: checking 2 servers +30.0s
launcher:launcher Retrieved server IDs: count=2, ids=[safeoutputs github] +30.0s
launcher:health Running health check: checking 2 servers +30.0s
launcher:launcher Retrieved server IDs: count=2, ids=[safeoutputs github] +30.0s
launcher:health Running health check: checking 2 servers +30.0s
launcher:launcher Retrieved server IDs: count=2, ids=[safeoutputs github] +30.0s
launcher:health Running health check: checking 2 servers +30.0s
tracing:provider Handling request: span=gateway.request, method=DELETE, path=/mcp/github, remoteParent=false +1.6m
tracing:provider Handling request: span=gateway.request, method=DELETE, path=/mcp/safeoutputs, remoteParent=false +136µs
tracing:provider Span started: span=gateway.request, traceID=00000000000000000000000000000000 +240µs
server:auth Authenticating request: method=DELETE, path=/mcp/github, remote=172.30.0.20:47090 +1.6m
auth:header Extracting session ID from auth header: sanitized=EGx8... +1.6m
auth:header Using plain API key as session ID +285µs
tracing:provider Span started: span=gateway.request, traceID=00000000000000000000000000000000 +1ms
server:auth Authenticating request: method=DELETE, path=/mcp/safeoutputs, remote=172.30.0.20:47092 +1ms
auth:header Extracting session ID from auth header: sanitized=EGx8... +1ms
auth:header Using plain API key as session ID +289µs
server:sdk-frontend >>> SDK Request [routed:github] session=EGx8lFxA... mcp-session=WSELC6T3... method=DELETE path=/mcp/github +1.6m
server:sdk-frontend >>> SDK Request [routed:safeoutputs] session=EGx8lFxA... mcp-session=YMCVEWBK... method=DELETE path=/mcp/safeoutputs +281µs
server:response_writer Creating new response writer with default status 200 +1.6m
server:response_writer Retrieving captured body: 0 bytes +278µs
server:routed [INFO] server session disconnected session_id=YMCVEWBK53TSPDHJT36PRMWYZZ +1.7m
server:response_writer Retrieving captured status code: 200 +274µs
server:sdk-frontend <<< SDK Response [routed:safeoutputs] status=200 duration=1m39.049789725s (empty body) +1ms
server:response_writer Creating new response writer with default status 200 +585µs
server:response_writer Setting response status code: 204 +259µs
server:response_writer Retrieving captured body: 0 bytes +584µs
server:routed [INFO] server session disconnected session_id=WSELC6T3UFDEF2YCLSEJAL2C3H +1ms
server:response_writer Retrieving captured status code: 200 +333µs
server:sdk-frontend <<< SDK Response [routed:github] status=200 duration=1m39.054323815s (empty body) +1ms
server:response_writer Retrieving captured body: 0 bytes +853µs
server:response_writer Setting response status code: 204 +220µs
server:response_writer Retrieving captured status code: 204 +263µs
server:response_writer Retrieving captured body: 0 bytes +251µs
server:response_writer Retrieving captured status code: 204 +244µs
server:sdk-frontend <<< SDK Response [routed:github] status=204 duration=6.61093ms (empty body) +1ms
server:sdk-frontend <<< SDK Response [routed:safeoutputs] status=204 duration=4.345943ms (empty body) +550µs
tracing:provider Handling request: span=gateway.request, method=POST, path=/mcp/github, remoteParent=false +11.2s
tracing:provider Span started: span=gateway.request, traceID=00000000000000000000000000000000 +609µs
server:auth Authenticating request: method=POST, path=/mcp/github, remote=172.30.0.20:46202 +11.2s
auth:header Extracting session ID from auth header: sanitized=EGx8... +11.2s
auth:header Using plain API key as session ID +227µs
server:sdk-frontend >>> SDK Request [routed:github] session=EGx8lFxA... mcp-session=(none) method=POST path=/mcp/github +11.2s
server:sdk-frontend     JSON-RPC Request: method=initialize id=0 +351µs
server:response_writer Creating new response writer with default status 200 +11.2s
server:session Extracting session from request: remote=172.30.0.20:46202, path=/mcp/github +1.8m
tracing:provider Handling request: span=gateway.request, method=POST, path=/mcp/safeoutputs, remoteParent=false +2ms
auth:header Extracting session ID from auth header: sanitized=EGx8... +1ms
tracing:provider Span started: span=gateway.request, traceID=00000000000000000000000000000000 +459µs
server:auth Authenticating request: method=POST, path=/mcp/safeoutputs, remote=172.30.0.20:46204 +3ms
auth:header Extracting session ID from auth header: sanitized=EGx8... +1ms
auth:header Using plain API key as session ID +254µs
auth:header Using plain API key as session ID +218µs
server:session Session extracted successfully: sessionID=EGx8lFxA..., remote=172.30.0.20:46202 +2ms
server:helpers Checking request body: method=POST, hasBody=true, sessionID=EGx8lFxA... +1.8m
server:helpers Request body read: size=208 bytes, sessionID=EGx8lFxA..., backendID=github +226µs
server:sdk-frontend >>> SDK Request [routed:safeoutputs] session=EGx8lFxA... mcp-session=(none) method=POST path=/mcp/safeoutputs +4ms
server:sdk-frontend     JSON-RPC Request: method=initialize id=0 +318µs
server:helpers Request body logged for debugging +1ms
server:session Injecting session context: sessionID=EGx8lFxA..., backendID=github +1ms
guard:context Setting agent ID in context: EGx8lFxAkwOJ45MbQcXN4752dMW4vuQJvBiktFx3sar0gENvGSeKssaN4EH +1.8m
server:session Adding backend ID to context: backendID=github +493µs
server:session Session context injected successfully +240µs
server:routed [CACHE] Cache hit: key=github/EGx8lFxA... +11.2s
server:response_writer Creating new response writer with default status 200 +5ms
server:session Extracting session from request: remote=172.30.0.20:46204, path=/mcp/safeoutputs +983µs
auth:header Extracting session ID from auth header: sanitized=EGx8... +4ms
auth:header Using plain API key as session ID +233µs
server:session Session extracted successfully: sessionID=EGx8lFxA..., remote=172.30.0.20:46204 +745µs
server:routed [INFO] server connecting +1ms
server:routed [INFO] server session connected session_id=GMCV4PR7R3E3ZIIPU6QZBHXO4V +274µs
server:response_writer Writing response body: 204 bytes +1ms
server:helpers Checking request body: method=POST, hasBody=true, sessionID=EGx8lFxA... +4ms
server:helpers Request body read: size=208 bytes, sessionID=EGx8lFxA..., backendID=safeoutputs +252µs
server:response_writer Retrieving captured body: 204 bytes +1ms
server:helpers Request body logged for debugging +864µs
server:response_writer Retrieving captured status code: 200 +577µs
server:sdk-frontend <<< SDK Response [routed:github] status=200 duration=10.545194ms (non-JSON or stream) +5ms
server:sdk-frontend     Raw response: event: message
data: {"jsonrpc":"2.0","id":0,"result":{"capabilities":{"logging":{},"tools":{"listChanged":true}},"protocolVersion":"2025-11-25","serverInfo":{"name":"awmg-github","version":"v0.3.19"}}}

 +264µs
server:session Injecting session context: sessionID=EGx8lFxA..., backendID=safeoutputs +3ms
guard:context Setting agent ID in context: EGx8lFxAkwOJ45MbQcXN4752dMW4vuQJvBiktFx3sar0gENvGSeKssaN4EH +6ms
server:session Adding backend ID to context: backendID=safeoutputs +439µs
server:session Session context injected successfully +229µs
server:routed [CACHE] Cache hit: key=safeoutputs/EGx8lFxA... +4ms
server:routed [INFO] server connecting +297µs
server:routed [INFO] server session connected session_id=XQZZ2HTKZBIJ4AGH4CVK5FAXZS +882µs
server:response_writer Writing response body: 209 bytes +3ms
server:response_writer Retrieving captured body: 209 bytes +353µs
server:response_writer Retrieving captured status code: 200 +248µs
server:sdk-frontend <<< SDK Response [routed:safeoutputs] status=200 duration=11.999895ms (non-JSON or stream) +4ms
server:sdk-frontend     Raw response: event: message
data: {"jsonrpc":"2.0","id":0,"result":{"capabilities":{"logging":{},"tools":{"listChanged":true}},"protocolVersion":"2025-11-25","serverInfo":{"name":"awmg-safeoutputs","version":"v0.3.19"}}}

 +234µs
tracing:provider Handling request: span=gateway.request, method=POST, path=/mcp/github, remoteParent=false +27ms
tracing:provider Span started: span=gateway.request, traceID=00000000000000000000000000000000 +679µs
server:auth Authenticating request: method=POST, path=/mcp/github, remote=172.30.0.20:46220 +28ms
auth:header Extracting session ID from auth header: sanitized=EGx8... +23ms
auth:header Using plain API key as session ID +255µs
server:sdk-frontend >>> SDK Request [routed:github] session=EGx8lFxA... mcp-session=GMCV4PR7... method=POST path=/mcp/github +16ms
server:sdk-frontend     JSON-RPC Request: method=notifications/initialized id=<nil> +281µs
tracing:provider Handling request: span=gateway.request, method=POST, path=/mcp/safeoutputs, remoteParent=false +1ms
server:response_writer Creating new response writer with default status 200 +17ms
server:response_writer Setting response status code: 202 +323µs
server:routed [INFO] session initialized +19ms
server:response_writer Retrieving captured body: 0 bytes +249µs
server:response_writer Retrieving captured status code: 202 +332µs
tracing:provider Span started: span=gateway.request, traceID=00000000000000000000000000000000 +1ms
server:sdk-frontend <<< SDK Response [routed:github] status=202 duration=1.939627ms (empty body) +2ms
server:auth Authenticating request: method=POST, path=/mcp/safeoutputs, remote=172.30.0.20:46224 +4ms
auth:header Extracting session ID from auth header: sanitized=EGx8... +3ms
auth:header Using plain API key as session ID +232µs
server:sdk-frontend >>> SDK Request [routed:safeoutputs] session=EGx8lFxA... mcp-session=XQZZ2HTK... method=POST path=/mcp/safeoutputs +1ms
server:sdk-frontend     JSON-RPC Request: method=notifications/initialized id=<nil> +363µs
tracing:provider Handling request: span=gateway.request, method=GET, path=/mcp/github, remoteParent=false +3ms
server:response_writer Creating new response writer with default status 200 +3ms
server:response_writer Setting response status code: 202 +311µs
server:routed [INFO] session initialized +4ms
server:response_writer Retrieving captured body: 0 bytes +261µs
server:response_writer Retrieving captured status code: 202 +372µs
server:sdk-frontend <<< SDK Response [routed:safeoutputs] status=202 duration=2.112001ms (empty body) +2ms
tracing:provider Span started: span=gateway.request, traceID=00000000000000000000000000000000 +1ms
server:auth Authenticating request: method=GET, path=/mcp/github, remote=172.30.0.20:46202 +4ms
auth:header Extracting session ID from auth header: sanitized=EGx8... +4ms
auth:header Using plain API key as session ID +261µs
tracing:provider Handling request: span=gateway.request, method=GET, path=/mcp/safeoutputs, remoteParent=false +1ms
server:sdk-frontend >>> SDK Request [routed:github] session=EGx8lFxA... mcp-session=GMCV4PR7... method=GET path=/mcp/github +2ms
tracing:provider Span started: span=gateway.request, traceID=00000000000000000000000000000000 +516µs
server:auth Authenticating request: method=GET, path=/mcp/safeoutputs, remote=172.30.0.20:46204 +1ms
server:response_writer Creating new response writer with default status 200 +4ms
server:response_writer Setting response status code: 200 +314µs
auth:header Extracting session ID from auth header: sanitized=EGx8... +2ms
auth:header Using plain API key as session ID +211µs
server:sdk-frontend >>> SDK Request [routed:safeoutputs] session=EGx8lFxA... mcp-session=XQZZ2HTK... method=GET path=/mcp/safeoutputs +2ms
server:response_writer Creating new response writer with default status 200 +1ms
server:response_writer Setting response status code: 200 +290µs
tracing:provider Handling request: span=gateway.request, method=POST, path=/mcp/github, remoteParent=false +32ms
tracing:provider Span started: span=gateway.request, traceID=00000000000000000000000000000000 +370µs
server:auth Authenticating request: method=POST, path=/mcp/github, remote=172.30.0.20:46220 +33ms
auth:header Extracting session ID from auth header: sanitized=EGx8... +32ms
auth:header Using plain API key as session ID +621µs
server:sdk-frontend >>> SDK Request [routed:github] session=EGx8lFxA... mcp-session=GMCV4PR7... method=POST path=/mcp/github +33ms
server:sdk-frontend     JSON-RPC Request: method=tools/list id=1 +379µs
tracing:provider Handling request: span=gateway.request, method=POST, path=/mcp/safeoutputs, remoteParent=false +2ms
server:response_writer Creating new response writer with default status 200 +33ms
tracing:provider Span started: span=gateway.request, traceID=00000000000000000000000000000000 +1ms
server:response_writer Writing response body: 4441 bytes +1ms
server:auth Authenticating request: method=POST, path=/mcp/safeoutputs, remote=172.30.0.20:46224 +4ms
server:response_writer Retrieving captured body: 4441 bytes +918µs
auth:header Extracting session ID from auth header: sanitized=EGx8... +4ms
auth:header Using plain API key as session ID +231µs
server:sdk-frontend >>> SDK Request [routed:safeoutputs] session=EGx8lFxA... mcp-session=XQZZ2HTK... method=POST path=/mcp/safeoutputs +3ms
server:response_writer Retrieving captured status code: 200 +1ms
server:sdk-frontend     JSON-RPC Request: method=tools/list id=1 +700µs
server:sdk-frontend <<< SDK Response [routed:github] status=200 duration=4.05297ms (non-JSON or stream) +263µs
server:sdk-frontend     Raw response (truncated): event: message
data: {"jsonrpc":"2.0","id":1,"result":{"tools":[{"description":"[github] Get a specific label from a repository.","inputSchema":{"properties":{"name":{"description":"Label name.","type":"string"},"owner":{"description":"Repository owner (username or organization name)","type":"string"},"repo":{"description":"Repository name","type":"string"}},"required":["owner","repo","name"],"type":"object"},"name":"get_label"},{"description":"[github] Get information about a specific issue in ... +348µs
server:response_writer Creating new response writer with default status 200 +2ms
server:response_writer Writing response body: 8550 bytes +624µs
server:response_writer Retrieving captured body: 8550 bytes +397µs
server:response_writer Retrieving captured status code: 200 +334µs
server:sdk-frontend <<< SDK Response [routed:safeoutputs] status=200 duration=3.981455ms (non-JSON or stream) +2ms
server:sdk-frontend     Raw response (truncated): event: message
data: {"jsonrpc":"2.0","id":1,"result":{"tools":[{"description":"[safeoutputs] WRITE-ONCE: do NOT call this tool with empty or placeholder arguments to probe or discover its schema — the required `body` field is listed in this schema; if you are not ready to post a real comment, call `noop` instead. Adds a comment to an existing GitHub issue, pull request, or discussion. Use this to provide feedback, answer questions, or add information to an existing conversation. For creating ... +256µs
tracing:provider Handling request: span=gateway.request, method=POST, path=/mcp/github, remoteParent=false +39ms
tracing:provider Span started: span=gateway.request, traceID=00000000000000000000000000000000 +412µs
server:auth Authenticating request: method=POST, path=/mcp/github, remote=172.30.0.20:46232 +39ms
auth:header Extracting session ID from auth header: sanitized=EGx8... +38ms
auth:header Using plain API key as session ID +240µs
server:sdk-frontend >>> SDK Request [routed:github] session=EGx8lFxA... mcp-session=GMCV4PR7... method=POST path=/mcp/github +34ms
server:sdk-frontend     JSON-RPC Request: method=tools/list id=2 +272µs
tracing:provider Handling request: span=gateway.request, method=POST, path=/mcp/safeoutputs, remoteParent=false +1ms
server:response_writer Creating new response writer with default status 200 +36ms
tracing:provider Span started: span=gateway.request, traceID=00000000000000000000000000000000 +1ms
server:response_writer Writing response body: 4441 bytes +583µs
server:auth Authenticating request: method=POST, path=/mcp/safeoutputs, remote=172.30.0.20:46246 +2ms
auth:header Extracting session ID from auth header: sanitized=EGx8... +2ms
auth:header Using plain API key as session ID +371µs
server:sdk-frontend >>> SDK Request [routed:safeoutputs] session=EGx8lFxA... mcp-session=XQZZ2HTK... method=POST path=/mcp/safeoutputs +2ms
server:response_writer Retrieving captured body: 4441 bytes +1ms
server:sdk-frontend     JSON-RPC Request: method=tools/list id=2 +1ms
server:response_writer Retrieving captured status code: 200 +1ms
server:sdk-frontend <<< SDK Response [routed:github] status=200 duration=3.854378ms (non-JSON or stream) +534µs
server:response_writer Creating new response writer with default status 200 +807µs
server:response_writer Writing response body: 8550 bytes +578µs
server:sdk-frontend     Raw response (truncated): event: message
data: {"jsonrpc":"2.0","id":2,"result":{"tools":[{"description":"[github] Get a specific label from a repository.","inputSchema":{"properties":{"name":{"description":"Label name.","type":"string"},"owner":{"description":"Repository owner (username or organization name)","type":"string"},"repo":{"description":"Repository name","type":"string"}},"required":["owner","repo","name"],"type":"object"},"name":"get_label"},{"description":"[github] Get information about a specific issue in ... +1ms
server:response_writer Retrieving captured body: 8550 bytes +455µs
server:response_writer Retrieving captured status code: 200 +499µs
server:sdk-frontend <<< SDK Response [routed:safeoutputs] status=200 duration=4.109743ms (non-JSON or stream) +1ms
server:sdk-frontend     Raw response (truncated): event: message
data: {"jsonrpc":"2.0","id":2,"result":{"tools":[{"description":"[safeoutputs] WRITE-ONCE: do NOT call this tool with empty or placeholder arguments to probe or discover its schema — the required `body` field is listed in this schema; if you are not ready to post a real comment, call `noop` instead. Adds a comment to an existing GitHub issue, pull request, or discussion. Use this to provide feedback, answer questions, or add information to an existing conversation. For creating ... +224µs
launcher:launcher Retrieved server IDs: count=2, ids=[safeoutputs github] +30.0s
launcher:health Running health check: checking 2 servers +30.0s
launcher:launcher Retrieved server IDs: count=2, ids=[safeoutputs github] +30.0s
launcher:health Running health check: checking 2 servers +30.0s
launcher:launcher Retrieved server IDs: count=2, ids=[safeoutputs github] +30.0s
launcher:health Running health check: checking 2 servers +30.0s
tracing:provider Handling request: span=gateway.request, method=DELETE, path=/mcp/github, remoteParent=false +1.6m
tracing:provider Handling request: span=gateway.request, method=DELETE, path=/mcp/safeoutputs, remoteParent=false +147µs
tracing:provider Span started: span=gateway.request, traceID=00000000000000000000000000000000 +306µs
server:auth Authenticating request: method=DELETE, path=/mcp/github, remote=172.30.0.20:52302 +1.6m
auth:header Extracting session ID from auth header: sanitized=EGx8... +1.6m
tracing:provider Span started: span=gateway.request, traceID=00000000000000000000000000000000 +1ms
server:auth Authenticating request: method=DELETE, path=/mcp/safeoutputs, remote=172.30.0.20:52316 +1ms
auth:header Extracting session ID from auth header: sanitized=EGx8... +1ms
auth:header Using plain API key as session ID +276µs
server:sdk-frontend >>> SDK Request [routed:github] session=EGx8lFxA... mcp-session=GMCV4PR7... method=DELETE path=/mcp/github +1.6m
server:response_writer Creating new response writer with default status 200 +1.6m
auth:header Using plain API key as session ID +1ms
server:sdk-frontend >>> SDK Request [routed:safeoutputs] session=EGx8lFxA... mcp-session=XQZZ2HTK... method=DELETE path=/mcp/safeoutputs +949µs
server:response_writer Creating new response writer with default status 200 +858µs
server:response_writer Retrieving captured body: 0 bytes +277µs
server:routed [INFO] server session disconnected session_id=XQZZ2HTKZBIJ4AGH4CVK5FAXZS +1.6m
server:response_writer Retrieving captured status code: 200 +381µs
server:response_writer Retrieving captured body: 0 bytes +252µs
server:routed [INFO] server session disconnected session_id=GMCV4PR7R3E3ZIIPU6QZBHXO4V +552µs
server:response_writer Setting response status code: 204 +243µs
server:response_writer Retrieving captured body: 0 bytes +320µs
server:response_writer Retrieving captured status code: 204 +302µs
server:sdk-frontend <<< SDK Response [routed:safeoutputs] status=204 duration=4.083486ms (empty body) +2ms
server:sdk-frontend <<< SDK Response [routed:safeoutputs] status=200 duration=1m37.769264781s (empty body) +253µs
server:response_writer Retrieving captured status code: 200 +811µs
server:response_writer Setting response status code: 204 +286µs
server:sdk-frontend <<< SDK Response [routed:github] status=200 duration=1m37.772771854s (empty body) +1ms
server:response_writer Retrieving captured body: 0 bytes +1ms
server:response_writer Retrieving captured status code: 204 +549µs
server:sdk-frontend <<< SDK Response [routed:github] status=204 duration=7.990412ms (empty body) +1ms
launcher:launcher Retrieved server IDs: count=2, ids=[safeoutputs github] +30.0s
launcher:health Running health check: checking 2 servers +30.0s
tracing:provider Handling request: span=gateway.request, method=POST, path=/mcp/github, remoteParent=false +21.2s
tracing:provider Span started: span=gateway.request, traceID=00000000000000000000000000000000 +497µs
server:auth Authenticating request: method=POST, path=/mcp/github, remote=172.30.0.20:32830 +21.2s
auth:header Extracting session ID from auth header: sanitized=EGx8... +21.2s
auth:header Using plain API key as session ID +244µs
server:sdk-frontend >>> SDK Request [routed:github] session=EGx8lFxA... mcp-session=(none) method=POST path=/mcp/github +21.2s
server:sdk-frontend     JSON-RPC Request: method=initialize id=0 +328µs
server:response_writer Creating new response writer with default status 200 +21.2s
server:session Extracting session from request: remote=172.30.0.20:32830, path=/mcp/github +2.0m
tracing:provider Handling request: span=gateway.request, method=POST, path=/mcp/safeoutputs, remoteParent=false +3ms
auth:header Extracting session ID from auth header: sanitized=EGx8... +1ms
auth:header Using plain API key as session ID +277µs
tracing:provider Span started: span=gateway.request, traceID=00000000000000000000000000000000 +675µs
server:auth Authenticating request: method=POST, path=/mcp/safeoutputs, remote=172.30.0.20:32836 +3ms
auth:header Extracting session ID from auth header: sanitized=EGx8... +973µs
auth:header Using plain API key as session ID +259µs
server:sdk-frontend >>> SDK Request [routed:safeoutputs] session=EGx8lFxA... mcp-session=(none) method=POST path=/mcp/safeoutputs +2ms
server:session Session extracted successfully: sessionID=EGx8lFxA..., remote=172.30.0.20:32830 +2ms
server:helpers Checking request body: method=POST, hasBody=true, sessionID=EGx8lFxA... +2.0m
server:helpers Request body read: size=208 bytes, sessionID=EGx8lFxA..., backendID=github +237µs
server:sdk-frontend     JSON-RPC Request: method=initialize id=0 +1ms
server:helpers Request body logged for debugging +886µs
server:session Injecting session context: sessionID=EGx8lFxA..., backendID=github +1ms
guard:context Setting agent ID in context: EGx8lFxAkwOJ45MbQcXN4752dMW4vuQJvBiktFx3sar0gENvGSeKssaN4EH +2.0m
server:session Adding backend ID to context: backendID=github +485µs
server:session Session context injected successfully +230µs
server:response_writer Creating new response writer with default status 200 +5ms
server:session Extracting session from request: remote=172.30.0.20:32836, path=/mcp/safeoutputs +747µs
auth:header Extracting session ID from auth header: sanitized=EGx8... +4ms
auth:header Using plain API key as session ID +292µs
server:routed [CACHE] Cache hit: key=github/EGx8lFxA... +21.2s
server:routed [INFO] server connecting +286µs
server:routed [INFO] server session connected session_id=2TBLV4VFZBRMIW2HKTWB4ZIYQT +247µs
server:response_writer Writing response body: 204 bytes +2ms
server:session Session extracted successfully: sessionID=EGx8lFxA..., remote=172.30.0.20:32836 +1ms
server:helpers Checking request body: method=POST, hasBody=true, sessionID=EGx8lFxA... +4ms
server:helpers Request body read: size=208 bytes, sessionID=EGx8lFxA..., backendID=safeoutputs +264µs
server:response_writer Retrieving captured body: 204 bytes +2ms
server:helpers Request body logged for debugging +1ms
server:session Injecting session context: sessionID=EGx8lFxA..., backendID=safeoutputs +2ms
guard:context Setting agent ID in context: EGx8lFxAkwOJ45MbQcXN4752dMW4vuQJvBiktFx3sar0gENvGSeKssaN4EH +6ms
server:session Adding backend ID to context: backendID=safeoutputs +528µs
server:session Session context injected successfully +269µs
server:response_writer Retrieving captured status code: 200 +1ms
server:sdk-frontend <<< SDK Response [routed:github] status=200 duration=11.413721ms (non-JSON or stream) +7ms
server:sdk-frontend     Raw response: event: message
data: {"jsonrpc":"2.0","id":0,"result":{"capabilities":{"logging":{},"tools":{"listChanged":true}},"protocolVersion":"2025-11-25","serverInfo":{"name":"awmg-github","version":"v0.3.19"}}}

 +248µs
server:routed [CACHE] Cache hit: key=safeoutputs/EGx8lFxA... +5ms
server:routed [INFO] server connecting +267µs
server:routed [INFO] server session connected session_id=BSUBOZ4GNEG73ACJDVRXYFHQAK +296µs
server:response_writer Writing response body: 209 bytes +2ms
server:response_writer Retrieving captured body: 209 bytes +448µs
server:response_writer Retrieving captured status code: 200 +333µs
server:sdk-frontend <<< SDK Response [routed:safeoutputs] status=200 duration=12.214425ms (non-JSON or stream) +2ms
server:sdk-frontend     Raw response: event: message
data: {"jsonrpc":"2.0","id":0,"result":{"capabilities":{"logging":{},"tools":{"listChanged":true}},"protocolVersion":"2025-11-25","serverInfo":{"name":"awmg-safeoutputs","version":"v0.3.19"}}}

 +272µs
tracing:provider Handling request: span=gateway.request, method=POST, path=/mcp/github, remoteParent=false +28ms
tracing:provider Span started: span=gateway.request, traceID=00000000000000000000000000000000 +390µs
server:auth Authenticating request: method=POST, path=/mcp/github, remote=172.30.0.20:32846 +29ms
auth:header Extracting session ID from auth header: sanitized=EGx8... +24ms
auth:header Using plain API key as session ID +257µs
server:sdk-frontend >>> SDK Request [routed:github] session=EGx8lFxA... mcp-session=2TBLV4VF... method=POST path=/mcp/github +17ms
server:sdk-frontend     JSON-RPC Request: method=notifications/initialized id=<nil> +302µs
tracing:provider Handling request: span=gateway.request, method=POST, path=/mcp/safeoutputs, remoteParent=false +1ms
server:response_writer Creating new response writer with default status 200 +18ms
server:response_writer Setting response status code: 202 +327µs
server:routed [INFO] session initialized +20ms
server:response_writer Retrieving captured body: 0 bytes +327µs
server:response_writer Retrieving captured status code: 202 +305µs
tracing:provider Span started: span=gateway.request, traceID=00000000000000000000000000000000 +1ms
server:sdk-frontend <<< SDK Response [routed:github] status=202 duration=2.065273ms (empty body) +2ms
server:auth Authenticating request: method=POST, path=/mcp/safeoutputs, remote=172.30.0.20:32862 +4ms
auth:header Extracting session ID from auth header: sanitized=EGx8... +4ms
auth:header Using plain API key as session ID +357µs
server:sdk-frontend >>> SDK Request [routed:safeoutputs] session=EGx8lFxA... mcp-session=BSUBOZ4G... method=POST path=/mcp/safeoutputs +1ms
server:sdk-frontend     JSON-RPC Request: method=notifications/initialized id=<nil> +359µs
server:response_writer Creating new response writer with default status 200 +3ms
tracing:provider Handling request: span=gateway.request, method=GET, path=/mcp/github, remoteParent=false +3ms
server:response_writer Setting response status code: 202 +433µs
server:routed [INFO] session initialized +4ms
server:response_writer Retrieving captured body: 0 bytes +386µs
tracing:provider Span started: span=gateway.request, traceID=00000000000000000000000000000000 +1ms
server:response_writer Retrieving captured status code: 202 +968µs
server:sdk-frontend <<< SDK Response [routed:safeoutputs] status=202 duration=2.482931ms (empty body) +2ms
server:auth Authenticating request: method=GET, path=/mcp/github, remote=172.30.0.20:32830 +4ms
auth:header Extracting session ID from auth header: sanitized=EGx8... +4ms
auth:header Using plain API key as session ID +237µs
server:sdk-frontend >>> SDK Request [routed:github] session=EGx8lFxA... mcp-session=2TBLV4VF... method=GET path=/mcp/github +1ms
server:response_writer Creating new response writer with default status 200 +2ms
server:response_writer Setting response status code: 200 +356µs
tracing:provider Handling request: span=gateway.request, method=GET, path=/mcp/safeoutputs, remoteParent=false +4ms
tracing:provider Span started: span=gateway.request, traceID=00000000000000000000000000000000 +410µs
server:auth Authenticating request: method=GET, path=/mcp/safeoutputs, remote=172.30.0.20:32836 +3ms
auth:header Extracting session ID from auth header: sanitized=EGx8... +3ms
auth:header Using plain API key as session ID +258µs
server:sdk-frontend >>> SDK Request [routed:safeoutputs] session=EGx8lFxA... mcp-session=BSUBOZ4G... method=GET path=/mcp/safeoutputs +3ms
server:response_writer Creating new response writer with default status 200 +2ms
server:response_writer Setting response status code: 200 +269µs
tracing:provider Handling request: span=gateway.request, method=POST, path=/mcp/github, remoteParent=false +34ms
tracing:provider Span started: span=gateway.request, traceID=00000000000000000000000000000000 +628µs
server:auth Authenticating request: method=POST, path=/mcp/github, remote=172.30.0.20:32846 +34ms
auth:header Extracting session ID from auth header: sanitized=EGx8... +34ms
auth:header Using plain API key as session ID +389µs
server:sdk-frontend >>> SDK Request [routed:github] session=EGx8lFxA... mcp-session=2TBLV4VF... method=POST path=/mcp/github +35ms
server:sdk-frontend     JSON-RPC Request: method=tools/list id=1 +1ms
tracing:provider Handling request: span=gateway.request, method=POST, path=/mcp/safeoutputs, remoteParent=false +2ms
server:response_writer Creating new response writer with default status 200 +36ms
server:response_writer Writing response body: 4441 bytes +791µs
tracing:provider Span started: span=gateway.request, traceID=00000000000000000000000000000000 +1ms
server:auth Authenticating request: method=POST, path=/mcp/safeoutputs, remote=172.30.0.20:32862 +4ms
server:response_writer Retrieving captured body: 4441 bytes +971µs
auth:header Extracting session ID from auth header: sanitized=EGx8... +4ms
auth:header Using plain API key as session ID +361µs
server:sdk-frontend >>> SDK Request [routed:safeoutputs] session=EGx8lFxA... mcp-session=BSUBOZ4G... method=POST path=/mcp/safeoutputs +4ms
server:response_writer Retrieving captured status code: 200 +1ms
server:sdk-frontend <<< SDK Response [routed:github] status=200 duration=4.271854ms (non-JSON or stream) +578µs
server:sdk-frontend     Raw response (truncated): event: message
data: {"jsonrpc":"2.0","id":1,"result":{"tools":[{"description":"[github] Get a specific label from a repository.","inputSchema":{"properties":{"name":{"description":"Label name.","type":"string"},"owner":{"description":"Repository owner (username or organization name)","type":"string"},"repo":{"description":"Repository name","type":"string"}},"required":["owner","repo","name"],"type":"object"},"name":"get_label"},{"description":"[github] Get information about a specific issue in ... +376µs
server:sdk-frontend     JSON-RPC Request: method=tools/list id=1 +695µs
server:response_writer Creating new response writer with default status 200 +1ms
server:response_writer Writing response body: 8550 bytes +961µs
server:response_writer Retrieving captured body: 8550 bytes +491µs
server:response_writer Retrieving captured status code: 200 +323µs
server:sdk-frontend <<< SDK Response [routed:safeoutputs] status=200 duration=4.477118ms (non-JSON or stream) +2ms
server:sdk-frontend     Raw response (truncated): event: message
data: {"jsonrpc":"2.0","id":1,"result":{"tools":[{"description":"[safeoutputs] WRITE-ONCE: do NOT call this tool with empty or placeholder arguments to probe or discover its schema — the required `body` field is listed in this schema; if you are not ready to post a real comment, call `noop` instead. Adds a comment to an existing GitHub issue, pull request, or discussion. Use this to provide feedback, answer questions, or add information to an existing conversation. For creating ... +359µs
tracing:provider Handling request: span=gateway.request, method=POST, path=/mcp/github, remoteParent=false +40ms
tracing:provider Span started: span=gateway.request, traceID=00000000000000000000000000000000 +546µs
server:auth Authenticating request: method=POST, path=/mcp/github, remote=172.30.0.20:32866 +41ms
auth:header Extracting session ID from auth header: sanitized=EGx8... +39ms
auth:header Using plain API key as session ID +358µs
server:sdk-frontend >>> SDK Request [routed:github] session=EGx8lFxA... mcp-session=2TBLV4VF... method=POST path=/mcp/github +35ms
server:sdk-frontend     JSON-RPC Request: method=tools/list id=2 +314µs
tracing:provider Handling request: span=gateway.request, method=POST, path=/mcp/safeoutputs, remoteParent=false +1ms
server:response_writer Creating new response writer with default status 200 +36ms
server:response_writer Writing response body: 4441 bytes +636µs
tracing:provider Span started: span=gateway.request, traceID=00000000000000000000000000000000 +1ms
server:response_writer Retrieving captured body: 4441 bytes +555µs
server:auth Authenticating request: method=POST, path=/mcp/safeoutputs, remote=172.30.0.20:32870 +3ms
server:response_writer Retrieving captured status code: 200 +533µs
server:sdk-frontend <<< SDK Response [routed:github] status=200 duration=2.777766ms (non-JSON or stream) +2ms
auth:header Extracting session ID from auth header: sanitized=EGx8... +3ms
server:sdk-frontend     Raw response (truncated): event: message
data: {"jsonrpc":"2.0","id":2,"result":{"tools":[{"description":"[github] Get a specific label from a repository.","inputSchema":{"properties":{"name":{"description":"Label name.","type":"string"},"owner":{"description":"Repository owner (username or organization name)","type":"string"},"repo":{"description":"Repository name","type":"string"}},"required":["owner","repo","name"],"type":"object"},"name":"get_label"},{"description":"[github] Get information about a specific issue in ... +1ms
auth:header Using plain API key as session ID +1ms
server:sdk-frontend >>> SDK Request [routed:safeoutputs] session=EGx8lFxA... mcp-session=BSUBOZ4G... method=POST path=/mcp/safeoutputs +799µs
server:sdk-frontend     JSON-RPC Request: method=tools/list id=2 +313µs
server:response_writer Creating new response writer with default status 200 +3ms
server:response_writer Writing response body: 8550 bytes +541µs
server:response_writer Retrieving captured body: 8550 bytes +367µs
server:response_writer Retrieving captured status code: 200 +276µs
server:sdk-frontend <<< SDK Response [routed:safeoutputs] status=200 duration=3.209435ms (non-JSON or stream) +1ms
server:sdk-frontend     Raw response (truncated): event: message
data: {"jsonrpc":"2.0","id":2,"result":{"tools":[{"description":"[safeoutputs] WRITE-ONCE: do NOT call this tool with empty or placeholder arguments to probe or discover its schema — the required `body` field is listed in this schema; if you are not ready to post a real comment, call `noop` instead. Adds a comment to an existing GitHub issue, pull request, or discussion. Use this to provide feedback, answer questions, or add information to an existing conversation. For creating ... +260µs
launcher:launcher Retrieved server IDs: count=2, ids=[github safeoutputs] +30.0s
launcher:health Running health check: checking 2 servers +30.0s
launcher:launcher Retrieved server IDs: count=2, ids=[safeoutputs github] +30.0s
launcher:health Running health check: checking 2 servers +30.0s
launcher:launcher Retrieved server IDs: count=2, ids=[github safeoutputs] +30.0s
launcher:health Running health check: checking 2 servers +30.0s
tracing:provider Handling request: span=gateway.request, method=DELETE, path=/mcp/github, remoteParent=false +1.6m
tracing:provider Handling request: span=gateway.request, method=DELETE, path=/mcp/safeoutputs, remoteParent=false +86µs
tracing:provider Span started: span=gateway.request, traceID=00000000000000000000000000000000 +308µs
server:auth Authenticating request: method=DELETE, path=/mcp/github, remote=172.30.0.20:43438 +1.6m
tracing:provider Span started: span=gateway.request, traceID=00000000000000000000000000000000 +655µs
server:auth Authenticating request: method=DELETE, path=/mcp/safeoutputs, remote=172.30.0.20:43448 +607µs
auth:header Extracting session ID from auth header: sanitized=EGx8... +1.6m
auth:header Extracting session ID from auth header: sanitized=EGx8... +582µs
auth:header Using plain API key as session ID +278µs
server:sdk-frontend >>> SDK Request [routed:github] session=EGx8lFxA... mcp-session=2TBLV4VF... method=DELETE path=/mcp/github +1.6m
server:response_writer Creating new response writer with default status 200 +1.6m
auth:header Using plain API key as session ID +743µs
server:sdk-frontend >>> SDK Request [routed:safeoutputs] session=EGx8lFxA... mcp-session=BSUBOZ4G... method=DELETE path=/mcp/safeoutputs +687µs
server:response_writer Retrieving captured body: 0 bytes +692µs
server:routed [INFO] server session disconnected session_id=2TBLV4VFZBRMIW2HKTWB4ZIYQT +1.6m
server:response_writer Retrieving captured status code: 200 +330µs
server:sdk-frontend <<< SDK Response [routed:github] status=200 duration=1m34.41111946s (empty body) +846µs
server:response_writer Creating new response writer with default status 200 +516µs
server:response_writer Retrieving captured body: 0 bytes +301µs
server:routed [INFO] server session disconnected session_id=BSUBOZ4GNEG73ACJDVRXYFHQAK +1ms
server:response_writer Retrieving captured status code: 200 +263µs
server:response_writer Setting response status code: 204 +226µs
server:response_writer Setting response status code: 204 +433µs
server:response_writer Retrieving captured body: 0 bytes +337µs
server:response_writer Retrieving captured status code: 204 +333µs
server:sdk-frontend <<< SDK Response [routed:safeoutputs] status=200 duration=1m34.40875188s (empty body) +2ms
server:response_writer Retrieving captured body: 0 bytes +492µs
server:sdk-frontend <<< SDK Response [routed:safeoutputs] status=204 duration=4.503427ms (empty body) +523µs
server:response_writer Retrieving captured status code: 204 +828µs
server:sdk-frontend <<< SDK Response [routed:github] status=204 duration=4.746106ms (empty body) +818µs
server:response_writer Creating new response writer with default status 200 +1.7s
server:auth Authenticating request: method=POST, path=/close, remote=[::1]:48416 +1.7s
2026/08/27 17:54:09 [[::1]:48416] POST /close
server:handlers Initiating gateway shutdown +7.4m
launcher:health Stopping health monitor, waiting for background goroutine to finish +23.6s
launcher:health Health monitor stopped +378µs
launcher:launcher Retrieved server IDs: count=2, ids=[safeoutputs github] +23.6s
launcher:launcher Closing launcher: connections=2, hasSessionPool=true +536µs
launcher:launcher Closing 2 connections +257µs
mcp:connection Closing connection: serverID=github, isHTTP=false +7.4m
mcp:connection Closing connection: serverID=safeoutputs, isHTTP=true +2ms
launcher:launcher Stopping session connection pool +5ms
launcher:pool Stopping connection pool +7.4m
launcher:pool Context cancelled, stopping cleanup +341µs
launcher:pool Cleanup goroutine stopped +344µs
launcher:pool Connection pool stopped +285µs
launcher:launcher Launcher closed successfully +1ms
guard:wasm Closing global compilation cache +7.4m
guard:wasm Global compilation cache closed +247µs
server:handlers Shutdown completed: servers_terminated=2 +11ms
httputil:httputil Writing JSON response: statusCode=200 +7.3m
server:response_writer Setting response status code: 200 +13ms
httputil:httputil JSON response body size: 80 bytes +532µs
server:response_writer Writing response body: 80 bytes +541µs
2026/08/27 17:54:09 Gateway shutdown initiated. Terminated 2 server(s)
server:response_writer Retrieving captured body: 80 bytes +566µs
server:response_writer Retrieving captured body: 80 bytes +275µs
server:response_writer Retrieving captured status code: 200 +397µs
server:helpers [[::1]:48416] POST /close - Status: 200, Response: {"message":"Gateway shutdown initiated","serversTerminated":2,"status":"closed"} +1.6m
cmd:root Shutting down tracing provider +7.4m
cmd:root Tracing provider shut down successfully +776µs
2026/08/27 17:54:09 Shutting down...
