[2026-09-30T13:36:37.316Z] [INFO] [difc] Guard policy: {"allow-only":{"approval-labels":[],"blocked-users":[],"min-integrity":"none","repos":"all","trusted-users":[]}}
[2026-09-30T13:36:37.435Z] [INFO] [difc] Loaded discovered WASM guard from file: 00-github-guard.wasm
[2026-09-30T13:36:37.438Z] [INFO] [difc] Registered guard 'github'
[2026-09-30T13:36:37.446Z] [DEBUG] [backend] GetOrLaunch called for server: github
[2026-09-30T13:36:37.455Z] [INFO] [backend] Launching MCP backend server: server=github, command=docker, args=[run --rm -i -e NO_COLOR=... -e TERM=... -e PYTHONUNBUFFERED=... -e GITHUB_HOST=http... -e GITHUB_PERSONAL_ACCESS_TOKEN=ghs_... -e GITHUB_READ_ONLY=... -e GITHUB_TOOLSETS=issu... ghcr.io/github/github-mcp-server:v1.0.4]
[2026-09-30T13:36:37.611Z] [INFO] [backend] [stderr] time=2026-09-30T13:36:37.611Z level=INFO msg="starting server" version=v1.0.4 host=https://github.com dynamicToolsets=false readOnly=true lockdownEnabled=false
[2026-09-30T13:36:37.614Z] [INFO] [backend] [stderr] GitHub MCP Server running on stdio
[2026-09-30T13:36:37.614Z] [INFO] [backend] [stderr] time=2026-09-30T13:36:37.613Z level=INFO msg="server run start"
[2026-09-30T13:36:37.614Z] [INFO] [backend] [stderr] time=2026-09-30T13:36:37.613Z level=INFO msg="server connecting"
[2026-09-30T13:36:37.615Z] [INFO] [backend] [stderr] time=2026-09-30T13:36:37.613Z level=INFO msg="server session connected" session_id=""
[2026-09-30T13:36:37.618Z] [INFO] [backend] [stderr] time=2026-09-30T13:36:37.617Z level=INFO msg="session initialized"
[2026-09-30T13:36:37.618Z] [INFO] [backend] Successfully launched MCP backend server: server=github
[2026-09-30T13:36:37.618Z] [INFO] [backend] Backend server info: name=github-mcp-server, version=v1.0.4
[2026-09-30T13:36:37.656Z] [INFO] [backend] Successfully registered tools from github (took 208.994691ms)
[2026-09-30T13:37:04.623Z] [INFO] [difc] Initializing guard session state: session=BWh5OMKLvL28ryZgPPkuHgx6Jy0pCdiVqeF0SfiTYY9LfbAQCvxI72jahM, policy_source=server
[2026-09-30T13:37:04.625Z] [INFO] [difc] Calling label_agent: session=BWh5OMKLvL28ryZgPPkuHgx6Jy0pCdiVqeF0SfiTYY9LfbAQCvxI72jahM, guard=github, policy={"allow-only":{"repos":"all","min-integrity":"none"}}
[2026-09-30T13:37:04.627Z] [INFO] [difc] Initializing guard session state: session=BWh5OMKLvL28ryZgPPkuHgx6Jy0pCdiVqeF0SfiTYY9LfbAQCvxI72jahM, policy_source=server
[2026-09-30T13:37:04.628Z] [INFO] [difc] Calling label_agent: session=BWh5OMKLvL28ryZgPPkuHgx6Jy0pCdiVqeF0SfiTYY9LfbAQCvxI72jahM, guard=github, policy={"allow-only":{"repos":"all","min-integrity":"none"}}
[2026-09-30T13:37:04.639Z] [INFO] [difc] label_agent response: session=BWh5OMKLvL28ryZgPPkuHgx6Jy0pCdiVqeF0SfiTYY9LfbAQCvxI72jahM, guard=github, response={"agent":{"secrecy":[],"integrity":["none:all"]},"difc_mode":"filter","normalized_policy":{"min-integrity":"none","scope_kind":"All"}}
[2026-09-30T13:37:04.639Z] [INFO] [difc] Guard policy initialized: session=BWh5OMKLvL28ryZgPPkuHgx6Jy0pCdiVqeF0SfiTYY9LfbAQCvxI72jahM, guard_policy.source=server, difc_mode=filter, guard_policy.normalized=map[min-integrity:none scope_kind:all]
[2026-09-30T13:37:04.646Z] [INFO] [difc] label_agent response: session=BWh5OMKLvL28ryZgPPkuHgx6Jy0pCdiVqeF0SfiTYY9LfbAQCvxI72jahM, guard=github, response={"agent":{"secrecy":[],"integrity":["none:all"]},"difc_mode":"filter","normalized_policy":{"min-integrity":"none","scope_kind":"All"}}
[2026-09-30T13:37:04.646Z] [INFO] [difc] Guard policy initialized: session=BWh5OMKLvL28ryZgPPkuHgx6Jy0pCdiVqeF0SfiTYY9LfbAQCvxI72jahM, guard_policy.source=server, difc_mode=filter, guard_policy.normalized=map[min-integrity:none scope_kind:all]
[2026-09-30T13:37:04.651Z] [DEBUG] [backend] GetOrLaunchForSession called: server=github, session=BWh5OMKLvL28ryZgPPkuHgx6Jy0pCdiVqeF0SfiTYY9LfbAQCvxI72jahM
[2026-09-30T13:37:04.652Z] [INFO] [backend] Launching MCP backend server for session 'BWh5OMKLvL28ryZgPPkuHgx6Jy0pCdiVqeF0SfiTYY9LfbAQCvxI72jahM': server=github for session 'BWh5OMKLvL28ryZgPPkuHgx6Jy0pCdiVqeF0SfiTYY9LfbAQCvxI72jahM', command=docker, args=[run --rm -i -e NO_COLOR=... -e TERM=... -e PYTHONUNBUFFERED=... -e GITHUB_HOST=http... -e GITHUB_PERSONAL_ACCESS_TOKEN=ghs_... -e GITHUB_READ_ONLY=... -e GITHUB_TOOLSETS=issu... ghcr.io/github/github-mcp-server:v1.0.4]
[2026-09-30T13:37:04.794Z] [INFO] [backend] [stderr] time=2026-09-30T13:37:04.792Z level=INFO msg="starting server" version=v1.0.4 host=https://github.com dynamicToolsets=false readOnly=true lockdownEnabled=false
[2026-09-30T13:37:04.795Z] [INFO] [backend] [stderr] GitHub MCP Server running on stdio
[2026-09-30T13:37:04.796Z] [INFO] [backend] [stderr] time=2026-09-30T13:37:04.794Z level=INFO msg="server run start"
[2026-09-30T13:37:04.796Z] [INFO] [backend] [stderr] time=2026-09-30T13:37:04.795Z level=INFO msg="server connecting"
[2026-09-30T13:37:04.797Z] [INFO] [backend] Successfully launched MCP backend server for session 'BWh5OMKLvL28ryZgPPkuHgx6Jy0pCdiVqeF0SfiTYY9LfbAQCvxI72jahM': server=github for session 'BWh5OMKLvL28ryZgPPkuHgx6Jy0pCdiVqeF0SfiTYY9LfbAQCvxI72jahM'
[2026-09-30T13:37:04.797Z] [INFO] [backend] [stderr] time=2026-09-30T13:37:04.795Z level=INFO msg="server session connected" session_id=""
[2026-09-30T13:37:04.798Z] [INFO] [backend] [stderr] time=2026-09-30T13:37:04.796Z level=INFO msg="session initialized"
[2026-09-30T13:37:04.803Z] [DEBUG] [backend] GetOrLaunchForSession called: server=github, session=BWh5OMKLvL28ryZgPPkuHgx6Jy0pCdiVqeF0SfiTYY9LfbAQCvxI72jahM
[2026-09-30T13:37:04.804Z] [DEBUG] [backend] Reusing session connection: server=github, session=BWh5OMKLvL28ryZgPPkuHgx6Jy0pCdiVqeF0SfiTYY9LfbAQCvxI72jahM
[2026-09-30T13:37:04.813Z] [DEBUG] [backend] GetOrLaunchForSession called: server=github, session=BWh5OMKLvL28ryZgPPkuHgx6Jy0pCdiVqeF0SfiTYY9LfbAQCvxI72jahM
[2026-09-30T13:37:04.815Z] [DEBUG] [backend] Reusing session connection: server=github, session=BWh5OMKLvL28ryZgPPkuHgx6Jy0pCdiVqeF0SfiTYY9LfbAQCvxI72jahM
[2026-09-30T13:37:04.818Z] [DEBUG] [backend] GetOrLaunchForSession called: server=github, session=BWh5OMKLvL28ryZgPPkuHgx6Jy0pCdiVqeF0SfiTYY9LfbAQCvxI72jahM
[2026-09-30T13:37:04.819Z] [DEBUG] [backend] Reusing session connection: server=github, session=BWh5OMKLvL28ryZgPPkuHgx6Jy0pCdiVqeF0SfiTYY9LfbAQCvxI72jahM
[2026-09-30T13:37:04.825Z] [DEBUG] [backend] GetOrLaunchForSession called: server=github, session=BWh5OMKLvL28ryZgPPkuHgx6Jy0pCdiVqeF0SfiTYY9LfbAQCvxI72jahM
[2026-09-30T13:37:04.826Z] [DEBUG] [backend] Reusing session connection: server=github, session=BWh5OMKLvL28ryZgPPkuHgx6Jy0pCdiVqeF0SfiTYY9LfbAQCvxI72jahM
[2026-09-30T13:37:04.835Z] [DEBUG] [backend] GetOrLaunchForSession called: server=github, session=BWh5OMKLvL28ryZgPPkuHgx6Jy0pCdiVqeF0SfiTYY9LfbAQCvxI72jahM
[2026-09-30T13:37:04.835Z] [DEBUG] [backend] Reusing session connection: server=github, session=BWh5OMKLvL28ryZgPPkuHgx6Jy0pCdiVqeF0SfiTYY9LfbAQCvxI72jahM
[2026-09-30T13:37:05.169Z] [DEBUG] [backend] GetOrLaunchForSession called: server=github, session=BWh5OMKLvL28ryZgPPkuHgx6Jy0pCdiVqeF0SfiTYY9LfbAQCvxI72jahM
[2026-09-30T13:37:05.170Z] [DEBUG] [backend] Reusing session connection: server=github, session=BWh5OMKLvL28ryZgPPkuHgx6Jy0pCdiVqeF0SfiTYY9LfbAQCvxI72jahM
[2026-09-30T13:37:05.289Z] [DEBUG] [backend] GetOrLaunchForSession called: server=github, session=BWh5OMKLvL28ryZgPPkuHgx6Jy0pCdiVqeF0SfiTYY9LfbAQCvxI72jahM
[2026-09-30T13:37:05.290Z] [DEBUG] [backend] Reusing session connection: server=github, session=BWh5OMKLvL28ryZgPPkuHgx6Jy0pCdiVqeF0SfiTYY9LfbAQCvxI72jahM
[2026-09-30T13:37:05.296Z] [DEBUG] [backend] GetOrLaunchForSession called: server=github, session=BWh5OMKLvL28ryZgPPkuHgx6Jy0pCdiVqeF0SfiTYY9LfbAQCvxI72jahM
[2026-09-30T13:37:05.297Z] [DEBUG] [backend] Reusing session connection: server=github, session=BWh5OMKLvL28ryZgPPkuHgx6Jy0pCdiVqeF0SfiTYY9LfbAQCvxI72jahM
[2026-09-30T13:37:09.136Z] [DEBUG] [backend] GetOrLaunchForSession called: server=github, session=BWh5OMKLvL28ryZgPPkuHgx6Jy0pCdiVqeF0SfiTYY9LfbAQCvxI72jahM
[2026-09-30T13:37:09.137Z] [DEBUG] [backend] Reusing session connection: server=github, session=BWh5OMKLvL28ryZgPPkuHgx6Jy0pCdiVqeF0SfiTYY9LfbAQCvxI72jahM
[2026-09-30T13:37:09.143Z] [DEBUG] [backend] GetOrLaunchForSession called: server=github, session=BWh5OMKLvL28ryZgPPkuHgx6Jy0pCdiVqeF0SfiTYY9LfbAQCvxI72jahM
[2026-09-30T13:37:09.144Z] [DEBUG] [backend] Reusing session connection: server=github, session=BWh5OMKLvL28ryZgPPkuHgx6Jy0pCdiVqeF0SfiTYY9LfbAQCvxI72jahM
[2026-09-30T13:37:09.152Z] [DEBUG] [backend] GetOrLaunchForSession called: server=github, session=BWh5OMKLvL28ryZgPPkuHgx6Jy0pCdiVqeF0SfiTYY9LfbAQCvxI72jahM
[2026-09-30T13:37:09.153Z] [DEBUG] [backend] Reusing session connection: server=github, session=BWh5OMKLvL28ryZgPPkuHgx6Jy0pCdiVqeF0SfiTYY9LfbAQCvxI72jahM
[2026-09-30T13:37:09.361Z] [DEBUG] [backend] GetOrLaunchForSession called: server=github, session=BWh5OMKLvL28ryZgPPkuHgx6Jy0pCdiVqeF0SfiTYY9LfbAQCvxI72jahM
[2026-09-30T13:37:09.362Z] [DEBUG] [backend] Reusing session connection: server=github, session=BWh5OMKLvL28ryZgPPkuHgx6Jy0pCdiVqeF0SfiTYY9LfbAQCvxI72jahM
[2026-09-30T13:37:13.201Z] [DEBUG] [backend] GetOrLaunchForSession called: server=github, session=BWh5OMKLvL28ryZgPPkuHgx6Jy0pCdiVqeF0SfiTYY9LfbAQCvxI72jahM
[2026-09-30T13:37:13.202Z] [DEBUG] [backend] Reusing session connection: server=github, session=BWh5OMKLvL28ryZgPPkuHgx6Jy0pCdiVqeF0SfiTYY9LfbAQCvxI72jahM
[2026-09-30T13:37:13.207Z] [DEBUG] [backend] GetOrLaunchForSession called: server=github, session=BWh5OMKLvL28ryZgPPkuHgx6Jy0pCdiVqeF0SfiTYY9LfbAQCvxI72jahM
[2026-09-30T13:37:13.208Z] [DEBUG] [backend] Reusing session connection: server=github, session=BWh5OMKLvL28ryZgPPkuHgx6Jy0pCdiVqeF0SfiTYY9LfbAQCvxI72jahM
[2026-09-30T13:37:13.215Z] [DEBUG] [backend] GetOrLaunchForSession called: server=github, session=BWh5OMKLvL28ryZgPPkuHgx6Jy0pCdiVqeF0SfiTYY9LfbAQCvxI72jahM
[2026-09-30T13:37:13.216Z] [DEBUG] [backend] Reusing session connection: server=github, session=BWh5OMKLvL28ryZgPPkuHgx6Jy0pCdiVqeF0SfiTYY9LfbAQCvxI72jahM
[2026-09-30T13:37:14.463Z] [DEBUG] [backend] GetOrLaunchForSession called: server=github, session=BWh5OMKLvL28ryZgPPkuHgx6Jy0pCdiVqeF0SfiTYY9LfbAQCvxI72jahM
[2026-09-30T13:37:14.464Z] [DEBUG] [backend] Reusing session connection: server=github, session=BWh5OMKLvL28ryZgPPkuHgx6Jy0pCdiVqeF0SfiTYY9LfbAQCvxI72jahM
[2026-09-30T13:37:14.470Z] [DEBUG] [backend] GetOrLaunchForSession called: server=github, session=BWh5OMKLvL28ryZgPPkuHgx6Jy0pCdiVqeF0SfiTYY9LfbAQCvxI72jahM
[2026-09-30T13:37:14.471Z] [DEBUG] [backend] Reusing session connection: server=github, session=BWh5OMKLvL28ryZgPPkuHgx6Jy0pCdiVqeF0SfiTYY9LfbAQCvxI72jahM
[2026-09-30T13:37:14.476Z] [DEBUG] [backend] GetOrLaunchForSession called: server=github, session=BWh5OMKLvL28ryZgPPkuHgx6Jy0pCdiVqeF0SfiTYY9LfbAQCvxI72jahM
[2026-09-30T13:37:14.476Z] [DEBUG] [backend] Reusing session connection: server=github, session=BWh5OMKLvL28ryZgPPkuHgx6Jy0pCdiVqeF0SfiTYY9LfbAQCvxI72jahM
[2026-09-30T13:37:14.481Z] [DEBUG] [backend] GetOrLaunchForSession called: server=github, session=BWh5OMKLvL28ryZgPPkuHgx6Jy0pCdiVqeF0SfiTYY9LfbAQCvxI72jahM
[2026-09-30T13:37:14.482Z] [DEBUG] [backend] Reusing session connection: server=github, session=BWh5OMKLvL28ryZgPPkuHgx6Jy0pCdiVqeF0SfiTYY9LfbAQCvxI72jahM
[2026-09-30T13:37:14.986Z] [DEBUG] [backend] GetOrLaunchForSession called: server=github, session=BWh5OMKLvL28ryZgPPkuHgx6Jy0pCdiVqeF0SfiTYY9LfbAQCvxI72jahM
[2026-09-30T13:37:14.987Z] [DEBUG] [backend] Reusing session connection: server=github, session=BWh5OMKLvL28ryZgPPkuHgx6Jy0pCdiVqeF0SfiTYY9LfbAQCvxI72jahM
[2026-09-30T13:37:14.993Z] [DEBUG] [backend] GetOrLaunchForSession called: server=github, session=BWh5OMKLvL28ryZgPPkuHgx6Jy0pCdiVqeF0SfiTYY9LfbAQCvxI72jahM
[2026-09-30T13:37:14.994Z] [DEBUG] [backend] Reusing session connection: server=github, session=BWh5OMKLvL28ryZgPPkuHgx6Jy0pCdiVqeF0SfiTYY9LfbAQCvxI72jahM
[2026-09-30T13:37:15.417Z] [DEBUG] [backend] GetOrLaunchForSession called: server=github, session=BWh5OMKLvL28ryZgPPkuHgx6Jy0pCdiVqeF0SfiTYY9LfbAQCvxI72jahM
[2026-09-30T13:37:15.418Z] [DEBUG] [backend] Reusing session connection: server=github, session=BWh5OMKLvL28ryZgPPkuHgx6Jy0pCdiVqeF0SfiTYY9LfbAQCvxI72jahM
[2026-09-30T13:37:15.423Z] [DEBUG] [backend] GetOrLaunchForSession called: server=github, session=BWh5OMKLvL28ryZgPPkuHgx6Jy0pCdiVqeF0SfiTYY9LfbAQCvxI72jahM
[2026-09-30T13:37:15.424Z] [DEBUG] [backend] Reusing session connection: server=github, session=BWh5OMKLvL28ryZgPPkuHgx6Jy0pCdiVqeF0SfiTYY9LfbAQCvxI72jahM
[2026-09-30T13:37:15.900Z] [DEBUG] [backend] GetOrLaunchForSession called: server=github, session=BWh5OMKLvL28ryZgPPkuHgx6Jy0pCdiVqeF0SfiTYY9LfbAQCvxI72jahM
[2026-09-30T13:37:15.901Z] [DEBUG] [backend] Reusing session connection: server=github, session=BWh5OMKLvL28ryZgPPkuHgx6Jy0pCdiVqeF0SfiTYY9LfbAQCvxI72jahM
[2026-09-30T13:37:15.906Z] [DEBUG] [backend] GetOrLaunchForSession called: server=github, session=BWh5OMKLvL28ryZgPPkuHgx6Jy0pCdiVqeF0SfiTYY9LfbAQCvxI72jahM
[2026-09-30T13:37:15.907Z] [DEBUG] [backend] Reusing session connection: server=github, session=BWh5OMKLvL28ryZgPPkuHgx6Jy0pCdiVqeF0SfiTYY9LfbAQCvxI72jahM
[2026-09-30T13:37:16.183Z] [DEBUG] [backend] GetOrLaunchForSession called: server=github, session=BWh5OMKLvL28ryZgPPkuHgx6Jy0pCdiVqeF0SfiTYY9LfbAQCvxI72jahM
[2026-09-30T13:37:16.184Z] [DEBUG] [backend] Reusing session connection: server=github, session=BWh5OMKLvL28ryZgPPkuHgx6Jy0pCdiVqeF0SfiTYY9LfbAQCvxI72jahM
[2026-09-30T13:37:16.189Z] [DEBUG] [backend] GetOrLaunchForSession called: server=github, session=BWh5OMKLvL28ryZgPPkuHgx6Jy0pCdiVqeF0SfiTYY9LfbAQCvxI72jahM
[2026-09-30T13:37:16.190Z] [DEBUG] [backend] Reusing session connection: server=github, session=BWh5OMKLvL28ryZgPPkuHgx6Jy0pCdiVqeF0SfiTYY9LfbAQCvxI72jahM
[2026-09-30T13:37:16.678Z] [DEBUG] [backend] GetOrLaunchForSession called: server=github, session=BWh5OMKLvL28ryZgPPkuHgx6Jy0pCdiVqeF0SfiTYY9LfbAQCvxI72jahM
[2026-09-30T13:37:16.679Z] [DEBUG] [backend] Reusing session connection: server=github, session=BWh5OMKLvL28ryZgPPkuHgx6Jy0pCdiVqeF0SfiTYY9LfbAQCvxI72jahM
[2026-09-30T13:37:16.684Z] [DEBUG] [backend] GetOrLaunchForSession called: server=github, session=BWh5OMKLvL28ryZgPPkuHgx6Jy0pCdiVqeF0SfiTYY9LfbAQCvxI72jahM
[2026-09-30T13:37:16.685Z] [DEBUG] [backend] Reusing session connection: server=github, session=BWh5OMKLvL28ryZgPPkuHgx6Jy0pCdiVqeF0SfiTYY9LfbAQCvxI72jahM
[2026-09-30T13:37:16.999Z] [DEBUG] [backend] GetOrLaunchForSession called: server=github, session=BWh5OMKLvL28ryZgPPkuHgx6Jy0pCdiVqeF0SfiTYY9LfbAQCvxI72jahM
[2026-09-30T13:37:17.000Z] [DEBUG] [backend] Reusing session connection: server=github, session=BWh5OMKLvL28ryZgPPkuHgx6Jy0pCdiVqeF0SfiTYY9LfbAQCvxI72jahM
[2026-09-30T13:37:17.005Z] [DEBUG] [backend] GetOrLaunchForSession called: server=github, session=BWh5OMKLvL28ryZgPPkuHgx6Jy0pCdiVqeF0SfiTYY9LfbAQCvxI72jahM
[2026-09-30T13:37:17.006Z] [DEBUG] [backend] Reusing session connection: server=github, session=BWh5OMKLvL28ryZgPPkuHgx6Jy0pCdiVqeF0SfiTYY9LfbAQCvxI72jahM
[2026-09-30T13:37:17.428Z] [DEBUG] [backend] GetOrLaunchForSession called: server=github, session=BWh5OMKLvL28ryZgPPkuHgx6Jy0pCdiVqeF0SfiTYY9LfbAQCvxI72jahM
[2026-09-30T13:37:17.429Z] [DEBUG] [backend] Reusing session connection: server=github, session=BWh5OMKLvL28ryZgPPkuHgx6Jy0pCdiVqeF0SfiTYY9LfbAQCvxI72jahM
[2026-09-30T13:37:17.434Z] [DEBUG] [backend] GetOrLaunchForSession called: server=github, session=BWh5OMKLvL28ryZgPPkuHgx6Jy0pCdiVqeF0SfiTYY9LfbAQCvxI72jahM
[2026-09-30T13:37:17.435Z] [DEBUG] [backend] Reusing session connection: server=github, session=BWh5OMKLvL28ryZgPPkuHgx6Jy0pCdiVqeF0SfiTYY9LfbAQCvxI72jahM
[2026-09-30T13:37:17.622Z] [DEBUG] [backend] GetOrLaunchForSession called: server=github, session=BWh5OMKLvL28ryZgPPkuHgx6Jy0pCdiVqeF0SfiTYY9LfbAQCvxI72jahM
[2026-09-30T13:37:17.622Z] [DEBUG] [backend] Reusing session connection: server=github, session=BWh5OMKLvL28ryZgPPkuHgx6Jy0pCdiVqeF0SfiTYY9LfbAQCvxI72jahM
[2026-09-30T13:37:17.627Z] [DEBUG] [backend] GetOrLaunchForSession called: server=github, session=BWh5OMKLvL28ryZgPPkuHgx6Jy0pCdiVqeF0SfiTYY9LfbAQCvxI72jahM
[2026-09-30T13:37:17.628Z] [DEBUG] [backend] Reusing session connection: server=github, session=BWh5OMKLvL28ryZgPPkuHgx6Jy0pCdiVqeF0SfiTYY9LfbAQCvxI72jahM
[2026-09-30T13:37:17.889Z] [DEBUG] [backend] GetOrLaunchForSession called: server=github, session=BWh5OMKLvL28ryZgPPkuHgx6Jy0pCdiVqeF0SfiTYY9LfbAQCvxI72jahM
[2026-09-30T13:37:17.890Z] [DEBUG] [backend] Reusing session connection: server=github, session=BWh5OMKLvL28ryZgPPkuHgx6Jy0pCdiVqeF0SfiTYY9LfbAQCvxI72jahM
[2026-09-30T13:37:17.895Z] [DEBUG] [backend] GetOrLaunchForSession called: server=github, session=BWh5OMKLvL28ryZgPPkuHgx6Jy0pCdiVqeF0SfiTYY9LfbAQCvxI72jahM
[2026-09-30T13:37:17.896Z] [DEBUG] [backend] Reusing session connection: server=github, session=BWh5OMKLvL28ryZgPPkuHgx6Jy0pCdiVqeF0SfiTYY9LfbAQCvxI72jahM
[2026-09-30T13:37:18.133Z] [DEBUG] [backend] GetOrLaunchForSession called: server=github, session=BWh5OMKLvL28ryZgPPkuHgx6Jy0pCdiVqeF0SfiTYY9LfbAQCvxI72jahM
[2026-09-30T13:37:18.134Z] [DEBUG] [backend] Reusing session connection: server=github, session=BWh5OMKLvL28ryZgPPkuHgx6Jy0pCdiVqeF0SfiTYY9LfbAQCvxI72jahM
[2026-09-30T13:37:18.138Z] [DEBUG] [backend] GetOrLaunchForSession called: server=github, session=BWh5OMKLvL28ryZgPPkuHgx6Jy0pCdiVqeF0SfiTYY9LfbAQCvxI72jahM
[2026-09-30T13:37:18.139Z] [DEBUG] [backend] Reusing session connection: server=github, session=BWh5OMKLvL28ryZgPPkuHgx6Jy0pCdiVqeF0SfiTYY9LfbAQCvxI72jahM
[2026-09-30T13:37:18.514Z] [DEBUG] [backend] GetOrLaunchForSession called: server=github, session=BWh5OMKLvL28ryZgPPkuHgx6Jy0pCdiVqeF0SfiTYY9LfbAQCvxI72jahM
[2026-09-30T13:37:18.514Z] [DEBUG] [backend] Reusing session connection: server=github, session=BWh5OMKLvL28ryZgPPkuHgx6Jy0pCdiVqeF0SfiTYY9LfbAQCvxI72jahM
[2026-09-30T13:37:18.522Z] [DEBUG] [backend] GetOrLaunchForSession called: server=github, session=BWh5OMKLvL28ryZgPPkuHgx6Jy0pCdiVqeF0SfiTYY9LfbAQCvxI72jahM
[2026-09-30T13:37:18.524Z] [DEBUG] [backend] Reusing session connection: server=github, session=BWh5OMKLvL28ryZgPPkuHgx6Jy0pCdiVqeF0SfiTYY9LfbAQCvxI72jahM
[2026-09-30T13:37:18.955Z] [DEBUG] [backend] GetOrLaunchForSession called: server=github, session=BWh5OMKLvL28ryZgPPkuHgx6Jy0pCdiVqeF0SfiTYY9LfbAQCvxI72jahM
[2026-09-30T13:37:18.956Z] [DEBUG] [backend] Reusing session connection: server=github, session=BWh5OMKLvL28ryZgPPkuHgx6Jy0pCdiVqeF0SfiTYY9LfbAQCvxI72jahM
[2026-09-30T13:37:18.961Z] [DEBUG] [backend] GetOrLaunchForSession called: server=github, session=BWh5OMKLvL28ryZgPPkuHgx6Jy0pCdiVqeF0SfiTYY9LfbAQCvxI72jahM
[2026-09-30T13:37:18.962Z] [DEBUG] [backend] Reusing session connection: server=github, session=BWh5OMKLvL28ryZgPPkuHgx6Jy0pCdiVqeF0SfiTYY9LfbAQCvxI72jahM
[2026-09-30T13:37:19.228Z] [DEBUG] [backend] GetOrLaunchForSession called: server=github, session=BWh5OMKLvL28ryZgPPkuHgx6Jy0pCdiVqeF0SfiTYY9LfbAQCvxI72jahM
[2026-09-30T13:37:19.229Z] [DEBUG] [backend] Reusing session connection: server=github, session=BWh5OMKLvL28ryZgPPkuHgx6Jy0pCdiVqeF0SfiTYY9LfbAQCvxI72jahM
[2026-09-30T13:37:19.234Z] [DEBUG] [backend] GetOrLaunchForSession called: server=github, session=BWh5OMKLvL28ryZgPPkuHgx6Jy0pCdiVqeF0SfiTYY9LfbAQCvxI72jahM
[2026-09-30T13:37:19.235Z] [DEBUG] [backend] Reusing session connection: server=github, session=BWh5OMKLvL28ryZgPPkuHgx6Jy0pCdiVqeF0SfiTYY9LfbAQCvxI72jahM
[2026-09-30T13:37:19.695Z] [DEBUG] [backend] GetOrLaunchForSession called: server=github, session=BWh5OMKLvL28ryZgPPkuHgx6Jy0pCdiVqeF0SfiTYY9LfbAQCvxI72jahM
[2026-09-30T13:37:19.696Z] [DEBUG] [backend] Reusing session connection: server=github, session=BWh5OMKLvL28ryZgPPkuHgx6Jy0pCdiVqeF0SfiTYY9LfbAQCvxI72jahM
[2026-09-30T13:37:19.701Z] [DEBUG] [backend] GetOrLaunchForSession called: server=github, session=BWh5OMKLvL28ryZgPPkuHgx6Jy0pCdiVqeF0SfiTYY9LfbAQCvxI72jahM
[2026-09-30T13:37:19.702Z] [DEBUG] [backend] Reusing session connection: server=github, session=BWh5OMKLvL28ryZgPPkuHgx6Jy0pCdiVqeF0SfiTYY9LfbAQCvxI72jahM
[2026-09-30T13:37:20.201Z] [DEBUG] [backend] GetOrLaunchForSession called: server=github, session=BWh5OMKLvL28ryZgPPkuHgx6Jy0pCdiVqeF0SfiTYY9LfbAQCvxI72jahM
[2026-09-30T13:37:20.202Z] [DEBUG] [backend] Reusing session connection: server=github, session=BWh5OMKLvL28ryZgPPkuHgx6Jy0pCdiVqeF0SfiTYY9LfbAQCvxI72jahM
[2026-09-30T13:37:20.206Z] [DEBUG] [backend] GetOrLaunchForSession called: server=github, session=BWh5OMKLvL28ryZgPPkuHgx6Jy0pCdiVqeF0SfiTYY9LfbAQCvxI72jahM
[2026-09-30T13:37:20.207Z] [DEBUG] [backend] Reusing session connection: server=github, session=BWh5OMKLvL28ryZgPPkuHgx6Jy0pCdiVqeF0SfiTYY9LfbAQCvxI72jahM
[2026-09-30T13:37:20.602Z] [DEBUG] [backend] GetOrLaunchForSession called: server=github, session=BWh5OMKLvL28ryZgPPkuHgx6Jy0pCdiVqeF0SfiTYY9LfbAQCvxI72jahM
[2026-09-30T13:37:20.603Z] [DEBUG] [backend] Reusing session connection: server=github, session=BWh5OMKLvL28ryZgPPkuHgx6Jy0pCdiVqeF0SfiTYY9LfbAQCvxI72jahM
[2026-09-30T13:37:20.608Z] [DEBUG] [backend] GetOrLaunchForSession called: server=github, session=BWh5OMKLvL28ryZgPPkuHgx6Jy0pCdiVqeF0SfiTYY9LfbAQCvxI72jahM
[2026-09-30T13:37:20.608Z] [DEBUG] [backend] Reusing session connection: server=github, session=BWh5OMKLvL28ryZgPPkuHgx6Jy0pCdiVqeF0SfiTYY9LfbAQCvxI72jahM
[2026-09-30T13:37:20.979Z] [DEBUG] [backend] GetOrLaunchForSession called: server=github, session=BWh5OMKLvL28ryZgPPkuHgx6Jy0pCdiVqeF0SfiTYY9LfbAQCvxI72jahM
[2026-09-30T13:37:20.979Z] [DEBUG] [backend] Reusing session connection: server=github, session=BWh5OMKLvL28ryZgPPkuHgx6Jy0pCdiVqeF0SfiTYY9LfbAQCvxI72jahM
[2026-09-30T13:37:20.985Z] [DEBUG] [backend] GetOrLaunchForSession called: server=github, session=BWh5OMKLvL28ryZgPPkuHgx6Jy0pCdiVqeF0SfiTYY9LfbAQCvxI72jahM
[2026-09-30T13:37:20.985Z] [DEBUG] [backend] Reusing session connection: server=github, session=BWh5OMKLvL28ryZgPPkuHgx6Jy0pCdiVqeF0SfiTYY9LfbAQCvxI72jahM
[2026-09-30T13:37:21.452Z] [DEBUG] [backend] GetOrLaunchForSession called: server=github, session=BWh5OMKLvL28ryZgPPkuHgx6Jy0pCdiVqeF0SfiTYY9LfbAQCvxI72jahM
[2026-09-30T13:37:21.452Z] [DEBUG] [backend] Reusing session connection: server=github, session=BWh5OMKLvL28ryZgPPkuHgx6Jy0pCdiVqeF0SfiTYY9LfbAQCvxI72jahM
[2026-09-30T13:37:21.457Z] [DEBUG] [backend] GetOrLaunchForSession called: server=github, session=BWh5OMKLvL28ryZgPPkuHgx6Jy0pCdiVqeF0SfiTYY9LfbAQCvxI72jahM
[2026-09-30T13:37:21.458Z] [DEBUG] [backend] Reusing session connection: server=github, session=BWh5OMKLvL28ryZgPPkuHgx6Jy0pCdiVqeF0SfiTYY9LfbAQCvxI72jahM
[2026-09-30T13:37:21.718Z] [DEBUG] [backend] GetOrLaunchForSession called: server=github, session=BWh5OMKLvL28ryZgPPkuHgx6Jy0pCdiVqeF0SfiTYY9LfbAQCvxI72jahM
[2026-09-30T13:37:21.719Z] [DEBUG] [backend] Reusing session connection: server=github, session=BWh5OMKLvL28ryZgPPkuHgx6Jy0pCdiVqeF0SfiTYY9LfbAQCvxI72jahM
[2026-09-30T13:37:21.724Z] [DEBUG] [backend] GetOrLaunchForSession called: server=github, session=BWh5OMKLvL28ryZgPPkuHgx6Jy0pCdiVqeF0SfiTYY9LfbAQCvxI72jahM
[2026-09-30T13:37:21.724Z] [DEBUG] [backend] Reusing session connection: server=github, session=BWh5OMKLvL28ryZgPPkuHgx6Jy0pCdiVqeF0SfiTYY9LfbAQCvxI72jahM
[2026-09-30T13:37:22.136Z] [DEBUG] [backend] GetOrLaunchForSession called: server=github, session=BWh5OMKLvL28ryZgPPkuHgx6Jy0pCdiVqeF0SfiTYY9LfbAQCvxI72jahM
[2026-09-30T13:37:22.137Z] [DEBUG] [backend] Reusing session connection: server=github, session=BWh5OMKLvL28ryZgPPkuHgx6Jy0pCdiVqeF0SfiTYY9LfbAQCvxI72jahM
[2026-09-30T13:37:22.142Z] [DEBUG] [backend] GetOrLaunchForSession called: server=github, session=BWh5OMKLvL28ryZgPPkuHgx6Jy0pCdiVqeF0SfiTYY9LfbAQCvxI72jahM
[2026-09-30T13:37:22.143Z] [DEBUG] [backend] Reusing session connection: server=github, session=BWh5OMKLvL28ryZgPPkuHgx6Jy0pCdiVqeF0SfiTYY9LfbAQCvxI72jahM
[2026-09-30T13:37:22.605Z] [DEBUG] [backend] GetOrLaunchForSession called: server=github, session=BWh5OMKLvL28ryZgPPkuHgx6Jy0pCdiVqeF0SfiTYY9LfbAQCvxI72jahM
[2026-09-30T13:37:22.606Z] [DEBUG] [backend] Reusing session connection: server=github, session=BWh5OMKLvL28ryZgPPkuHgx6Jy0pCdiVqeF0SfiTYY9LfbAQCvxI72jahM
[2026-09-30T13:37:22.611Z] [DEBUG] [backend] GetOrLaunchForSession called: server=github, session=BWh5OMKLvL28ryZgPPkuHgx6Jy0pCdiVqeF0SfiTYY9LfbAQCvxI72jahM
[2026-09-30T13:37:22.612Z] [DEBUG] [backend] Reusing session connection: server=github, session=BWh5OMKLvL28ryZgPPkuHgx6Jy0pCdiVqeF0SfiTYY9LfbAQCvxI72jahM
[2026-09-30T13:37:23.061Z] [DEBUG] [backend] GetOrLaunchForSession called: server=github, session=BWh5OMKLvL28ryZgPPkuHgx6Jy0pCdiVqeF0SfiTYY9LfbAQCvxI72jahM
[2026-09-30T13:37:23.062Z] [DEBUG] [backend] Reusing session connection: server=github, session=BWh5OMKLvL28ryZgPPkuHgx6Jy0pCdiVqeF0SfiTYY9LfbAQCvxI72jahM
[2026-09-30T13:37:23.068Z] [DEBUG] [backend] GetOrLaunchForSession called: server=github, session=BWh5OMKLvL28ryZgPPkuHgx6Jy0pCdiVqeF0SfiTYY9LfbAQCvxI72jahM
[2026-09-30T13:37:23.069Z] [DEBUG] [backend] Reusing session connection: server=github, session=BWh5OMKLvL28ryZgPPkuHgx6Jy0pCdiVqeF0SfiTYY9LfbAQCvxI72jahM
[2026-09-30T13:37:23.467Z] [DEBUG] [backend] GetOrLaunchForSession called: server=github, session=BWh5OMKLvL28ryZgPPkuHgx6Jy0pCdiVqeF0SfiTYY9LfbAQCvxI72jahM
[2026-09-30T13:37:23.467Z] [DEBUG] [backend] Reusing session connection: server=github, session=BWh5OMKLvL28ryZgPPkuHgx6Jy0pCdiVqeF0SfiTYY9LfbAQCvxI72jahM
[2026-09-30T13:37:23.472Z] [DEBUG] [backend] GetOrLaunchForSession called: server=github, session=BWh5OMKLvL28ryZgPPkuHgx6Jy0pCdiVqeF0SfiTYY9LfbAQCvxI72jahM
[2026-09-30T13:37:23.473Z] [DEBUG] [backend] Reusing session connection: server=github, session=BWh5OMKLvL28ryZgPPkuHgx6Jy0pCdiVqeF0SfiTYY9LfbAQCvxI72jahM
[2026-09-30T13:37:23.900Z] [DEBUG] [backend] GetOrLaunchForSession called: server=github, session=BWh5OMKLvL28ryZgPPkuHgx6Jy0pCdiVqeF0SfiTYY9LfbAQCvxI72jahM
[2026-09-30T13:37:23.900Z] [DEBUG] [backend] Reusing session connection: server=github, session=BWh5OMKLvL28ryZgPPkuHgx6Jy0pCdiVqeF0SfiTYY9LfbAQCvxI72jahM
[2026-09-30T13:37:23.905Z] [DEBUG] [backend] GetOrLaunchForSession called: server=github, session=BWh5OMKLvL28ryZgPPkuHgx6Jy0pCdiVqeF0SfiTYY9LfbAQCvxI72jahM
[2026-09-30T13:37:23.906Z] [DEBUG] [backend] Reusing session connection: server=github, session=BWh5OMKLvL28ryZgPPkuHgx6Jy0pCdiVqeF0SfiTYY9LfbAQCvxI72jahM
[2026-09-30T13:37:24.335Z] [DEBUG] [backend] GetOrLaunchForSession called: server=github, session=BWh5OMKLvL28ryZgPPkuHgx6Jy0pCdiVqeF0SfiTYY9LfbAQCvxI72jahM
[2026-09-30T13:37:24.336Z] [DEBUG] [backend] Reusing session connection: server=github, session=BWh5OMKLvL28ryZgPPkuHgx6Jy0pCdiVqeF0SfiTYY9LfbAQCvxI72jahM
[2026-09-30T13:37:24.341Z] [DEBUG] [backend] GetOrLaunchForSession called: server=github, session=BWh5OMKLvL28ryZgPPkuHgx6Jy0pCdiVqeF0SfiTYY9LfbAQCvxI72jahM
[2026-09-30T13:37:24.341Z] [DEBUG] [backend] Reusing session connection: server=github, session=BWh5OMKLvL28ryZgPPkuHgx6Jy0pCdiVqeF0SfiTYY9LfbAQCvxI72jahM
[2026-09-30T13:37:24.590Z] [DEBUG] [backend] GetOrLaunchForSession called: server=github, session=BWh5OMKLvL28ryZgPPkuHgx6Jy0pCdiVqeF0SfiTYY9LfbAQCvxI72jahM
[2026-09-30T13:37:24.591Z] [DEBUG] [backend] Reusing session connection: server=github, session=BWh5OMKLvL28ryZgPPkuHgx6Jy0pCdiVqeF0SfiTYY9LfbAQCvxI72jahM
[2026-09-30T13:37:24.596Z] [DEBUG] [backend] GetOrLaunchForSession called: server=github, session=BWh5OMKLvL28ryZgPPkuHgx6Jy0pCdiVqeF0SfiTYY9LfbAQCvxI72jahM
[2026-09-30T13:37:24.596Z] [DEBUG] [backend] Reusing session connection: server=github, session=BWh5OMKLvL28ryZgPPkuHgx6Jy0pCdiVqeF0SfiTYY9LfbAQCvxI72jahM
[2026-09-30T13:37:25.026Z] [DEBUG] [backend] GetOrLaunchForSession called: server=github, session=BWh5OMKLvL28ryZgPPkuHgx6Jy0pCdiVqeF0SfiTYY9LfbAQCvxI72jahM
[2026-09-30T13:37:25.027Z] [DEBUG] [backend] Reusing session connection: server=github, session=BWh5OMKLvL28ryZgPPkuHgx6Jy0pCdiVqeF0SfiTYY9LfbAQCvxI72jahM
[2026-09-30T13:37:25.032Z] [DEBUG] [backend] GetOrLaunchForSession called: server=github, session=BWh5OMKLvL28ryZgPPkuHgx6Jy0pCdiVqeF0SfiTYY9LfbAQCvxI72jahM
[2026-09-30T13:37:25.033Z] [DEBUG] [backend] Reusing session connection: server=github, session=BWh5OMKLvL28ryZgPPkuHgx6Jy0pCdiVqeF0SfiTYY9LfbAQCvxI72jahM
[2026-09-30T13:37:25.499Z] [DEBUG] [backend] GetOrLaunchForSession called: server=github, session=BWh5OMKLvL28ryZgPPkuHgx6Jy0pCdiVqeF0SfiTYY9LfbAQCvxI72jahM
[2026-09-30T13:37:25.500Z] [DEBUG] [backend] Reusing session connection: server=github, session=BWh5OMKLvL28ryZgPPkuHgx6Jy0pCdiVqeF0SfiTYY9LfbAQCvxI72jahM
[2026-09-30T13:37:25.505Z] [DEBUG] [backend] GetOrLaunchForSession called: server=github, session=BWh5OMKLvL28ryZgPPkuHgx6Jy0pCdiVqeF0SfiTYY9LfbAQCvxI72jahM
[2026-09-30T13:37:25.506Z] [DEBUG] [backend] Reusing session connection: server=github, session=BWh5OMKLvL28ryZgPPkuHgx6Jy0pCdiVqeF0SfiTYY9LfbAQCvxI72jahM
[2026-09-30T13:37:25.740Z] [DEBUG] [backend] GetOrLaunchForSession called: server=github, session=BWh5OMKLvL28ryZgPPkuHgx6Jy0pCdiVqeF0SfiTYY9LfbAQCvxI72jahM
[2026-09-30T13:37:25.741Z] [DEBUG] [backend] Reusing session connection: server=github, session=BWh5OMKLvL28ryZgPPkuHgx6Jy0pCdiVqeF0SfiTYY9LfbAQCvxI72jahM
[2026-09-30T13:37:25.746Z] [DEBUG] [backend] GetOrLaunchForSession called: server=github, session=BWh5OMKLvL28ryZgPPkuHgx6Jy0pCdiVqeF0SfiTYY9LfbAQCvxI72jahM
[2026-09-30T13:37:25.747Z] [DEBUG] [backend] Reusing session connection: server=github, session=BWh5OMKLvL28ryZgPPkuHgx6Jy0pCdiVqeF0SfiTYY9LfbAQCvxI72jahM
[2026-09-30T13:37:26.139Z] [DEBUG] [backend] GetOrLaunchForSession called: server=github, session=BWh5OMKLvL28ryZgPPkuHgx6Jy0pCdiVqeF0SfiTYY9LfbAQCvxI72jahM
[2026-09-30T13:37:26.139Z] [DEBUG] [backend] Reusing session connection: server=github, session=BWh5OMKLvL28ryZgPPkuHgx6Jy0pCdiVqeF0SfiTYY9LfbAQCvxI72jahM
[2026-09-30T13:37:26.144Z] [DEBUG] [backend] GetOrLaunchForSession called: server=github, session=BWh5OMKLvL28ryZgPPkuHgx6Jy0pCdiVqeF0SfiTYY9LfbAQCvxI72jahM
[2026-09-30T13:37:26.145Z] [DEBUG] [backend] Reusing session connection: server=github, session=BWh5OMKLvL28ryZgPPkuHgx6Jy0pCdiVqeF0SfiTYY9LfbAQCvxI72jahM
[2026-09-30T13:37:26.367Z] [DEBUG] [backend] GetOrLaunchForSession called: server=github, session=BWh5OMKLvL28ryZgPPkuHgx6Jy0pCdiVqeF0SfiTYY9LfbAQCvxI72jahM
[2026-09-30T13:37:26.367Z] [DEBUG] [backend] Reusing session connection: server=github, session=BWh5OMKLvL28ryZgPPkuHgx6Jy0pCdiVqeF0SfiTYY9LfbAQCvxI72jahM
[2026-09-30T13:37:26.373Z] [DEBUG] [backend] GetOrLaunchForSession called: server=github, session=BWh5OMKLvL28ryZgPPkuHgx6Jy0pCdiVqeF0SfiTYY9LfbAQCvxI72jahM
[2026-09-30T13:37:26.374Z] [DEBUG] [backend] Reusing session connection: server=github, session=BWh5OMKLvL28ryZgPPkuHgx6Jy0pCdiVqeF0SfiTYY9LfbAQCvxI72jahM
[2026-09-30T13:37:27.780Z] [DEBUG] [backend] GetOrLaunchForSession called: server=github, session=BWh5OMKLvL28ryZgPPkuHgx6Jy0pCdiVqeF0SfiTYY9LfbAQCvxI72jahM
[2026-09-30T13:37:27.781Z] [DEBUG] [backend] Reusing session connection: server=github, session=BWh5OMKLvL28ryZgPPkuHgx6Jy0pCdiVqeF0SfiTYY9LfbAQCvxI72jahM
[2026-09-30T13:37:27.786Z] [DEBUG] [backend] GetOrLaunchForSession called: server=github, session=BWh5OMKLvL28ryZgPPkuHgx6Jy0pCdiVqeF0SfiTYY9LfbAQCvxI72jahM
[2026-09-30T13:37:27.786Z] [DEBUG] [backend] Reusing session connection: server=github, session=BWh5OMKLvL28ryZgPPkuHgx6Jy0pCdiVqeF0SfiTYY9LfbAQCvxI72jahM
[2026-09-30T13:37:28.046Z] [DEBUG] [backend] GetOrLaunchForSession called: server=github, session=BWh5OMKLvL28ryZgPPkuHgx6Jy0pCdiVqeF0SfiTYY9LfbAQCvxI72jahM
[2026-09-30T13:37:28.047Z] [DEBUG] [backend] Reusing session connection: server=github, session=BWh5OMKLvL28ryZgPPkuHgx6Jy0pCdiVqeF0SfiTYY9LfbAQCvxI72jahM
[2026-09-30T13:37:28.052Z] [DEBUG] [backend] GetOrLaunchForSession called: server=github, session=BWh5OMKLvL28ryZgPPkuHgx6Jy0pCdiVqeF0SfiTYY9LfbAQCvxI72jahM
[2026-09-30T13:37:28.053Z] [DEBUG] [backend] Reusing session connection: server=github, session=BWh5OMKLvL28ryZgPPkuHgx6Jy0pCdiVqeF0SfiTYY9LfbAQCvxI72jahM
[2026-09-30T13:37:28.417Z] [DEBUG] [backend] GetOrLaunchForSession called: server=github, session=BWh5OMKLvL28ryZgPPkuHgx6Jy0pCdiVqeF0SfiTYY9LfbAQCvxI72jahM
[2026-09-30T13:37:28.418Z] [DEBUG] [backend] Reusing session connection: server=github, session=BWh5OMKLvL28ryZgPPkuHgx6Jy0pCdiVqeF0SfiTYY9LfbAQCvxI72jahM
[2026-09-30T13:37:28.423Z] [DEBUG] [backend] GetOrLaunchForSession called: server=github, session=BWh5OMKLvL28ryZgPPkuHgx6Jy0pCdiVqeF0SfiTYY9LfbAQCvxI72jahM
[2026-09-30T13:37:28.424Z] [DEBUG] [backend] Reusing session connection: server=github, session=BWh5OMKLvL28ryZgPPkuHgx6Jy0pCdiVqeF0SfiTYY9LfbAQCvxI72jahM
[2026-09-30T13:37:28.926Z] [DEBUG] [backend] GetOrLaunchForSession called: server=github, session=BWh5OMKLvL28ryZgPPkuHgx6Jy0pCdiVqeF0SfiTYY9LfbAQCvxI72jahM
[2026-09-30T13:37:28.927Z] [DEBUG] [backend] Reusing session connection: server=github, session=BWh5OMKLvL28ryZgPPkuHgx6Jy0pCdiVqeF0SfiTYY9LfbAQCvxI72jahM
[2026-09-30T13:37:28.932Z] [DEBUG] [backend] GetOrLaunchForSession called: server=github, session=BWh5OMKLvL28ryZgPPkuHgx6Jy0pCdiVqeF0SfiTYY9LfbAQCvxI72jahM
[2026-09-30T13:37:28.933Z] [DEBUG] [backend] Reusing session connection: server=github, session=BWh5OMKLvL28ryZgPPkuHgx6Jy0pCdiVqeF0SfiTYY9LfbAQCvxI72jahM
[2026-09-30T13:37:29.204Z] [DEBUG] [backend] GetOrLaunchForSession called: server=github, session=BWh5OMKLvL28ryZgPPkuHgx6Jy0pCdiVqeF0SfiTYY9LfbAQCvxI72jahM
[2026-09-30T13:37:29.204Z] [DEBUG] [backend] Reusing session connection: server=github, session=BWh5OMKLvL28ryZgPPkuHgx6Jy0pCdiVqeF0SfiTYY9LfbAQCvxI72jahM
[2026-09-30T13:37:29.210Z] [DEBUG] [backend] GetOrLaunchForSession called: server=github, session=BWh5OMKLvL28ryZgPPkuHgx6Jy0pCdiVqeF0SfiTYY9LfbAQCvxI72jahM
[2026-09-30T13:37:29.211Z] [DEBUG] [backend] Reusing session connection: server=github, session=BWh5OMKLvL28ryZgPPkuHgx6Jy0pCdiVqeF0SfiTYY9LfbAQCvxI72jahM
[2026-09-30T13:37:29.409Z] [DEBUG] [backend] GetOrLaunchForSession called: server=github, session=BWh5OMKLvL28ryZgPPkuHgx6Jy0pCdiVqeF0SfiTYY9LfbAQCvxI72jahM
[2026-09-30T13:37:29.410Z] [DEBUG] [backend] Reusing session connection: server=github, session=BWh5OMKLvL28ryZgPPkuHgx6Jy0pCdiVqeF0SfiTYY9LfbAQCvxI72jahM
[2026-09-30T13:37:29.414Z] [DEBUG] [backend] GetOrLaunchForSession called: server=github, session=BWh5OMKLvL28ryZgPPkuHgx6Jy0pCdiVqeF0SfiTYY9LfbAQCvxI72jahM
[2026-09-30T13:37:29.415Z] [DEBUG] [backend] Reusing session connection: server=github, session=BWh5OMKLvL28ryZgPPkuHgx6Jy0pCdiVqeF0SfiTYY9LfbAQCvxI72jahM
[2026-09-30T13:37:29.666Z] [DEBUG] [backend] GetOrLaunchForSession called: server=github, session=BWh5OMKLvL28ryZgPPkuHgx6Jy0pCdiVqeF0SfiTYY9LfbAQCvxI72jahM
[2026-09-30T13:37:29.667Z] [DEBUG] [backend] Reusing session connection: server=github, session=BWh5OMKLvL28ryZgPPkuHgx6Jy0pCdiVqeF0SfiTYY9LfbAQCvxI72jahM
[2026-09-30T13:37:29.672Z] [DEBUG] [backend] GetOrLaunchForSession called: server=github, session=BWh5OMKLvL28ryZgPPkuHgx6Jy0pCdiVqeF0SfiTYY9LfbAQCvxI72jahM
[2026-09-30T13:37:29.672Z] [DEBUG] [backend] Reusing session connection: server=github, session=BWh5OMKLvL28ryZgPPkuHgx6Jy0pCdiVqeF0SfiTYY9LfbAQCvxI72jahM
[2026-09-30T13:37:30.122Z] [DEBUG] [backend] GetOrLaunchForSession called: server=github, session=BWh5OMKLvL28ryZgPPkuHgx6Jy0pCdiVqeF0SfiTYY9LfbAQCvxI72jahM
[2026-09-30T13:37:30.122Z] [DEBUG] [backend] Reusing session connection: server=github, session=BWh5OMKLvL28ryZgPPkuHgx6Jy0pCdiVqeF0SfiTYY9LfbAQCvxI72jahM
[2026-09-30T13:37:30.127Z] [DEBUG] [backend] GetOrLaunchForSession called: server=github, session=BWh5OMKLvL28ryZgPPkuHgx6Jy0pCdiVqeF0SfiTYY9LfbAQCvxI72jahM
[2026-09-30T13:37:30.128Z] [DEBUG] [backend] Reusing session connection: server=github, session=BWh5OMKLvL28ryZgPPkuHgx6Jy0pCdiVqeF0SfiTYY9LfbAQCvxI72jahM
[2026-09-30T13:37:30.350Z] [DEBUG] [backend] GetOrLaunchForSession called: server=github, session=BWh5OMKLvL28ryZgPPkuHgx6Jy0pCdiVqeF0SfiTYY9LfbAQCvxI72jahM
[2026-09-30T13:37:30.351Z] [DEBUG] [backend] Reusing session connection: server=github, session=BWh5OMKLvL28ryZgPPkuHgx6Jy0pCdiVqeF0SfiTYY9LfbAQCvxI72jahM
[2026-09-30T13:37:30.356Z] [DEBUG] [backend] GetOrLaunchForSession called: server=github, session=BWh5OMKLvL28ryZgPPkuHgx6Jy0pCdiVqeF0SfiTYY9LfbAQCvxI72jahM
[2026-09-30T13:37:30.357Z] [DEBUG] [backend] Reusing session connection: server=github, session=BWh5OMKLvL28ryZgPPkuHgx6Jy0pCdiVqeF0SfiTYY9LfbAQCvxI72jahM
[2026-09-30T13:37:30.711Z] [DEBUG] [backend] GetOrLaunchForSession called: server=github, session=BWh5OMKLvL28ryZgPPkuHgx6Jy0pCdiVqeF0SfiTYY9LfbAQCvxI72jahM
[2026-09-30T13:37:30.711Z] [DEBUG] [backend] Reusing session connection: server=github, session=BWh5OMKLvL28ryZgPPkuHgx6Jy0pCdiVqeF0SfiTYY9LfbAQCvxI72jahM
[2026-09-30T13:37:30.716Z] [DEBUG] [backend] GetOrLaunchForSession called: server=github, session=BWh5OMKLvL28ryZgPPkuHgx6Jy0pCdiVqeF0SfiTYY9LfbAQCvxI72jahM
[2026-09-30T13:37:30.717Z] [DEBUG] [backend] Reusing session connection: server=github, session=BWh5OMKLvL28ryZgPPkuHgx6Jy0pCdiVqeF0SfiTYY9LfbAQCvxI72jahM
[2026-09-30T13:37:30.919Z] [DEBUG] [backend] GetOrLaunchForSession called: server=github, session=BWh5OMKLvL28ryZgPPkuHgx6Jy0pCdiVqeF0SfiTYY9LfbAQCvxI72jahM
[2026-09-30T13:37:30.920Z] [DEBUG] [backend] Reusing session connection: server=github, session=BWh5OMKLvL28ryZgPPkuHgx6Jy0pCdiVqeF0SfiTYY9LfbAQCvxI72jahM
[2026-09-30T13:37:30.925Z] [DEBUG] [backend] GetOrLaunchForSession called: server=github, session=BWh5OMKLvL28ryZgPPkuHgx6Jy0pCdiVqeF0SfiTYY9LfbAQCvxI72jahM
[2026-09-30T13:37:30.926Z] [DEBUG] [backend] Reusing session connection: server=github, session=BWh5OMKLvL28ryZgPPkuHgx6Jy0pCdiVqeF0SfiTYY9LfbAQCvxI72jahM
[2026-09-30T13:37:31.145Z] [DEBUG] [backend] GetOrLaunchForSession called: server=github, session=BWh5OMKLvL28ryZgPPkuHgx6Jy0pCdiVqeF0SfiTYY9LfbAQCvxI72jahM
[2026-09-30T13:37:31.146Z] [DEBUG] [backend] Reusing session connection: server=github, session=BWh5OMKLvL28ryZgPPkuHgx6Jy0pCdiVqeF0SfiTYY9LfbAQCvxI72jahM
[2026-09-30T13:37:31.151Z] [DEBUG] [backend] GetOrLaunchForSession called: server=github, session=BWh5OMKLvL28ryZgPPkuHgx6Jy0pCdiVqeF0SfiTYY9LfbAQCvxI72jahM
[2026-09-30T13:37:31.151Z] [DEBUG] [backend] Reusing session connection: server=github, session=BWh5OMKLvL28ryZgPPkuHgx6Jy0pCdiVqeF0SfiTYY9LfbAQCvxI72jahM
[2026-09-30T13:37:31.343Z] [DEBUG] [backend] GetOrLaunchForSession called: server=github, session=BWh5OMKLvL28ryZgPPkuHgx6Jy0pCdiVqeF0SfiTYY9LfbAQCvxI72jahM
[2026-09-30T13:37:31.344Z] [DEBUG] [backend] Reusing session connection: server=github, session=BWh5OMKLvL28ryZgPPkuHgx6Jy0pCdiVqeF0SfiTYY9LfbAQCvxI72jahM
[2026-09-30T13:37:31.350Z] [DEBUG] [backend] GetOrLaunchForSession called: server=github, session=BWh5OMKLvL28ryZgPPkuHgx6Jy0pCdiVqeF0SfiTYY9LfbAQCvxI72jahM
[2026-09-30T13:37:31.351Z] [DEBUG] [backend] Reusing session connection: server=github, session=BWh5OMKLvL28ryZgPPkuHgx6Jy0pCdiVqeF0SfiTYY9LfbAQCvxI72jahM
[2026-09-30T13:37:31.578Z] [DEBUG] [backend] GetOrLaunchForSession called: server=github, session=BWh5OMKLvL28ryZgPPkuHgx6Jy0pCdiVqeF0SfiTYY9LfbAQCvxI72jahM
[2026-09-30T13:37:31.578Z] [DEBUG] [backend] Reusing session connection: server=github, session=BWh5OMKLvL28ryZgPPkuHgx6Jy0pCdiVqeF0SfiTYY9LfbAQCvxI72jahM
[2026-09-30T13:37:31.583Z] [DEBUG] [backend] GetOrLaunchForSession called: server=github, session=BWh5OMKLvL28ryZgPPkuHgx6Jy0pCdiVqeF0SfiTYY9LfbAQCvxI72jahM
[2026-09-30T13:37:31.584Z] [DEBUG] [backend] Reusing session connection: server=github, session=BWh5OMKLvL28ryZgPPkuHgx6Jy0pCdiVqeF0SfiTYY9LfbAQCvxI72jahM
[2026-09-30T13:37:31.789Z] [DEBUG] [backend] GetOrLaunchForSession called: server=github, session=BWh5OMKLvL28ryZgPPkuHgx6Jy0pCdiVqeF0SfiTYY9LfbAQCvxI72jahM
[2026-09-30T13:37:31.789Z] [DEBUG] [backend] Reusing session connection: server=github, session=BWh5OMKLvL28ryZgPPkuHgx6Jy0pCdiVqeF0SfiTYY9LfbAQCvxI72jahM
[2026-09-30T13:37:31.794Z] [DEBUG] [backend] GetOrLaunchForSession called: server=github, session=BWh5OMKLvL28ryZgPPkuHgx6Jy0pCdiVqeF0SfiTYY9LfbAQCvxI72jahM
[2026-09-30T13:37:31.795Z] [DEBUG] [backend] Reusing session connection: server=github, session=BWh5OMKLvL28ryZgPPkuHgx6Jy0pCdiVqeF0SfiTYY9LfbAQCvxI72jahM
[2026-09-30T13:37:32.272Z] [DEBUG] [backend] GetOrLaunchForSession called: server=github, session=BWh5OMKLvL28ryZgPPkuHgx6Jy0pCdiVqeF0SfiTYY9LfbAQCvxI72jahM
[2026-09-30T13:37:32.273Z] [DEBUG] [backend] Reusing session connection: server=github, session=BWh5OMKLvL28ryZgPPkuHgx6Jy0pCdiVqeF0SfiTYY9LfbAQCvxI72jahM
[2026-09-30T13:37:32.278Z] [DEBUG] [backend] GetOrLaunchForSession called: server=github, session=BWh5OMKLvL28ryZgPPkuHgx6Jy0pCdiVqeF0SfiTYY9LfbAQCvxI72jahM
[2026-09-30T13:37:32.279Z] [DEBUG] [backend] Reusing session connection: server=github, session=BWh5OMKLvL28ryZgPPkuHgx6Jy0pCdiVqeF0SfiTYY9LfbAQCvxI72jahM
[2026-09-30T13:37:32.523Z] [DEBUG] [backend] GetOrLaunchForSession called: server=github, session=BWh5OMKLvL28ryZgPPkuHgx6Jy0pCdiVqeF0SfiTYY9LfbAQCvxI72jahM
[2026-09-30T13:37:32.524Z] [DEBUG] [backend] Reusing session connection: server=github, session=BWh5OMKLvL28ryZgPPkuHgx6Jy0pCdiVqeF0SfiTYY9LfbAQCvxI72jahM
[2026-09-30T13:37:32.529Z] [DEBUG] [backend] GetOrLaunchForSession called: server=github, session=BWh5OMKLvL28ryZgPPkuHgx6Jy0pCdiVqeF0SfiTYY9LfbAQCvxI72jahM
[2026-09-30T13:37:32.530Z] [DEBUG] [backend] Reusing session connection: server=github, session=BWh5OMKLvL28ryZgPPkuHgx6Jy0pCdiVqeF0SfiTYY9LfbAQCvxI72jahM
[2026-09-30T13:37:32.971Z] [DEBUG] [backend] GetOrLaunchForSession called: server=github, session=BWh5OMKLvL28ryZgPPkuHgx6Jy0pCdiVqeF0SfiTYY9LfbAQCvxI72jahM
[2026-09-30T13:37:32.972Z] [DEBUG] [backend] Reusing session connection: server=github, session=BWh5OMKLvL28ryZgPPkuHgx6Jy0pCdiVqeF0SfiTYY9LfbAQCvxI72jahM
[2026-09-30T13:37:32.977Z] [DEBUG] [backend] GetOrLaunchForSession called: server=github, session=BWh5OMKLvL28ryZgPPkuHgx6Jy0pCdiVqeF0SfiTYY9LfbAQCvxI72jahM
[2026-09-30T13:37:32.977Z] [DEBUG] [backend] Reusing session connection: server=github, session=BWh5OMKLvL28ryZgPPkuHgx6Jy0pCdiVqeF0SfiTYY9LfbAQCvxI72jahM
[2026-09-30T13:37:44.056Z] [DEBUG] [backend] GetOrLaunchForSession called: server=github, session=BWh5OMKLvL28ryZgPPkuHgx6Jy0pCdiVqeF0SfiTYY9LfbAQCvxI72jahM
[2026-09-30T13:37:44.057Z] [DEBUG] [backend] Reusing session connection: server=github, session=BWh5OMKLvL28ryZgPPkuHgx6Jy0pCdiVqeF0SfiTYY9LfbAQCvxI72jahM
[2026-09-30T13:37:44.062Z] [DEBUG] [backend] GetOrLaunchForSession called: server=github, session=BWh5OMKLvL28ryZgPPkuHgx6Jy0pCdiVqeF0SfiTYY9LfbAQCvxI72jahM
[2026-09-30T13:37:44.063Z] [DEBUG] [backend] Reusing session connection: server=github, session=BWh5OMKLvL28ryZgPPkuHgx6Jy0pCdiVqeF0SfiTYY9LfbAQCvxI72jahM
[2026-09-30T13:37:44.071Z] [DEBUG] [backend] GetOrLaunchForSession called: server=github, session=BWh5OMKLvL28ryZgPPkuHgx6Jy0pCdiVqeF0SfiTYY9LfbAQCvxI72jahM
[2026-09-30T13:37:44.072Z] [DEBUG] [backend] Reusing session connection: server=github, session=BWh5OMKLvL28ryZgPPkuHgx6Jy0pCdiVqeF0SfiTYY9LfbAQCvxI72jahM
[2026-09-30T13:37:46.409Z] [DEBUG] [backend] GetOrLaunchForSession called: server=github, session=BWh5OMKLvL28ryZgPPkuHgx6Jy0pCdiVqeF0SfiTYY9LfbAQCvxI72jahM
[2026-09-30T13:37:46.410Z] [DEBUG] [backend] Reusing session connection: server=github, session=BWh5OMKLvL28ryZgPPkuHgx6Jy0pCdiVqeF0SfiTYY9LfbAQCvxI72jahM
[2026-09-30T13:37:46.415Z] [DEBUG] [backend] GetOrLaunchForSession called: server=github, session=BWh5OMKLvL28ryZgPPkuHgx6Jy0pCdiVqeF0SfiTYY9LfbAQCvxI72jahM
[2026-09-30T13:37:46.416Z] [DEBUG] [backend] Reusing session connection: server=github, session=BWh5OMKLvL28ryZgPPkuHgx6Jy0pCdiVqeF0SfiTYY9LfbAQCvxI72jahM
[2026-09-30T13:37:46.421Z] [DEBUG] [backend] GetOrLaunchForSession called: server=github, session=BWh5OMKLvL28ryZgPPkuHgx6Jy0pCdiVqeF0SfiTYY9LfbAQCvxI72jahM
[2026-09-30T13:37:46.421Z] [DEBUG] [backend] Reusing session connection: server=github, session=BWh5OMKLvL28ryZgPPkuHgx6Jy0pCdiVqeF0SfiTYY9LfbAQCvxI72jahM
[2026-09-30T13:37:46.426Z] [DEBUG] [backend] GetOrLaunchForSession called: server=github, session=BWh5OMKLvL28ryZgPPkuHgx6Jy0pCdiVqeF0SfiTYY9LfbAQCvxI72jahM
[2026-09-30T13:37:46.427Z] [DEBUG] [backend] Reusing session connection: server=github, session=BWh5OMKLvL28ryZgPPkuHgx6Jy0pCdiVqeF0SfiTYY9LfbAQCvxI72jahM
[2026-09-30T13:37:47.003Z] [DEBUG] [backend] GetOrLaunchForSession called: server=github, session=BWh5OMKLvL28ryZgPPkuHgx6Jy0pCdiVqeF0SfiTYY9LfbAQCvxI72jahM
[2026-09-30T13:37:47.004Z] [DEBUG] [backend] Reusing session connection: server=github, session=BWh5OMKLvL28ryZgPPkuHgx6Jy0pCdiVqeF0SfiTYY9LfbAQCvxI72jahM
[2026-09-30T13:37:47.009Z] [DEBUG] [backend] GetOrLaunchForSession called: server=github, session=BWh5OMKLvL28ryZgPPkuHgx6Jy0pCdiVqeF0SfiTYY9LfbAQCvxI72jahM
[2026-09-30T13:37:47.010Z] [DEBUG] [backend] Reusing session connection: server=github, session=BWh5OMKLvL28ryZgPPkuHgx6Jy0pCdiVqeF0SfiTYY9LfbAQCvxI72jahM
[2026-09-30T13:37:47.229Z] [DEBUG] [backend] GetOrLaunchForSession called: server=github, session=BWh5OMKLvL28ryZgPPkuHgx6Jy0pCdiVqeF0SfiTYY9LfbAQCvxI72jahM
[2026-09-30T13:37:47.230Z] [DEBUG] [backend] Reusing session connection: server=github, session=BWh5OMKLvL28ryZgPPkuHgx6Jy0pCdiVqeF0SfiTYY9LfbAQCvxI72jahM
[2026-09-30T13:37:47.235Z] [DEBUG] [backend] GetOrLaunchForSession called: server=github, session=BWh5OMKLvL28ryZgPPkuHgx6Jy0pCdiVqeF0SfiTYY9LfbAQCvxI72jahM
[2026-09-30T13:37:47.236Z] [DEBUG] [backend] Reusing session connection: server=github, session=BWh5OMKLvL28ryZgPPkuHgx6Jy0pCdiVqeF0SfiTYY9LfbAQCvxI72jahM
[2026-09-30T13:37:47.667Z] [DEBUG] [backend] GetOrLaunchForSession called: server=github, session=BWh5OMKLvL28ryZgPPkuHgx6Jy0pCdiVqeF0SfiTYY9LfbAQCvxI72jahM
[2026-09-30T13:37:47.668Z] [DEBUG] [backend] Reusing session connection: server=github, session=BWh5OMKLvL28ryZgPPkuHgx6Jy0pCdiVqeF0SfiTYY9LfbAQCvxI72jahM
[2026-09-30T13:37:47.675Z] [DEBUG] [backend] GetOrLaunchForSession called: server=github, session=BWh5OMKLvL28ryZgPPkuHgx6Jy0pCdiVqeF0SfiTYY9LfbAQCvxI72jahM
[2026-09-30T13:37:47.676Z] [DEBUG] [backend] Reusing session connection: server=github, session=BWh5OMKLvL28ryZgPPkuHgx6Jy0pCdiVqeF0SfiTYY9LfbAQCvxI72jahM
[2026-09-30T13:37:48.153Z] [DEBUG] [backend] GetOrLaunchForSession called: server=github, session=BWh5OMKLvL28ryZgPPkuHgx6Jy0pCdiVqeF0SfiTYY9LfbAQCvxI72jahM
[2026-09-30T13:37:48.154Z] [DEBUG] [backend] Reusing session connection: server=github, session=BWh5OMKLvL28ryZgPPkuHgx6Jy0pCdiVqeF0SfiTYY9LfbAQCvxI72jahM
[2026-09-30T13:37:48.159Z] [DEBUG] [backend] GetOrLaunchForSession called: server=github, session=BWh5OMKLvL28ryZgPPkuHgx6Jy0pCdiVqeF0SfiTYY9LfbAQCvxI72jahM
[2026-09-30T13:37:48.159Z] [DEBUG] [backend] Reusing session connection: server=github, session=BWh5OMKLvL28ryZgPPkuHgx6Jy0pCdiVqeF0SfiTYY9LfbAQCvxI72jahM
[2026-09-30T13:37:48.521Z] [DEBUG] [backend] GetOrLaunchForSession called: server=github, session=BWh5OMKLvL28ryZgPPkuHgx6Jy0pCdiVqeF0SfiTYY9LfbAQCvxI72jahM
[2026-09-30T13:37:48.522Z] [DEBUG] [backend] Reusing session connection: server=github, session=BWh5OMKLvL28ryZgPPkuHgx6Jy0pCdiVqeF0SfiTYY9LfbAQCvxI72jahM
[2026-09-30T13:37:48.527Z] [DEBUG] [backend] GetOrLaunchForSession called: server=github, session=BWh5OMKLvL28ryZgPPkuHgx6Jy0pCdiVqeF0SfiTYY9LfbAQCvxI72jahM
[2026-09-30T13:37:48.528Z] [DEBUG] [backend] Reusing session connection: server=github, session=BWh5OMKLvL28ryZgPPkuHgx6Jy0pCdiVqeF0SfiTYY9LfbAQCvxI72jahM
[2026-09-30T13:37:48.933Z] [DEBUG] [backend] GetOrLaunchForSession called: server=github, session=BWh5OMKLvL28ryZgPPkuHgx6Jy0pCdiVqeF0SfiTYY9LfbAQCvxI72jahM
[2026-09-30T13:37:48.934Z] [DEBUG] [backend] Reusing session connection: server=github, session=BWh5OMKLvL28ryZgPPkuHgx6Jy0pCdiVqeF0SfiTYY9LfbAQCvxI72jahM
[2026-09-30T13:37:48.940Z] [DEBUG] [backend] GetOrLaunchForSession called: server=github, session=BWh5OMKLvL28ryZgPPkuHgx6Jy0pCdiVqeF0SfiTYY9LfbAQCvxI72jahM
[2026-09-30T13:37:48.940Z] [DEBUG] [backend] Reusing session connection: server=github, session=BWh5OMKLvL28ryZgPPkuHgx6Jy0pCdiVqeF0SfiTYY9LfbAQCvxI72jahM
[2026-09-30T13:37:48.945Z] [DEBUG] [backend] GetOrLaunchForSession called: server=github, session=BWh5OMKLvL28ryZgPPkuHgx6Jy0pCdiVqeF0SfiTYY9LfbAQCvxI72jahM
[2026-09-30T13:37:48.946Z] [DEBUG] [backend] Reusing session connection: server=github, session=BWh5OMKLvL28ryZgPPkuHgx6Jy0pCdiVqeF0SfiTYY9LfbAQCvxI72jahM
[2026-09-30T13:37:49.354Z] [DEBUG] [backend] GetOrLaunchForSession called: server=github, session=BWh5OMKLvL28ryZgPPkuHgx6Jy0pCdiVqeF0SfiTYY9LfbAQCvxI72jahM
[2026-09-30T13:37:49.355Z] [DEBUG] [backend] Reusing session connection: server=github, session=BWh5OMKLvL28ryZgPPkuHgx6Jy0pCdiVqeF0SfiTYY9LfbAQCvxI72jahM
[2026-09-30T13:37:49.360Z] [DEBUG] [backend] GetOrLaunchForSession called: server=github, session=BWh5OMKLvL28ryZgPPkuHgx6Jy0pCdiVqeF0SfiTYY9LfbAQCvxI72jahM
[2026-09-30T13:37:49.361Z] [DEBUG] [backend] Reusing session connection: server=github, session=BWh5OMKLvL28ryZgPPkuHgx6Jy0pCdiVqeF0SfiTYY9LfbAQCvxI72jahM
[2026-09-30T13:37:49.585Z] [DEBUG] [backend] GetOrLaunchForSession called: server=github, session=BWh5OMKLvL28ryZgPPkuHgx6Jy0pCdiVqeF0SfiTYY9LfbAQCvxI72jahM
[2026-09-30T13:37:49.585Z] [DEBUG] [backend] Reusing session connection: server=github, session=BWh5OMKLvL28ryZgPPkuHgx6Jy0pCdiVqeF0SfiTYY9LfbAQCvxI72jahM
[2026-09-30T13:37:49.590Z] [DEBUG] [backend] GetOrLaunchForSession called: server=github, session=BWh5OMKLvL28ryZgPPkuHgx6Jy0pCdiVqeF0SfiTYY9LfbAQCvxI72jahM
[2026-09-30T13:37:49.591Z] [DEBUG] [backend] Reusing session connection: server=github, session=BWh5OMKLvL28ryZgPPkuHgx6Jy0pCdiVqeF0SfiTYY9LfbAQCvxI72jahM
[2026-09-30T13:37:50.019Z] [DEBUG] [backend] GetOrLaunchForSession called: server=github, session=BWh5OMKLvL28ryZgPPkuHgx6Jy0pCdiVqeF0SfiTYY9LfbAQCvxI72jahM
[2026-09-30T13:37:50.020Z] [DEBUG] [backend] Reusing session connection: server=github, session=BWh5OMKLvL28ryZgPPkuHgx6Jy0pCdiVqeF0SfiTYY9LfbAQCvxI72jahM
[2026-09-30T13:37:50.025Z] [DEBUG] [backend] GetOrLaunchForSession called: server=github, session=BWh5OMKLvL28ryZgPPkuHgx6Jy0pCdiVqeF0SfiTYY9LfbAQCvxI72jahM
[2026-09-30T13:37:50.026Z] [DEBUG] [backend] Reusing session connection: server=github, session=BWh5OMKLvL28ryZgPPkuHgx6Jy0pCdiVqeF0SfiTYY9LfbAQCvxI72jahM
[2026-09-30T13:37:50.460Z] [DEBUG] [backend] GetOrLaunchForSession called: server=github, session=BWh5OMKLvL28ryZgPPkuHgx6Jy0pCdiVqeF0SfiTYY9LfbAQCvxI72jahM
[2026-09-30T13:37:50.461Z] [DEBUG] [backend] Reusing session connection: server=github, session=BWh5OMKLvL28ryZgPPkuHgx6Jy0pCdiVqeF0SfiTYY9LfbAQCvxI72jahM
[2026-09-30T13:37:50.466Z] [DEBUG] [backend] GetOrLaunchForSession called: server=github, session=BWh5OMKLvL28ryZgPPkuHgx6Jy0pCdiVqeF0SfiTYY9LfbAQCvxI72jahM
[2026-09-30T13:37:50.467Z] [DEBUG] [backend] Reusing session connection: server=github, session=BWh5OMKLvL28ryZgPPkuHgx6Jy0pCdiVqeF0SfiTYY9LfbAQCvxI72jahM
[2026-09-30T13:37:50.811Z] [DEBUG] [backend] GetOrLaunchForSession called: server=github, session=BWh5OMKLvL28ryZgPPkuHgx6Jy0pCdiVqeF0SfiTYY9LfbAQCvxI72jahM
[2026-09-30T13:37:50.811Z] [DEBUG] [backend] Reusing session connection: server=github, session=BWh5OMKLvL28ryZgPPkuHgx6Jy0pCdiVqeF0SfiTYY9LfbAQCvxI72jahM
[2026-09-30T13:37:50.816Z] [DEBUG] [backend] GetOrLaunchForSession called: server=github, session=BWh5OMKLvL28ryZgPPkuHgx6Jy0pCdiVqeF0SfiTYY9LfbAQCvxI72jahM
[2026-09-30T13:37:50.817Z] [DEBUG] [backend] Reusing session connection: server=github, session=BWh5OMKLvL28ryZgPPkuHgx6Jy0pCdiVqeF0SfiTYY9LfbAQCvxI72jahM
[2026-09-30T13:37:51.240Z] [DEBUG] [backend] GetOrLaunchForSession called: server=github, session=BWh5OMKLvL28ryZgPPkuHgx6Jy0pCdiVqeF0SfiTYY9LfbAQCvxI72jahM
[2026-09-30T13:37:51.241Z] [DEBUG] [backend] Reusing session connection: server=github, session=BWh5OMKLvL28ryZgPPkuHgx6Jy0pCdiVqeF0SfiTYY9LfbAQCvxI72jahM
[2026-09-30T13:37:51.246Z] [DEBUG] [backend] GetOrLaunchForSession called: server=github, session=BWh5OMKLvL28ryZgPPkuHgx6Jy0pCdiVqeF0SfiTYY9LfbAQCvxI72jahM
[2026-09-30T13:37:51.247Z] [DEBUG] [backend] Reusing session connection: server=github, session=BWh5OMKLvL28ryZgPPkuHgx6Jy0pCdiVqeF0SfiTYY9LfbAQCvxI72jahM
[2026-09-30T13:37:51.439Z] [DEBUG] [backend] GetOrLaunchForSession called: server=github, session=BWh5OMKLvL28ryZgPPkuHgx6Jy0pCdiVqeF0SfiTYY9LfbAQCvxI72jahM
[2026-09-30T13:37:51.439Z] [DEBUG] [backend] Reusing session connection: server=github, session=BWh5OMKLvL28ryZgPPkuHgx6Jy0pCdiVqeF0SfiTYY9LfbAQCvxI72jahM
[2026-09-30T13:37:51.445Z] [DEBUG] [backend] GetOrLaunchForSession called: server=github, session=BWh5OMKLvL28ryZgPPkuHgx6Jy0pCdiVqeF0SfiTYY9LfbAQCvxI72jahM
[2026-09-30T13:37:51.446Z] [DEBUG] [backend] Reusing session connection: server=github, session=BWh5OMKLvL28ryZgPPkuHgx6Jy0pCdiVqeF0SfiTYY9LfbAQCvxI72jahM
[2026-09-30T13:37:51.852Z] [DEBUG] [backend] GetOrLaunchForSession called: server=github, session=BWh5OMKLvL28ryZgPPkuHgx6Jy0pCdiVqeF0SfiTYY9LfbAQCvxI72jahM
[2026-09-30T13:37:51.853Z] [DEBUG] [backend] Reusing session connection: server=github, session=BWh5OMKLvL28ryZgPPkuHgx6Jy0pCdiVqeF0SfiTYY9LfbAQCvxI72jahM
[2026-09-30T13:37:51.857Z] [DEBUG] [backend] GetOrLaunchForSession called: server=github, session=BWh5OMKLvL28ryZgPPkuHgx6Jy0pCdiVqeF0SfiTYY9LfbAQCvxI72jahM
[2026-09-30T13:37:51.858Z] [DEBUG] [backend] Reusing session connection: server=github, session=BWh5OMKLvL28ryZgPPkuHgx6Jy0pCdiVqeF0SfiTYY9LfbAQCvxI72jahM
[2026-09-30T13:37:52.203Z] [DEBUG] [backend] GetOrLaunchForSession called: server=github, session=BWh5OMKLvL28ryZgPPkuHgx6Jy0pCdiVqeF0SfiTYY9LfbAQCvxI72jahM
[2026-09-30T13:37:52.204Z] [DEBUG] [backend] Reusing session connection: server=github, session=BWh5OMKLvL28ryZgPPkuHgx6Jy0pCdiVqeF0SfiTYY9LfbAQCvxI72jahM
[2026-09-30T13:37:52.208Z] [DEBUG] [backend] GetOrLaunchForSession called: server=github, session=BWh5OMKLvL28ryZgPPkuHgx6Jy0pCdiVqeF0SfiTYY9LfbAQCvxI72jahM
[2026-09-30T13:37:52.209Z] [DEBUG] [backend] Reusing session connection: server=github, session=BWh5OMKLvL28ryZgPPkuHgx6Jy0pCdiVqeF0SfiTYY9LfbAQCvxI72jahM
[2026-09-30T13:37:52.593Z] [DEBUG] [backend] GetOrLaunchForSession called: server=github, session=BWh5OMKLvL28ryZgPPkuHgx6Jy0pCdiVqeF0SfiTYY9LfbAQCvxI72jahM
[2026-09-30T13:37:52.593Z] [DEBUG] [backend] Reusing session connection: server=github, session=BWh5OMKLvL28ryZgPPkuHgx6Jy0pCdiVqeF0SfiTYY9LfbAQCvxI72jahM
[2026-09-30T13:37:52.598Z] [DEBUG] [backend] GetOrLaunchForSession called: server=github, session=BWh5OMKLvL28ryZgPPkuHgx6Jy0pCdiVqeF0SfiTYY9LfbAQCvxI72jahM
[2026-09-30T13:37:52.599Z] [DEBUG] [backend] Reusing session connection: server=github, session=BWh5OMKLvL28ryZgPPkuHgx6Jy0pCdiVqeF0SfiTYY9LfbAQCvxI72jahM
[2026-09-30T13:37:52.826Z] [DEBUG] [backend] GetOrLaunchForSession called: server=github, session=BWh5OMKLvL28ryZgPPkuHgx6Jy0pCdiVqeF0SfiTYY9LfbAQCvxI72jahM
[2026-09-30T13:37:52.826Z] [DEBUG] [backend] Reusing session connection: server=github, session=BWh5OMKLvL28ryZgPPkuHgx6Jy0pCdiVqeF0SfiTYY9LfbAQCvxI72jahM
[2026-09-30T13:37:52.832Z] [DEBUG] [backend] GetOrLaunchForSession called: server=github, session=BWh5OMKLvL28ryZgPPkuHgx6Jy0pCdiVqeF0SfiTYY9LfbAQCvxI72jahM
[2026-09-30T13:37:52.832Z] [DEBUG] [backend] Reusing session connection: server=github, session=BWh5OMKLvL28ryZgPPkuHgx6Jy0pCdiVqeF0SfiTYY9LfbAQCvxI72jahM
[2026-09-30T13:37:53.045Z] [DEBUG] [backend] GetOrLaunchForSession called: server=github, session=BWh5OMKLvL28ryZgPPkuHgx6Jy0pCdiVqeF0SfiTYY9LfbAQCvxI72jahM
[2026-09-30T13:37:53.046Z] [DEBUG] [backend] Reusing session connection: server=github, session=BWh5OMKLvL28ryZgPPkuHgx6Jy0pCdiVqeF0SfiTYY9LfbAQCvxI72jahM
[2026-09-30T13:37:53.051Z] [DEBUG] [backend] GetOrLaunchForSession called: server=github, session=BWh5OMKLvL28ryZgPPkuHgx6Jy0pCdiVqeF0SfiTYY9LfbAQCvxI72jahM
[2026-09-30T13:37:53.052Z] [DEBUG] [backend] Reusing session connection: server=github, session=BWh5OMKLvL28ryZgPPkuHgx6Jy0pCdiVqeF0SfiTYY9LfbAQCvxI72jahM
[2026-09-30T13:37:53.258Z] [DEBUG] [backend] GetOrLaunchForSession called: server=github, session=BWh5OMKLvL28ryZgPPkuHgx6Jy0pCdiVqeF0SfiTYY9LfbAQCvxI72jahM
[2026-09-30T13:37:53.258Z] [DEBUG] [backend] Reusing session connection: server=github, session=BWh5OMKLvL28ryZgPPkuHgx6Jy0pCdiVqeF0SfiTYY9LfbAQCvxI72jahM
[2026-09-30T13:37:53.264Z] [DEBUG] [backend] GetOrLaunchForSession called: server=github, session=BWh5OMKLvL28ryZgPPkuHgx6Jy0pCdiVqeF0SfiTYY9LfbAQCvxI72jahM
[2026-09-30T13:37:53.264Z] [DEBUG] [backend] Reusing session connection: server=github, session=BWh5OMKLvL28ryZgPPkuHgx6Jy0pCdiVqeF0SfiTYY9LfbAQCvxI72jahM
[2026-09-30T13:37:53.651Z] [DEBUG] [backend] GetOrLaunchForSession called: server=github, session=BWh5OMKLvL28ryZgPPkuHgx6Jy0pCdiVqeF0SfiTYY9LfbAQCvxI72jahM
[2026-09-30T13:37:53.652Z] [DEBUG] [backend] Reusing session connection: server=github, session=BWh5OMKLvL28ryZgPPkuHgx6Jy0pCdiVqeF0SfiTYY9LfbAQCvxI72jahM
[2026-09-30T13:37:53.657Z] [DEBUG] [backend] GetOrLaunchForSession called: server=github, session=BWh5OMKLvL28ryZgPPkuHgx6Jy0pCdiVqeF0SfiTYY9LfbAQCvxI72jahM
[2026-09-30T13:37:53.657Z] [DEBUG] [backend] Reusing session connection: server=github, session=BWh5OMKLvL28ryZgPPkuHgx6Jy0pCdiVqeF0SfiTYY9LfbAQCvxI72jahM
[2026-09-30T13:37:53.884Z] [DEBUG] [backend] GetOrLaunchForSession called: server=github, session=BWh5OMKLvL28ryZgPPkuHgx6Jy0pCdiVqeF0SfiTYY9LfbAQCvxI72jahM
[2026-09-30T13:37:53.884Z] [DEBUG] [backend] Reusing session connection: server=github, session=BWh5OMKLvL28ryZgPPkuHgx6Jy0pCdiVqeF0SfiTYY9LfbAQCvxI72jahM
[2026-09-30T13:37:53.889Z] [DEBUG] [backend] GetOrLaunchForSession called: server=github, session=BWh5OMKLvL28ryZgPPkuHgx6Jy0pCdiVqeF0SfiTYY9LfbAQCvxI72jahM
[2026-09-30T13:37:53.890Z] [DEBUG] [backend] Reusing session connection: server=github, session=BWh5OMKLvL28ryZgPPkuHgx6Jy0pCdiVqeF0SfiTYY9LfbAQCvxI72jahM
[2026-09-30T13:37:54.137Z] [DEBUG] [backend] GetOrLaunchForSession called: server=github, session=BWh5OMKLvL28ryZgPPkuHgx6Jy0pCdiVqeF0SfiTYY9LfbAQCvxI72jahM
[2026-09-30T13:37:54.138Z] [DEBUG] [backend] Reusing session connection: server=github, session=BWh5OMKLvL28ryZgPPkuHgx6Jy0pCdiVqeF0SfiTYY9LfbAQCvxI72jahM
[2026-09-30T13:37:54.143Z] [DEBUG] [backend] GetOrLaunchForSession called: server=github, session=BWh5OMKLvL28ryZgPPkuHgx6Jy0pCdiVqeF0SfiTYY9LfbAQCvxI72jahM
[2026-09-30T13:37:54.144Z] [DEBUG] [backend] Reusing session connection: server=github, session=BWh5OMKLvL28ryZgPPkuHgx6Jy0pCdiVqeF0SfiTYY9LfbAQCvxI72jahM
[2026-09-30T13:37:54.384Z] [DEBUG] [backend] GetOrLaunchForSession called: server=github, session=BWh5OMKLvL28ryZgPPkuHgx6Jy0pCdiVqeF0SfiTYY9LfbAQCvxI72jahM
[2026-09-30T13:37:54.384Z] [DEBUG] [backend] Reusing session connection: server=github, session=BWh5OMKLvL28ryZgPPkuHgx6Jy0pCdiVqeF0SfiTYY9LfbAQCvxI72jahM
[2026-09-30T13:37:54.389Z] [DEBUG] [backend] GetOrLaunchForSession called: server=github, session=BWh5OMKLvL28ryZgPPkuHgx6Jy0pCdiVqeF0SfiTYY9LfbAQCvxI72jahM
[2026-09-30T13:37:54.390Z] [DEBUG] [backend] Reusing session connection: server=github, session=BWh5OMKLvL28ryZgPPkuHgx6Jy0pCdiVqeF0SfiTYY9LfbAQCvxI72jahM
[2026-09-30T13:37:54.806Z] [DEBUG] [backend] GetOrLaunchForSession called: server=github, session=BWh5OMKLvL28ryZgPPkuHgx6Jy0pCdiVqeF0SfiTYY9LfbAQCvxI72jahM
[2026-09-30T13:37:54.807Z] [DEBUG] [backend] Reusing session connection: server=github, session=BWh5OMKLvL28ryZgPPkuHgx6Jy0pCdiVqeF0SfiTYY9LfbAQCvxI72jahM
[2026-09-30T13:37:54.812Z] [DEBUG] [backend] GetOrLaunchForSession called: server=github, session=BWh5OMKLvL28ryZgPPkuHgx6Jy0pCdiVqeF0SfiTYY9LfbAQCvxI72jahM
[2026-09-30T13:37:54.813Z] [DEBUG] [backend] Reusing session connection: server=github, session=BWh5OMKLvL28ryZgPPkuHgx6Jy0pCdiVqeF0SfiTYY9LfbAQCvxI72jahM
[2026-09-30T13:37:55.277Z] [DEBUG] [backend] GetOrLaunchForSession called: server=github, session=BWh5OMKLvL28ryZgPPkuHgx6Jy0pCdiVqeF0SfiTYY9LfbAQCvxI72jahM
[2026-09-30T13:37:55.278Z] [DEBUG] [backend] Reusing session connection: server=github, session=BWh5OMKLvL28ryZgPPkuHgx6Jy0pCdiVqeF0SfiTYY9LfbAQCvxI72jahM
[2026-09-30T13:37:55.283Z] [DEBUG] [backend] GetOrLaunchForSession called: server=github, session=BWh5OMKLvL28ryZgPPkuHgx6Jy0pCdiVqeF0SfiTYY9LfbAQCvxI72jahM
[2026-09-30T13:37:55.284Z] [DEBUG] [backend] Reusing session connection: server=github, session=BWh5OMKLvL28ryZgPPkuHgx6Jy0pCdiVqeF0SfiTYY9LfbAQCvxI72jahM
[2026-09-30T13:37:55.470Z] [DEBUG] [backend] GetOrLaunchForSession called: server=github, session=BWh5OMKLvL28ryZgPPkuHgx6Jy0pCdiVqeF0SfiTYY9LfbAQCvxI72jahM
[2026-09-30T13:37:55.471Z] [DEBUG] [backend] Reusing session connection: server=github, session=BWh5OMKLvL28ryZgPPkuHgx6Jy0pCdiVqeF0SfiTYY9LfbAQCvxI72jahM
[2026-09-30T13:37:55.477Z] [DEBUG] [backend] GetOrLaunchForSession called: server=github, session=BWh5OMKLvL28ryZgPPkuHgx6Jy0pCdiVqeF0SfiTYY9LfbAQCvxI72jahM
[2026-09-30T13:37:55.477Z] [DEBUG] [backend] Reusing session connection: server=github, session=BWh5OMKLvL28ryZgPPkuHgx6Jy0pCdiVqeF0SfiTYY9LfbAQCvxI72jahM
[2026-09-30T13:37:55.845Z] [DEBUG] [backend] GetOrLaunchForSession called: server=github, session=BWh5OMKLvL28ryZgPPkuHgx6Jy0pCdiVqeF0SfiTYY9LfbAQCvxI72jahM
[2026-09-30T13:37:55.845Z] [DEBUG] [backend] Reusing session connection: server=github, session=BWh5OMKLvL28ryZgPPkuHgx6Jy0pCdiVqeF0SfiTYY9LfbAQCvxI72jahM
[2026-09-30T13:37:55.850Z] [DEBUG] [backend] GetOrLaunchForSession called: server=github, session=BWh5OMKLvL28ryZgPPkuHgx6Jy0pCdiVqeF0SfiTYY9LfbAQCvxI72jahM
[2026-09-30T13:37:55.851Z] [DEBUG] [backend] Reusing session connection: server=github, session=BWh5OMKLvL28ryZgPPkuHgx6Jy0pCdiVqeF0SfiTYY9LfbAQCvxI72jahM
[2026-09-30T13:37:56.246Z] [DEBUG] [backend] GetOrLaunchForSession called: server=github, session=BWh5OMKLvL28ryZgPPkuHgx6Jy0pCdiVqeF0SfiTYY9LfbAQCvxI72jahM
[2026-09-30T13:37:56.247Z] [DEBUG] [backend] Reusing session connection: server=github, session=BWh5OMKLvL28ryZgPPkuHgx6Jy0pCdiVqeF0SfiTYY9LfbAQCvxI72jahM
[2026-09-30T13:37:56.252Z] [DEBUG] [backend] GetOrLaunchForSession called: server=github, session=BWh5OMKLvL28ryZgPPkuHgx6Jy0pCdiVqeF0SfiTYY9LfbAQCvxI72jahM
[2026-09-30T13:37:56.253Z] [DEBUG] [backend] Reusing session connection: server=github, session=BWh5OMKLvL28ryZgPPkuHgx6Jy0pCdiVqeF0SfiTYY9LfbAQCvxI72jahM
[2026-09-30T13:37:56.681Z] [DEBUG] [backend] GetOrLaunchForSession called: server=github, session=BWh5OMKLvL28ryZgPPkuHgx6Jy0pCdiVqeF0SfiTYY9LfbAQCvxI72jahM
[2026-09-30T13:37:56.681Z] [DEBUG] [backend] Reusing session connection: server=github, session=BWh5OMKLvL28ryZgPPkuHgx6Jy0pCdiVqeF0SfiTYY9LfbAQCvxI72jahM
[2026-09-30T13:37:56.686Z] [DEBUG] [backend] GetOrLaunchForSession called: server=github, session=BWh5OMKLvL28ryZgPPkuHgx6Jy0pCdiVqeF0SfiTYY9LfbAQCvxI72jahM
[2026-09-30T13:37:56.687Z] [DEBUG] [backend] Reusing session connection: server=github, session=BWh5OMKLvL28ryZgPPkuHgx6Jy0pCdiVqeF0SfiTYY9LfbAQCvxI72jahM
[2026-09-30T13:37:56.893Z] [DEBUG] [backend] GetOrLaunchForSession called: server=github, session=BWh5OMKLvL28ryZgPPkuHgx6Jy0pCdiVqeF0SfiTYY9LfbAQCvxI72jahM
[2026-09-30T13:37:56.894Z] [DEBUG] [backend] Reusing session connection: server=github, session=BWh5OMKLvL28ryZgPPkuHgx6Jy0pCdiVqeF0SfiTYY9LfbAQCvxI72jahM
[2026-09-30T13:37:56.898Z] [DEBUG] [backend] GetOrLaunchForSession called: server=github, session=BWh5OMKLvL28ryZgPPkuHgx6Jy0pCdiVqeF0SfiTYY9LfbAQCvxI72jahM
[2026-09-30T13:37:56.899Z] [DEBUG] [backend] Reusing session connection: server=github, session=BWh5OMKLvL28ryZgPPkuHgx6Jy0pCdiVqeF0SfiTYY9LfbAQCvxI72jahM
[2026-09-30T13:37:57.133Z] [DEBUG] [backend] GetOrLaunchForSession called: server=github, session=BWh5OMKLvL28ryZgPPkuHgx6Jy0pCdiVqeF0SfiTYY9LfbAQCvxI72jahM
[2026-09-30T13:37:57.133Z] [DEBUG] [backend] Reusing session connection: server=github, session=BWh5OMKLvL28ryZgPPkuHgx6Jy0pCdiVqeF0SfiTYY9LfbAQCvxI72jahM
[2026-09-30T13:37:57.138Z] [DEBUG] [backend] GetOrLaunchForSession called: server=github, session=BWh5OMKLvL28ryZgPPkuHgx6Jy0pCdiVqeF0SfiTYY9LfbAQCvxI72jahM
[2026-09-30T13:37:57.139Z] [DEBUG] [backend] Reusing session connection: server=github, session=BWh5OMKLvL28ryZgPPkuHgx6Jy0pCdiVqeF0SfiTYY9LfbAQCvxI72jahM
[2026-09-30T13:37:57.573Z] [DEBUG] [backend] GetOrLaunchForSession called: server=github, session=BWh5OMKLvL28ryZgPPkuHgx6Jy0pCdiVqeF0SfiTYY9LfbAQCvxI72jahM
[2026-09-30T13:37:57.574Z] [DEBUG] [backend] Reusing session connection: server=github, session=BWh5OMKLvL28ryZgPPkuHgx6Jy0pCdiVqeF0SfiTYY9LfbAQCvxI72jahM
[2026-09-30T13:37:57.579Z] [DEBUG] [backend] GetOrLaunchForSession called: server=github, session=BWh5OMKLvL28ryZgPPkuHgx6Jy0pCdiVqeF0SfiTYY9LfbAQCvxI72jahM
[2026-09-30T13:37:57.580Z] [DEBUG] [backend] Reusing session connection: server=github, session=BWh5OMKLvL28ryZgPPkuHgx6Jy0pCdiVqeF0SfiTYY9LfbAQCvxI72jahM
[2026-09-30T13:37:57.799Z] [DEBUG] [backend] GetOrLaunchForSession called: server=github, session=BWh5OMKLvL28ryZgPPkuHgx6Jy0pCdiVqeF0SfiTYY9LfbAQCvxI72jahM
[2026-09-30T13:37:57.800Z] [DEBUG] [backend] Reusing session connection: server=github, session=BWh5OMKLvL28ryZgPPkuHgx6Jy0pCdiVqeF0SfiTYY9LfbAQCvxI72jahM
[2026-09-30T13:37:57.805Z] [DEBUG] [backend] GetOrLaunchForSession called: server=github, session=BWh5OMKLvL28ryZgPPkuHgx6Jy0pCdiVqeF0SfiTYY9LfbAQCvxI72jahM
[2026-09-30T13:37:57.806Z] [DEBUG] [backend] Reusing session connection: server=github, session=BWh5OMKLvL28ryZgPPkuHgx6Jy0pCdiVqeF0SfiTYY9LfbAQCvxI72jahM
[2026-09-30T13:37:58.179Z] [DEBUG] [backend] GetOrLaunchForSession called: server=github, session=BWh5OMKLvL28ryZgPPkuHgx6Jy0pCdiVqeF0SfiTYY9LfbAQCvxI72jahM
[2026-09-30T13:37:58.179Z] [DEBUG] [backend] Reusing session connection: server=github, session=BWh5OMKLvL28ryZgPPkuHgx6Jy0pCdiVqeF0SfiTYY9LfbAQCvxI72jahM
[2026-09-30T13:37:58.185Z] [DEBUG] [backend] GetOrLaunchForSession called: server=github, session=BWh5OMKLvL28ryZgPPkuHgx6Jy0pCdiVqeF0SfiTYY9LfbAQCvxI72jahM
[2026-09-30T13:37:58.185Z] [DEBUG] [backend] Reusing session connection: server=github, session=BWh5OMKLvL28ryZgPPkuHgx6Jy0pCdiVqeF0SfiTYY9LfbAQCvxI72jahM
[2026-09-30T13:37:58.544Z] [DEBUG] [backend] GetOrLaunchForSession called: server=github, session=BWh5OMKLvL28ryZgPPkuHgx6Jy0pCdiVqeF0SfiTYY9LfbAQCvxI72jahM
[2026-09-30T13:37:58.545Z] [DEBUG] [backend] Reusing session connection: server=github, session=BWh5OMKLvL28ryZgPPkuHgx6Jy0pCdiVqeF0SfiTYY9LfbAQCvxI72jahM
[2026-09-30T13:37:58.550Z] [DEBUG] [backend] GetOrLaunchForSession called: server=github, session=BWh5OMKLvL28ryZgPPkuHgx6Jy0pCdiVqeF0SfiTYY9LfbAQCvxI72jahM
[2026-09-30T13:37:58.551Z] [DEBUG] [backend] Reusing session connection: server=github, session=BWh5OMKLvL28ryZgPPkuHgx6Jy0pCdiVqeF0SfiTYY9LfbAQCvxI72jahM
[2026-09-30T13:37:58.797Z] [DEBUG] [backend] GetOrLaunchForSession called: server=github, session=BWh5OMKLvL28ryZgPPkuHgx6Jy0pCdiVqeF0SfiTYY9LfbAQCvxI72jahM
[2026-09-30T13:37:58.798Z] [DEBUG] [backend] Reusing session connection: server=github, session=BWh5OMKLvL28ryZgPPkuHgx6Jy0pCdiVqeF0SfiTYY9LfbAQCvxI72jahM
[2026-09-30T13:37:58.803Z] [DEBUG] [backend] GetOrLaunchForSession called: server=github, session=BWh5OMKLvL28ryZgPPkuHgx6Jy0pCdiVqeF0SfiTYY9LfbAQCvxI72jahM
[2026-09-30T13:37:58.804Z] [DEBUG] [backend] Reusing session connection: server=github, session=BWh5OMKLvL28ryZgPPkuHgx6Jy0pCdiVqeF0SfiTYY9LfbAQCvxI72jahM
[2026-09-30T13:37:59.081Z] [DEBUG] [backend] GetOrLaunchForSession called: server=github, session=BWh5OMKLvL28ryZgPPkuHgx6Jy0pCdiVqeF0SfiTYY9LfbAQCvxI72jahM
[2026-09-30T13:37:59.081Z] [DEBUG] [backend] Reusing session connection: server=github, session=BWh5OMKLvL28ryZgPPkuHgx6Jy0pCdiVqeF0SfiTYY9LfbAQCvxI72jahM
[2026-09-30T13:37:59.086Z] [DEBUG] [backend] GetOrLaunchForSession called: server=github, session=BWh5OMKLvL28ryZgPPkuHgx6Jy0pCdiVqeF0SfiTYY9LfbAQCvxI72jahM
[2026-09-30T13:37:59.087Z] [DEBUG] [backend] Reusing session connection: server=github, session=BWh5OMKLvL28ryZgPPkuHgx6Jy0pCdiVqeF0SfiTYY9LfbAQCvxI72jahM
[2026-09-30T13:37:59.523Z] [DEBUG] [backend] GetOrLaunchForSession called: server=github, session=BWh5OMKLvL28ryZgPPkuHgx6Jy0pCdiVqeF0SfiTYY9LfbAQCvxI72jahM
[2026-09-30T13:37:59.524Z] [DEBUG] [backend] Reusing session connection: server=github, session=BWh5OMKLvL28ryZgPPkuHgx6Jy0pCdiVqeF0SfiTYY9LfbAQCvxI72jahM
[2026-09-30T13:37:59.529Z] [DEBUG] [backend] GetOrLaunchForSession called: server=github, session=BWh5OMKLvL28ryZgPPkuHgx6Jy0pCdiVqeF0SfiTYY9LfbAQCvxI72jahM
[2026-09-30T13:37:59.529Z] [DEBUG] [backend] Reusing session connection: server=github, session=BWh5OMKLvL28ryZgPPkuHgx6Jy0pCdiVqeF0SfiTYY9LfbAQCvxI72jahM
[2026-09-30T13:37:59.760Z] [DEBUG] [backend] GetOrLaunchForSession called: server=github, session=BWh5OMKLvL28ryZgPPkuHgx6Jy0pCdiVqeF0SfiTYY9LfbAQCvxI72jahM
[2026-09-30T13:37:59.761Z] [DEBUG] [backend] Reusing session connection: server=github, session=BWh5OMKLvL28ryZgPPkuHgx6Jy0pCdiVqeF0SfiTYY9LfbAQCvxI72jahM
[2026-09-30T13:37:59.766Z] [DEBUG] [backend] GetOrLaunchForSession called: server=github, session=BWh5OMKLvL28ryZgPPkuHgx6Jy0pCdiVqeF0SfiTYY9LfbAQCvxI72jahM
[2026-09-30T13:37:59.767Z] [DEBUG] [backend] Reusing session connection: server=github, session=BWh5OMKLvL28ryZgPPkuHgx6Jy0pCdiVqeF0SfiTYY9LfbAQCvxI72jahM
[2026-09-30T13:38:00.041Z] [DEBUG] [backend] GetOrLaunchForSession called: server=github, session=BWh5OMKLvL28ryZgPPkuHgx6Jy0pCdiVqeF0SfiTYY9LfbAQCvxI72jahM
[2026-09-30T13:38:00.042Z] [DEBUG] [backend] Reusing session connection: server=github, session=BWh5OMKLvL28ryZgPPkuHgx6Jy0pCdiVqeF0SfiTYY9LfbAQCvxI72jahM
[2026-09-30T13:38:00.046Z] [DEBUG] [backend] GetOrLaunchForSession called: server=github, session=BWh5OMKLvL28ryZgPPkuHgx6Jy0pCdiVqeF0SfiTYY9LfbAQCvxI72jahM
[2026-09-30T13:38:00.047Z] [DEBUG] [backend] Reusing session connection: server=github, session=BWh5OMKLvL28ryZgPPkuHgx6Jy0pCdiVqeF0SfiTYY9LfbAQCvxI72jahM
[2026-09-30T13:38:00.278Z] [DEBUG] [backend] GetOrLaunchForSession called: server=github, session=BWh5OMKLvL28ryZgPPkuHgx6Jy0pCdiVqeF0SfiTYY9LfbAQCvxI72jahM
[2026-09-30T13:38:00.279Z] [DEBUG] [backend] Reusing session connection: server=github, session=BWh5OMKLvL28ryZgPPkuHgx6Jy0pCdiVqeF0SfiTYY9LfbAQCvxI72jahM
[2026-09-30T13:38:00.284Z] [DEBUG] [backend] GetOrLaunchForSession called: server=github, session=BWh5OMKLvL28ryZgPPkuHgx6Jy0pCdiVqeF0SfiTYY9LfbAQCvxI72jahM
[2026-09-30T13:38:00.285Z] [DEBUG] [backend] Reusing session connection: server=github, session=BWh5OMKLvL28ryZgPPkuHgx6Jy0pCdiVqeF0SfiTYY9LfbAQCvxI72jahM
[2026-09-30T13:38:00.525Z] [DEBUG] [backend] GetOrLaunchForSession called: server=github, session=BWh5OMKLvL28ryZgPPkuHgx6Jy0pCdiVqeF0SfiTYY9LfbAQCvxI72jahM
[2026-09-30T13:38:00.526Z] [DEBUG] [backend] Reusing session connection: server=github, session=BWh5OMKLvL28ryZgPPkuHgx6Jy0pCdiVqeF0SfiTYY9LfbAQCvxI72jahM
[2026-09-30T13:38:00.531Z] [DEBUG] [backend] GetOrLaunchForSession called: server=github, session=BWh5OMKLvL28ryZgPPkuHgx6Jy0pCdiVqeF0SfiTYY9LfbAQCvxI72jahM
[2026-09-30T13:38:00.532Z] [DEBUG] [backend] Reusing session connection: server=github, session=BWh5OMKLvL28ryZgPPkuHgx6Jy0pCdiVqeF0SfiTYY9LfbAQCvxI72jahM
[2026-09-30T13:38:00.783Z] [DEBUG] [backend] GetOrLaunchForSession called: server=github, session=BWh5OMKLvL28ryZgPPkuHgx6Jy0pCdiVqeF0SfiTYY9LfbAQCvxI72jahM
[2026-09-30T13:38:00.784Z] [DEBUG] [backend] Reusing session connection: server=github, session=BWh5OMKLvL28ryZgPPkuHgx6Jy0pCdiVqeF0SfiTYY9LfbAQCvxI72jahM
[2026-09-30T13:38:00.789Z] [DEBUG] [backend] GetOrLaunchForSession called: server=github, session=BWh5OMKLvL28ryZgPPkuHgx6Jy0pCdiVqeF0SfiTYY9LfbAQCvxI72jahM
[2026-09-30T13:38:00.789Z] [DEBUG] [backend] Reusing session connection: server=github, session=BWh5OMKLvL28ryZgPPkuHgx6Jy0pCdiVqeF0SfiTYY9LfbAQCvxI72jahM
[2026-09-30T13:38:00.998Z] [DEBUG] [backend] GetOrLaunchForSession called: server=github, session=BWh5OMKLvL28ryZgPPkuHgx6Jy0pCdiVqeF0SfiTYY9LfbAQCvxI72jahM
[2026-09-30T13:38:00.999Z] [DEBUG] [backend] Reusing session connection: server=github, session=BWh5OMKLvL28ryZgPPkuHgx6Jy0pCdiVqeF0SfiTYY9LfbAQCvxI72jahM
[2026-09-30T13:38:01.004Z] [DEBUG] [backend] GetOrLaunchForSession called: server=github, session=BWh5OMKLvL28ryZgPPkuHgx6Jy0pCdiVqeF0SfiTYY9LfbAQCvxI72jahM
[2026-09-30T13:38:01.005Z] [DEBUG] [backend] Reusing session connection: server=github, session=BWh5OMKLvL28ryZgPPkuHgx6Jy0pCdiVqeF0SfiTYY9LfbAQCvxI72jahM
[2026-09-30T13:38:01.204Z] [DEBUG] [backend] GetOrLaunchForSession called: server=github, session=BWh5OMKLvL28ryZgPPkuHgx6Jy0pCdiVqeF0SfiTYY9LfbAQCvxI72jahM
[2026-09-30T13:38:01.205Z] [DEBUG] [backend] Reusing session connection: server=github, session=BWh5OMKLvL28ryZgPPkuHgx6Jy0pCdiVqeF0SfiTYY9LfbAQCvxI72jahM
[2026-09-30T13:38:01.209Z] [DEBUG] [backend] GetOrLaunchForSession called: server=github, session=BWh5OMKLvL28ryZgPPkuHgx6Jy0pCdiVqeF0SfiTYY9LfbAQCvxI72jahM
[2026-09-30T13:38:01.210Z] [DEBUG] [backend] Reusing session connection: server=github, session=BWh5OMKLvL28ryZgPPkuHgx6Jy0pCdiVqeF0SfiTYY9LfbAQCvxI72jahM
[2026-09-30T13:38:01.497Z] [DEBUG] [backend] GetOrLaunchForSession called: server=github, session=BWh5OMKLvL28ryZgPPkuHgx6Jy0pCdiVqeF0SfiTYY9LfbAQCvxI72jahM
[2026-09-30T13:38:01.498Z] [DEBUG] [backend] Reusing session connection: server=github, session=BWh5OMKLvL28ryZgPPkuHgx6Jy0pCdiVqeF0SfiTYY9LfbAQCvxI72jahM
[2026-09-30T13:38:01.504Z] [DEBUG] [backend] GetOrLaunchForSession called: server=github, session=BWh5OMKLvL28ryZgPPkuHgx6Jy0pCdiVqeF0SfiTYY9LfbAQCvxI72jahM
[2026-09-30T13:38:01.505Z] [DEBUG] [backend] Reusing session connection: server=github, session=BWh5OMKLvL28ryZgPPkuHgx6Jy0pCdiVqeF0SfiTYY9LfbAQCvxI72jahM
[2026-09-30T13:38:01.739Z] [DEBUG] [backend] GetOrLaunchForSession called: server=github, session=BWh5OMKLvL28ryZgPPkuHgx6Jy0pCdiVqeF0SfiTYY9LfbAQCvxI72jahM
[2026-09-30T13:38:01.739Z] [DEBUG] [backend] Reusing session connection: server=github, session=BWh5OMKLvL28ryZgPPkuHgx6Jy0pCdiVqeF0SfiTYY9LfbAQCvxI72jahM
[2026-09-30T13:38:01.744Z] [DEBUG] [backend] GetOrLaunchForSession called: server=github, session=BWh5OMKLvL28ryZgPPkuHgx6Jy0pCdiVqeF0SfiTYY9LfbAQCvxI72jahM
[2026-09-30T13:38:01.745Z] [DEBUG] [backend] Reusing session connection: server=github, session=BWh5OMKLvL28ryZgPPkuHgx6Jy0pCdiVqeF0SfiTYY9LfbAQCvxI72jahM
[2026-09-30T13:38:02.034Z] [DEBUG] [backend] GetOrLaunchForSession called: server=github, session=BWh5OMKLvL28ryZgPPkuHgx6Jy0pCdiVqeF0SfiTYY9LfbAQCvxI72jahM
[2026-09-30T13:38:02.035Z] [DEBUG] [backend] Reusing session connection: server=github, session=BWh5OMKLvL28ryZgPPkuHgx6Jy0pCdiVqeF0SfiTYY9LfbAQCvxI72jahM
[2026-09-30T13:38:02.040Z] [DEBUG] [backend] GetOrLaunchForSession called: server=github, session=BWh5OMKLvL28ryZgPPkuHgx6Jy0pCdiVqeF0SfiTYY9LfbAQCvxI72jahM
[2026-09-30T13:38:02.041Z] [DEBUG] [backend] Reusing session connection: server=github, session=BWh5OMKLvL28ryZgPPkuHgx6Jy0pCdiVqeF0SfiTYY9LfbAQCvxI72jahM
[2026-09-30T13:38:02.245Z] [DEBUG] [backend] GetOrLaunchForSession called: server=github, session=BWh5OMKLvL28ryZgPPkuHgx6Jy0pCdiVqeF0SfiTYY9LfbAQCvxI72jahM
[2026-09-30T13:38:02.246Z] [DEBUG] [backend] Reusing session connection: server=github, session=BWh5OMKLvL28ryZgPPkuHgx6Jy0pCdiVqeF0SfiTYY9LfbAQCvxI72jahM
[2026-09-30T13:38:02.251Z] [DEBUG] [backend] GetOrLaunchForSession called: server=github, session=BWh5OMKLvL28ryZgPPkuHgx6Jy0pCdiVqeF0SfiTYY9LfbAQCvxI72jahM
[2026-09-30T13:38:02.251Z] [DEBUG] [backend] Reusing session connection: server=github, session=BWh5OMKLvL28ryZgPPkuHgx6Jy0pCdiVqeF0SfiTYY9LfbAQCvxI72jahM
[2026-09-30T13:38:02.680Z] [DEBUG] [backend] GetOrLaunchForSession called: server=github, session=BWh5OMKLvL28ryZgPPkuHgx6Jy0pCdiVqeF0SfiTYY9LfbAQCvxI72jahM
[2026-09-30T13:38:02.681Z] [DEBUG] [backend] Reusing session connection: server=github, session=BWh5OMKLvL28ryZgPPkuHgx6Jy0pCdiVqeF0SfiTYY9LfbAQCvxI72jahM
[2026-09-30T13:38:02.686Z] [DEBUG] [backend] GetOrLaunchForSession called: server=github, session=BWh5OMKLvL28ryZgPPkuHgx6Jy0pCdiVqeF0SfiTYY9LfbAQCvxI72jahM
[2026-09-30T13:38:02.687Z] [DEBUG] [backend] Reusing session connection: server=github, session=BWh5OMKLvL28ryZgPPkuHgx6Jy0pCdiVqeF0SfiTYY9LfbAQCvxI72jahM
[2026-09-30T13:38:02.928Z] [DEBUG] [backend] GetOrLaunchForSession called: server=github, session=BWh5OMKLvL28ryZgPPkuHgx6Jy0pCdiVqeF0SfiTYY9LfbAQCvxI72jahM
[2026-09-30T13:38:02.929Z] [DEBUG] [backend] Reusing session connection: server=github, session=BWh5OMKLvL28ryZgPPkuHgx6Jy0pCdiVqeF0SfiTYY9LfbAQCvxI72jahM
[2026-09-30T13:38:02.933Z] [DEBUG] [backend] GetOrLaunchForSession called: server=github, session=BWh5OMKLvL28ryZgPPkuHgx6Jy0pCdiVqeF0SfiTYY9LfbAQCvxI72jahM
[2026-09-30T13:38:02.934Z] [DEBUG] [backend] Reusing session connection: server=github, session=BWh5OMKLvL28ryZgPPkuHgx6Jy0pCdiVqeF0SfiTYY9LfbAQCvxI72jahM
[2026-09-30T13:38:03.200Z] [DEBUG] [backend] GetOrLaunchForSession called: server=github, session=BWh5OMKLvL28ryZgPPkuHgx6Jy0pCdiVqeF0SfiTYY9LfbAQCvxI72jahM
[2026-09-30T13:38:03.200Z] [DEBUG] [backend] Reusing session connection: server=github, session=BWh5OMKLvL28ryZgPPkuHgx6Jy0pCdiVqeF0SfiTYY9LfbAQCvxI72jahM
[2026-09-30T13:38:03.205Z] [DEBUG] [backend] GetOrLaunchForSession called: server=github, session=BWh5OMKLvL28ryZgPPkuHgx6Jy0pCdiVqeF0SfiTYY9LfbAQCvxI72jahM
[2026-09-30T13:38:03.206Z] [DEBUG] [backend] Reusing session connection: server=github, session=BWh5OMKLvL28ryZgPPkuHgx6Jy0pCdiVqeF0SfiTYY9LfbAQCvxI72jahM
[2026-09-30T13:38:03.452Z] [DEBUG] [backend] GetOrLaunchForSession called: server=github, session=BWh5OMKLvL28ryZgPPkuHgx6Jy0pCdiVqeF0SfiTYY9LfbAQCvxI72jahM
[2026-09-30T13:38:03.453Z] [DEBUG] [backend] Reusing session connection: server=github, session=BWh5OMKLvL28ryZgPPkuHgx6Jy0pCdiVqeF0SfiTYY9LfbAQCvxI72jahM
[2026-09-30T13:38:03.458Z] [DEBUG] [backend] GetOrLaunchForSession called: server=github, session=BWh5OMKLvL28ryZgPPkuHgx6Jy0pCdiVqeF0SfiTYY9LfbAQCvxI72jahM
[2026-09-30T13:38:03.459Z] [DEBUG] [backend] Reusing session connection: server=github, session=BWh5OMKLvL28ryZgPPkuHgx6Jy0pCdiVqeF0SfiTYY9LfbAQCvxI72jahM
[2026-09-30T13:38:03.738Z] [DEBUG] [backend] GetOrLaunchForSession called: server=github, session=BWh5OMKLvL28ryZgPPkuHgx6Jy0pCdiVqeF0SfiTYY9LfbAQCvxI72jahM
[2026-09-30T13:38:03.738Z] [DEBUG] [backend] Reusing session connection: server=github, session=BWh5OMKLvL28ryZgPPkuHgx6Jy0pCdiVqeF0SfiTYY9LfbAQCvxI72jahM
[2026-09-30T13:38:03.743Z] [DEBUG] [backend] GetOrLaunchForSession called: server=github, session=BWh5OMKLvL28ryZgPPkuHgx6Jy0pCdiVqeF0SfiTYY9LfbAQCvxI72jahM
[2026-09-30T13:38:03.745Z] [DEBUG] [backend] Reusing session connection: server=github, session=BWh5OMKLvL28ryZgPPkuHgx6Jy0pCdiVqeF0SfiTYY9LfbAQCvxI72jahM
[2026-09-30T13:38:04.199Z] [DEBUG] [backend] GetOrLaunchForSession called: server=github, session=BWh5OMKLvL28ryZgPPkuHgx6Jy0pCdiVqeF0SfiTYY9LfbAQCvxI72jahM
[2026-09-30T13:38:04.200Z] [DEBUG] [backend] Reusing session connection: server=github, session=BWh5OMKLvL28ryZgPPkuHgx6Jy0pCdiVqeF0SfiTYY9LfbAQCvxI72jahM
[2026-09-30T13:38:04.205Z] [DEBUG] [backend] GetOrLaunchForSession called: server=github, session=BWh5OMKLvL28ryZgPPkuHgx6Jy0pCdiVqeF0SfiTYY9LfbAQCvxI72jahM
[2026-09-30T13:38:04.206Z] [DEBUG] [backend] Reusing session connection: server=github, session=BWh5OMKLvL28ryZgPPkuHgx6Jy0pCdiVqeF0SfiTYY9LfbAQCvxI72jahM
[2026-09-30T13:38:04.606Z] [DEBUG] [backend] GetOrLaunchForSession called: server=github, session=BWh5OMKLvL28ryZgPPkuHgx6Jy0pCdiVqeF0SfiTYY9LfbAQCvxI72jahM
[2026-09-30T13:38:04.607Z] [DEBUG] [backend] Reusing session connection: server=github, session=BWh5OMKLvL28ryZgPPkuHgx6Jy0pCdiVqeF0SfiTYY9LfbAQCvxI72jahM
[2026-09-30T13:38:04.612Z] [DEBUG] [backend] GetOrLaunchForSession called: server=github, session=BWh5OMKLvL28ryZgPPkuHgx6Jy0pCdiVqeF0SfiTYY9LfbAQCvxI72jahM
[2026-09-30T13:38:04.612Z] [DEBUG] [backend] Reusing session connection: server=github, session=BWh5OMKLvL28ryZgPPkuHgx6Jy0pCdiVqeF0SfiTYY9LfbAQCvxI72jahM
[2026-09-30T13:38:04.879Z] [DEBUG] [backend] GetOrLaunchForSession called: server=github, session=BWh5OMKLvL28ryZgPPkuHgx6Jy0pCdiVqeF0SfiTYY9LfbAQCvxI72jahM
[2026-09-30T13:38:04.879Z] [DEBUG] [backend] Reusing session connection: server=github, session=BWh5OMKLvL28ryZgPPkuHgx6Jy0pCdiVqeF0SfiTYY9LfbAQCvxI72jahM
[2026-09-30T13:38:04.885Z] [DEBUG] [backend] GetOrLaunchForSession called: server=github, session=BWh5OMKLvL28ryZgPPkuHgx6Jy0pCdiVqeF0SfiTYY9LfbAQCvxI72jahM
[2026-09-30T13:38:04.885Z] [DEBUG] [backend] Reusing session connection: server=github, session=BWh5OMKLvL28ryZgPPkuHgx6Jy0pCdiVqeF0SfiTYY9LfbAQCvxI72jahM
[2026-09-30T13:38:05.083Z] [DEBUG] [backend] GetOrLaunchForSession called: server=github, session=BWh5OMKLvL28ryZgPPkuHgx6Jy0pCdiVqeF0SfiTYY9LfbAQCvxI72jahM
[2026-09-30T13:38:05.084Z] [DEBUG] [backend] Reusing session connection: server=github, session=BWh5OMKLvL28ryZgPPkuHgx6Jy0pCdiVqeF0SfiTYY9LfbAQCvxI72jahM
[2026-09-30T13:38:05.088Z] [DEBUG] [backend] GetOrLaunchForSession called: server=github, session=BWh5OMKLvL28ryZgPPkuHgx6Jy0pCdiVqeF0SfiTYY9LfbAQCvxI72jahM
[2026-09-30T13:38:05.089Z] [DEBUG] [backend] Reusing session connection: server=github, session=BWh5OMKLvL28ryZgPPkuHgx6Jy0pCdiVqeF0SfiTYY9LfbAQCvxI72jahM
[2026-09-30T13:38:05.314Z] [DEBUG] [backend] GetOrLaunchForSession called: server=github, session=BWh5OMKLvL28ryZgPPkuHgx6Jy0pCdiVqeF0SfiTYY9LfbAQCvxI72jahM
[2026-09-30T13:38:05.314Z] [DEBUG] [backend] Reusing session connection: server=github, session=BWh5OMKLvL28ryZgPPkuHgx6Jy0pCdiVqeF0SfiTYY9LfbAQCvxI72jahM
[2026-09-30T13:38:05.319Z] [DEBUG] [backend] GetOrLaunchForSession called: server=github, session=BWh5OMKLvL28ryZgPPkuHgx6Jy0pCdiVqeF0SfiTYY9LfbAQCvxI72jahM
[2026-09-30T13:38:05.320Z] [DEBUG] [backend] Reusing session connection: server=github, session=BWh5OMKLvL28ryZgPPkuHgx6Jy0pCdiVqeF0SfiTYY9LfbAQCvxI72jahM
[2026-09-30T13:38:05.736Z] [DEBUG] [backend] GetOrLaunchForSession called: server=github, session=BWh5OMKLvL28ryZgPPkuHgx6Jy0pCdiVqeF0SfiTYY9LfbAQCvxI72jahM
[2026-09-30T13:38:05.737Z] [DEBUG] [backend] Reusing session connection: server=github, session=BWh5OMKLvL28ryZgPPkuHgx6Jy0pCdiVqeF0SfiTYY9LfbAQCvxI72jahM
[2026-09-30T13:38:05.741Z] [DEBUG] [backend] GetOrLaunchForSession called: server=github, session=BWh5OMKLvL28ryZgPPkuHgx6Jy0pCdiVqeF0SfiTYY9LfbAQCvxI72jahM
[2026-09-30T13:38:05.742Z] [DEBUG] [backend] Reusing session connection: server=github, session=BWh5OMKLvL28ryZgPPkuHgx6Jy0pCdiVqeF0SfiTYY9LfbAQCvxI72jahM
[2026-09-30T13:38:05.956Z] [DEBUG] [backend] GetOrLaunchForSession called: server=github, session=BWh5OMKLvL28ryZgPPkuHgx6Jy0pCdiVqeF0SfiTYY9LfbAQCvxI72jahM
[2026-09-30T13:38:05.957Z] [DEBUG] [backend] Reusing session connection: server=github, session=BWh5OMKLvL28ryZgPPkuHgx6Jy0pCdiVqeF0SfiTYY9LfbAQCvxI72jahM
[2026-09-30T13:38:05.962Z] [DEBUG] [backend] GetOrLaunchForSession called: server=github, session=BWh5OMKLvL28ryZgPPkuHgx6Jy0pCdiVqeF0SfiTYY9LfbAQCvxI72jahM
[2026-09-30T13:38:05.963Z] [DEBUG] [backend] Reusing session connection: server=github, session=BWh5OMKLvL28ryZgPPkuHgx6Jy0pCdiVqeF0SfiTYY9LfbAQCvxI72jahM
[2026-09-30T13:38:06.171Z] [DEBUG] [backend] GetOrLaunchForSession called: server=github, session=BWh5OMKLvL28ryZgPPkuHgx6Jy0pCdiVqeF0SfiTYY9LfbAQCvxI72jahM
[2026-09-30T13:38:06.172Z] [DEBUG] [backend] Reusing session connection: server=github, session=BWh5OMKLvL28ryZgPPkuHgx6Jy0pCdiVqeF0SfiTYY9LfbAQCvxI72jahM
[2026-09-30T13:38:06.177Z] [DEBUG] [backend] GetOrLaunchForSession called: server=github, session=BWh5OMKLvL28ryZgPPkuHgx6Jy0pCdiVqeF0SfiTYY9LfbAQCvxI72jahM
[2026-09-30T13:38:06.178Z] [DEBUG] [backend] Reusing session connection: server=github, session=BWh5OMKLvL28ryZgPPkuHgx6Jy0pCdiVqeF0SfiTYY9LfbAQCvxI72jahM
[2026-09-30T13:38:06.364Z] [DEBUG] [backend] GetOrLaunchForSession called: server=github, session=BWh5OMKLvL28ryZgPPkuHgx6Jy0pCdiVqeF0SfiTYY9LfbAQCvxI72jahM
[2026-09-30T13:38:06.365Z] [DEBUG] [backend] Reusing session connection: server=github, session=BWh5OMKLvL28ryZgPPkuHgx6Jy0pCdiVqeF0SfiTYY9LfbAQCvxI72jahM
[2026-09-30T13:38:06.370Z] [DEBUG] [backend] GetOrLaunchForSession called: server=github, session=BWh5OMKLvL28ryZgPPkuHgx6Jy0pCdiVqeF0SfiTYY9LfbAQCvxI72jahM
[2026-09-30T13:38:06.371Z] [DEBUG] [backend] Reusing session connection: server=github, session=BWh5OMKLvL28ryZgPPkuHgx6Jy0pCdiVqeF0SfiTYY9LfbAQCvxI72jahM
[2026-09-30T13:38:06.617Z] [DEBUG] [backend] GetOrLaunchForSession called: server=github, session=BWh5OMKLvL28ryZgPPkuHgx6Jy0pCdiVqeF0SfiTYY9LfbAQCvxI72jahM
[2026-09-30T13:38:06.618Z] [DEBUG] [backend] Reusing session connection: server=github, session=BWh5OMKLvL28ryZgPPkuHgx6Jy0pCdiVqeF0SfiTYY9LfbAQCvxI72jahM
[2026-09-30T13:38:06.623Z] [DEBUG] [backend] GetOrLaunchForSession called: server=github, session=BWh5OMKLvL28ryZgPPkuHgx6Jy0pCdiVqeF0SfiTYY9LfbAQCvxI72jahM
[2026-09-30T13:38:06.624Z] [DEBUG] [backend] Reusing session connection: server=github, session=BWh5OMKLvL28ryZgPPkuHgx6Jy0pCdiVqeF0SfiTYY9LfbAQCvxI72jahM
[2026-09-30T13:38:06.839Z] [DEBUG] [backend] GetOrLaunchForSession called: server=github, session=BWh5OMKLvL28ryZgPPkuHgx6Jy0pCdiVqeF0SfiTYY9LfbAQCvxI72jahM
[2026-09-30T13:38:06.840Z] [DEBUG] [backend] Reusing session connection: server=github, session=BWh5OMKLvL28ryZgPPkuHgx6Jy0pCdiVqeF0SfiTYY9LfbAQCvxI72jahM
[2026-09-30T13:38:06.845Z] [DEBUG] [backend] GetOrLaunchForSession called: server=github, session=BWh5OMKLvL28ryZgPPkuHgx6Jy0pCdiVqeF0SfiTYY9LfbAQCvxI72jahM
[2026-09-30T13:38:06.845Z] [DEBUG] [backend] Reusing session connection: server=github, session=BWh5OMKLvL28ryZgPPkuHgx6Jy0pCdiVqeF0SfiTYY9LfbAQCvxI72jahM
[2026-09-30T13:38:06.850Z] [DEBUG] [backend] GetOrLaunchForSession called: server=github, session=BWh5OMKLvL28ryZgPPkuHgx6Jy0pCdiVqeF0SfiTYY9LfbAQCvxI72jahM
[2026-09-30T13:38:06.851Z] [DEBUG] [backend] Reusing session connection: server=github, session=BWh5OMKLvL28ryZgPPkuHgx6Jy0pCdiVqeF0SfiTYY9LfbAQCvxI72jahM
[2026-09-30T13:38:07.198Z] [DEBUG] [backend] GetOrLaunchForSession called: server=github, session=BWh5OMKLvL28ryZgPPkuHgx6Jy0pCdiVqeF0SfiTYY9LfbAQCvxI72jahM
[2026-09-30T13:38:07.199Z] [DEBUG] [backend] Reusing session connection: server=github, session=BWh5OMKLvL28ryZgPPkuHgx6Jy0pCdiVqeF0SfiTYY9LfbAQCvxI72jahM
[2026-09-30T13:38:07.204Z] [DEBUG] [backend] GetOrLaunchForSession called: server=github, session=BWh5OMKLvL28ryZgPPkuHgx6Jy0pCdiVqeF0SfiTYY9LfbAQCvxI72jahM
[2026-09-30T13:38:07.205Z] [DEBUG] [backend] Reusing session connection: server=github, session=BWh5OMKLvL28ryZgPPkuHgx6Jy0pCdiVqeF0SfiTYY9LfbAQCvxI72jahM
[2026-09-30T13:38:07.705Z] [DEBUG] [backend] GetOrLaunchForSession called: server=github, session=BWh5OMKLvL28ryZgPPkuHgx6Jy0pCdiVqeF0SfiTYY9LfbAQCvxI72jahM
[2026-09-30T13:38:07.705Z] [DEBUG] [backend] Reusing session connection: server=github, session=BWh5OMKLvL28ryZgPPkuHgx6Jy0pCdiVqeF0SfiTYY9LfbAQCvxI72jahM
[2026-09-30T13:38:07.710Z] [DEBUG] [backend] GetOrLaunchForSession called: server=github, session=BWh5OMKLvL28ryZgPPkuHgx6Jy0pCdiVqeF0SfiTYY9LfbAQCvxI72jahM
[2026-09-30T13:38:07.711Z] [DEBUG] [backend] Reusing session connection: server=github, session=BWh5OMKLvL28ryZgPPkuHgx6Jy0pCdiVqeF0SfiTYY9LfbAQCvxI72jahM
[2026-09-30T13:38:07.964Z] [DEBUG] [backend] GetOrLaunchForSession called: server=github, session=BWh5OMKLvL28ryZgPPkuHgx6Jy0pCdiVqeF0SfiTYY9LfbAQCvxI72jahM
[2026-09-30T13:38:07.965Z] [DEBUG] [backend] Reusing session connection: server=github, session=BWh5OMKLvL28ryZgPPkuHgx6Jy0pCdiVqeF0SfiTYY9LfbAQCvxI72jahM
[2026-09-30T13:38:07.969Z] [DEBUG] [backend] GetOrLaunchForSession called: server=github, session=BWh5OMKLvL28ryZgPPkuHgx6Jy0pCdiVqeF0SfiTYY9LfbAQCvxI72jahM
[2026-09-30T13:38:07.970Z] [DEBUG] [backend] Reusing session connection: server=github, session=BWh5OMKLvL28ryZgPPkuHgx6Jy0pCdiVqeF0SfiTYY9LfbAQCvxI72jahM
[2026-09-30T13:38:08.215Z] [DEBUG] [backend] GetOrLaunchForSession called: server=github, session=BWh5OMKLvL28ryZgPPkuHgx6Jy0pCdiVqeF0SfiTYY9LfbAQCvxI72jahM
[2026-09-30T13:38:08.216Z] [DEBUG] [backend] Reusing session connection: server=github, session=BWh5OMKLvL28ryZgPPkuHgx6Jy0pCdiVqeF0SfiTYY9LfbAQCvxI72jahM
[2026-09-30T13:38:08.221Z] [DEBUG] [backend] GetOrLaunchForSession called: server=github, session=BWh5OMKLvL28ryZgPPkuHgx6Jy0pCdiVqeF0SfiTYY9LfbAQCvxI72jahM
[2026-09-30T13:38:08.222Z] [DEBUG] [backend] Reusing session connection: server=github, session=BWh5OMKLvL28ryZgPPkuHgx6Jy0pCdiVqeF0SfiTYY9LfbAQCvxI72jahM
[2026-09-30T13:38:08.817Z] [DEBUG] [backend] GetOrLaunchForSession called: server=github, session=BWh5OMKLvL28ryZgPPkuHgx6Jy0pCdiVqeF0SfiTYY9LfbAQCvxI72jahM
[2026-09-30T13:38:08.818Z] [DEBUG] [backend] Reusing session connection: server=github, session=BWh5OMKLvL28ryZgPPkuHgx6Jy0pCdiVqeF0SfiTYY9LfbAQCvxI72jahM
[2026-09-30T13:38:08.823Z] [DEBUG] [backend] GetOrLaunchForSession called: server=github, session=BWh5OMKLvL28ryZgPPkuHgx6Jy0pCdiVqeF0SfiTYY9LfbAQCvxI72jahM
[2026-09-30T13:38:08.824Z] [DEBUG] [backend] Reusing session connection: server=github, session=BWh5OMKLvL28ryZgPPkuHgx6Jy0pCdiVqeF0SfiTYY9LfbAQCvxI72jahM
[2026-09-30T13:38:09.226Z] [DEBUG] [backend] GetOrLaunchForSession called: server=github, session=BWh5OMKLvL28ryZgPPkuHgx6Jy0pCdiVqeF0SfiTYY9LfbAQCvxI72jahM
[2026-09-30T13:38:09.227Z] [DEBUG] [backend] Reusing session connection: server=github, session=BWh5OMKLvL28ryZgPPkuHgx6Jy0pCdiVqeF0SfiTYY9LfbAQCvxI72jahM
[2026-09-30T13:38:09.232Z] [DEBUG] [backend] GetOrLaunchForSession called: server=github, session=BWh5OMKLvL28ryZgPPkuHgx6Jy0pCdiVqeF0SfiTYY9LfbAQCvxI72jahM
[2026-09-30T13:38:09.233Z] [DEBUG] [backend] Reusing session connection: server=github, session=BWh5OMKLvL28ryZgPPkuHgx6Jy0pCdiVqeF0SfiTYY9LfbAQCvxI72jahM
[2026-09-30T13:38:09.439Z] [DEBUG] [backend] GetOrLaunchForSession called: server=github, session=BWh5OMKLvL28ryZgPPkuHgx6Jy0pCdiVqeF0SfiTYY9LfbAQCvxI72jahM
[2026-09-30T13:38:09.440Z] [DEBUG] [backend] Reusing session connection: server=github, session=BWh5OMKLvL28ryZgPPkuHgx6Jy0pCdiVqeF0SfiTYY9LfbAQCvxI72jahM
[2026-09-30T13:38:09.445Z] [DEBUG] [backend] GetOrLaunchForSession called: server=github, session=BWh5OMKLvL28ryZgPPkuHgx6Jy0pCdiVqeF0SfiTYY9LfbAQCvxI72jahM
[2026-09-30T13:38:09.446Z] [DEBUG] [backend] Reusing session connection: server=github, session=BWh5OMKLvL28ryZgPPkuHgx6Jy0pCdiVqeF0SfiTYY9LfbAQCvxI72jahM
[2026-09-30T13:38:09.677Z] [DEBUG] [backend] GetOrLaunchForSession called: server=github, session=BWh5OMKLvL28ryZgPPkuHgx6Jy0pCdiVqeF0SfiTYY9LfbAQCvxI72jahM
[2026-09-30T13:38:09.678Z] [DEBUG] [backend] Reusing session connection: server=github, session=BWh5OMKLvL28ryZgPPkuHgx6Jy0pCdiVqeF0SfiTYY9LfbAQCvxI72jahM
[2026-09-30T13:38:09.683Z] [DEBUG] [backend] GetOrLaunchForSession called: server=github, session=BWh5OMKLvL28ryZgPPkuHgx6Jy0pCdiVqeF0SfiTYY9LfbAQCvxI72jahM
[2026-09-30T13:38:09.683Z] [DEBUG] [backend] Reusing session connection: server=github, session=BWh5OMKLvL28ryZgPPkuHgx6Jy0pCdiVqeF0SfiTYY9LfbAQCvxI72jahM
[2026-09-30T13:38:10.124Z] [DEBUG] [backend] GetOrLaunchForSession called: server=github, session=BWh5OMKLvL28ryZgPPkuHgx6Jy0pCdiVqeF0SfiTYY9LfbAQCvxI72jahM
[2026-09-30T13:38:10.125Z] [DEBUG] [backend] Reusing session connection: server=github, session=BWh5OMKLvL28ryZgPPkuHgx6Jy0pCdiVqeF0SfiTYY9LfbAQCvxI72jahM
[2026-09-30T13:38:10.130Z] [DEBUG] [backend] GetOrLaunchForSession called: server=github, session=BWh5OMKLvL28ryZgPPkuHgx6Jy0pCdiVqeF0SfiTYY9LfbAQCvxI72jahM
[2026-09-30T13:38:10.131Z] [DEBUG] [backend] Reusing session connection: server=github, session=BWh5OMKLvL28ryZgPPkuHgx6Jy0pCdiVqeF0SfiTYY9LfbAQCvxI72jahM
[2026-09-30T13:38:10.605Z] [DEBUG] [backend] GetOrLaunchForSession called: server=github, session=BWh5OMKLvL28ryZgPPkuHgx6Jy0pCdiVqeF0SfiTYY9LfbAQCvxI72jahM
[2026-09-30T13:38:10.605Z] [DEBUG] [backend] Reusing session connection: server=github, session=BWh5OMKLvL28ryZgPPkuHgx6Jy0pCdiVqeF0SfiTYY9LfbAQCvxI72jahM
[2026-09-30T13:38:10.610Z] [DEBUG] [backend] GetOrLaunchForSession called: server=github, session=BWh5OMKLvL28ryZgPPkuHgx6Jy0pCdiVqeF0SfiTYY9LfbAQCvxI72jahM
[2026-09-30T13:38:10.611Z] [DEBUG] [backend] Reusing session connection: server=github, session=BWh5OMKLvL28ryZgPPkuHgx6Jy0pCdiVqeF0SfiTYY9LfbAQCvxI72jahM
[2026-09-30T13:38:11.176Z] [DEBUG] [backend] GetOrLaunchForSession called: server=github, session=BWh5OMKLvL28ryZgPPkuHgx6Jy0pCdiVqeF0SfiTYY9LfbAQCvxI72jahM
[2026-09-30T13:38:11.177Z] [DEBUG] [backend] Reusing session connection: server=github, session=BWh5OMKLvL28ryZgPPkuHgx6Jy0pCdiVqeF0SfiTYY9LfbAQCvxI72jahM
[2026-09-30T13:38:11.182Z] [DEBUG] [backend] GetOrLaunchForSession called: server=github, session=BWh5OMKLvL28ryZgPPkuHgx6Jy0pCdiVqeF0SfiTYY9LfbAQCvxI72jahM
[2026-09-30T13:38:11.183Z] [DEBUG] [backend] Reusing session connection: server=github, session=BWh5OMKLvL28ryZgPPkuHgx6Jy0pCdiVqeF0SfiTYY9LfbAQCvxI72jahM
[2026-09-30T13:38:11.593Z] [DEBUG] [backend] GetOrLaunchForSession called: server=github, session=BWh5OMKLvL28ryZgPPkuHgx6Jy0pCdiVqeF0SfiTYY9LfbAQCvxI72jahM
[2026-09-30T13:38:11.593Z] [DEBUG] [backend] Reusing session connection: server=github, session=BWh5OMKLvL28ryZgPPkuHgx6Jy0pCdiVqeF0SfiTYY9LfbAQCvxI72jahM
[2026-09-30T13:38:11.599Z] [DEBUG] [backend] GetOrLaunchForSession called: server=github, session=BWh5OMKLvL28ryZgPPkuHgx6Jy0pCdiVqeF0SfiTYY9LfbAQCvxI72jahM
[2026-09-30T13:38:11.600Z] [DEBUG] [backend] Reusing session connection: server=github, session=BWh5OMKLvL28ryZgPPkuHgx6Jy0pCdiVqeF0SfiTYY9LfbAQCvxI72jahM
[2026-09-30T13:38:12.052Z] [DEBUG] [backend] GetOrLaunchForSession called: server=github, session=BWh5OMKLvL28ryZgPPkuHgx6Jy0pCdiVqeF0SfiTYY9LfbAQCvxI72jahM
[2026-09-30T13:38:12.053Z] [DEBUG] [backend] Reusing session connection: server=github, session=BWh5OMKLvL28ryZgPPkuHgx6Jy0pCdiVqeF0SfiTYY9LfbAQCvxI72jahM
[2026-09-30T13:38:12.058Z] [DEBUG] [backend] GetOrLaunchForSession called: server=github, session=BWh5OMKLvL28ryZgPPkuHgx6Jy0pCdiVqeF0SfiTYY9LfbAQCvxI72jahM
[2026-09-30T13:38:12.059Z] [DEBUG] [backend] Reusing session connection: server=github, session=BWh5OMKLvL28ryZgPPkuHgx6Jy0pCdiVqeF0SfiTYY9LfbAQCvxI72jahM
[2026-09-30T13:38:12.289Z] [DEBUG] [backend] GetOrLaunchForSession called: server=github, session=BWh5OMKLvL28ryZgPPkuHgx6Jy0pCdiVqeF0SfiTYY9LfbAQCvxI72jahM
[2026-09-30T13:38:12.290Z] [DEBUG] [backend] Reusing session connection: server=github, session=BWh5OMKLvL28ryZgPPkuHgx6Jy0pCdiVqeF0SfiTYY9LfbAQCvxI72jahM
[2026-09-30T13:38:12.295Z] [DEBUG] [backend] GetOrLaunchForSession called: server=github, session=BWh5OMKLvL28ryZgPPkuHgx6Jy0pCdiVqeF0SfiTYY9LfbAQCvxI72jahM
[2026-09-30T13:38:12.296Z] [DEBUG] [backend] Reusing session connection: server=github, session=BWh5OMKLvL28ryZgPPkuHgx6Jy0pCdiVqeF0SfiTYY9LfbAQCvxI72jahM
[2026-09-30T13:38:12.723Z] [DEBUG] [backend] GetOrLaunchForSession called: server=github, session=BWh5OMKLvL28ryZgPPkuHgx6Jy0pCdiVqeF0SfiTYY9LfbAQCvxI72jahM
[2026-09-30T13:38:12.724Z] [DEBUG] [backend] Reusing session connection: server=github, session=BWh5OMKLvL28ryZgPPkuHgx6Jy0pCdiVqeF0SfiTYY9LfbAQCvxI72jahM
[2026-09-30T13:38:12.729Z] [DEBUG] [backend] GetOrLaunchForSession called: server=github, session=BWh5OMKLvL28ryZgPPkuHgx6Jy0pCdiVqeF0SfiTYY9LfbAQCvxI72jahM
[2026-09-30T13:38:12.730Z] [DEBUG] [backend] Reusing session connection: server=github, session=BWh5OMKLvL28ryZgPPkuHgx6Jy0pCdiVqeF0SfiTYY9LfbAQCvxI72jahM
[2026-09-30T13:38:13.086Z] [DEBUG] [backend] GetOrLaunchForSession called: server=github, session=BWh5OMKLvL28ryZgPPkuHgx6Jy0pCdiVqeF0SfiTYY9LfbAQCvxI72jahM
[2026-09-30T13:38:13.087Z] [DEBUG] [backend] Reusing session connection: server=github, session=BWh5OMKLvL28ryZgPPkuHgx6Jy0pCdiVqeF0SfiTYY9LfbAQCvxI72jahM
[2026-09-30T13:38:13.093Z] [DEBUG] [backend] GetOrLaunchForSession called: server=github, session=BWh5OMKLvL28ryZgPPkuHgx6Jy0pCdiVqeF0SfiTYY9LfbAQCvxI72jahM
[2026-09-30T13:38:13.093Z] [DEBUG] [backend] Reusing session connection: server=github, session=BWh5OMKLvL28ryZgPPkuHgx6Jy0pCdiVqeF0SfiTYY9LfbAQCvxI72jahM
[2026-09-30T13:38:13.340Z] [DEBUG] [backend] GetOrLaunchForSession called: server=github, session=BWh5OMKLvL28ryZgPPkuHgx6Jy0pCdiVqeF0SfiTYY9LfbAQCvxI72jahM
[2026-09-30T13:38:13.341Z] [DEBUG] [backend] Reusing session connection: server=github, session=BWh5OMKLvL28ryZgPPkuHgx6Jy0pCdiVqeF0SfiTYY9LfbAQCvxI72jahM
[2026-09-30T13:38:13.345Z] [DEBUG] [backend] GetOrLaunchForSession called: server=github, session=BWh5OMKLvL28ryZgPPkuHgx6Jy0pCdiVqeF0SfiTYY9LfbAQCvxI72jahM
[2026-09-30T13:38:13.346Z] [DEBUG] [backend] Reusing session connection: server=github, session=BWh5OMKLvL28ryZgPPkuHgx6Jy0pCdiVqeF0SfiTYY9LfbAQCvxI72jahM
[2026-09-30T13:38:13.781Z] [DEBUG] [backend] GetOrLaunchForSession called: server=github, session=BWh5OMKLvL28ryZgPPkuHgx6Jy0pCdiVqeF0SfiTYY9LfbAQCvxI72jahM
[2026-09-30T13:38:13.783Z] [DEBUG] [backend] Reusing session connection: server=github, session=BWh5OMKLvL28ryZgPPkuHgx6Jy0pCdiVqeF0SfiTYY9LfbAQCvxI72jahM
[2026-09-30T13:38:13.788Z] [DEBUG] [backend] GetOrLaunchForSession called: server=github, session=BWh5OMKLvL28ryZgPPkuHgx6Jy0pCdiVqeF0SfiTYY9LfbAQCvxI72jahM
[2026-09-30T13:38:13.789Z] [DEBUG] [backend] Reusing session connection: server=github, session=BWh5OMKLvL28ryZgPPkuHgx6Jy0pCdiVqeF0SfiTYY9LfbAQCvxI72jahM
[2026-09-30T13:38:14.021Z] [DEBUG] [backend] GetOrLaunchForSession called: server=github, session=BWh5OMKLvL28ryZgPPkuHgx6Jy0pCdiVqeF0SfiTYY9LfbAQCvxI72jahM
[2026-09-30T13:38:14.021Z] [DEBUG] [backend] Reusing session connection: server=github, session=BWh5OMKLvL28ryZgPPkuHgx6Jy0pCdiVqeF0SfiTYY9LfbAQCvxI72jahM
[2026-09-30T13:38:14.027Z] [DEBUG] [backend] GetOrLaunchForSession called: server=github, session=BWh5OMKLvL28ryZgPPkuHgx6Jy0pCdiVqeF0SfiTYY9LfbAQCvxI72jahM
[2026-09-30T13:38:14.027Z] [DEBUG] [backend] Reusing session connection: server=github, session=BWh5OMKLvL28ryZgPPkuHgx6Jy0pCdiVqeF0SfiTYY9LfbAQCvxI72jahM
[2026-09-30T13:38:14.478Z] [DEBUG] [backend] GetOrLaunchForSession called: server=github, session=BWh5OMKLvL28ryZgPPkuHgx6Jy0pCdiVqeF0SfiTYY9LfbAQCvxI72jahM
[2026-09-30T13:38:14.479Z] [DEBUG] [backend] Reusing session connection: server=github, session=BWh5OMKLvL28ryZgPPkuHgx6Jy0pCdiVqeF0SfiTYY9LfbAQCvxI72jahM
[2026-09-30T13:38:14.484Z] [DEBUG] [backend] GetOrLaunchForSession called: server=github, session=BWh5OMKLvL28ryZgPPkuHgx6Jy0pCdiVqeF0SfiTYY9LfbAQCvxI72jahM
[2026-09-30T13:38:14.485Z] [DEBUG] [backend] Reusing session connection: server=github, session=BWh5OMKLvL28ryZgPPkuHgx6Jy0pCdiVqeF0SfiTYY9LfbAQCvxI72jahM
[2026-09-30T13:38:14.964Z] [DEBUG] [backend] GetOrLaunchForSession called: server=github, session=BWh5OMKLvL28ryZgPPkuHgx6Jy0pCdiVqeF0SfiTYY9LfbAQCvxI72jahM
[2026-09-30T13:38:14.965Z] [DEBUG] [backend] Reusing session connection: server=github, session=BWh5OMKLvL28ryZgPPkuHgx6Jy0pCdiVqeF0SfiTYY9LfbAQCvxI72jahM
[2026-09-30T13:38:14.969Z] [DEBUG] [backend] GetOrLaunchForSession called: server=github, session=BWh5OMKLvL28ryZgPPkuHgx6Jy0pCdiVqeF0SfiTYY9LfbAQCvxI72jahM
[2026-09-30T13:38:14.970Z] [DEBUG] [backend] Reusing session connection: server=github, session=BWh5OMKLvL28ryZgPPkuHgx6Jy0pCdiVqeF0SfiTYY9LfbAQCvxI72jahM
[2026-09-30T13:38:15.167Z] [DEBUG] [backend] GetOrLaunchForSession called: server=github, session=BWh5OMKLvL28ryZgPPkuHgx6Jy0pCdiVqeF0SfiTYY9LfbAQCvxI72jahM
[2026-09-30T13:38:15.167Z] [DEBUG] [backend] Reusing session connection: server=github, session=BWh5OMKLvL28ryZgPPkuHgx6Jy0pCdiVqeF0SfiTYY9LfbAQCvxI72jahM
[2026-09-30T13:38:15.172Z] [DEBUG] [backend] GetOrLaunchForSession called: server=github, session=BWh5OMKLvL28ryZgPPkuHgx6Jy0pCdiVqeF0SfiTYY9LfbAQCvxI72jahM
[2026-09-30T13:38:15.173Z] [DEBUG] [backend] Reusing session connection: server=github, session=BWh5OMKLvL28ryZgPPkuHgx6Jy0pCdiVqeF0SfiTYY9LfbAQCvxI72jahM
[2026-09-30T13:38:15.366Z] [DEBUG] [backend] GetOrLaunchForSession called: server=github, session=BWh5OMKLvL28ryZgPPkuHgx6Jy0pCdiVqeF0SfiTYY9LfbAQCvxI72jahM
[2026-09-30T13:38:15.366Z] [DEBUG] [backend] Reusing session connection: server=github, session=BWh5OMKLvL28ryZgPPkuHgx6Jy0pCdiVqeF0SfiTYY9LfbAQCvxI72jahM
[2026-09-30T13:38:15.371Z] [DEBUG] [backend] GetOrLaunchForSession called: server=github, session=BWh5OMKLvL28ryZgPPkuHgx6Jy0pCdiVqeF0SfiTYY9LfbAQCvxI72jahM
[2026-09-30T13:38:15.372Z] [DEBUG] [backend] Reusing session connection: server=github, session=BWh5OMKLvL28ryZgPPkuHgx6Jy0pCdiVqeF0SfiTYY9LfbAQCvxI72jahM
[2026-09-30T13:38:15.594Z] [DEBUG] [backend] GetOrLaunchForSession called: server=github, session=BWh5OMKLvL28ryZgPPkuHgx6Jy0pCdiVqeF0SfiTYY9LfbAQCvxI72jahM
[2026-09-30T13:38:15.595Z] [DEBUG] [backend] Reusing session connection: server=github, session=BWh5OMKLvL28ryZgPPkuHgx6Jy0pCdiVqeF0SfiTYY9LfbAQCvxI72jahM
[2026-09-30T13:38:15.599Z] [DEBUG] [backend] GetOrLaunchForSession called: server=github, session=BWh5OMKLvL28ryZgPPkuHgx6Jy0pCdiVqeF0SfiTYY9LfbAQCvxI72jahM
[2026-09-30T13:38:15.600Z] [DEBUG] [backend] Reusing session connection: server=github, session=BWh5OMKLvL28ryZgPPkuHgx6Jy0pCdiVqeF0SfiTYY9LfbAQCvxI72jahM
[2026-09-30T13:38:15.984Z] [DEBUG] [backend] GetOrLaunchForSession called: server=github, session=BWh5OMKLvL28ryZgPPkuHgx6Jy0pCdiVqeF0SfiTYY9LfbAQCvxI72jahM
[2026-09-30T13:38:15.985Z] [DEBUG] [backend] Reusing session connection: server=github, session=BWh5OMKLvL28ryZgPPkuHgx6Jy0pCdiVqeF0SfiTYY9LfbAQCvxI72jahM
[2026-09-30T13:38:15.990Z] [DEBUG] [backend] GetOrLaunchForSession called: server=github, session=BWh5OMKLvL28ryZgPPkuHgx6Jy0pCdiVqeF0SfiTYY9LfbAQCvxI72jahM
[2026-09-30T13:38:15.990Z] [DEBUG] [backend] Reusing session connection: server=github, session=BWh5OMKLvL28ryZgPPkuHgx6Jy0pCdiVqeF0SfiTYY9LfbAQCvxI72jahM
[2026-09-30T13:38:16.223Z] [DEBUG] [backend] GetOrLaunchForSession called: server=github, session=BWh5OMKLvL28ryZgPPkuHgx6Jy0pCdiVqeF0SfiTYY9LfbAQCvxI72jahM
[2026-09-30T13:38:16.223Z] [DEBUG] [backend] Reusing session connection: server=github, session=BWh5OMKLvL28ryZgPPkuHgx6Jy0pCdiVqeF0SfiTYY9LfbAQCvxI72jahM
[2026-09-30T13:38:16.228Z] [DEBUG] [backend] GetOrLaunchForSession called: server=github, session=BWh5OMKLvL28ryZgPPkuHgx6Jy0pCdiVqeF0SfiTYY9LfbAQCvxI72jahM
[2026-09-30T13:38:16.229Z] [DEBUG] [backend] Reusing session connection: server=github, session=BWh5OMKLvL28ryZgPPkuHgx6Jy0pCdiVqeF0SfiTYY9LfbAQCvxI72jahM
[2026-09-30T13:38:16.476Z] [DEBUG] [backend] GetOrLaunchForSession called: server=github, session=BWh5OMKLvL28ryZgPPkuHgx6Jy0pCdiVqeF0SfiTYY9LfbAQCvxI72jahM
[2026-09-30T13:38:16.477Z] [DEBUG] [backend] Reusing session connection: server=github, session=BWh5OMKLvL28ryZgPPkuHgx6Jy0pCdiVqeF0SfiTYY9LfbAQCvxI72jahM
[2026-09-30T13:38:16.482Z] [DEBUG] [backend] GetOrLaunchForSession called: server=github, session=BWh5OMKLvL28ryZgPPkuHgx6Jy0pCdiVqeF0SfiTYY9LfbAQCvxI72jahM
[2026-09-30T13:38:16.483Z] [DEBUG] [backend] Reusing session connection: server=github, session=BWh5OMKLvL28ryZgPPkuHgx6Jy0pCdiVqeF0SfiTYY9LfbAQCvxI72jahM
[2026-09-30T13:38:16.709Z] [DEBUG] [backend] GetOrLaunchForSession called: server=github, session=BWh5OMKLvL28ryZgPPkuHgx6Jy0pCdiVqeF0SfiTYY9LfbAQCvxI72jahM
[2026-09-30T13:38:16.710Z] [DEBUG] [backend] Reusing session connection: server=github, session=BWh5OMKLvL28ryZgPPkuHgx6Jy0pCdiVqeF0SfiTYY9LfbAQCvxI72jahM
[2026-09-30T13:38:16.715Z] [DEBUG] [backend] GetOrLaunchForSession called: server=github, session=BWh5OMKLvL28ryZgPPkuHgx6Jy0pCdiVqeF0SfiTYY9LfbAQCvxI72jahM
[2026-09-30T13:38:16.716Z] [DEBUG] [backend] Reusing session connection: server=github, session=BWh5OMKLvL28ryZgPPkuHgx6Jy0pCdiVqeF0SfiTYY9LfbAQCvxI72jahM
[2026-09-30T13:38:16.940Z] [DEBUG] [backend] GetOrLaunchForSession called: server=github, session=BWh5OMKLvL28ryZgPPkuHgx6Jy0pCdiVqeF0SfiTYY9LfbAQCvxI72jahM
[2026-09-30T13:38:16.940Z] [DEBUG] [backend] Reusing session connection: server=github, session=BWh5OMKLvL28ryZgPPkuHgx6Jy0pCdiVqeF0SfiTYY9LfbAQCvxI72jahM
[2026-09-30T13:38:16.945Z] [DEBUG] [backend] GetOrLaunchForSession called: server=github, session=BWh5OMKLvL28ryZgPPkuHgx6Jy0pCdiVqeF0SfiTYY9LfbAQCvxI72jahM
[2026-09-30T13:38:16.946Z] [DEBUG] [backend] Reusing session connection: server=github, session=BWh5OMKLvL28ryZgPPkuHgx6Jy0pCdiVqeF0SfiTYY9LfbAQCvxI72jahM
[2026-09-30T13:38:17.154Z] [DEBUG] [backend] GetOrLaunchForSession called: server=github, session=BWh5OMKLvL28ryZgPPkuHgx6Jy0pCdiVqeF0SfiTYY9LfbAQCvxI72jahM
[2026-09-30T13:38:17.154Z] [DEBUG] [backend] Reusing session connection: server=github, session=BWh5OMKLvL28ryZgPPkuHgx6Jy0pCdiVqeF0SfiTYY9LfbAQCvxI72jahM
[2026-09-30T13:38:17.159Z] [DEBUG] [backend] GetOrLaunchForSession called: server=github, session=BWh5OMKLvL28ryZgPPkuHgx6Jy0pCdiVqeF0SfiTYY9LfbAQCvxI72jahM
[2026-09-30T13:38:17.160Z] [DEBUG] [backend] Reusing session connection: server=github, session=BWh5OMKLvL28ryZgPPkuHgx6Jy0pCdiVqeF0SfiTYY9LfbAQCvxI72jahM
[2026-09-30T13:38:17.474Z] [DEBUG] [backend] GetOrLaunchForSession called: server=github, session=BWh5OMKLvL28ryZgPPkuHgx6Jy0pCdiVqeF0SfiTYY9LfbAQCvxI72jahM
[2026-09-30T13:38:17.474Z] [DEBUG] [backend] Reusing session connection: server=github, session=BWh5OMKLvL28ryZgPPkuHgx6Jy0pCdiVqeF0SfiTYY9LfbAQCvxI72jahM
[2026-09-30T13:38:17.479Z] [DEBUG] [backend] GetOrLaunchForSession called: server=github, session=BWh5OMKLvL28ryZgPPkuHgx6Jy0pCdiVqeF0SfiTYY9LfbAQCvxI72jahM
[2026-09-30T13:38:17.480Z] [DEBUG] [backend] Reusing session connection: server=github, session=BWh5OMKLvL28ryZgPPkuHgx6Jy0pCdiVqeF0SfiTYY9LfbAQCvxI72jahM
[2026-09-30T13:38:17.695Z] [DEBUG] [backend] GetOrLaunchForSession called: server=github, session=BWh5OMKLvL28ryZgPPkuHgx6Jy0pCdiVqeF0SfiTYY9LfbAQCvxI72jahM
[2026-09-30T13:38:17.696Z] [DEBUG] [backend] Reusing session connection: server=github, session=BWh5OMKLvL28ryZgPPkuHgx6Jy0pCdiVqeF0SfiTYY9LfbAQCvxI72jahM
[2026-09-30T13:38:17.700Z] [DEBUG] [backend] GetOrLaunchForSession called: server=github, session=BWh5OMKLvL28ryZgPPkuHgx6Jy0pCdiVqeF0SfiTYY9LfbAQCvxI72jahM
[2026-09-30T13:38:17.701Z] [DEBUG] [backend] Reusing session connection: server=github, session=BWh5OMKLvL28ryZgPPkuHgx6Jy0pCdiVqeF0SfiTYY9LfbAQCvxI72jahM
