[INFO] Starting MCP Gateway in containerized mode...
[INFO] Auto-detected baked-in WASM guards at /guards
[INFO] MCP_GATEWAY_WASM_GUARDS_DIR=/guards
[INFO] Running in containerized environment
[WARN] Could not determine container ID
[INFO] Docker daemon is accessible
[INFO] Required environment variables are set
[INFO] Set DOCKER_API_VERSION=1.48 (server current)
[INFO] Detecting host IP for container networking...
[INFO] Method 1 (primary interface): 10.1.0.175
[INFO] Using host IP: 10.1.0.175
[INFO] host.docker.internal already exists in /etc/hosts
[INFO] Gateway will listen on 0.0.0.0:8080
[INFO] Log directory: /tmp/gh-aw/mcp-logs/
[INFO] Command: ./awmg --routed --listen 0.0.0.0:8080 --config-stdin --log-dir /tmp/gh-aw/mcp-logs/
[INFO] Waiting for JSON configuration on stdin...
[INFO] 
[INFO] IMPORTANT: Configuration must be provided via stdin.
[INFO] No default configuration is used in containerized mode.
[INFO] 
config:feature Registered defaults setter: total=1 +57µs
config:feature Registered defaults setter: total=2 +12µs
config:feature Registered stdin converter: total=1 +2µs
cmd:root Checking for baked-in guard at /guards/github/00-github-guard.wasm +1µs
cmd:root Auto-detected baked-in guard: /guards/github/00-github-guard.wasm +35µs
cmd:root WASM cache dir resolved from default (logDir="/tmp/gh-aw/mcp-logs/"): "/tmp/gh-aw/mcp-logs/wazero-cache" +13µs
cmd:root Registering 5 flag groups +20µs
cmd:root WASM cache dir resolved from default (logDir="/tmp/gh-aw/mcp-logs/"): "/tmp/gh-aw/mcp-logs/wazero-cache" +14µs
cmd:root Flag group registration complete +5µs
cmd:root Registering flag completion functions +2µs
main:main Starting MCP Gateway application +581ns
version:version BuildVersionString: mainVersion="v0.3.19", gitCommit="", buildDate="" +3ms
version:version vcsCommitFromBuildInfo: vcs.revision not found in build settings +11µs
version:version BuildVersionString: result="v0.3.19" +9µs
main:main Built version string: v0.3.19 +26µs
version:version Setting gateway version: v0.3.19 +13µs
main:main Executing root command +17µs
2026/08/31 13:53:33 Logging level: DEBUG=* (from environment)
2026/08/31 13:53:33 Logging to file: /tmp/gh-aw/mcp-logs/mcp-gateway.log
2026/08/31 13:53:33 Initialized per-serverID logging in directory: /tmp/gh-aw/mcp-logs/
2026/08/31 13:53:33 Tools logging to file: /tmp/gh-aw/mcp-logs/tools.json
cmd:root Starting MCPG with config: stdin, listen: 0.0.0.0:8080 +2ms
cmd:root WASM cache dir resolved from default (logDir="/tmp/gh-aw/mcp-logs/"): "/tmp/gh-aw/mcp-logs/wazero-cache" +321µs
cmd:root Configuring WASM compilation cache: resolvedDir="/tmp/gh-aw/mcp-logs/wazero-cache", flagChanged=false +327µs
guard:wasm Configuring global compilation cache: dir="/tmp/gh-aw/mcp-logs/wazero-cache" +6ms
guard:wasm Creating disk-backed compilation cache: dir=/tmp/gh-aw/mcp-logs/wazero-cache +291µs
guard:wasm Global compilation cache replaced successfully +400µs
cmd:root WASM compilation cache configured: mode=disk, dir="/tmp/gh-aw/mcp-logs/wazero-cache" +1ms
2026/08/31 13:53:33 WASM compilation cache directory: /tmp/gh-aw/mcp-logs/wazero-cache
2026/08/31 13:53:33 Reading configuration from stdin...
config:config Loading configuration from stdin JSON +5ms
config:config Read 733 bytes from stdin +292µs
config:validation Expanding variables: context=raw JSON data +6ms
config:validation Expanded variable: GITHUB_SERVER_URL (found in environment) +291µs
config:validation Expanded variable: GITHUB_MCP_SERVER_TOKEN (found in environment) +289µs
config:validation Expanded variable: GH_AW_SAFE_OUTPUTS_API_KEY (found in environment) +287µs
config:validation Variable expansion completed: context=raw JSON data, undefined_count=0 +289µs
config:validation_schema Starting JSON schema validation: data_size=1114 bytes +7ms
config:validation_schema Compiling JSON schema for the first time +299µs
config:validation_schema Applied customServerConfig type fix: replaced negative-lookahead pattern with not-enum constraint +477µs
config:validation_schema Applied customSchemas patternProperties fix: replaced negative-lookahead key "^(?!stdio$|http$)[a-z][a-z0-9-]*$" with ^[a-z][a-z0-9-]*$ +294µs
config:validation_schema Added registry and Added guard-policies fields in stdioServerConfig +278µs
config:validation_schema Added registry and Updated guard-policies fields in httpServerConfig +291µs
config:validation_schema Added trustedBots and keepaliveInterval fields to gatewayConfig +291µs
config:validation_schema Schema fixes applied in 1.868557ms +542µs
config:validation_schema Schema compiled and cached successfully +1ms
config:validation_schema Schema compilation/retrieval took: 4.456558ms +301µs
config:validation_schema JSON parsing took: 14.381µs +271µs
config:validation_schema Schema validation took: 88.301µs +359µs
config:validation_schema Total validation completed successfully in 5.670135ms +282µs
config:config Parsed stdin config with 2 servers +7ms
config:validation_schema Validating string patterns: server_count=2 +673µs
config:validation_schema Validating server: name=github, type=stdio +264µs
config:validation_schema Validating server: name=safeoutputs, type=http +260µs
config:validation Validating gateway configuration +7ms
config:validation Validating gateway port: 8080 +265µs
config:rules Validating port range: port=8080, jsonPath=gateway.port +17ms
config:validation Validating payload directory: /tmp/gh-aw/mcp-payloads +576µs
config:rules Validating absolute path: field=payloadDir, value=/tmp/gh-aw/mcp-payloads, jsonPath=gateway.payloadDir +576µs
config:rules Valid Unix absolute path: /tmp/gh-aw/mcp-payloads +259µs
config:validation Gateway config validation passed +810µs
config:validation Validating gateway configuration +290µs
config:validation Validating gateway port: 8080 +297µs
config:rules Validating port range: port=8080, jsonPath=gateway.port +1ms
config:validation Validating payload directory: /tmp/gh-aw/mcp-payloads +663µs
config:rules Validating absolute path: field=payloadDir, value=/tmp/gh-aw/mcp-payloads, jsonPath=gateway.payloadDir +611µs
config:rules Valid Unix absolute path: /tmp/gh-aw/mcp-payloads +325µs
config:validation Gateway config validation passed +897µs
config:config_stdin Converting stdin config: 2 servers +19ms
config:config MCP_GATEWAY_TOOL_TIMEOUT not set in environment +5ms
config:feature Applying 2 default setter(s) +19ms
config:feature All default setters applied +273µs
config:validation Validating server config: name=github, type=stdio +1ms
config:validation Server config validation passed: name=github, type=stdio +273µs
config:config_stdin Server "github": expanding 4 environment variable(s) +1ms
config:validation Expanding env variables for server: github, count=4 +544µs
config:validation Expanding variables: context=jsonPath=mcpServers.github.env.GITHUB_READ_ONLY +286µs
config:validation Variable expansion completed: context=jsonPath=mcpServers.github.env.GITHUB_READ_ONLY, undefined_count=0 +299µs
config:validation Expanding variables: context=jsonPath=mcpServers.github.env.GITHUB_TOOLSETS +296µs
config:validation Variable expansion completed: context=jsonPath=mcpServers.github.env.GITHUB_TOOLSETS, undefined_count=0 +293µs
config:validation Expanding variables: context=jsonPath=mcpServers.github.env.GITHUB_HOST +314µs
config:validation Variable expansion completed: context=jsonPath=mcpServers.github.env.GITHUB_HOST, undefined_count=0 +292µs
config:validation Expanding variables: context=jsonPath=mcpServers.github.env.GITHUB_PERSONAL_ACCESS_TOKEN +305µs
config:validation Variable expansion completed: context=jsonPath=mcpServers.github.env.GITHUB_PERSONAL_ACCESS_TOKEN, undefined_count=0 +314µs
config:validation Env variable expansion completed for server: github +296µs
config:config_stdin Converting server "github": type=stdio +3ms
config:config_stdin Server "github": configured stdio container=ghcr.io/github/github-mcp-server:v1.0.4, env_vars=4, mounts=0 +297µs
config:config Configured stdio MCP server: name=github, container=ghcr.io/github/github-mcp-server:v1.0.4 +5ms
config:validation Validating server config: name=safeoutputs, type=http +1ms
config:validation Server config validation passed: name=safeoutputs, type=http +292µs
config:config_stdin Server "safeoutputs": expanding 1 HTTP header(s) +1ms
config:validation Expanding env variables for server: safeoutputs, count=1 +609µs
config:validation Expanding variables: context=jsonPath=mcpServers.safeoutputs.env.Authorization +410µs
config:validation Variable expansion completed: context=jsonPath=mcpServers.safeoutputs.env.Authorization, undefined_count=0 +297µs
config:validation Env variable expansion completed for server: safeoutputs +278µs
config:config_stdin Converting server "safeoutputs": type=http +1ms
config:config Configured HTTP MCP server: name=safeoutputs, url=http://host.docker.internal:3001 +2ms
2026/08/31 13:53:33 [CONFIG] Configured HTTP MCP server: safeoutputs -> http://host.docker.internal:3001
config:feature Applying 1 stdin converter(s) +7ms
config:feature All stdin converters applied +295µs
config:validation Validating guard policies: count=0 +1ms
config:config Converted stdin config to internal format with 2 servers +1ms
cmd:root Configuration loaded with 2 servers +23ms
2026/08/31 13:53:33 Loaded 2 MCP server(s)
config:guard_policy ResolveGuardPolicyOverride: cliChanged=false, hasCLIPolicyJSON=false, allowOnlyPublic=false, owner="", repo="", minIntegrity="" +29ms
config:guard_policy ResolveGuardPolicyOverride: no guard policy configured (nil) +289µs
difc:sink_server_ids Setting sink server IDs: input_count=0 +32ms
difc:sink_server_ids No sink server IDs provided, clearing configuration +296µs
2026/08/31 13:53:33 Guards sink server ID logging enrichment disabled (no sink server IDs configured)
2026/08/31 13:53:33 Parallel server launching enabled (default)
cmd:root Server mode: routed, guards mode: strict +2ms
cmd:root Initializing tracing provider +272µs
tracing:provider Tracing disabled: no OTLP endpoint configured +31ms
cmd:root Tracing provider initialized successfully +559µs
2026/08/31 13:53:33 OpenTelemetry tracing disabled (no OTLP endpoint configured)
server:unified Creating new unified server: sequentialLaunch=false, servers=2 +32ms
launcher:launcher Creating new launcher with 2 configured servers +33ms
sys:container Detecting container environment +36ms
sys:container Container detected via /.dockerenv +281µs
2026/08/31 13:53:33 [LAUNCHER] Detected running inside a container
config:config Resolved gateway config after defaulting: port=8080, startupTimeout=30, toolTimeout=60, keepaliveInterval=1500 +6ms
config:feature Applying 2 default setter(s) +6ms
config:feature All default setters applied +320µs
launcher:launcher Using startup timeout: 30s +1ms
launcher:pool Creating new session connection pool: idleTimeout=6h0m0s, cleanupInterval=5m0s, maxErrors=10 +35ms
server:unified Payload configuration: dir=/tmp/gh-aw/mcp-payloads, pathPrefix=, sizeThreshold=524288 bytes (512.00 KB) +2ms
launcher:pool Cleanup goroutine started +425µs
difc:agent Creating agent registry with defaults: secrecyTags=0, integrityTags=0 +38ms
difc:capabilities Creating new capabilities set +38ms
launcher:launcher Retrieved server IDs: count=2, ids=[safeoutputs github] +1ms
server:system_tools Creating new SysServer with 2 servers: [safeoutputs github] +36ms
server:unified Built allowed tool sets: 0 server(s) with tool restrictions +1ms
server:circuit_breaker Creating circuit breaker: serverID=safeoutputs, threshold=3, cooldown=1m0s +37ms
server:circuit_breaker Created circuit breaker for server safeoutputs: threshold=0, cooldown=0s +372µs
server:circuit_breaker Creating circuit breaker: serverID=github, threshold=3, cooldown=1m0s +274µs
server:circuit_breaker Created circuit breaker for server github: threshold=0, cooldown=0s +322µs
server:circuit_breaker buildCircuitBreakers: created 2 circuit breakers +333µs
guard:registry Creating new guard registry +42ms
launcher:launcher Retrieved server IDs: count=2, ids=[github safeoutputs] +3ms
server:guard_init Searching for WASM guard file: serverID=github, dir=/guards/github +40ms
server:guard_init Found WASM guard file: serverID=github, path=/guards/github/00-github-guard.wasm +313µs
guard:wasm Creating WASM guard: name=github, path=/guards/github/00-github-guard.wasm +37ms
guard:wasm Creating WASM guard from bytes: name=github, size=310015 +350µs
guard:wasm Instantiating WASM host functions: guard=github +625µs
guard:wasm WASM host functions instantiated: guard=github (call_backend, host_log) +376µs
guard:wasm WASM guard created successfully: name=github +93ms
server:guard_init Resolving guard policy: serverID=github +96ms
config:guard_policy ParseServerGuardPolicy: serverID=github, keyCount=1 +108ms
config:guard_policy ParsePolicyMap: hasAllowOnly=true, hasWriteSink=false, keyCount=1 +332µs
config:guard_policy Parsing guard policy JSON: len=112 +326µs
config:guard_policy UnmarshalJSON: parsing guard policy, keys=1 +330µs
config:guard_policy UnmarshalJSON: parsing allow-only policy, fields=5 +296µs
config:guard_policy UnmarshalJSON: allow-only policy parsed, repos=string, minIntegrity=none +292µs
config:guard_policy UnmarshalJSON: guard policy type is allow-only +294µs
config:guard_policy ValidateGuardPolicy: delegating to allow-only normalization +291µs
config:guard_policy Normalizing guard policy: integrity=none, reposType=string +280µs
config:guard_policy Guard policy normalized: scopeKind=all, integrity=none +294µs
server:guard_init Using server-level guard policy: serverID=github +3ms
guard:registry Registering guard for serverID=github, guardName=github +102ms
server:guard_init Searching for WASM guard file: serverID=safeoutputs, dir=/guards/safeoutputs +2ms
server:guard_init No WASM guard directory found for serverID=safeoutputs +346µs
server:guard_init Resolving guard policy: serverID=safeoutputs +301µs
config:guard_policy ParseServerGuardPolicy: serverID=safeoutputs, keyCount=1 +3ms
config:guard_policy ParsePolicyMap: hasAllowOnly=false, hasWriteSink=true, keyCount=1 +362µs
config:guard_policy Parsing guard policy JSON: len=31 +290µs
config:guard_policy UnmarshalJSON: parsing guard policy, keys=1 +323µs
config:guard_policy UnmarshalJSON: guard policy type is write-sink +312µs
config:guard_policy ValidateGuardPolicy: delegating to write-sink validation, acceptCount=1 +301µs
config:guard_policy ValidateWriteSinkPolicy: acceptCount=1 +333µs
config:guard_policy ValidateWriteSinkPolicy: wildcard accept, policy is valid +309µs
server:guard_init Using server-level guard policy: serverID=safeoutputs +2ms
guard:write-sink Creating write-sink guard with 1 accept patterns +149ms
server:guard_init Resolving guard policy: serverID=safeoutputs +1ms
config:guard_policy ParseServerGuardPolicy: serverID=safeoutputs, keyCount=1 +1ms
config:guard_policy ParsePolicyMap: hasAllowOnly=false, hasWriteSink=true, keyCount=1 +317µs
config:guard_policy Parsing guard policy JSON: len=31 +314µs
config:guard_policy UnmarshalJSON: parsing guard policy, keys=1 +325µs
config:guard_policy UnmarshalJSON: guard policy type is write-sink +340µs
config:guard_policy ValidateGuardPolicy: delegating to write-sink validation, acceptCount=1 +302µs
config:guard_policy ValidateWriteSinkPolicy: acceptCount=1 +339µs
config:guard_policy ValidateWriteSinkPolicy: wildcard accept, policy is valid +326µs
server:guard_init Using server-level guard policy: serverID=safeoutputs +2ms
guard:registry Registering guard for serverID=safeoutputs, guardName=write-sink +9ms
server:unified Auto-enabled DIFC: non-noop guard, global policy, or per-server guard policies detected +115ms
launcher:launcher Retrieved server IDs: count=2, ids=[github safeoutputs] +112ms
server:unified Registered 2 sys tools +1ms
launcher:launcher Retrieved server IDs: count=2, ids=[github safeoutputs] +1ms
server:unified Registering tools in parallel from 2 backends +644µs
server:unified Registering tools from backend: safeoutputs +344µs
server:unified Registering tools from backend: github +50µs
launcher:launcher Connection not found in cache, launching new: serverID=safeoutputs +1ms
launcher:launcher Retrieved server config: serverID=safeoutputs, type=http +595µs
mcp:http_transport Wrapping HTTP client with 1 custom header(s) +157ms
mcp:http_transport Attempting streamable HTTP transport: serverID=safeoutputs, url=http://host.docker.internal:3001, connectTimeout=30s +304µs
mcp:http_transport Creating HTTP connection: serverID=safeoutputs, url=http://host.docker.internal:3001, transport=streamable, headers=1, keepAlive=25m0s, connectTimeout=30s +3ms
mcp:connection Connected with streamable HTTP transport +162ms
launcher:launcher Recorded server start: serverID=safeoutputs +7ms
launcher:launcher Connection not found in cache, launching new: serverID=github +337µs
launcher:launcher Retrieved server config: serverID=github, type=stdio +291µs
launcher:launcher Launching new server: serverID=github, command=docker, inContainer=true, isDirectCommand=false +907µs
2026/08/31 13:53:33 [LAUNCHER] Command: docker
2026/08/31 13:53:33 [LAUNCHER] Args: [run --rm -i -e NO_COLOR=... -e TERM=... -e PYTHONUNBUFFERED=... -e GITHUB_HOST=http... -e GITHUB_PERSONAL_ACCESS_TOKEN=ghs_... -e GITHUB_READ_ONLY=... -e GITHUB_TOOLSETS=issu... ghcr.io/github/github-mcp-server:v1.0.4]
2026/08/31 13:53:33 [LAUNCHER] Starting server with 30s timeout
launcher:launcher Starting server with timeout: serverID=github, sessionID=, timeout=30s +306µs
launcher:launcher Starting connection goroutine: serverID=github +671µs
mcp:connection Dispatching SDK method: tools/list, serverID=safeoutputs +4ms
envutil:expand Expanding env args: input_count=18 +169ms
envutil:expand Env args expansion complete: output_count=18 +336µs
mcp:connection Expanded args for Docker env: [run --rm -i -e NO_COLOR=... -e TERM=... -e PYTHONUNBUFFERED=... -e GITHUB_HOST=http... -e GITHUB_PERSONAL_ACCESS_TOKEN=ghs_... -e GITHUB_READ_ONLY=... -e GITHUB_TOOLSETS=issu... ghcr.io/github/github-mcp-server:v1.0.4] +886µs
mcp:connection listTools: listing tools from serverID=safeoutputs +642µs
mcp:connection listtools: requesting tools list from backend serverID=safeoutputs +307µs
mcp:connection Initiating MCP server connection and handshake +688µs
mcp:connection listtools: received page of 6 tools from serverID=safeoutputs +693µs
mcp:connection listtools: received 6 tools total from serverID=safeoutputs +494µs
mcp:schema Normalizing input schema for tool: safeoutputs___add_comment +184ms
mcp:schema Tool safeoutputs___add_comment schema analysis: hasType=true +496µs
mcp:schema Tool safeoutputs___add_comment object type schema: hasProperties=true, hasAdditionalProperties=true +6ms
mcp:schema Tool safeoutputs___add_comment schema is valid, no normalization needed +1ms
middleware:jqschema ShouldApplyMiddleware: tool=safeoutputs___add_comment, applies=true +194ms
middleware:jqschema WrapToolHandler: wrapping tool=safeoutputs___add_comment, sizeThreshold=524288 bytes, baseDir=/tmp/gh-aw/mcp-payloads, pathPrefixSet=false +521µs
server:unified Registered tool: safeoutputs-add_comment +40ms
mcp:schema Normalizing input schema for tool: safeoutputs___add_labels +2ms
mcp:schema Tool safeoutputs___add_labels schema analysis: hasType=true +407µs
mcp:schema Tool safeoutputs___add_labels object type schema: hasProperties=true, hasAdditionalProperties=true +547µs
mcp:schema Tool safeoutputs___add_labels schema is valid, no normalization needed +398µs
middleware:jqschema ShouldApplyMiddleware: tool=safeoutputs___add_labels, applies=true +4ms
middleware:jqschema WrapToolHandler: wrapping tool=safeoutputs___add_labels, sizeThreshold=524288 bytes, baseDir=/tmp/gh-aw/mcp-payloads, pathPrefixSet=false +298µs
server:unified Registered tool: safeoutputs-add_labels +4ms
mcp:schema Normalizing input schema for tool: safeoutputs___missing_tool +3ms
mcp:schema Tool safeoutputs___missing_tool schema analysis: hasType=true +386µs
mcp:schema Tool safeoutputs___missing_tool object type schema: hasProperties=true, hasAdditionalProperties=true +355µs
mcp:schema Tool safeoutputs___missing_tool schema is valid, no normalization needed +335µs
middleware:jqschema ShouldApplyMiddleware: tool=safeoutputs___missing_tool, applies=true +2ms
middleware:jqschema WrapToolHandler: wrapping tool=safeoutputs___missing_tool, sizeThreshold=524288 bytes, baseDir=/tmp/gh-aw/mcp-payloads, pathPrefixSet=false +352µs
server:unified Registered tool: safeoutputs-missing_tool +2ms
mcp:schema Normalizing input schema for tool: safeoutputs___noop +1ms
mcp:schema Tool safeoutputs___noop schema analysis: hasType=true +438µs
mcp:schema Tool safeoutputs___noop object type schema: hasProperties=true, hasAdditionalProperties=true +350µs
mcp:schema Tool safeoutputs___noop schema is valid, no normalization needed +250µs
middleware:jqschema ShouldApplyMiddleware: tool=safeoutputs___noop, applies=true +2ms
middleware:jqschema WrapToolHandler: wrapping tool=safeoutputs___noop, sizeThreshold=524288 bytes, baseDir=/tmp/gh-aw/mcp-payloads, pathPrefixSet=false +898µs
server:unified Registered tool: safeoutputs-noop +2ms
mcp:schema Normalizing input schema for tool: safeoutputs___missing_data +1ms
mcp:schema Tool safeoutputs___missing_data schema analysis: hasType=true +362µs
mcp:schema Tool safeoutputs___missing_data object type schema: hasProperties=true, hasAdditionalProperties=true +438µs
mcp:schema Tool safeoutputs___missing_data schema is valid, no normalization needed +481µs
middleware:jqschema ShouldApplyMiddleware: tool=safeoutputs___missing_data, applies=true +2ms
middleware:jqschema WrapToolHandler: wrapping tool=safeoutputs___missing_data, sizeThreshold=524288 bytes, baseDir=/tmp/gh-aw/mcp-payloads, pathPrefixSet=false +305µs
server:unified Registered tool: safeoutputs-missing_data +2ms
mcp:schema Normalizing input schema for tool: safeoutputs___report_incomplete +1ms
mcp:schema Tool safeoutputs___report_incomplete schema analysis: hasType=true +284µs
mcp:schema Tool safeoutputs___report_incomplete object type schema: hasProperties=true, hasAdditionalProperties=true +347µs
mcp:schema Tool safeoutputs___report_incomplete schema is valid, no normalization needed +327µs
middleware:jqschema ShouldApplyMiddleware: tool=safeoutputs___report_incomplete, applies=true +1ms
middleware:jqschema WrapToolHandler: wrapping tool=safeoutputs___report_incomplete, sizeThreshold=524288 bytes, baseDir=/tmp/gh-aw/mcp-payloads, pathPrefixSet=false +347µs
server:unified Registered tool: safeoutputs-report_incomplete +2ms
server:unified Registered 6 tools from safeoutputs: safeoutputs-add_comment, safeoutputs-add_labels, safeoutputs-missing_tool, safeoutputs-noop, safeoutputs-missing_data, safeoutputs-report_incomplete +374µs
launcher:launcher Connection established: serverID=github +162ms
launcher:launcher Recorded server start: serverID=github +556µs
mcp:connection Dispatching SDK method: tools/list, serverID=github +159ms
mcp:connection listTools: listing tools from serverID=github +296µs
mcp:connection listtools: requesting tools list from backend serverID=github +276µs
mcp:connection listtools: received page of 6 tools from serverID=github +1ms
mcp:connection listtools: received 6 tools total from serverID=github +361µs
mcp:schema Normalizing input schema for tool: github___get_label +144ms
mcp:schema Tool github___get_label schema analysis: hasType=true +423µs
mcp:schema Tool github___get_label object type schema: hasProperties=true, hasAdditionalProperties=false +347µs
mcp:schema Tool github___get_label schema is valid, no normalization needed +290µs
middleware:jqschema ShouldApplyMiddleware: tool=github___get_label, applies=true +145ms
middleware:jqschema WrapToolHandler: wrapping tool=github___get_label, sizeThreshold=524288 bytes, baseDir=/tmp/gh-aw/mcp-payloads, pathPrefixSet=false +286µs
server:unified Registered tool: github-get_label +145ms
mcp:schema Normalizing input schema for tool: github___issue_read +1ms
mcp:schema Tool github___issue_read schema analysis: hasType=true +290µs
mcp:schema Tool github___issue_read object type schema: hasProperties=true, hasAdditionalProperties=false +292µs
mcp:schema Tool github___issue_read schema is valid, no normalization needed +260µs
middleware:jqschema ShouldApplyMiddleware: tool=github___issue_read, applies=true +1ms
middleware:jqschema WrapToolHandler: wrapping tool=github___issue_read, sizeThreshold=524288 bytes, baseDir=/tmp/gh-aw/mcp-payloads, pathPrefixSet=false +286µs
server:unified Registered tool: github-issue_read +2ms
mcp:schema Normalizing input schema for tool: github___list_issue_types +1ms
mcp:schema Tool github___list_issue_types schema analysis: hasType=true +278µs
mcp:schema Tool github___list_issue_types object type schema: hasProperties=true, hasAdditionalProperties=false +291µs
mcp:schema Tool github___list_issue_types schema is valid, no normalization needed +316µs
middleware:jqschema ShouldApplyMiddleware: tool=github___list_issue_types, applies=true +1ms
middleware:jqschema WrapToolHandler: wrapping tool=github___list_issue_types, sizeThreshold=524288 bytes, baseDir=/tmp/gh-aw/mcp-payloads, pathPrefixSet=false +281µs
server:unified Registered tool: github-list_issue_types +2ms
mcp:schema Normalizing input schema for tool: github___list_issues +1ms
mcp:schema Tool github___list_issues schema analysis: hasType=true +300µs
mcp:schema Tool github___list_issues object type schema: hasProperties=true, hasAdditionalProperties=false +279µs
mcp:schema Tool github___list_issues schema is valid, no normalization needed +282µs
middleware:jqschema ShouldApplyMiddleware: tool=github___list_issues, applies=true +1ms
middleware:jqschema WrapToolHandler: wrapping tool=github___list_issues, sizeThreshold=524288 bytes, baseDir=/tmp/gh-aw/mcp-payloads, pathPrefixSet=false +271µs
server:unified Registered tool: github-list_issues +2ms
mcp:schema Normalizing input schema for tool: github___list_label +1ms
mcp:schema Tool github___list_label schema analysis: hasType=true +284µs
mcp:schema Tool github___list_label object type schema: hasProperties=true, hasAdditionalProperties=false +269µs
mcp:schema Tool github___list_label schema is valid, no normalization needed +306µs
middleware:jqschema ShouldApplyMiddleware: tool=github___list_label, applies=true +1ms
middleware:jqschema WrapToolHandler: wrapping tool=github___list_label, sizeThreshold=524288 bytes, baseDir=/tmp/gh-aw/mcp-payloads, pathPrefixSet=false +333µs
server:unified Registered tool: github-list_label +2ms
mcp:schema Normalizing input schema for tool: github___search_issues +1ms
mcp:schema Tool github___search_issues schema analysis: hasType=true +289µs
mcp:schema Tool github___search_issues object type schema: hasProperties=true, hasAdditionalProperties=false +284µs
mcp:schema Tool github___search_issues schema is valid, no normalization needed +286µs
middleware:jqschema ShouldApplyMiddleware: tool=github___search_issues, applies=true +1ms
middleware:jqschema WrapToolHandler: wrapping tool=github___search_issues, sizeThreshold=524288 bytes, baseDir=/tmp/gh-aw/mcp-payloads, pathPrefixSet=false +290µs
server:unified Registered tool: github-search_issues +2ms
server:unified Registered 6 tools from github: github-get_label, github-issue_read, github-list_issue_types, github-list_issues, github-list_label, github-search_issues +314µs
server:unified Successfully registered tools from safeoutputs (took 56.418656ms) +320µs
server:unified Successfully registered tools from github (took 212.434045ms) +897µs
launcher:health Creating health monitor: interval=30s, maxRestartFailures=3 +369ms
launcher:health Starting health monitor: interval=30s +376µs
server:unified Unified server created successfully with 14 tools +2ms
launcher:health Health monitor goroutine started: interval=30s +598µs
2026/08/31 13:53:33 Starting MCPG in ROUTED mode on 0.0.0.0:8080
launcher:launcher Retrieved server IDs: count=2, ids=[github safeoutputs] +42ms
2026/08/31 13:53:33 Routes: /mcp/<server> where <server> is one of: [github safeoutputs]
server:routed Creating HTTP server for routed mode: addr=0.0.0.0:8080 +371ms
launcher:launcher Retrieved server IDs: count=2, ids=[github safeoutputs] +1ms
server:routed Registering routes for 2 backends: [github safeoutputs] +597µs
server:http_server Building MCP HTTP server: addr=0.0.0.0:8080, auth_enabled=true, hmac_enabled=false +372ms
server:handlers Creating OAuth discovery handler +372ms
server:handlers Creating OAuth discovery handler +307µs
server:handlers Creating close handler +303µs
server:auth Initialized auth middleware +373ms
server:http_server Session timeout configured: 6h0m0s +1ms
server:routed [CACHE] Creating filtered server cache: ttl=6h0m0s, maxSize=1000 +2ms
server:helpers Wrapping handler with middleware: logTag=routed:github, authEnabled=true, hmacEnabled=false +374ms
server:auth Initialized auth middleware +1ms
tracing:provider Registering HTTP handler with OTel span: span=gateway.request, extraAttrs=1 +344ms
server:helpers Middleware wrapping complete: logTag=routed:github +875µs
2026/08/31 13:53:33 Registered route: /mcp/github
server:helpers Wrapping handler with middleware: logTag=routed:safeoutputs, authEnabled=true, hmacEnabled=false +290µs
server:auth Initialized auth middleware +1ms
tracing:provider Registering HTTP handler with OTel span: span=gateway.request, extraAttrs=1 +1ms
server:helpers Middleware wrapping complete: logTag=routed:safeoutputs +875µs
2026/08/31 13:53:33 Registered route: /mcp/safeoutputs
server:http_server MCP HTTP server scaffold ready: addr=0.0.0.0:8080 +2ms
server:http_server Creating HTTP server: addr=0.0.0.0:8080 +274µs
2026/08/31 13:53:33 TLS not configured — listening on http://0.0.0.0:8080 (set --tls-cert/--tls-key to enable)
cmd:root Writing gateway config: listenAddr=0.0.0.0:8080, mode=routed, serverCount=2 +346ms
cmd:root Parsed listen address: host=0.0.0.0, port=8080 +309µs
cmd:root Resolved gateway address: host=0.0.0.0, port=8080 +297µs
cmd:root Gateway config: auth_enabled=true +273µs
cmd:root Gateway auth: apiKeyConfigured=true +296µs
cmd:root Writing server config: name=github, url=http://127.0.0.1:8080/mcp/github, toolCount=0 +290µs
cmd:root Wrote server config entry: name=github, url=http://127.0.0.1:8080/mcp/github, toolCount=0 +274µs
cmd:root Writing server config: name=safeoutputs, url=http://127.0.0.1:8080/mcp/safeoutputs, toolCount=0 +290µs
cmd:root Wrote server config entry: name=safeoutputs, url=http://127.0.0.1:8080/mcp/safeoutputs, toolCount=0 +292µs
cmd:root Gateway config written successfully: serverCount=2 +310µs
server:response_writer Creating new response writer with default status 200 +4.8s
server:health Health check request: method=GET, remote=[::1]:48582 +4.8s
server:health Building health response +379µs
launcher:launcher Retrieved server IDs: count=2, ids=[github safeoutputs] +4.5s
server:health Retrieved status for 2 servers +837µs
server:health Overall health status determined: healthy +312µs
server:health Health response: status=healthy, servers=2 +321µs
httputil:httputil Writing JSON response: statusCode=200 +4.8s
server:response_writer Setting response status code: 200 +3ms
httputil:httputil JSON response body size: 168 bytes +726µs
server:response_writer Writing response body: 168 bytes +702µs
server:response_writer Retrieving captured body: 168 bytes +298µs
server:response_writer Retrieving captured body: 168 bytes +322µs
server:response_writer Retrieving captured status code: 200 +347µs
server:helpers [[::1]:48582] GET /health - Status: 200, Response: {"status":"healthy","specVersion":"1.9.0","gatewayVersion":"v0.3.19","servers":{"github":{"status":"running","uptime":4},"safeoutputs":{"status":"running","uptime":4}}} +4.5s
tracing:provider Handling request: span=gateway.request, method=POST, path=/mcp/github, remoteParent=false +4.5s
tracing:provider Span started: span=gateway.request, traceID=00000000000000000000000000000000 +653µs
server:auth Authenticating request: method=POST, path=/mcp/github, remote=127.0.0.1:33398 +4.5s
auth:header Extracting session ID from auth header: sanitized=0pMn... +4.9s
auth:header Using plain API key as session ID +340µs
server:sdk-frontend >>> SDK Request [routed:github] session=0pMnGcWG... mcp-session=(none) method=POST path=/mcp/github +4.9s
server:sdk-frontend     JSON-RPC Request: method=ping id=1 +342µs
server:response_writer Creating new response writer with default status 200 +59ms
server:session Extracting session from request: remote=127.0.0.1:33398, path=/mcp/github +4.9s
auth:header Extracting session ID from auth header: sanitized=0pMn... +1ms
auth:header Using plain API key as session ID +287µs
server:session Session extracted successfully: sessionID=0pMnGcWG..., remote=127.0.0.1:33398 +881µs
server:helpers Checking request body: method=POST, hasBody=true, sessionID=0pMnGcWG... +61ms
server:helpers Request body read: size=40 bytes, sessionID=0pMnGcWG..., backendID=github +275µs
server:helpers Request body logged for debugging +560µs
server:session Injecting session context: sessionID=0pMnGcWG..., backendID=github +1ms
guard:context Setting agent ID in context: 0pMnGcWGdYbnqYS5yzaBt3J5kKx7nqobbz5vZrTxSS7ojLIxNEfLJHoyUe +4.9s
server:session Adding backend ID to context: backendID=github +718µs
server:session Session context injected successfully +280µs
server:routed [CACHE] Creating new filtered server: backend=github, session=0pMnGcWG... +4.5s
server:routed Creating filtered server: backend=github +352µs
server:unified GetToolsForBackend: backendID=github, found=6 tools +4.5s
2026/08/31 13:53:38 Creating filtered server for github with 6 tools
server:routed Backend github has 6 tools available +652µs
server:routed [INFO] server connecting +470µs
server:routed [INFO] server session connected session_id=GO2UBENFPGECA5LSIF7BN34NQW +305µs
server:response_writer Writing response body: 59 bytes +6ms
server:routed [INFO] server session disconnected session_id=GO2UBENFPGECA5LSIF7BN34NQW +739µs
server:response_writer Retrieving captured body: 59 bytes +665µs
server:response_writer Retrieving captured status code: 200 +289µs
server:sdk-frontend <<< SDK Response [routed:github] status=200 duration=8.559842ms (non-JSON or stream) +8ms
server:sdk-frontend     Raw response: event: message
data: {"jsonrpc":"2.0","id":1,"result":{}}

 +294µs
tracing:provider Handling request: span=gateway.request, method=POST, path=/mcp/github, remoteParent=false +18ms
tracing:provider Span started: span=gateway.request, traceID=00000000000000000000000000000000 +361µs
server:auth Authenticating request: method=POST, path=/mcp/github, remote=127.0.0.1:33408 +18ms
auth:header Extracting session ID from auth header: sanitized=0pMn... +18ms
auth:header Using plain API key as session ID +324µs
server:sdk-frontend >>> SDK Request [routed:github] session=0pMnGcWG... mcp-session=(none) method=POST path=/mcp/github +11ms
server:sdk-frontend     JSON-RPC Request: method=initialize id=2 +293µs
server:response_writer Creating new response writer with default status 200 +13ms
server:session Extracting session from request: remote=127.0.0.1:33408, path=/mcp/github +17ms
auth:header Extracting session ID from auth header: sanitized=0pMn... +2ms
auth:header Using plain API key as session ID +285µs
server:session Session extracted successfully: sessionID=0pMnGcWG..., remote=127.0.0.1:33408 +885µs
server:helpers Checking request body: method=POST, hasBody=true, sessionID=0pMnGcWG... +20ms
server:helpers Request body read: size=166 bytes, sessionID=0pMnGcWG..., backendID=github +281µs
server:helpers Request body logged for debugging +597µs
server:session Injecting session context: sessionID=0pMnGcWG..., backendID=github +1ms
guard:context Setting agent ID in context: 0pMnGcWGdYbnqYS5yzaBt3J5kKx7nqobbz5vZrTxSS7ojLIxNEfLJHoyUe +20ms
server:session Adding backend ID to context: backendID=github +635µs
server:session Session context injected successfully +284µs
server:routed [CACHE] Cache hit: key=github/0pMnGcWG... +18ms
server:routed [INFO] server connecting +287µs
server:routed [INFO] server session connected session_id=7ZN4SBHFUMEUIQTLLCFFMNUXPW +325µs
server:response_writer Writing response body: 204 bytes +5ms
server:response_writer Retrieving captured body: 204 bytes +362µs
server:response_writer Retrieving captured status code: 200 +325µs
server:sdk-frontend <<< SDK Response [routed:github] status=200 duration=7.47741ms (non-JSON or stream) +7ms
server:sdk-frontend     Raw response: event: message
data: {"jsonrpc":"2.0","id":2,"result":{"capabilities":{"logging":{},"tools":{"listChanged":true}},"protocolVersion":"2024-11-05","serverInfo":{"name":"awmg-github","version":"v0.3.19"}}}

 +326µs
tracing:provider Handling request: span=gateway.request, method=POST, path=/mcp/github, remoteParent=false +22ms
tracing:provider Span started: span=gateway.request, traceID=00000000000000000000000000000000 +398µs
server:auth Authenticating request: method=POST, path=/mcp/github, remote=127.0.0.1:33422 +22ms
auth:header Extracting session ID from auth header: sanitized=0pMn... +18ms
auth:header Using plain API key as session ID +326µs
server:sdk-frontend >>> SDK Request [routed:github] session=0pMnGcWG... mcp-session=7ZN4SBHF... method=POST path=/mcp/github +13ms
server:sdk-frontend     JSON-RPC Request: method=tools/list id=3 +329µs
server:response_writer Creating new response writer with default status 200 +14ms
server:response_writer Writing response body: 4441 bytes +532µs
server:response_writer Retrieving captured body: 4441 bytes +361µs
server:response_writer Retrieving captured status code: 200 +287µs
server:sdk-frontend <<< SDK Response [routed:github] status=200 duration=2.395747ms (non-JSON or stream) +2ms
server:sdk-frontend     Raw response (truncated): event: message
data: {"jsonrpc":"2.0","id":3,"result":{"tools":[{"description":"[github] Get a specific label from a repository.","inputSchema":{"properties":{"name":{"description":"Label name.","type":"string"},"owner":{"description":"Repository owner (username or organization name)","type":"string"},"repo":{"description":"Repository name","type":"string"}},"required":["owner","repo","name"],"type":"object"},"name":"get_label"},{"description":"[github] Get information about a specific issue in ... +278µs
tracing:provider Handling request: span=gateway.request, method=POST, path=/mcp/safeoutputs, remoteParent=false +29ms
tracing:provider Span started: span=gateway.request, traceID=00000000000000000000000000000000 +16ms
server:auth Authenticating request: method=POST, path=/mcp/safeoutputs, remote=127.0.0.1:33430 +45ms
auth:header Extracting session ID from auth header: sanitized=0pMn... +44ms
auth:header Using plain API key as session ID +407µs
server:sdk-frontend >>> SDK Request [routed:safeoutputs] session=0pMnGcWG... mcp-session=(none) method=POST path=/mcp/safeoutputs +42ms
server:sdk-frontend     JSON-RPC Request: method=ping id=1 +350µs
server:response_writer Creating new response writer with default status 200 +43ms
server:session Extracting session from request: remote=127.0.0.1:33430, path=/mcp/safeoutputs +62ms
auth:header Extracting session ID from auth header: sanitized=0pMn... +1ms
auth:header Using plain API key as session ID +313µs
server:session Session extracted successfully: sessionID=0pMnGcWG..., remote=127.0.0.1:33430 +909µs
server:helpers Checking request body: method=POST, hasBody=true, sessionID=0pMnGcWG... +64ms
server:helpers Request body read: size=40 bytes, sessionID=0pMnGcWG..., backendID=safeoutputs +290µs
server:helpers Request body logged for debugging +585µs
server:session Injecting session context: sessionID=0pMnGcWG..., backendID=safeoutputs +1ms
guard:context Setting agent ID in context: 0pMnGcWGdYbnqYS5yzaBt3J5kKx7nqobbz5vZrTxSS7ojLIxNEfLJHoyUe +65ms
server:session Adding backend ID to context: backendID=safeoutputs +584µs
server:session Session context injected successfully +287µs
server:routed [CACHE] Creating new filtered server: backend=safeoutputs, session=0pMnGcWG... +65ms
server:routed Creating filtered server: backend=safeoutputs +280µs
server:unified GetToolsForBackend: backendID=safeoutputs, found=6 tools +86ms
2026/08/31 13:53:38 Creating filtered server for safeoutputs with 6 tools
server:routed Backend safeoutputs has 6 tools available +636µs
server:routed [INFO] server connecting +441µs
server:routed [INFO] server session connected session_id=7L5J7NFPZ7E6WEVFJP43NX7VGM +300µs
server:response_writer Writing response body: 59 bytes +6ms
server:routed [INFO] server session disconnected session_id=7L5J7NFPZ7E6WEVFJP43NX7VGM +720µs
server:response_writer Retrieving captured body: 59 bytes +678µs
server:response_writer Retrieving captured status code: 200 +287µs
server:sdk-frontend <<< SDK Response [routed:safeoutputs] status=200 duration=8.52394ms (non-JSON or stream) +8ms
server:sdk-frontend     Raw response: event: message
data: {"jsonrpc":"2.0","id":1,"result":{}}

 +272µs
tracing:provider Handling request: span=gateway.request, method=POST, path=/mcp/safeoutputs, remoteParent=false +18ms
tracing:provider Span started: span=gateway.request, traceID=00000000000000000000000000000000 +396µs
server:auth Authenticating request: method=POST, path=/mcp/safeoutputs, remote=127.0.0.1:33434 +18ms
auth:header Extracting session ID from auth header: sanitized=0pMn... +15ms
auth:header Using plain API key as session ID +367µs
server:sdk-frontend >>> SDK Request [routed:safeoutputs] session=0pMnGcWG... mcp-session=(none) method=POST path=/mcp/safeoutputs +9ms
server:sdk-frontend     JSON-RPC Request: method=initialize id=2 +311µs
server:response_writer Creating new response writer with default status 200 +11ms
server:session Extracting session from request: remote=127.0.0.1:33434, path=/mcp/safeoutputs +14ms
auth:header Extracting session ID from auth header: sanitized=0pMn... +1ms
auth:header Using plain API key as session ID +310µs
server:session Session extracted successfully: sessionID=0pMnGcWG..., remote=127.0.0.1:33434 +869µs
server:helpers Checking request body: method=POST, hasBody=true, sessionID=0pMnGcWG... +17ms
server:helpers Request body read: size=166 bytes, sessionID=0pMnGcWG..., backendID=safeoutputs +299µs
server:helpers Request body logged for debugging +619µs
server:session Injecting session context: sessionID=0pMnGcWG..., backendID=safeoutputs +1ms
guard:context Setting agent ID in context: 0pMnGcWGdYbnqYS5yzaBt3J5kKx7nqobbz5vZrTxSS7ojLIxNEfLJHoyUe +18ms
server:session Adding backend ID to context: backendID=safeoutputs +543µs
server:session Session context injected successfully +306µs
server:routed [CACHE] Cache hit: key=safeoutputs/0pMnGcWG... +15ms
server:routed [INFO] server connecting +298µs
server:routed [INFO] server session connected session_id=GONDZLMWAK572Q57EUD2PDEAHI +359µs
server:response_writer Writing response body: 209 bytes +5ms
server:response_writer Retrieving captured body: 209 bytes +360µs
server:response_writer Retrieving captured status code: 200 +320µs
server:sdk-frontend <<< SDK Response [routed:safeoutputs] status=200 duration=7.006182ms (non-JSON or stream) +6ms
server:sdk-frontend     Raw response: event: message
data: {"jsonrpc":"2.0","id":2,"result":{"capabilities":{"logging":{},"tools":{"listChanged":true}},"protocolVersion":"2024-11-05","serverInfo":{"name":"awmg-safeoutputs","version":"v0.3.19"}}}

 +301µs
tracing:provider Handling request: span=gateway.request, method=POST, path=/mcp/safeoutputs, remoteParent=false +19ms
tracing:provider Span started: span=gateway.request, traceID=00000000000000000000000000000000 +412µs
server:auth Authenticating request: method=POST, path=/mcp/safeoutputs, remote=127.0.0.1:33436 +20ms
auth:header Extracting session ID from auth header: sanitized=0pMn... +17ms
auth:header Using plain API key as session ID +318µs
server:sdk-frontend >>> SDK Request [routed:safeoutputs] session=0pMnGcWG... mcp-session=GONDZLMW... method=POST path=/mcp/safeoutputs +13ms
server:sdk-frontend     JSON-RPC Request: method=tools/list id=3 +352µs
server:response_writer Creating new response writer with default status 200 +14ms
server:response_writer Writing response body: 8550 bytes +508µs
server:response_writer Retrieving captured body: 8550 bytes +368µs
server:response_writer Retrieving captured status code: 200 +308µs
server:sdk-frontend <<< SDK Response [routed:safeoutputs] status=200 duration=2.496516ms (non-JSON or stream) +2ms
server:sdk-frontend     Raw response (truncated): event: message
data: {"jsonrpc":"2.0","id":3,"result":{"tools":[{"description":"[safeoutputs] WRITE-ONCE: do NOT call this tool with empty or placeholder arguments to probe or discover its schema — the required `body` field is listed in this schema; if you are not ready to post a real comment, call `noop` instead. Adds a comment to an existing GitHub issue, pull request, or discussion. Use this to provide feedback, answer questions, or add information to an existing conversation. For creating ... +292µs
tracing:provider Handling request: span=gateway.request, method=POST, path=/mcp/safeoutputs, remoteParent=false +116ms
tracing:provider Span started: span=gateway.request, traceID=00000000000000000000000000000000 +726µs
server:auth Authenticating request: method=POST, path=/mcp/safeoutputs, remote=127.0.0.1:33446 +116ms
auth:header Extracting session ID from auth header: sanitized=0pMn... +116ms
auth:header Using plain API key as session ID +405µs
server:sdk-frontend >>> SDK Request [routed:safeoutputs] session=0pMnGcWG... mcp-session=(none) method=POST path=/mcp/safeoutputs +113ms
server:sdk-frontend     JSON-RPC Request: method=initialize id=1 +370µs
server:response_writer Creating new response writer with default status 200 +115ms
server:session Extracting session from request: remote=127.0.0.1:33446, path=/mcp/safeoutputs +133ms
auth:header Extracting session ID from auth header: sanitized=0pMn... +1ms
auth:header Using plain API key as session ID +289µs
server:session Session extracted successfully: sessionID=0pMnGcWG..., remote=127.0.0.1:33446 +897µs
server:helpers Checking request body: method=POST, hasBody=true, sessionID=0pMnGcWG... +136ms
server:helpers Request body read: size=162 bytes, sessionID=0pMnGcWG..., backendID=safeoutputs +291µs
server:helpers Request body logged for debugging +616µs
server:session Injecting session context: sessionID=0pMnGcWG..., backendID=safeoutputs +1ms
guard:context Setting agent ID in context: 0pMnGcWGdYbnqYS5yzaBt3J5kKx7nqobbz5vZrTxSS7ojLIxNEfLJHoyUe +137ms
server:session Adding backend ID to context: backendID=safeoutputs +674µs
server:session Session context injected successfully +284µs
server:routed [CACHE] Cache hit: key=safeoutputs/0pMnGcWG... +136ms
server:routed [INFO] server connecting +299µs
server:routed [INFO] server session connected session_id=4LRJYBWZ5UIIPDFUQAO4A7RW6Y +312µs
server:response_writer Writing response body: 209 bytes +5ms
server:response_writer Retrieving captured body: 209 bytes +382µs
server:response_writer Retrieving captured status code: 200 +296µs
server:sdk-frontend <<< SDK Response [routed:safeoutputs] status=200 duration=7.332695ms (non-JSON or stream) +6ms
server:sdk-frontend     Raw response: event: message
data: {"jsonrpc":"2.0","id":1,"result":{"capabilities":{"logging":{},"tools":{"listChanged":true}},"protocolVersion":"2024-11-05","serverInfo":{"name":"awmg-safeoutputs","version":"v0.3.19"}}}

 +318µs
tracing:provider Handling request: span=gateway.request, method=POST, path=/mcp/safeoutputs, remoteParent=false +11ms
tracing:provider Span started: span=gateway.request, traceID=00000000000000000000000000000000 +330µs
server:auth Authenticating request: method=POST, path=/mcp/safeoutputs, remote=127.0.0.1:33446 +11ms
auth:header Extracting session ID from auth header: sanitized=0pMn... +8ms
auth:header Using plain API key as session ID +285µs
server:sdk-frontend >>> SDK Request [routed:safeoutputs] session=0pMnGcWG... mcp-session=4LRJYBWZ... method=POST path=/mcp/safeoutputs +3ms
server:sdk-frontend     JSON-RPC Request: method=notifications/initialized id=<nil> +313µs
server:response_writer Creating new response writer with default status 200 +5ms
server:response_writer Setting response status code: 202 +882µs
server:routed [INFO] session initialized +7ms
server:response_writer Retrieving captured body: 0 bytes +519µs
server:response_writer Retrieving captured status code: 202 +299µs
server:sdk-frontend <<< SDK Response [routed:safeoutputs] status=202 duration=2.859003ms (empty body) +2ms
tracing:provider Handling request: span=gateway.request, method=POST, path=/mcp/safeoutputs, remoteParent=false +5ms
tracing:provider Span started: span=gateway.request, traceID=00000000000000000000000000000000 +295µs
server:auth Authenticating request: method=POST, path=/mcp/safeoutputs, remote=127.0.0.1:33446 +5ms
auth:header Extracting session ID from auth header: sanitized=0pMn... +5ms
auth:header Using plain API key as session ID +295µs
server:sdk-frontend >>> SDK Request [routed:safeoutputs] session=0pMnGcWG... mcp-session=4LRJYBWZ... method=POST path=/mcp/safeoutputs +2ms
server:sdk-frontend     JSON-RPC Request: method=tools/list id=2 +412µs
server:response_writer Creating new response writer with default status 200 +4ms
server:response_writer Writing response body: 8550 bytes +490µs
server:response_writer Retrieving captured body: 8550 bytes +368µs
server:response_writer Retrieving captured status code: 200 +318µs
server:sdk-frontend <<< SDK Response [routed:safeoutputs] status=200 duration=2.434154ms (non-JSON or stream) +2ms
server:sdk-frontend     Raw response (truncated): event: message
data: {"jsonrpc":"2.0","id":2,"result":{"tools":[{"description":"[safeoutputs] WRITE-ONCE: do NOT call this tool with empty or placeholder arguments to probe or discover its schema — the required `body` field is listed in this schema; if you are not ready to post a real comment, call `noop` instead. Adds a comment to an existing GitHub issue, pull request, or discussion. Use this to provide feedback, answer questions, or add information to an existing conversation. For creating ... +293µs
tracing:provider Handling request: span=gateway.request, method=POST, path=/mcp/github, remoteParent=false +16.1s
tracing:provider Span started: span=gateway.request, traceID=00000000000000000000000000000000 +518µs
server:auth Authenticating request: method=POST, path=/mcp/github, remote=172.30.0.20:50878 +16.1s
auth:header Extracting session ID from auth header: sanitized=0pMn... +16.1s
auth:header Using plain API key as session ID +351µs
server:sdk-frontend >>> SDK Request [routed:github] session=0pMnGcWG... mcp-session=(none) method=POST path=/mcp/github +16.0s
tracing:provider Handling request: span=gateway.request, method=POST, path=/mcp/safeoutputs, remoteParent=false +2ms
server:sdk-frontend     JSON-RPC Request: method=initialize id=0 +473µs
tracing:provider Span started: span=gateway.request, traceID=00000000000000000000000000000000 +365µs
server:auth Authenticating request: method=POST, path=/mcp/safeoutputs, remote=172.30.0.20:50880 +2ms
auth:header Extracting session ID from auth header: sanitized=0pMn... +2ms
server:response_writer Creating new response writer with default status 200 +16.1s
auth:header Using plain API key as session ID +935µs
server:sdk-frontend >>> SDK Request [routed:safeoutputs] session=0pMnGcWG... mcp-session=(none) method=POST path=/mcp/safeoutputs +2ms
server:sdk-frontend     JSON-RPC Request: method=initialize id=0 +323µs
server:session Extracting session from request: remote=172.30.0.20:50878, path=/mcp/github +16.1s
auth:header Extracting session ID from auth header: sanitized=0pMn... +1ms
auth:header Using plain API key as session ID +289µs
server:session Session extracted successfully: sessionID=0pMnGcWG..., remote=172.30.0.20:50878 +878µs
server:response_writer Creating new response writer with default status 200 +2ms
server:session Extracting session from request: remote=172.30.0.20:50880, path=/mcp/safeoutputs +967µs
auth:header Extracting session ID from auth header: sanitized=0pMn... +1ms
server:helpers Checking request body: method=POST, hasBody=true, sessionID=0pMnGcWG... +16.1s
server:helpers Request body read: size=208 bytes, sessionID=0pMnGcWG..., backendID=github +342µs
auth:header Using plain API key as session ID +1ms
server:session Session extracted successfully: sessionID=0pMnGcWG..., remote=172.30.0.20:50880 +2ms
server:helpers Checking request body: method=POST, hasBody=true, sessionID=0pMnGcWG... +1ms
server:helpers Request body read: size=208 bytes, sessionID=0pMnGcWG..., backendID=safeoutputs +318µs
server:helpers Request body logged for debugging +325µs
server:session Injecting session context: sessionID=0pMnGcWG..., backendID=github +1ms
guard:context Setting agent ID in context: 0pMnGcWGdYbnqYS5yzaBt3J5kKx7nqobbz5vZrTxSS7ojLIxNEfLJHoyUe +16.1s
server:session Adding backend ID to context: backendID=github +602µs
server:session Session context injected successfully +319µs
server:routed [CACHE] Cache hit: key=github/0pMnGcWG... +16.1s
server:routed [INFO] server connecting +334µs
server:routed [INFO] server session connected session_id=D2S7JZABR7JAA6EBQGURQPXTJE +320µs
server:response_writer Writing response body: 204 bytes +6ms
server:helpers Request body logged for debugging +3ms
server:session Injecting session context: sessionID=0pMnGcWG..., backendID=safeoutputs +2ms
guard:context Setting agent ID in context: 0pMnGcWGdYbnqYS5yzaBt3J5kKx7nqobbz5vZrTxSS7ojLIxNEfLJHoyUe +3ms
server:session Adding backend ID to context: backendID=safeoutputs +594µs
server:session Session context injected successfully +312µs
server:response_writer Retrieving captured body: 204 bytes +1ms
server:routed [CACHE] Cache hit: key=safeoutputs/0pMnGcWG... +2ms
server:response_writer Retrieving captured status code: 200 +680µs
server:sdk-frontend <<< SDK Response [routed:github] status=200 duration=14.385157ms (non-JSON or stream) +11ms
server:sdk-frontend     Raw response: event: message
data: {"jsonrpc":"2.0","id":0,"result":{"capabilities":{"logging":{},"tools":{"listChanged":true}},"protocolVersion":"2025-11-25","serverInfo":{"name":"awmg-github","version":"v0.3.19"}}}

 +332µs
server:routed [INFO] server connecting +1ms
server:routed [INFO] server session connected session_id=JZKD33HXY7BXSPLVCCCFXOCS22 +370µs
server:response_writer Writing response body: 209 bytes +2ms
server:response_writer Retrieving captured body: 209 bytes +400µs
server:response_writer Retrieving captured status code: 200 +370µs
server:sdk-frontend <<< SDK Response [routed:safeoutputs] status=200 duration=15.19179ms (non-JSON or stream) +2ms
server:sdk-frontend     Raw response: event: message
data: {"jsonrpc":"2.0","id":0,"result":{"capabilities":{"logging":{},"tools":{"listChanged":true}},"protocolVersion":"2025-11-25","serverInfo":{"name":"awmg-safeoutputs","version":"v0.3.19"}}}

 +361µs
tracing:provider Handling request: span=gateway.request, method=POST, path=/mcp/github, remoteParent=false +27ms
tracing:provider Span started: span=gateway.request, traceID=00000000000000000000000000000000 +442µs
server:auth Authenticating request: method=POST, path=/mcp/github, remote=172.30.0.20:50892 +28ms
auth:header Extracting session ID from auth header: sanitized=0pMn... +22ms
auth:header Using plain API key as session ID +312µs
server:sdk-frontend >>> SDK Request [routed:github] session=0pMnGcWG... mcp-session=D2S7JZAB... method=POST path=/mcp/github +12ms
server:sdk-frontend     JSON-RPC Request: method=notifications/initialized id=<nil> +309µs
tracing:provider Handling request: span=gateway.request, method=POST, path=/mcp/safeoutputs, remoteParent=false +2ms
server:response_writer Creating new response writer with default status 200 +14ms
tracing:provider Span started: span=gateway.request, traceID=00000000000000000000000000000000 +985µs
server:response_writer Setting response status code: 202 +666µs
server:routed [INFO] session initialized +16ms
server:response_writer Retrieving captured body: 0 bytes +339µs
server:response_writer Retrieving captured status code: 202 +304µs
server:sdk-frontend <<< SDK Response [routed:github] status=202 duration=2.671164ms (empty body) +2ms
server:auth Authenticating request: method=POST, path=/mcp/safeoutputs, remote=172.30.0.20:50908 +4ms
auth:header Extracting session ID from auth header: sanitized=0pMn... +4ms
auth:header Using plain API key as session ID +352µs
server:sdk-frontend >>> SDK Request [routed:safeoutputs] session=0pMnGcWG... mcp-session=JZKD33HX... method=POST path=/mcp/safeoutputs +2ms
server:sdk-frontend     JSON-RPC Request: method=notifications/initialized id=<nil> +340µs
tracing:provider Handling request: span=gateway.request, method=GET, path=/mcp/github, remoteParent=false +4ms
server:response_writer Creating new response writer with default status 200 +3ms
server:response_writer Setting response status code: 202 +489µs
server:routed [INFO] session initialized +4ms
server:response_writer Retrieving captured body: 0 bytes +373µs
tracing:provider Span started: span=gateway.request, traceID=00000000000000000000000000000000 +1ms
server:response_writer Retrieving captured status code: 202 +960µs
server:sdk-frontend <<< SDK Response [routed:safeoutputs] status=202 duration=2.569234ms (empty body) +2ms
server:auth Authenticating request: method=GET, path=/mcp/github, remote=172.30.0.20:50878 +5ms
tracing:provider Handling request: span=gateway.request, method=GET, path=/mcp/safeoutputs, remoteParent=false +2ms
auth:header Extracting session ID from auth header: sanitized=0pMn... +4ms
auth:header Using plain API key as session ID +397µs
tracing:provider Span started: span=gateway.request, traceID=00000000000000000000000000000000 +888µs
server:auth Authenticating request: method=GET, path=/mcp/safeoutputs, remote=172.30.0.20:50880 +1ms
auth:header Extracting session ID from auth header: sanitized=0pMn... +1ms
server:sdk-frontend >>> SDK Request [routed:github] session=0pMnGcWG... mcp-session=D2S7JZAB... method=GET path=/mcp/github +3ms
server:response_writer Creating new response writer with default status 200 +4ms
server:response_writer Setting response status code: 200 +382µs
auth:header Using plain API key as session ID +1ms
server:sdk-frontend >>> SDK Request [routed:safeoutputs] session=0pMnGcWG... mcp-session=JZKD33HX... method=GET path=/mcp/safeoutputs +1ms
server:response_writer Creating new response writer with default status 200 +1ms
server:response_writer Setting response status code: 200 +303µs
tracing:provider Handling request: span=gateway.request, method=POST, path=/mcp/github, remoteParent=false +25ms
tracing:provider Span started: span=gateway.request, traceID=00000000000000000000000000000000 +482µs
server:auth Authenticating request: method=POST, path=/mcp/github, remote=172.30.0.20:50892 +25ms
auth:header Extracting session ID from auth header: sanitized=0pMn... +23ms
auth:header Using plain API key as session ID +402µs
server:sdk-frontend >>> SDK Request [routed:github] session=0pMnGcWG... mcp-session=D2S7JZAB... method=POST path=/mcp/github +24ms
server:sdk-frontend     JSON-RPC Request: method=tools/list id=1 +359µs
tracing:provider Handling request: span=gateway.request, method=POST, path=/mcp/safeoutputs, remoteParent=false +2ms
server:response_writer Creating new response writer with default status 200 +24ms
tracing:provider Span started: span=gateway.request, traceID=00000000000000000000000000000000 +1ms
server:response_writer Writing response body: 4441 bytes +1ms
server:response_writer Retrieving captured body: 4441 bytes +738µs
server:auth Authenticating request: method=POST, path=/mcp/safeoutputs, remote=172.30.0.20:50908 +4ms
server:response_writer Retrieving captured status code: 200 +623µs
server:sdk-frontend <<< SDK Response [routed:github] status=200 duration=3.711515ms (non-JSON or stream) +3ms
auth:header Extracting session ID from auth header: sanitized=0pMn... +5ms
auth:header Using plain API key as session ID +384µs
server:sdk-frontend >>> SDK Request [routed:safeoutputs] session=0pMnGcWG... mcp-session=JZKD33HX... method=POST path=/mcp/safeoutputs +1ms
server:sdk-frontend     Raw response (truncated): event: message
data: {"jsonrpc":"2.0","id":1,"result":{"tools":[{"description":"[github] Get a specific label from a repository.","inputSchema":{"properties":{"name":{"description":"Label name.","type":"string"},"owner":{"description":"Repository owner (username or organization name)","type":"string"},"repo":{"description":"Repository name","type":"string"}},"required":["owner","repo","name"],"type":"object"},"name":"get_label"},{"description":"[github] Get information about a specific issue in ... +357µs
server:sdk-frontend     JSON-RPC Request: method=tools/list id=1 +2ms
server:response_writer Creating new response writer with default status 200 +4ms
server:response_writer Writing response body: 8550 bytes +603µs
tracing:provider Handling request: span=gateway.request, method=POST, path=/mcp/safeoutputs, remoteParent=false +7ms
tracing:provider Handling request: span=gateway.request, method=POST, path=/mcp/github, remoteParent=false +486µs
server:response_writer Retrieving captured body: 8550 bytes +1ms
server:response_writer Retrieving captured status code: 200 +411µs
tracing:provider Span started: span=gateway.request, traceID=00000000000000000000000000000000 +1ms
tracing:provider Span started: span=gateway.request, traceID=00000000000000000000000000000000 +344µs
server:sdk-frontend <<< SDK Response [routed:safeoutputs] status=200 duration=6.380445ms (non-JSON or stream) +4ms
server:sdk-frontend     Raw response (truncated): event: message
data: {"jsonrpc":"2.0","id":1,"result":{"tools":[{"description":"[safeoutputs] WRITE-ONCE: do NOT call this tool with empty or placeholder arguments to probe or discover its schema — the required `body` field is listed in this schema; if you are not ready to post a real comment, call `noop` instead. Adds a comment to an existing GitHub issue, pull request, or discussion. Use this to provide feedback, answer questions, or add information to an existing conversation. For creating ... +9ms
server:auth Authenticating request: method=POST, path=/mcp/safeoutputs, remote=172.30.0.20:50920 +19ms
server:auth Authenticating request: method=POST, path=/mcp/github, remote=172.30.0.20:50932 +277µs
auth:header Extracting session ID from auth header: sanitized=0pMn... +18ms
auth:header Extracting session ID from auth header: sanitized=0pMn... +696µs
auth:header Using plain API key as session ID +306µs
server:sdk-frontend >>> SDK Request [routed:github] session=0pMnGcWG... mcp-session=D2S7JZAB... method=POST path=/mcp/github +3ms
auth:header Using plain API key as session ID +673µs
server:sdk-frontend >>> SDK Request [routed:safeoutputs] session=0pMnGcWG... mcp-session=JZKD33HX... method=POST path=/mcp/safeoutputs +646µs
server:sdk-frontend     JSON-RPC Request: method=tools/list id=2 +332µs
server:sdk-frontend     JSON-RPC Request: method=tools/list id=2 +335µs
server:response_writer Creating new response writer with default status 200 +15ms
server:response_writer Writing response body: 8550 bytes +504µs
server:response_writer Creating new response writer with default status 200 +473µs
server:response_writer Writing response body: 4441 bytes +532µs
server:response_writer Retrieving captured body: 8550 bytes +233µs
server:response_writer Retrieving captured status code: 200 +311µs
server:sdk-frontend <<< SDK Response [routed:safeoutputs] status=200 duration=4.999902ms (non-JSON or stream) +2ms
server:sdk-frontend     Raw response (truncated): event: message
data: {"jsonrpc":"2.0","id":2,"result":{"tools":[{"description":"[safeoutputs] WRITE-ONCE: do NOT call this tool with empty or placeholder arguments to probe or discover its schema — the required `body` field is listed in this schema; if you are not ready to post a real comment, call `noop` instead. Adds a comment to an existing GitHub issue, pull request, or discussion. Use this to provide feedback, answer questions, or add information to an existing conversation. For creating ... +296µs
server:response_writer Retrieving captured body: 4441 bytes +1ms
server:response_writer Retrieving captured status code: 200 +326µs
server:sdk-frontend <<< SDK Response [routed:github] status=200 duration=5.881067ms (non-JSON or stream) +1ms
server:sdk-frontend     Raw response (truncated): event: message
data: {"jsonrpc":"2.0","id":2,"result":{"tools":[{"description":"[github] Get a specific label from a repository.","inputSchema":{"properties":{"name":{"description":"Label name.","type":"string"},"owner":{"description":"Repository owner (username or organization name)","type":"string"},"repo":{"description":"Repository name","type":"string"}},"required":["owner","repo","name"],"type":"object"},"name":"get_label"},{"description":"[github] Get information about a specific issue in ... +352µs
launcher:launcher Retrieved server IDs: count=2, ids=[github safeoutputs] +25.5s
launcher:health Running health check: checking 2 servers +30.0s
launcher:launcher Retrieved server IDs: count=2, ids=[github safeoutputs] +30.0s
launcher:health Running health check: checking 2 servers +30.0s
launcher:launcher Retrieved server IDs: count=2, ids=[github safeoutputs] +30.0s
launcher:health Running health check: checking 2 servers +30.1s
tracing:provider Handling request: span=gateway.request, method=DELETE, path=/mcp/github, remoteParent=false +1.6m
tracing:provider Handling request: span=gateway.request, method=DELETE, path=/mcp/safeoutputs, remoteParent=false +77µs
tracing:provider Span started: span=gateway.request, traceID=00000000000000000000000000000000 +1ms
server:auth Authenticating request: method=DELETE, path=/mcp/github, remote=172.30.0.20:33048 +1.6m
tracing:provider Span started: span=gateway.request, traceID=00000000000000000000000000000000 +711µs
server:auth Authenticating request: method=DELETE, path=/mcp/safeoutputs, remote=172.30.0.20:33062 +703µs
auth:header Extracting session ID from auth header: sanitized=0pMn... +1.6m
auth:header Extracting session ID from auth header: sanitized=0pMn... +609µs
auth:header Using plain API key as session ID +309µs
server:sdk-frontend >>> SDK Request [routed:github] session=0pMnGcWG... mcp-session=D2S7JZAB... method=DELETE path=/mcp/github +1.6m
auth:header Using plain API key as session ID +658µs
server:sdk-frontend >>> SDK Request [routed:safeoutputs] session=0pMnGcWG... mcp-session=JZKD33HX... method=DELETE path=/mcp/safeoutputs +656µs
server:response_writer Creating new response writer with default status 200 +1.6m
server:response_writer Creating new response writer with default status 200 +302µs
server:response_writer Retrieving captured body: 0 bytes +292µs
server:routed [INFO] server session disconnected session_id=D2S7JZABR7JAA6EBQGURQPXTJE +1.6m
server:response_writer Retrieving captured status code: 200 +292µs
server:sdk-frontend <<< SDK Response [routed:github] status=200 duration=1m37.386415772s (empty body) +1ms
server:response_writer Retrieving captured body: 0 bytes +953µs
server:routed [INFO] server session disconnected session_id=JZKD33HXY7BXSPLVCCCFXOCS22 +1ms
server:response_writer Setting response status code: 204 +491µs
server:response_writer Retrieving captured status code: 200 +327µs
server:response_writer Setting response status code: 204 +381µs
server:response_writer Retrieving captured body: 0 bytes +316µs
server:sdk-frontend <<< SDK Response [routed:safeoutputs] status=200 duration=1m37.385813711s (empty body) +2ms
server:response_writer Retrieving captured body: 0 bytes +917µs
server:response_writer Retrieving captured status code: 204 +307µs
server:sdk-frontend <<< SDK Response [routed:safeoutputs] status=204 duration=6.462218ms (empty body) +1ms
server:response_writer Retrieving captured status code: 204 +640µs
server:sdk-frontend <<< SDK Response [routed:github] status=204 duration=4.934895ms (empty body) +621µs
launcher:launcher Retrieved server IDs: count=2, ids=[safeoutputs github] +30.0s
launcher:health Running health check: checking 2 servers +29.9s
tracing:provider Handling request: span=gateway.request, method=POST, path=/mcp/github, remoteParent=false +5.9s
tracing:provider Span started: span=gateway.request, traceID=00000000000000000000000000000000 +707µs
server:auth Authenticating request: method=POST, path=/mcp/github, remote=172.30.0.20:33072 +5.9s
auth:header Extracting session ID from auth header: sanitized=0pMn... +5.9s
auth:header Using plain API key as session ID +335µs
server:sdk-frontend >>> SDK Request [routed:github] session=0pMnGcWG... mcp-session=(none) method=POST path=/mcp/github +5.9s
server:sdk-frontend     JSON-RPC Request: method=initialize id=0 +430µs
tracing:provider Handling request: span=gateway.request, method=POST, path=/mcp/safeoutputs, remoteParent=false +2ms
server:response_writer Creating new response writer with default status 200 +5.9s
server:session Extracting session from request: remote=172.30.0.20:33072, path=/mcp/github +1.7m
auth:header Extracting session ID from auth header: sanitized=0pMn... +2ms
auth:header Using plain API key as session ID +316µs
tracing:provider Span started: span=gateway.request, traceID=00000000000000000000000000000000 +1ms
server:auth Authenticating request: method=POST, path=/mcp/safeoutputs, remote=172.30.0.20:33074 +4ms
auth:header Extracting session ID from auth header: sanitized=0pMn... +1ms
auth:header Using plain API key as session ID +350µs
server:session Session extracted successfully: sessionID=0pMnGcWG..., remote=172.30.0.20:33072 +2ms
server:helpers Checking request body: method=POST, hasBody=true, sessionID=0pMnGcWG... +1.7m
server:helpers Request body read: size=208 bytes, sessionID=0pMnGcWG..., backendID=github +343µs
server:sdk-frontend >>> SDK Request [routed:safeoutputs] session=0pMnGcWG... mcp-session=(none) method=POST path=/mcp/safeoutputs +4ms
server:helpers Request body logged for debugging +957µs
server:session Injecting session context: sessionID=0pMnGcWG..., backendID=github +2ms
server:sdk-frontend     JSON-RPC Request: method=initialize id=0 +1ms
guard:context Setting agent ID in context: 0pMnGcWGdYbnqYS5yzaBt3J5kKx7nqobbz5vZrTxSS7ojLIxNEfLJHoyUe +1.7m
server:session Adding backend ID to context: backendID=github +880µs
server:session Session context injected successfully +275µs
server:routed [CACHE] Cache hit: key=github/0pMnGcWG... +5.9s
server:routed [INFO] server connecting +356µs
server:response_writer Creating new response writer with default status 200 +7ms
server:session Extracting session from request: remote=172.30.0.20:33074, path=/mcp/safeoutputs +1ms
auth:header Extracting session ID from auth header: sanitized=0pMn... +5ms
auth:header Using plain API key as session ID +322µs
server:routed [INFO] server session connected session_id=FLBHZEPKIUDGJE2YUKRSR6MGM7 +1ms
server:response_writer Writing response body: 204 bytes +1ms
server:session Session extracted successfully: sessionID=0pMnGcWG..., remote=172.30.0.20:33074 +1ms
server:helpers Checking request body: method=POST, hasBody=true, sessionID=0pMnGcWG... +5ms
server:helpers Request body read: size=208 bytes, sessionID=0pMnGcWG..., backendID=safeoutputs +288µs
server:response_writer Retrieving captured body: 204 bytes +1ms
server:helpers Request body logged for debugging +1ms
server:session Injecting session context: sessionID=0pMnGcWG..., backendID=safeoutputs +2ms
server:response_writer Retrieving captured status code: 200 +1ms
server:sdk-frontend <<< SDK Response [routed:github] status=200 duration=12.616039ms (non-JSON or stream) +6ms
server:sdk-frontend     Raw response: event: message
data: {"jsonrpc":"2.0","id":0,"result":{"capabilities":{"logging":{},"tools":{"listChanged":true}},"protocolVersion":"2025-11-25","serverInfo":{"name":"awmg-github","version":"v0.3.19"}}}

 +298µs
guard:context Setting agent ID in context: 0pMnGcWGdYbnqYS5yzaBt3J5kKx7nqobbz5vZrTxSS7ojLIxNEfLJHoyUe +7ms
server:session Adding backend ID to context: backendID=safeoutputs +1ms
server:session Session context injected successfully +320µs
server:routed [CACHE] Cache hit: key=safeoutputs/0pMnGcWG... +5ms
server:routed [INFO] server connecting +340µs
server:routed [INFO] server session connected session_id=TSVQUC5SIYPP5GE26V45NYFAFT +356µs
server:response_writer Writing response body: 209 bytes +3ms
server:response_writer Retrieving captured body: 209 bytes +363µs
server:response_writer Retrieving captured status code: 200 +303µs
server:sdk-frontend <<< SDK Response [routed:safeoutputs] status=200 duration=13.288414ms (non-JSON or stream) +3ms
server:sdk-frontend     Raw response: event: message
data: {"jsonrpc":"2.0","id":0,"result":{"capabilities":{"logging":{},"tools":{"listChanged":true}},"protocolVersion":"2025-11-25","serverInfo":{"name":"awmg-safeoutputs","version":"v0.3.19"}}}

 +286µs
tracing:provider Handling request: span=gateway.request, method=POST, path=/mcp/github, remoteParent=false +23ms
tracing:provider Span started: span=gateway.request, traceID=00000000000000000000000000000000 +452µs
server:auth Authenticating request: method=POST, path=/mcp/github, remote=172.30.0.20:33080 +24ms
auth:header Extracting session ID from auth header: sanitized=0pMn... +18ms
auth:header Using plain API key as session ID +300µs
server:sdk-frontend >>> SDK Request [routed:github] session=0pMnGcWG... mcp-session=FLBHZEPK... method=POST path=/mcp/github +10ms
server:sdk-frontend     JSON-RPC Request: method=notifications/initialized id=<nil> +317µs
tracing:provider Handling request: span=gateway.request, method=POST, path=/mcp/safeoutputs, remoteParent=false +2ms
server:response_writer Creating new response writer with default status 200 +12ms
server:response_writer Setting response status code: 202 +314µs
server:routed [INFO] session initialized +13ms
server:response_writer Retrieving captured body: 0 bytes +324µs
server:response_writer Retrieving captured status code: 202 +300µs
tracing:provider Span started: span=gateway.request, traceID=00000000000000000000000000000000 +1ms
server:sdk-frontend <<< SDK Response [routed:github] status=202 duration=2.172667ms (empty body) +2ms
tracing:provider Handling request: span=gateway.request, method=GET, path=/mcp/github, remoteParent=false +2ms
server:auth Authenticating request: method=POST, path=/mcp/safeoutputs, remote=172.30.0.20:33094 +6ms
auth:header Extracting session ID from auth header: sanitized=0pMn... +6ms
auth:header Using plain API key as session ID +315µs
tracing:provider Span started: span=gateway.request, traceID=00000000000000000000000000000000 +1ms
server:sdk-frontend >>> SDK Request [routed:safeoutputs] session=0pMnGcWG... mcp-session=TSVQUC5S... method=POST path=/mcp/safeoutputs +4ms
server:sdk-frontend     JSON-RPC Request: method=notifications/initialized id=<nil> +355µs
server:auth Authenticating request: method=GET, path=/mcp/github, remote=172.30.0.20:33072 +2ms
auth:header Extracting session ID from auth header: sanitized=0pMn... +2ms
server:response_writer Creating new response writer with default status 200 +7ms
server:response_writer Setting response status code: 202 +331µs
server:routed [INFO] session initialized +8ms
server:response_writer Retrieving captured body: 0 bytes +387µs
auth:header Using plain API key as session ID +1ms
server:response_writer Retrieving captured status code: 202 +857µs
server:sdk-frontend <<< SDK Response [routed:safeoutputs] status=202 duration=3.866384ms (empty body) +3ms
server:sdk-frontend >>> SDK Request [routed:github] session=0pMnGcWG... mcp-session=FLBHZEPK... method=GET path=/mcp/github +303µs
server:response_writer Creating new response writer with default status 200 +904µs
server:response_writer Setting response status code: 200 +287µs
tracing:provider Handling request: span=gateway.request, method=GET, path=/mcp/safeoutputs, remoteParent=false +7ms
tracing:provider Span started: span=gateway.request, traceID=00000000000000000000000000000000 +317µs
server:auth Authenticating request: method=GET, path=/mcp/safeoutputs, remote=172.30.0.20:33074 +6ms
auth:header Extracting session ID from auth header: sanitized=0pMn... +4ms
auth:header Using plain API key as session ID +321µs
server:sdk-frontend >>> SDK Request [routed:safeoutputs] session=0pMnGcWG... mcp-session=TSVQUC5S... method=GET path=/mcp/safeoutputs +4ms
server:response_writer Creating new response writer with default status 200 +4ms
server:response_writer Setting response status code: 200 +367µs
tracing:provider Handling request: span=gateway.request, method=POST, path=/mcp/github, remoteParent=false +25ms
tracing:provider Span started: span=gateway.request, traceID=00000000000000000000000000000000 +459µs
server:auth Authenticating request: method=POST, path=/mcp/github, remote=172.30.0.20:33080 +25ms
auth:header Extracting session ID from auth header: sanitized=0pMn... +25ms
auth:header Using plain API key as session ID +364µs
server:sdk-frontend >>> SDK Request [routed:github] session=0pMnGcWG... mcp-session=FLBHZEPK... method=POST path=/mcp/github +26ms
server:sdk-frontend     JSON-RPC Request: method=tools/list id=1 +375µs
tracing:provider Handling request: span=gateway.request, method=POST, path=/mcp/safeoutputs, remoteParent=false +2ms
server:response_writer Creating new response writer with default status 200 +26ms
server:response_writer Writing response body: 4441 bytes +646µs
tracing:provider Span started: span=gateway.request, traceID=00000000000000000000000000000000 +1ms
server:response_writer Retrieving captured body: 4441 bytes +540µs
server:auth Authenticating request: method=POST, path=/mcp/safeoutputs, remote=172.30.0.20:33094 +4ms
server:response_writer Retrieving captured status code: 200 +702µs
auth:header Extracting session ID from auth header: sanitized=0pMn... +3ms
auth:header Using plain API key as session ID +354µs
server:sdk-frontend >>> SDK Request [routed:safeoutputs] session=0pMnGcWG... mcp-session=TSVQUC5S... method=POST path=/mcp/safeoutputs +3ms
server:sdk-frontend     JSON-RPC Request: method=tools/list id=1 +357µs
server:sdk-frontend <<< SDK Response [routed:github] status=200 duration=2.99914ms (non-JSON or stream) +301µs
server:sdk-frontend     Raw response (truncated): event: message
data: {"jsonrpc":"2.0","id":1,"result":{"tools":[{"description":"[github] Get a specific label from a repository.","inputSchema":{"properties":{"name":{"description":"Label name.","type":"string"},"owner":{"description":"Repository owner (username or organization name)","type":"string"},"repo":{"description":"Repository name","type":"string"}},"required":["owner","repo","name"],"type":"object"},"name":"get_label"},{"description":"[github] Get information about a specific issue in ... +311µs
server:response_writer Creating new response writer with default status 200 +2ms
server:response_writer Writing response body: 8550 bytes +620µs
server:response_writer Retrieving captured body: 8550 bytes +1ms
server:response_writer Retrieving captured status code: 200 +336µs
tracing:provider Handling request: span=gateway.request, method=POST, path=/mcp/github, remoteParent=false +6ms
tracing:provider Handling request: span=gateway.request, method=POST, path=/mcp/safeoutputs, remoteParent=false +139µs
server:sdk-frontend <<< SDK Response [routed:safeoutputs] status=200 duration=4.115714ms (non-JSON or stream) +3ms
server:sdk-frontend     Raw response (truncated): event: message
data: {"jsonrpc":"2.0","id":1,"result":{"tools":[{"description":"[safeoutputs] WRITE-ONCE: do NOT call this tool with empty or placeholder arguments to probe or discover its schema — the required `body` field is listed in this schema; if you are not ready to post a real comment, call `noop` instead. Adds a comment to an existing GitHub issue, pull request, or discussion. Use this to provide feedback, answer questions, or add information to an existing conversation. For creating ... +434µs
tracing:provider Span started: span=gateway.request, traceID=00000000000000000000000000000000 +1ms
server:auth Authenticating request: method=POST, path=/mcp/github, remote=172.30.0.20:33102 +7ms
tracing:provider Span started: span=gateway.request, traceID=00000000000000000000000000000000 +669µs
server:auth Authenticating request: method=POST, path=/mcp/safeoutputs, remote=172.30.0.20:33104 +588µs
auth:header Extracting session ID from auth header: sanitized=0pMn... +7ms
auth:header Extracting session ID from auth header: sanitized=0pMn... +565µs
auth:header Using plain API key as session ID +293µs
server:sdk-frontend >>> SDK Request [routed:safeoutputs] session=0pMnGcWG... mcp-session=TSVQUC5S... method=POST path=/mcp/safeoutputs +3ms
server:sdk-frontend     JSON-RPC Request: method=tools/list id=2 +381µs
auth:header Using plain API key as session ID +1ms
server:sdk-frontend >>> SDK Request [routed:github] session=0pMnGcWG... mcp-session=FLBHZEPK... method=POST path=/mcp/github +698µs
server:sdk-frontend     JSON-RPC Request: method=tools/list id=2 +348µs
server:response_writer Creating new response writer with default status 200 +6ms
server:response_writer Writing response body: 8550 bytes +561µs
server:response_writer Creating new response writer with default status 200 +436µs
server:response_writer Writing response body: 4441 bytes +664µs
server:response_writer Retrieving captured body: 8550 bytes +326µs
server:response_writer Retrieving captured body: 4441 bytes +406µs
server:response_writer Retrieving captured status code: 200 +280µs
server:sdk-frontend <<< SDK Response [routed:safeoutputs] status=200 duration=4.741851ms (non-JSON or stream) +3ms
server:sdk-frontend     Raw response (truncated): event: message
data: {"jsonrpc":"2.0","id":2,"result":{"tools":[{"description":"[safeoutputs] WRITE-ONCE: do NOT call this tool with empty or placeholder arguments to probe or discover its schema — the required `body` field is listed in this schema; if you are not ready to post a real comment, call `noop` instead. Adds a comment to an existing GitHub issue, pull request, or discussion. Use this to provide feedback, answer questions, or add information to an existing conversation. For creating ... +384µs
server:response_writer Retrieving captured status code: 200 +1ms
server:sdk-frontend <<< SDK Response [routed:github] status=200 duration=5.704425ms (non-JSON or stream) +724µs
server:sdk-frontend     Raw response (truncated): event: message
data: {"jsonrpc":"2.0","id":2,"result":{"tools":[{"description":"[github] Get a specific label from a repository.","inputSchema":{"properties":{"name":{"description":"Label name.","type":"string"},"owner":{"description":"Repository owner (username or organization name)","type":"string"},"repo":{"description":"Repository name","type":"string"}},"required":["owner","repo","name"],"type":"object"},"name":"get_label"},{"description":"[github] Get information about a specific issue in ... +705µs
launcher:launcher Retrieved server IDs: count=2, ids=[safeoutputs github] +30.0s
launcher:health Running health check: checking 2 servers +30.0s
launcher:launcher Retrieved server IDs: count=2, ids=[github safeoutputs] +30.0s
launcher:health Running health check: checking 2 servers +30.0s
launcher:launcher Retrieved server IDs: count=2, ids=[github safeoutputs] +30.0s
launcher:health Running health check: checking 2 servers +30.1s
tracing:provider Handling request: span=gateway.request, method=DELETE, path=/mcp/github, remoteParent=false +1.7m
tracing:provider Handling request: span=gateway.request, method=DELETE, path=/mcp/safeoutputs, remoteParent=false +103µs
tracing:provider Span started: span=gateway.request, traceID=00000000000000000000000000000000 +437µs
server:auth Authenticating request: method=DELETE, path=/mcp/github, remote=172.30.0.20:58716 +1.7m
auth:header Extracting session ID from auth header: sanitized=0pMn... +1.7m
tracing:provider Span started: span=gateway.request, traceID=00000000000000000000000000000000 +1ms
server:auth Authenticating request: method=DELETE, path=/mcp/safeoutputs, remote=172.30.0.20:58722 +1ms
auth:header Using plain API key as session ID +1ms
auth:header Extracting session ID from auth header: sanitized=0pMn... +643µs
server:sdk-frontend >>> SDK Request [routed:github] session=0pMnGcWG... mcp-session=FLBHZEPK... method=DELETE path=/mcp/github +1.7m
auth:header Using plain API key as session ID +690µs
server:sdk-frontend >>> SDK Request [routed:safeoutputs] session=0pMnGcWG... mcp-session=TSVQUC5S... method=DELETE path=/mcp/safeoutputs +705µs
server:response_writer Creating new response writer with default status 200 +1.7m
server:response_writer Retrieving captured body: 0 bytes +339µs
server:routed [INFO] server session disconnected session_id=FLBHZEPKIUDGJE2YUKRSR6MGM7 +1.7m
server:response_writer Retrieving captured status code: 200 +313µs
server:response_writer Creating new response writer with default status 200 +298µs
server:response_writer Retrieving captured body: 0 bytes +287µs
server:routed [INFO] server session disconnected session_id=TSVQUC5SIYPP5GE26V45NYFAFT +915µs
server:response_writer Retrieving captured status code: 200 +273µs
server:sdk-frontend <<< SDK Response [routed:safeoutputs] status=200 duration=1m44.403867892s (empty body) +2ms
server:response_writer Setting response status code: 204 +1ms
server:sdk-frontend <<< SDK Response [routed:github] status=200 duration=1m44.409571096s (empty body) +690µs
server:response_writer Setting response status code: 204 +659µs
server:response_writer Retrieving captured body: 0 bytes +614µs
server:response_writer Retrieving captured status code: 204 +291µs
server:sdk-frontend <<< SDK Response [routed:github] status=204 duration=7.294881ms (empty body) +1ms
server:response_writer Retrieving captured body: 0 bytes +852µs
server:response_writer Retrieving captured status code: 204 +584µs
server:sdk-frontend <<< SDK Response [routed:safeoutputs] status=204 duration=6.762261ms (empty body) +1ms
tracing:provider Handling request: span=gateway.request, method=POST, path=/mcp/github, remoteParent=false +10.9s
tracing:provider Span started: span=gateway.request, traceID=00000000000000000000000000000000 +549µs
server:auth Authenticating request: method=POST, path=/mcp/github, remote=172.30.0.20:46102 +10.9s
auth:header Extracting session ID from auth header: sanitized=0pMn... +10.9s
auth:header Using plain API key as session ID +334µs
server:sdk-frontend >>> SDK Request [routed:github] session=0pMnGcWG... mcp-session=(none) method=POST path=/mcp/github +10.9s
server:sdk-frontend     JSON-RPC Request: method=initialize id=0 +359µs
tracing:provider Handling request: span=gateway.request, method=POST, path=/mcp/safeoutputs, remoteParent=false +2ms
server:response_writer Creating new response writer with default status 200 +10.9s
server:session Extracting session from request: remote=172.30.0.20:46102, path=/mcp/github +1.9m
auth:header Extracting session ID from auth header: sanitized=0pMn... +1ms
auth:header Using plain API key as session ID +323µs
tracing:provider Span started: span=gateway.request, traceID=00000000000000000000000000000000 +1ms
server:auth Authenticating request: method=POST, path=/mcp/safeoutputs, remote=172.30.0.20:46110 +4ms
auth:header Extracting session ID from auth header: sanitized=0pMn... +1ms
server:session Session extracted successfully: sessionID=0pMnGcWG..., remote=172.30.0.20:46102 +2ms
server:helpers Checking request body: method=POST, hasBody=true, sessionID=0pMnGcWG... +1.9m
server:helpers Request body read: size=208 bytes, sessionID=0pMnGcWG..., backendID=github +291µs
auth:header Using plain API key as session ID +1ms
server:sdk-frontend >>> SDK Request [routed:safeoutputs] session=0pMnGcWG... mcp-session=(none) method=POST path=/mcp/safeoutputs +4ms
server:sdk-frontend     JSON-RPC Request: method=initialize id=0 +349µs
server:response_writer Creating new response writer with default status 200 +5ms
server:session Extracting session from request: remote=172.30.0.20:46110, path=/mcp/safeoutputs +3ms
auth:header Extracting session ID from auth header: sanitized=0pMn... +2ms
auth:header Using plain API key as session ID +320µs
server:session Session extracted successfully: sessionID=0pMnGcWG..., remote=172.30.0.20:46110 +969µs
server:helpers Request body logged for debugging +3ms
server:session Injecting session context: sessionID=0pMnGcWG..., backendID=github +568µs
guard:context Setting agent ID in context: 0pMnGcWGdYbnqYS5yzaBt3J5kKx7nqobbz5vZrTxSS7ojLIxNEfLJHoyUe +1.9m
server:session Adding backend ID to context: backendID=github +612µs
server:session Session context injected successfully +314µs
server:helpers Checking request body: method=POST, hasBody=true, sessionID=0pMnGcWG... +1ms
server:helpers Request body read: size=208 bytes, sessionID=0pMnGcWG..., backendID=safeoutputs +336µs
server:helpers Request body logged for debugging +712µs
server:routed [CACHE] Cache hit: key=github/0pMnGcWG... +10.9s
server:routed [INFO] server connecting +778µs
server:routed [INFO] server session connected session_id=ODUTIE2JAUKVUR4V4SGP3YYYB7 +1ms
server:session Injecting session context: sessionID=0pMnGcWG..., backendID=safeoutputs +4ms
guard:context Setting agent ID in context: 0pMnGcWGdYbnqYS5yzaBt3J5kKx7nqobbz5vZrTxSS7ojLIxNEfLJHoyUe +5ms
server:session Adding backend ID to context: backendID=safeoutputs +752µs
server:session Session context injected successfully +320µs
server:response_writer Writing response body: 204 bytes +8ms
server:routed [CACHE] Cache hit: key=safeoutputs/0pMnGcWG... +2ms
server:routed [INFO] server connecting +329µs
server:routed [INFO] server session connected session_id=FLEWZIT3SPMJOMGYNXGNXMUYPP +346µs
server:response_writer Writing response body: 209 bytes +1ms
server:response_writer Retrieving captured body: 204 bytes +369µs
server:response_writer Retrieving captured body: 209 bytes +359µs
server:response_writer Retrieving captured status code: 200 +294µs
server:sdk-frontend <<< SDK Response [routed:github] status=200 duration=17.274156ms (non-JSON or stream) +12ms
server:sdk-frontend     Raw response: event: message
data: {"jsonrpc":"2.0","id":0,"result":{"capabilities":{"logging":{},"tools":{"listChanged":true}},"protocolVersion":"2025-11-25","serverInfo":{"name":"awmg-github","version":"v0.3.19"}}}

 +279µs
server:response_writer Retrieving captured status code: 200 +1ms
server:sdk-frontend <<< SDK Response [routed:safeoutputs] status=200 duration=13.646414ms (non-JSON or stream) +1ms
server:sdk-frontend     Raw response: event: message
data: {"jsonrpc":"2.0","id":0,"result":{"capabilities":{"logging":{},"tools":{"listChanged":true}},"protocolVersion":"2025-11-25","serverInfo":{"name":"awmg-safeoutputs","version":"v0.3.19"}}}

 +385µs
tracing:provider Handling request: span=gateway.request, method=POST, path=/mcp/github, remoteParent=false +28ms
tracing:provider Span started: span=gateway.request, traceID=00000000000000000000000000000000 +413µs
server:auth Authenticating request: method=POST, path=/mcp/github, remote=172.30.0.20:46120 +28ms
auth:header Extracting session ID from auth header: sanitized=0pMn... +24ms
auth:header Using plain API key as session ID +304µs
server:sdk-frontend >>> SDK Request [routed:github] session=0pMnGcWG... mcp-session=ODUTIE2J... method=POST path=/mcp/github +13ms
server:sdk-frontend     JSON-RPC Request: method=notifications/initialized id=<nil> +370µs
tracing:provider Handling request: span=gateway.request, method=POST, path=/mcp/safeoutputs, remoteParent=false +2ms
server:response_writer Creating new response writer with default status 200 +14ms
server:response_writer Setting response status code: 202 +357µs
server:routed [INFO] session initialized +17ms
server:response_writer Retrieving captured body: 0 bytes +404µs
server:response_writer Retrieving captured status code: 202 +364µs
tracing:provider Span started: span=gateway.request, traceID=00000000000000000000000000000000 +2ms
server:sdk-frontend <<< SDK Response [routed:github] status=202 duration=2.328017ms (empty body) +2ms
server:auth Authenticating request: method=POST, path=/mcp/safeoutputs, remote=172.30.0.20:46132 +5ms
auth:header Extracting session ID from auth header: sanitized=0pMn... +4ms
auth:header Using plain API key as session ID +377µs
tracing:provider Handling request: span=gateway.request, method=GET, path=/mcp/github, remoteParent=false +2ms
server:sdk-frontend >>> SDK Request [routed:safeoutputs] session=0pMnGcWG... mcp-session=FLEWZIT3... method=POST path=/mcp/safeoutputs +2ms
server:sdk-frontend     JSON-RPC Request: method=notifications/initialized id=<nil> +354µs
server:response_writer Creating new response writer with default status 200 +4ms
tracing:provider Span started: span=gateway.request, traceID=00000000000000000000000000000000 +1ms
server:auth Authenticating request: method=GET, path=/mcp/github, remote=172.30.0.20:46102 +3ms
auth:header Extracting session ID from auth header: sanitized=0pMn... +3ms
auth:header Using plain API key as session ID +349µs
server:response_writer Setting response status code: 202 +1ms
server:routed [INFO] session initialized +7ms
server:response_writer Retrieving captured body: 0 bytes +338µs
server:response_writer Retrieving captured status code: 202 +324µs
server:sdk-frontend <<< SDK Response [routed:safeoutputs] status=202 duration=4.560783ms (empty body) +4ms
server:sdk-frontend >>> SDK Request [routed:github] session=0pMnGcWG... mcp-session=ODUTIE2J... method=GET path=/mcp/github +677µs
tracing:provider Handling request: span=gateway.request, method=GET, path=/mcp/safeoutputs, remoteParent=false +3ms
server:response_writer Creating new response writer with default status 200 +1ms
server:response_writer Setting response status code: 200 +336µs
tracing:provider Span started: span=gateway.request, traceID=00000000000000000000000000000000 +1ms
server:auth Authenticating request: method=GET, path=/mcp/safeoutputs, remote=172.30.0.20:46110 +4ms
auth:header Extracting session ID from auth header: sanitized=0pMn... +4ms
auth:header Using plain API key as session ID +427µs
server:sdk-frontend >>> SDK Request [routed:safeoutputs] session=0pMnGcWG... mcp-session=FLEWZIT3... method=GET path=/mcp/safeoutputs +3ms
server:response_writer Creating new response writer with default status 200 +2ms
server:response_writer Setting response status code: 200 +360µs
tracing:provider Handling request: span=gateway.request, method=POST, path=/mcp/github, remoteParent=false +24ms
tracing:provider Span started: span=gateway.request, traceID=00000000000000000000000000000000 +485µs
server:auth Authenticating request: method=POST, path=/mcp/github, remote=172.30.0.20:46120 +25ms
auth:header Extracting session ID from auth header: sanitized=0pMn... +24ms
auth:header Using plain API key as session ID +308µs
server:sdk-frontend >>> SDK Request [routed:github] session=0pMnGcWG... mcp-session=ODUTIE2J... method=POST path=/mcp/github +25ms
server:sdk-frontend     JSON-RPC Request: method=tools/list id=1 +489µs
tracing:provider Handling request: span=gateway.request, method=POST, path=/mcp/safeoutputs, remoteParent=false +2ms
server:response_writer Creating new response writer with default status 200 +26ms
server:response_writer Writing response body: 4441 bytes +759µs
tracing:provider Span started: span=gateway.request, traceID=00000000000000000000000000000000 +1ms
server:auth Authenticating request: method=POST, path=/mcp/safeoutputs, remote=172.30.0.20:46132 +4ms
tracing:provider Handling request: span=gateway.request, method=POST, path=/mcp/github, remoteParent=false +1ms
auth:header Extracting session ID from auth header: sanitized=0pMn... +4ms
tracing:provider Handling request: span=gateway.request, method=POST, path=/mcp/safeoutputs, remoteParent=false +369µs
server:response_writer Retrieving captured body: 4441 bytes +1ms
tracing:provider Span started: span=gateway.request, traceID=00000000000000000000000000000000 +496µs
server:auth Authenticating request: method=POST, path=/mcp/github, remote=172.30.0.20:46142 +1ms
auth:header Using plain API key as session ID +1ms
tracing:provider Span started: span=gateway.request, traceID=00000000000000000000000000000000 +1ms
server:response_writer Retrieving captured status code: 200 +2ms
auth:header Extracting session ID from auth header: sanitized=0pMn... +939µs
server:sdk-frontend >>> SDK Request [routed:safeoutputs] session=0pMnGcWG... mcp-session=FLEWZIT3... method=POST path=/mcp/safeoutputs +6ms
server:sdk-frontend     JSON-RPC Request: method=tools/list id=1 +367µs
server:auth Authenticating request: method=POST, path=/mcp/safeoutputs, remote=172.30.0.20:46158 +2ms
server:sdk-frontend <<< SDK Response [routed:github] status=200 duration=4.867387ms (non-JSON or stream) +684µs
auth:header Using plain API key as session ID +1ms
server:response_writer Creating new response writer with default status 200 +2ms
server:response_writer Writing response body: 8550 bytes +634µs
server:sdk-frontend     Raw response (truncated): event: message
data: {"jsonrpc":"2.0","id":1,"result":{"tools":[{"description":"[github] Get a specific label from a repository.","inputSchema":{"properties":{"name":{"description":"Label name.","type":"string"},"owner":{"description":"Repository owner (username or organization name)","type":"string"},"repo":{"description":"Repository name","type":"string"}},"required":["owner","repo","name"],"type":"object"},"name":"get_label"},{"description":"[github] Get information about a specific issue in ... +2ms
server:sdk-frontend >>> SDK Request [routed:github] session=0pMnGcWG... mcp-session=ODUTIE2J... method=POST path=/mcp/github +423µs
server:response_writer Retrieving captured body: 8550 bytes +1ms
auth:header Extracting session ID from auth header: sanitized=0pMn... +3ms
server:sdk-frontend     JSON-RPC Request: method=tools/list id=2 +1ms
server:response_writer Retrieving captured status code: 200 +1ms
auth:header Using plain API key as session ID +1ms
server:response_writer Creating new response writer with default status 200 +1ms
server:response_writer Writing response body: 4441 bytes +539µs
server:sdk-frontend <<< SDK Response [routed:safeoutputs] status=200 duration=7.533904ms (non-JSON or stream) +2ms
server:sdk-frontend >>> SDK Request [routed:safeoutputs] session=0pMnGcWG... mcp-session=FLEWZIT3... method=POST path=/mcp/safeoutputs +408µs
server:response_writer Retrieving captured body: 4441 bytes +967µs
server:response_writer Retrieving captured status code: 200 +357µs
server:sdk-frontend <<< SDK Response [routed:github] status=200 duration=8.682385ms (non-JSON or stream) +1ms
server:sdk-frontend     Raw response (truncated): event: message
data: {"jsonrpc":"2.0","id":1,"result":{"tools":[{"description":"[safeoutputs] WRITE-ONCE: do NOT call this tool with empty or placeholder arguments to probe or discover its schema — the required `body` field is listed in this schema; if you are not ready to post a real comment, call `noop` instead. Adds a comment to an existing GitHub issue, pull request, or discussion. Use this to provide feedback, answer questions, or add information to an existing conversation. For creating ... +361µs
server:sdk-frontend     JSON-RPC Request: method=tools/list id=2 +379µs
server:sdk-frontend     Raw response (truncated): event: message
data: {"jsonrpc":"2.0","id":2,"result":{"tools":[{"description":"[github] Get a specific label from a repository.","inputSchema":{"properties":{"name":{"description":"Label name.","type":"string"},"owner":{"description":"Repository owner (username or organization name)","type":"string"},"repo":{"description":"Repository name","type":"string"}},"required":["owner","repo","name"],"type":"object"},"name":"get_label"},{"description":"[github] Get information about a specific issue in ... +389µs
server:response_writer Creating new response writer with default status 200 +2ms
server:response_writer Writing response body: 8550 bytes +523µs
server:response_writer Retrieving captured body: 8550 bytes +416µs
server:response_writer Retrieving captured status code: 200 +322µs
server:sdk-frontend <<< SDK Response [routed:safeoutputs] status=200 duration=7.915829ms (non-JSON or stream) +2ms
server:sdk-frontend     Raw response (truncated): event: message
data: {"jsonrpc":"2.0","id":2,"result":{"tools":[{"description":"[safeoutputs] WRITE-ONCE: do NOT call this tool with empty or placeholder arguments to probe or discover its schema — the required `body` field is listed in this schema; if you are not ready to post a real comment, call `noop` instead. Adds a comment to an existing GitHub issue, pull request, or discussion. Use this to provide feedback, answer questions, or add information to an existing conversation. For creating ... +311µs
launcher:launcher Retrieved server IDs: count=2, ids=[github safeoutputs] +30.0s
launcher:health Running health check: checking 2 servers +29.9s
launcher:launcher Retrieved server IDs: count=2, ids=[github safeoutputs] +30.0s
launcher:health Running health check: checking 2 servers +30.0s
launcher:launcher Retrieved server IDs: count=2, ids=[github safeoutputs] +30.0s
launcher:health Running health check: checking 2 servers +30.0s
launcher:launcher Retrieved server IDs: count=2, ids=[github safeoutputs] +30.0s
launcher:health Running health check: checking 2 servers +30.0s
tracing:provider Handling request: span=gateway.request, method=DELETE, path=/mcp/github, remoteParent=false +1.7m
tracing:provider Handling request: span=gateway.request, method=DELETE, path=/mcp/safeoutputs, remoteParent=false +122µs
tracing:provider Span started: span=gateway.request, traceID=00000000000000000000000000000000 +354µs
server:auth Authenticating request: method=DELETE, path=/mcp/github, remote=172.30.0.20:32914 +1.7m
auth:header Extracting session ID from auth header: sanitized=0pMn... +1.7m
tracing:provider Span started: span=gateway.request, traceID=00000000000000000000000000000000 +1ms
server:auth Authenticating request: method=DELETE, path=/mcp/safeoutputs, remote=172.30.0.20:32916 +1ms
auth:header Using plain API key as session ID +1ms
server:sdk-frontend >>> SDK Request [routed:github] session=0pMnGcWG... mcp-session=ODUTIE2J... method=DELETE path=/mcp/github +1.7m
auth:header Extracting session ID from auth header: sanitized=0pMn... +1ms
server:response_writer Creating new response writer with default status 200 +1.7m
server:response_writer Retrieving captured body: 0 bytes +366µs
server:routed [INFO] server session disconnected session_id=ODUTIE2JAUKVUR4V4SGP3YYYB7 +1.7m
auth:header Using plain API key as session ID +1ms
server:response_writer Retrieving captured status code: 200 +740µs
server:response_writer Setting response status code: 204 +322µs
server:response_writer Retrieving captured body: 0 bytes +320µs
server:sdk-frontend >>> SDK Request [routed:safeoutputs] session=0pMnGcWG... mcp-session=FLEWZIT3... method=DELETE path=/mcp/safeoutputs +3ms
server:response_writer Creating new response writer with default status 200 +1ms
server:sdk-frontend <<< SDK Response [routed:github] status=200 duration=1m44.858685726s (empty body) +3ms
server:response_writer Retrieving captured status code: 204 +2ms
server:response_writer Retrieving captured body: 0 bytes +342µs
server:routed [INFO] server session disconnected session_id=FLEWZIT3SPMJOMGYNXGNXMUYPP +5ms
server:sdk-frontend <<< SDK Response [routed:github] status=204 duration=4.34935ms (empty body) +1ms
server:response_writer Retrieving captured status code: 200 +1ms
server:sdk-frontend <<< SDK Response [routed:safeoutputs] status=200 duration=1m44.859410409s (empty body) +795µs
server:response_writer Setting response status code: 204 +692µs
server:response_writer Retrieving captured body: 0 bytes +987µs
server:response_writer Retrieving captured status code: 204 +292µs
server:sdk-frontend <<< SDK Response [routed:safeoutputs] status=204 duration=9.366958ms (empty body) +1ms
launcher:launcher Retrieved server IDs: count=2, ids=[github safeoutputs] +30.0s
launcher:health Running health check: checking 2 servers +30.0s
tracing:provider Handling request: span=gateway.request, method=POST, path=/mcp/github, remoteParent=false +20.9s
tracing:provider Span started: span=gateway.request, traceID=00000000000000000000000000000000 +612µs
server:auth Authenticating request: method=POST, path=/mcp/github, remote=172.30.0.20:39486 +20.9s
tracing:provider Handling request: span=gateway.request, method=POST, path=/mcp/safeoutputs, remoteParent=false +14ms
tracing:provider Span started: span=gateway.request, traceID=00000000000000000000000000000000 +59ms
auth:header Extracting session ID from auth header: sanitized=0pMn... +21.0s
server:auth Authenticating request: method=POST, path=/mcp/safeoutputs, remote=172.30.0.20:39500 +73ms
auth:header Using plain API key as session ID +702µs
server:sdk-frontend >>> SDK Request [routed:github] session=0pMnGcWG... mcp-session=(none) method=POST path=/mcp/github +21.0s
auth:header Extracting session ID from auth header: sanitized=0pMn... +1ms
server:sdk-frontend     JSON-RPC Request: method=initialize id=0 +681µs
auth:header Using plain API key as session ID +632µs
server:response_writer Creating new response writer with default status 200 +21.0s
server:session Extracting session from request: remote=172.30.0.20:39486, path=/mcp/github +2.1m
auth:header Extracting session ID from auth header: sanitized=0pMn... +1ms
server:sdk-frontend >>> SDK Request [routed:safeoutputs] session=0pMnGcWG... mcp-session=(none) method=POST path=/mcp/safeoutputs +1ms
server:sdk-frontend     JSON-RPC Request: method=initialize id=0 +330µs
auth:header Using plain API key as session ID +919µs
server:session Session extracted successfully: sessionID=0pMnGcWG..., remote=172.30.0.20:39486 +1ms
server:helpers Checking request body: method=POST, hasBody=true, sessionID=0pMnGcWG... +2.1m
server:response_writer Creating new response writer with default status 200 +3ms
server:session Extracting session from request: remote=172.30.0.20:39500, path=/mcp/safeoutputs +1ms
server:helpers Request body read: size=208 bytes, sessionID=0pMnGcWG..., backendID=github +1ms
auth:header Extracting session ID from auth header: sanitized=0pMn... +3ms
auth:header Using plain API key as session ID +291µs
server:session Session extracted successfully: sessionID=0pMnGcWG..., remote=172.30.0.20:39500 +1ms
server:helpers Checking request body: method=POST, hasBody=true, sessionID=0pMnGcWG... +1ms
server:helpers Request body logged for debugging +288µs
server:session Injecting session context: sessionID=0pMnGcWG..., backendID=github +1ms
guard:context Setting agent ID in context: 0pMnGcWGdYbnqYS5yzaBt3J5kKx7nqobbz5vZrTxSS7ojLIxNEfLJHoyUe +2.1m
server:session Adding backend ID to context: backendID=github +586µs
server:session Session context injected successfully +315µs
server:helpers Request body read: size=208 bytes, sessionID=0pMnGcWG..., backendID=safeoutputs +1ms
server:routed [CACHE] Cache hit: key=github/0pMnGcWG... +21.0s
server:routed [INFO] server connecting +358µs
server:routed [INFO] server session connected session_id=GTCUVN4O6BNXQB45XK37RUACRC +319µs
server:response_writer Writing response body: 204 bytes +6ms
server:helpers Request body logged for debugging +1ms
server:session Injecting session context: sessionID=0pMnGcWG..., backendID=safeoutputs +2ms
guard:context Setting agent ID in context: 0pMnGcWGdYbnqYS5yzaBt3J5kKx7nqobbz5vZrTxSS7ojLIxNEfLJHoyUe +3ms
server:session Adding backend ID to context: backendID=safeoutputs +611µs
server:session Session context injected successfully +305µs
server:response_writer Retrieving captured body: 204 bytes +1ms
server:routed [CACHE] Cache hit: key=safeoutputs/0pMnGcWG... +2ms
server:routed [INFO] server connecting +312µs
server:routed [INFO] server session connected session_id=M4RM3XPRVJF2YVSXP7HXBXR732 +322µs
server:response_writer Writing response body: 209 bytes +1ms
server:response_writer Retrieving captured status code: 200 +246µs
server:sdk-frontend <<< SDK Response [routed:github] status=200 duration=14.198453ms (non-JSON or stream) +11ms
server:sdk-frontend     Raw response: event: message
data: {"jsonrpc":"2.0","id":0,"result":{"capabilities":{"logging":{},"tools":{"listChanged":true}},"protocolVersion":"2025-11-25","serverInfo":{"name":"awmg-github","version":"v0.3.19"}}}

 +308µs
server:response_writer Retrieving captured body: 209 bytes +1ms
server:response_writer Retrieving captured status code: 200 +288µs
server:sdk-frontend <<< SDK Response [routed:safeoutputs] status=200 duration=15.463667ms (non-JSON or stream) +1ms
server:sdk-frontend     Raw response: event: message
data: {"jsonrpc":"2.0","id":0,"result":{"capabilities":{"logging":{},"tools":{"listChanged":true}},"protocolVersion":"2025-11-25","serverInfo":{"name":"awmg-safeoutputs","version":"v0.3.19"}}}

 +347µs
tracing:provider Handling request: span=gateway.request, method=POST, path=/mcp/github, remoteParent=false +30ms
tracing:provider Handling request: span=gateway.request, method=POST, path=/mcp/safeoutputs, remoteParent=false +14ms
tracing:provider Span started: span=gateway.request, traceID=00000000000000000000000000000000 +78ms
server:auth Authenticating request: method=POST, path=/mcp/github, remote=172.30.0.20:39502 +123ms
tracing:provider Span started: span=gateway.request, traceID=00000000000000000000000000000000 +787µs
server:auth Authenticating request: method=POST, path=/mcp/safeoutputs, remote=172.30.0.20:39510 +700µs
auth:header Extracting session ID from auth header: sanitized=0pMn... +117ms
auth:header Extracting session ID from auth header: sanitized=0pMn... +610µs
auth:header Using plain API key as session ID +303µs
server:sdk-frontend >>> SDK Request [routed:safeoutputs] session=0pMnGcWG... mcp-session=M4RM3XPR... method=POST path=/mcp/safeoutputs +108ms
server:sdk-frontend     JSON-RPC Request: method=notifications/initialized id=<nil> +371µs
auth:header Using plain API key as session ID +1ms
server:sdk-frontend >>> SDK Request [routed:github] session=0pMnGcWG... mcp-session=GTCUVN4O... method=POST path=/mcp/github +947µs
server:sdk-frontend     JSON-RPC Request: method=notifications/initialized id=<nil> +327µs
server:response_writer Creating new response writer with default status 200 +111ms
server:response_writer Creating new response writer with default status 200 +282µs
server:response_writer Setting response status code: 202 +363µs
server:routed [INFO] session initialized +114ms
server:response_writer Retrieving captured body: 0 bytes +348µs
server:response_writer Retrieving captured status code: 202 +364µs
server:response_writer Setting response status code: 202 +310µs
server:routed [INFO] session initialized +944µs
server:sdk-frontend <<< SDK Response [routed:safeoutputs] status=202 duration=4.642955ms (empty body) +2ms
server:response_writer Retrieving captured body: 0 bytes +820µs
server:response_writer Retrieving captured status code: 202 +280µs
server:sdk-frontend <<< SDK Response [routed:github] status=202 duration=5.527805ms (empty body) +860µs
tracing:provider Handling request: span=gateway.request, method=GET, path=/mcp/safeoutputs, remoteParent=false +10ms
tracing:provider Span started: span=gateway.request, traceID=00000000000000000000000000000000 +907µs
tracing:provider Handling request: span=gateway.request, method=GET, path=/mcp/github, remoteParent=false +1ms
tracing:provider Handling request: span=gateway.request, method=POST, path=/mcp/github, remoteParent=false +21ms
tracing:provider Handling request: span=gateway.request, method=POST, path=/mcp/safeoutputs, remoteParent=false +37µs
tracing:provider Handling request: span=gateway.request, method=POST, path=/mcp/github, remoteParent=false +4ms
tracing:provider Handling request: span=gateway.request, method=POST, path=/mcp/safeoutputs, remoteParent=false +296µs
server:auth Authenticating request: method=GET, path=/mcp/safeoutputs, remote=172.30.0.20:39486 +95ms
tracing:provider Span started: span=gateway.request, traceID=00000000000000000000000000000000 +57ms
tracing:provider Span started: span=gateway.request, traceID=00000000000000000000000000000000 +357µs
tracing:provider Span started: span=gateway.request, traceID=00000000000000000000000000000000 +338µs
tracing:provider Span started: span=gateway.request, traceID=00000000000000000000000000000000 +352µs
tracing:provider Span started: span=gateway.request, traceID=00000000000000000000000000000000 +335µs
server:auth Authenticating request: method=GET, path=/mcp/github, remote=172.30.0.20:39500 +2ms
server:auth Authenticating request: method=POST, path=/mcp/github, remote=172.30.0.20:39502 +316µs
server:auth Authenticating request: method=POST, path=/mcp/safeoutputs, remote=172.30.0.20:39510 +606µs
server:auth Authenticating request: method=POST, path=/mcp/github, remote=172.30.0.20:39526 +297µs
server:auth Authenticating request: method=POST, path=/mcp/safeoutputs, remote=172.30.0.20:39538 +305µs
auth:header Extracting session ID from auth header: sanitized=0pMn... +96ms
auth:header Extracting session ID from auth header: sanitized=0pMn... +564µs
auth:header Using plain API key as session ID +1ms
auth:header Extracting session ID from auth header: sanitized=0pMn... +263µs
auth:header Using plain API key as session ID +272µs
auth:header Extracting session ID from auth header: sanitized=0pMn... +337µs
auth:header Extracting session ID from auth header: sanitized=0pMn... +332µs
auth:header Extracting session ID from auth header: sanitized=0pMn... +315µs
server:sdk-frontend >>> SDK Request [routed:safeoutputs] session=0pMnGcWG... mcp-session=M4RM3XPR... method=GET path=/mcp/safeoutputs +95ms
auth:header Using plain API key as session ID +597µs
server:sdk-frontend >>> SDK Request [routed:github] session=0pMnGcWG... mcp-session=GTCUVN4O... method=POST path=/mcp/github +573µs
auth:header Using plain API key as session ID +591µs
auth:header Using plain API key as session ID +407µs
auth:header Using plain API key as session ID +291µs
server:response_writer Creating new response writer with default status 200 +97ms
server:sdk-frontend >>> SDK Request [routed:github] session=0pMnGcWG... mcp-session=GTCUVN4O... method=GET path=/mcp/github +1ms
server:sdk-frontend     JSON-RPC Request: method=tools/list id=1 +321µs
server:sdk-frontend >>> SDK Request [routed:safeoutputs] session=0pMnGcWG... mcp-session=M4RM3XPR... method=POST path=/mcp/safeoutputs +287µs
server:sdk-frontend >>> SDK Request [routed:github] session=0pMnGcWG... mcp-session=GTCUVN4O... method=POST path=/mcp/github +280µs
server:sdk-frontend >>> SDK Request [routed:safeoutputs] session=0pMnGcWG... mcp-session=M4RM3XPR... method=POST path=/mcp/safeoutputs +291µs
server:response_writer Setting response status code: 200 +1ms
server:response_writer Creating new response writer with default status 200 +288µs
server:sdk-frontend     JSON-RPC Request: method=tools/list id=1 +1ms
server:sdk-frontend     JSON-RPC Request: method=tools/list id=2 +312µs
server:sdk-frontend     JSON-RPC Request: method=tools/list id=2 +314µs
server:response_writer Setting response status code: 200 +1ms
server:response_writer Creating new response writer with default status 200 +334µs
server:response_writer Writing response body: 4441 bytes +1ms
server:response_writer Creating new response writer with default status 200 +271µs
server:response_writer Creating new response writer with default status 200 +313µs
server:response_writer Creating new response writer with default status 200 +327µs
server:response_writer Retrieving captured body: 4441 bytes +389µs
server:response_writer Retrieving captured status code: 200 +409µs
server:response_writer Writing response body: 8550 bytes +516µs
server:response_writer Writing response body: 4441 bytes +222µs
server:response_writer Writing response body: 8550 bytes +379µs
server:sdk-frontend <<< SDK Response [routed:github] status=200 duration=12.174477ms (non-JSON or stream) +5ms
server:sdk-frontend     Raw response (truncated): event: message
data: {"jsonrpc":"2.0","id":1,"result":{"tools":[{"description":"[github] Get a specific label from a repository.","inputSchema":{"properties":{"name":{"description":"Label name.","type":"string"},"owner":{"description":"Repository owner (username or organization name)","type":"string"},"repo":{"description":"Repository name","type":"string"}},"required":["owner","repo","name"],"type":"object"},"name":"get_label"},{"description":"[github] Get information about a specific issue in ... +332µs
server:response_writer Retrieving captured body: 8550 bytes +1ms
server:response_writer Retrieving captured body: 4441 bytes +370µs
server:response_writer Retrieving captured body: 8550 bytes +331µs
server:response_writer Retrieving captured status code: 200 +197µs
server:sdk-frontend <<< SDK Response [routed:safeoutputs] status=200 duration=13.127538ms (non-JSON or stream) +2ms
server:sdk-frontend     Raw response (truncated): event: message
data: {"jsonrpc":"2.0","id":1,"result":{"tools":[{"description":"[safeoutputs] WRITE-ONCE: do NOT call this tool with empty or placeholder arguments to probe or discover its schema — the required `body` field is listed in this schema; if you are not ready to post a real comment, call `noop` instead. Adds a comment to an existing GitHub issue, pull request, or discussion. Use this to provide feedback, answer questions, or add information to an existing conversation. For creating ... +285µs
server:response_writer Retrieving captured status code: 200 +1ms
server:response_writer Retrieving captured status code: 200 +331µs
server:sdk-frontend <<< SDK Response [routed:safeoutputs] status=200 duration=13.180716ms (non-JSON or stream) +1ms
server:sdk-frontend <<< SDK Response [routed:github] status=200 duration=13.165063ms (non-JSON or stream) +438µs
server:sdk-frontend     Raw response (truncated): event: message
data: {"jsonrpc":"2.0","id":2,"result":{"tools":[{"description":"[safeoutputs] WRITE-ONCE: do NOT call this tool with empty or placeholder arguments to probe or discover its schema — the required `body` field is listed in this schema; if you are not ready to post a real comment, call `noop` instead. Adds a comment to an existing GitHub issue, pull request, or discussion. Use this to provide feedback, answer questions, or add information to an existing conversation. For creating ... +322µs
server:sdk-frontend     Raw response (truncated): event: message
data: {"jsonrpc":"2.0","id":2,"result":{"tools":[{"description":"[github] Get a specific label from a repository.","inputSchema":{"properties":{"name":{"description":"Label name.","type":"string"},"owner":{"description":"Repository owner (username or organization name)","type":"string"},"repo":{"description":"Repository name","type":"string"}},"required":["owner","repo","name"],"type":"object"},"name":"get_label"},{"description":"[github] Get information about a specific issue in ... +1ms
launcher:launcher Retrieved server IDs: count=2, ids=[github safeoutputs] +30.0s
launcher:health Running health check: checking 2 servers +30.0s
launcher:launcher Retrieved server IDs: count=2, ids=[github safeoutputs] +30.0s
launcher:health Running health check: checking 2 servers +30.0s
launcher:launcher Retrieved server IDs: count=2, ids=[safeoutputs github] +30.0s
launcher:health Running health check: checking 2 servers +30.0s
tracing:provider Handling request: span=gateway.request, method=DELETE, path=/mcp/github, remoteParent=false +1.5m
tracing:provider Handling request: span=gateway.request, method=DELETE, path=/mcp/safeoutputs, remoteParent=false +53µs
tracing:provider Span started: span=gateway.request, traceID=00000000000000000000000000000000 +513µs
server:auth Authenticating request: method=DELETE, path=/mcp/github, remote=172.30.0.20:58570 +1.5m
tracing:provider Span started: span=gateway.request, traceID=00000000000000000000000000000000 +1ms
server:auth Authenticating request: method=DELETE, path=/mcp/safeoutputs, remote=172.30.0.20:58580 +1ms
auth:header Extracting session ID from auth header: sanitized=0pMn... +1.5m
auth:header Extracting session ID from auth header: sanitized=0pMn... +284µs
auth:header Using plain API key as session ID +327µs
server:sdk-frontend >>> SDK Request [routed:github] session=0pMnGcWG... mcp-session=GTCUVN4O... method=DELETE path=/mcp/github +1.5m
auth:header Using plain API key as session ID +613µs
server:sdk-frontend >>> SDK Request [routed:safeoutputs] session=0pMnGcWG... mcp-session=M4RM3XPR... method=DELETE path=/mcp/safeoutputs +575µs
server:response_writer Creating new response writer with default status 200 +1.5m
server:response_writer Retrieving captured body: 0 bytes +359µs
server:routed [INFO] server session disconnected session_id=M4RM3XPRVJF2YVSXP7HXBXR732 +1.5m
server:response_writer Retrieving captured status code: 200 +337µs
server:response_writer Creating new response writer with default status 200 +307µs
server:response_writer Setting response status code: 204 +299µs
server:sdk-frontend <<< SDK Response [routed:safeoutputs] status=200 duration=1m27.785850998s (empty body) +1ms
server:response_writer Retrieving captured body: 0 bytes +973µs
server:routed [INFO] server session disconnected session_id=GTCUVN4O6BNXQB45XK37RUACRC +1ms
server:response_writer Retrieving captured body: 0 bytes +314µs
server:response_writer Retrieving captured status code: 200 +320µs
server:sdk-frontend <<< SDK Response [routed:github] status=200 duration=1m27.785875054s (empty body) +1ms
server:response_writer Setting response status code: 204 +923µs
server:response_writer Retrieving captured body: 0 bytes +303µs
server:response_writer Retrieving captured status code: 204 +288µs
server:sdk-frontend <<< SDK Response [routed:safeoutputs] status=204 duration=4.439493ms (empty body) +1ms
server:response_writer Retrieving captured status code: 204 +942µs
server:sdk-frontend <<< SDK Response [routed:github] status=204 duration=5.703164ms (empty body) +919µs
server:response_writer Creating new response writer with default status 200 +1.6s
server:auth Authenticating request: method=POST, path=/close, remote=[::1]:52310 +1.6s
2026/08/31 14:01:08 [[::1]:52310] POST /close
server:handlers Initiating gateway shutdown +7.6m
launcher:health Stopping health monitor, waiting for background goroutine to finish +5.0s
launcher:health Health monitor stopped +367µs
launcher:launcher Retrieved server IDs: count=2, ids=[github safeoutputs] +5.0s
launcher:launcher Closing launcher: connections=2, hasSessionPool=true +618µs
launcher:launcher Closing 2 connections +590µs
mcp:connection Closing connection: serverID=safeoutputs, isHTTP=true +7.6m
mcp:connection Closing connection: serverID=github, isHTTP=false +1ms
launcher:launcher Stopping session connection pool +3ms
launcher:pool Stopping connection pool +7.6m
launcher:pool Context cancelled, stopping cleanup +464µs
launcher:pool Cleanup goroutine stopped +464µs
launcher:pool Connection pool stopped +328µs
launcher:launcher Launcher closed successfully +2ms
guard:wasm Closing global compilation cache +7.6m
guard:wasm Global compilation cache closed +381µs
server:handlers Shutdown completed: servers_terminated=2 +10ms
httputil:httputil Writing JSON response: statusCode=200 +7.5m
server:response_writer Setting response status code: 200 +13ms
httputil:httputil JSON response body size: 80 bytes +723µs
server:response_writer Writing response body: 80 bytes +643µs
2026/08/31 14:01:08 Gateway shutdown initiated. Terminated 2 server(s)
server:response_writer Retrieving captured body: 80 bytes +639µs
server:response_writer Retrieving captured body: 80 bytes +327µs
server:response_writer Retrieving captured status code: 200 +366µs
server:helpers [[::1]:52310] POST /close - Status: 200, Response: {"message":"Gateway shutdown initiated","serversTerminated":2,"status":"closed"} +1.5m
cmd:root Shutting down tracing provider +7.6m
2026/08/31 14:01:08 Shutting down...
cmd:root Tracing provider shut down successfully +724µs
