[INFO] Starting MCP Gateway in containerized mode...
[INFO] Auto-detected baked-in WASM guards at /guards
[INFO] MCP_GATEWAY_WASM_GUARDS_DIR=/guards
[INFO] Running in containerized environment
[WARN] Could not determine container ID
[INFO] Docker daemon is accessible
[INFO] Required environment variables are set
[INFO] Set DOCKER_API_VERSION=1.48 (server current)
[INFO] Detecting host IP for container networking...
[INFO] Method 1 (primary interface): 10.1.0.81
[INFO] Using host IP: 10.1.0.81
[INFO] host.docker.internal already exists in /etc/hosts
[INFO] Gateway will listen on 0.0.0.0:8080
[INFO] Log directory: /tmp/gh-aw/mcp-logs/
[INFO] Command: ./awmg --routed --listen 0.0.0.0:8080 --config-stdin --log-dir /tmp/gh-aw/mcp-logs/
[INFO] Waiting for JSON configuration on stdin...
[INFO] 
[INFO] IMPORTANT: Configuration must be provided via stdin.
[INFO] No default configuration is used in containerized mode.
[INFO] 
config:feature Registered defaults setter: total=1 +70µs
config:feature Registered defaults setter: total=2 +16µs
config:feature Registered stdin converter: total=1 +2µs
cmd:root Checking for baked-in guard at /guards/github/00-github-guard.wasm +1µs
cmd:root Auto-detected baked-in guard: /guards/github/00-github-guard.wasm +39µs
cmd:root WASM cache dir resolved from default (logDir="/tmp/gh-aw/mcp-logs/"): "/tmp/gh-aw/mcp-logs/wazero-cache" +19µs
cmd:root Registering 5 flag groups +72µs
cmd:root WASM cache dir resolved from default (logDir="/tmp/gh-aw/mcp-logs/"): "/tmp/gh-aw/mcp-logs/wazero-cache" +38µs
cmd:root Flag group registration complete +10µs
cmd:root Registering flag completion functions +2µs
main:main Starting MCP Gateway application +1µs
version:version BuildVersionString: mainVersion="v0.3.19", gitCommit="", buildDate="" +4ms
version:version vcsCommitFromBuildInfo: vcs.revision not found in build settings +17µs
version:version BuildVersionString: result="v0.3.19" +15µs
main:main Built version string: v0.3.19 +55µs
version:version Setting gateway version: v0.3.19 +16µs
main:main Executing root command +30µs
2026/09/28 13:38:05 Logging level: DEBUG=* (from environment)
2026/09/28 13:38:05 Logging to file: /tmp/gh-aw/mcp-logs/mcp-gateway.log
2026/09/28 13:38:05 Initialized per-serverID logging in directory: /tmp/gh-aw/mcp-logs/
2026/09/28 13:38:05 Tools logging to file: /tmp/gh-aw/mcp-logs/tools.json
cmd:root Starting MCPG with config: stdin, listen: 0.0.0.0:8080 +3ms
cmd:root WASM cache dir resolved from default (logDir="/tmp/gh-aw/mcp-logs/"): "/tmp/gh-aw/mcp-logs/wazero-cache" +371µs
cmd:root Configuring WASM compilation cache: resolvedDir="/tmp/gh-aw/mcp-logs/wazero-cache", flagChanged=false +318µs
guard:wasm Configuring global compilation cache: dir="/tmp/gh-aw/mcp-logs/wazero-cache" +8ms
guard:wasm Creating disk-backed compilation cache: dir=/tmp/gh-aw/mcp-logs/wazero-cache +347µs
guard:wasm Global compilation cache replaced successfully +402µs
cmd:root WASM compilation cache configured: mode=disk, dir="/tmp/gh-aw/mcp-logs/wazero-cache" +1ms
2026/09/28 13:38:05 WASM compilation cache directory: /tmp/gh-aw/mcp-logs/wazero-cache
2026/09/28 13:38:05 Reading configuration from stdin...
config:config Loading configuration from stdin JSON +7ms
config:config Read 732 bytes from stdin +303µs
config:validation Expanding variables: context=raw JSON data +8ms
config:validation Expanded variable: GITHUB_SERVER_URL (found in environment) +351µs
config:validation Expanded variable: GITHUB_MCP_SERVER_TOKEN (found in environment) +356µs
config:validation Expanded variable: GH_AW_SAFE_OUTPUTS_API_KEY (found in environment) +288µs
config:validation Variable expansion completed: context=raw JSON data, undefined_count=0 +363µs
config:validation_schema Starting JSON schema validation: data_size=1111 bytes +9ms
config:validation_schema Compiling JSON schema for the first time +355µs
config:validation_schema Applied customServerConfig type fix: replaced negative-lookahead pattern with not-enum constraint +504µs
config:validation_schema Applied customSchemas patternProperties fix: replaced negative-lookahead key "^(?!stdio$|http$)[a-z][a-z0-9-]*$" with ^[a-z][a-z0-9-]*$ +314µs
config:validation_schema Added registry and Added guard-policies fields in stdioServerConfig +340µs
config:validation_schema Added registry and Updated guard-policies fields in httpServerConfig +301µs
config:validation_schema Added trustedBots and keepaliveInterval fields to gatewayConfig +349µs
config:validation_schema Schema fixes applied in 2.311413ms +794µs
config:validation_schema Schema compiled and cached successfully +2ms
config:validation_schema Schema compilation/retrieval took: 5.64889ms +484µs
config:validation_schema JSON parsing took: 22.944µs +423µs
config:validation_schema Schema validation took: 120.014µs +486µs
config:validation_schema Total validation completed successfully in 7.304966ms +389µs
config:config Parsed stdin config with 2 servers +9ms
config:validation_schema Validating string patterns: server_count=2 +868µs
config:validation_schema Validating server: name=safeoutputs, type=http +335µs
config:validation_schema Validating server: name=github, type=stdio +361µs
config:validation Validating gateway configuration +9ms
config:validation Validating gateway port: 8080 +360µs
config:rules Validating port range: port=8080, jsonPath=gateway.port +22ms
config:validation Validating payload directory: /tmp/gh-aw/mcp-payloads +1ms
config:rules Validating absolute path: field=payloadDir, value=/tmp/gh-aw/mcp-payloads, jsonPath=gateway.payloadDir +947µs
config:rules Valid Unix absolute path: /tmp/gh-aw/mcp-payloads +315µs
config:validation Gateway config validation passed +961µs
config:validation Validating gateway configuration +312µs
config:validation Validating gateway port: 8080 +367µs
config:rules Validating port range: port=8080, jsonPath=gateway.port +1ms
config:validation Validating payload directory: /tmp/gh-aw/mcp-payloads +707µs
config:rules Validating absolute path: field=payloadDir, value=/tmp/gh-aw/mcp-payloads, jsonPath=gateway.payloadDir +599µs
config:rules Valid Unix absolute path: /tmp/gh-aw/mcp-payloads +314µs
config:validation Gateway config validation passed +959µs
config:config_stdin Converting stdin config: 2 servers +24ms
config:config MCP_GATEWAY_TOOL_TIMEOUT not set in environment +6ms
config:feature Applying 2 default setter(s) +24ms
config:feature All default setters applied +337µs
config:validation Validating server config: name=github, type=stdio +1ms
config:validation Server config validation passed: name=github, type=stdio +334µs
config:config_stdin Server "github": expanding 4 environment variable(s) +1ms
config:validation Expanding env variables for server: github, count=4 +674µs
config:validation Expanding variables: context=jsonPath=mcpServers.github.env.GITHUB_HOST +333µs
config:validation Variable expansion completed: context=jsonPath=mcpServers.github.env.GITHUB_HOST, undefined_count=0 +323µs
config:validation Expanding variables: context=jsonPath=mcpServers.github.env.GITHUB_PERSONAL_ACCESS_TOKEN +324µs
config:validation Variable expansion completed: context=jsonPath=mcpServers.github.env.GITHUB_PERSONAL_ACCESS_TOKEN, undefined_count=0 +325µs
config:validation Expanding variables: context=jsonPath=mcpServers.github.env.GITHUB_READ_ONLY +297µs
config:validation Variable expansion completed: context=jsonPath=mcpServers.github.env.GITHUB_READ_ONLY, undefined_count=0 +338µs
config:validation Expanding variables: context=jsonPath=mcpServers.github.env.GITHUB_TOOLSETS +333µs
config:validation Variable expansion completed: context=jsonPath=mcpServers.github.env.GITHUB_TOOLSETS, undefined_count=0 +306µs
config:validation Env variable expansion completed for server: github +312µs
config:config_stdin Converting server "github": type=stdio +3ms
config:config_stdin Server "github": configured stdio container=ghcr.io/github/github-mcp-server:v1.0.4, env_vars=4, mounts=0 +357µs
config:config Configured stdio MCP server: name=github, container=ghcr.io/github/github-mcp-server:v1.0.4 +5ms
config:validation Validating server config: name=safeoutputs, type=http +1ms
config:validation Server config validation passed: name=safeoutputs, type=http +371µs
config:config_stdin Server "safeoutputs": expanding 1 HTTP header(s) +1ms
config:validation Expanding env variables for server: safeoutputs, count=1 +722µs
config:validation Expanding variables: context=jsonPath=mcpServers.safeoutputs.env.Authorization +598µs
config:validation Variable expansion completed: context=jsonPath=mcpServers.safeoutputs.env.Authorization, undefined_count=0 +328µs
config:validation Env variable expansion completed for server: safeoutputs +343µs
config:config_stdin Converting server "safeoutputs": type=http +1ms
config:config Configured HTTP MCP server: name=safeoutputs, url=http://host.docker.internal:3001 +3ms
2026/09/28 13:38:05 [CONFIG] Configured HTTP MCP server: safeoutputs -> http://host.docker.internal:3001
config:feature Applying 1 stdin converter(s) +9ms
config:feature All stdin converters applied +701µs
config:validation Validating guard policies: count=0 +2ms
config:config Converted stdin config to internal format with 2 servers +1ms
cmd:root Configuration loaded with 2 servers +29ms
2026/09/28 13:38:05 Loaded 2 MCP server(s)
config:guard_policy ResolveGuardPolicyOverride: cliChanged=false, hasCLIPolicyJSON=false, allowOnlyPublic=false, owner="", repo="", minIntegrity="" +36ms
config:guard_policy ResolveGuardPolicyOverride: no guard policy configured (nil) +306µs
difc:sink_server_ids Setting sink server IDs: input_count=0 +40ms
difc:sink_server_ids No sink server IDs provided, clearing configuration +334µs
2026/09/28 13:38:05 Guards sink server ID logging enrichment disabled (no sink server IDs configured)
2026/09/28 13:38:05 Parallel server launching enabled (default)
cmd:root Server mode: routed, guards mode: strict +3ms
cmd:root Initializing tracing provider +355µs
tracing:provider Tracing disabled: no OTLP endpoint configured +39ms
cmd:root Tracing provider initialized successfully +663µs
2026/09/28 13:38:05 OpenTelemetry tracing disabled (no OTLP endpoint configured)
server:unified Creating new unified server: sequentialLaunch=false, servers=2 +39ms
launcher:launcher Creating new launcher with 2 configured servers +40ms
sys:container Detecting container environment +44ms
sys:container Container detected via /.dockerenv +325µs
2026/09/28 13:38:05 [LAUNCHER] Detected running inside a container
config:config Resolved gateway config after defaulting: port=8080, startupTimeout=30, toolTimeout=60, keepaliveInterval=1500 +6ms
config:feature Applying 2 default setter(s) +7ms
config:feature All default setters applied +334µs
launcher:launcher Using startup timeout: 30s +2ms
launcher:pool Creating new session connection pool: idleTimeout=6h0m0s, cleanupInterval=5m0s, maxErrors=10 +43ms
server:unified Payload configuration: dir=/tmp/gh-aw/mcp-payloads, pathPrefix=, sizeThreshold=524288 bytes (512.00 KB) +3ms
launcher:pool Cleanup goroutine started +387µs
difc:agent Creating agent registry with defaults: secrecyTags=0, integrityTags=0 +47ms
difc:capabilities Creating new capabilities set +47ms
launcher:launcher Retrieved server IDs: count=2, ids=[github safeoutputs] +1ms
server:system_tools Creating new SysServer with 2 servers: [github safeoutputs] +44ms
server:unified Built allowed tool sets: 0 server(s) with tool restrictions +2ms
server:circuit_breaker Creating circuit breaker: serverID=github, threshold=3, cooldown=1m0s +45ms
server:circuit_breaker Created circuit breaker for server github: threshold=0, cooldown=0s +520µs
server:circuit_breaker Creating circuit breaker: serverID=safeoutputs, threshold=3, cooldown=1m0s +317µs
server:circuit_breaker Created circuit breaker for server safeoutputs: threshold=0, cooldown=0s +324µs
server:circuit_breaker buildCircuitBreakers: created 2 circuit breakers +333µs
guard:registry Creating new guard registry +51ms
launcher:launcher Retrieved server IDs: count=2, ids=[github safeoutputs] +3ms
server:guard_init Searching for WASM guard file: serverID=github, dir=/guards/github +49ms
server:guard_init Found WASM guard file: serverID=github, path=/guards/github/00-github-guard.wasm +379µs
guard:wasm Creating WASM guard: name=github, path=/guards/github/00-github-guard.wasm +44ms
guard:wasm Creating WASM guard from bytes: name=github, size=310015 +435µs
guard:wasm Instantiating WASM host functions: guard=github +789µs
guard:wasm WASM host functions instantiated: guard=github (call_backend, host_log) +529µs
guard:wasm WASM guard created successfully: name=github +119ms
server:guard_init Resolving guard policy: serverID=github +123ms
config:guard_policy ParseServerGuardPolicy: serverID=github, keyCount=1 +136ms
config:guard_policy ParsePolicyMap: hasAllowOnly=true, hasWriteSink=false, keyCount=1 +326µs
config:guard_policy Parsing guard policy JSON: len=112 +362µs
config:guard_policy UnmarshalJSON: parsing guard policy, keys=1 +343µs
config:guard_policy UnmarshalJSON: parsing allow-only policy, fields=5 +325µs
config:guard_policy UnmarshalJSON: allow-only policy parsed, repos=string, minIntegrity=none +349µs
config:guard_policy UnmarshalJSON: guard policy type is allow-only +325µs
config:guard_policy ValidateGuardPolicy: delegating to allow-only normalization +332µs
config:guard_policy Normalizing guard policy: integrity=none, reposType=string +286µs
config:guard_policy Guard policy normalized: scopeKind=all, integrity=none +327µs
server:guard_init Using server-level guard policy: serverID=github +3ms
guard:registry Registering guard for serverID=github, guardName=github +129ms
server:guard_init Searching for WASM guard file: serverID=safeoutputs, dir=/guards/safeoutputs +24ms
server:guard_init No WASM guard directory found for serverID=safeoutputs +492µs
server:guard_init Resolving guard policy: serverID=safeoutputs +391µs
config:guard_policy ParseServerGuardPolicy: serverID=safeoutputs, keyCount=1 +26ms
config:guard_policy ParsePolicyMap: hasAllowOnly=false, hasWriteSink=true, keyCount=1 +692µs
config:guard_policy Parsing guard policy JSON: len=31 +426µs
config:guard_policy UnmarshalJSON: parsing guard policy, keys=1 +355µs
config:guard_policy UnmarshalJSON: guard policy type is write-sink +459µs
config:guard_policy ValidateGuardPolicy: delegating to write-sink validation, acceptCount=1 +389µs
config:guard_policy ValidateWriteSinkPolicy: acceptCount=1 +377µs
config:guard_policy ValidateWriteSinkPolicy: wildcard accept, policy is valid +352µs
server:guard_init Using server-level guard policy: serverID=safeoutputs +3ms
guard:write-sink Creating write-sink guard with 1 accept patterns +209ms
server:guard_init Resolving guard policy: serverID=safeoutputs +1ms
config:guard_policy ParseServerGuardPolicy: serverID=safeoutputs, keyCount=1 +2ms
config:guard_policy ParsePolicyMap: hasAllowOnly=false, hasWriteSink=true, keyCount=1 +361µs
config:guard_policy Parsing guard policy JSON: len=31 +340µs
config:guard_policy UnmarshalJSON: parsing guard policy, keys=1 +326µs
config:guard_policy UnmarshalJSON: guard policy type is write-sink +380µs
config:guard_policy ValidateGuardPolicy: delegating to write-sink validation, acceptCount=1 +310µs
config:guard_policy ValidateWriteSinkPolicy: acceptCount=1 +331µs
config:guard_policy ValidateWriteSinkPolicy: wildcard accept, policy is valid +421µs
server:guard_init Using server-level guard policy: serverID=safeoutputs +3ms
guard:registry Registering guard for serverID=safeoutputs, guardName=write-sink +33ms
server:unified Auto-enabled DIFC: non-noop guard, global policy, or per-server guard policies detected +166ms
launcher:launcher Retrieved server IDs: count=2, ids=[github safeoutputs] +164ms
server:unified Registered 2 sys tools +1ms
launcher:launcher Retrieved server IDs: count=2, ids=[github safeoutputs] +1ms
server:unified Registering tools in parallel from 2 backends +718µs
server:unified Registering tools from backend: safeoutputs +457µs
server:unified Registering tools from backend: github +7µs
launcher:launcher Connection not found in cache, launching new: serverID=safeoutputs +1ms
launcher:launcher Retrieved server config: serverID=safeoutputs, type=http +380µs
mcp:http_transport Wrapping HTTP client with 1 custom header(s) +218ms
mcp:http_transport Attempting streamable HTTP transport: serverID=safeoutputs, url=http://host.docker.internal:3001, connectTimeout=30s +367µs
mcp:http_transport Creating HTTP connection: serverID=safeoutputs, url=http://host.docker.internal:3001, transport=streamable, headers=1, keepAlive=25m0s, connectTimeout=30s +5ms
mcp:connection Connected with streamable HTTP transport +225ms
launcher:launcher Recorded server start: serverID=safeoutputs +9ms
launcher:launcher Connection not found in cache, launching new: serverID=github +412µs
launcher:launcher Retrieved server config: serverID=github, type=stdio +314µs
launcher:launcher Launching new server: serverID=github, command=docker, inContainer=true, isDirectCommand=false +1ms
2026/09/28 13:38:05 [LAUNCHER] Command: docker
2026/09/28 13:38:05 [LAUNCHER] Args: [run --rm -i -e NO_COLOR=... -e TERM=... -e PYTHONUNBUFFERED=... -e GITHUB_HOST=http... -e GITHUB_PERSONAL_ACCESS_TOKEN=ghs_... -e GITHUB_READ_ONLY=... -e GITHUB_TOOLSETS=issu... ghcr.io/github/github-mcp-server:v1.0.4]
2026/09/28 13:38:05 [LAUNCHER] Starting server with 30s timeout
launcher:launcher Starting server with timeout: serverID=github, sessionID=, timeout=30s +444µs
mcp:connection Dispatching SDK method: tools/list, serverID=safeoutputs +4ms
launcher:launcher Starting connection goroutine: serverID=github +377µs
mcp:connection listTools: listing tools from serverID=safeoutputs +977µs
mcp:connection listtools: requesting tools list from backend serverID=safeoutputs +418µs
envutil:expand Expanding env args: input_count=18 +234ms
envutil:expand Env args expansion complete: output_count=18 +455µs
mcp:connection Expanded args for Docker env: [run --rm -i -e NO_COLOR=... -e TERM=... -e PYTHONUNBUFFERED=... -e GITHUB_HOST=http... -e GITHUB_PERSONAL_ACCESS_TOKEN=ghs_... -e GITHUB_READ_ONLY=... -e GITHUB_TOOLSETS=issu... ghcr.io/github/github-mcp-server:v1.0.4] +1ms
mcp:connection listtools: received page of 6 tools from serverID=safeoutputs +695µs
mcp:connection Initiating MCP server connection and handshake +159µs
mcp:connection listtools: received 6 tools total from serverID=safeoutputs +956µs
mcp:schema Normalizing input schema for tool: safeoutputs___add_comment +261ms
mcp:schema Tool safeoutputs___add_comment schema analysis: hasType=true +537µs
mcp:schema Tool safeoutputs___add_comment object type schema: hasProperties=true, hasAdditionalProperties=true +336µs
mcp:schema Tool safeoutputs___add_comment schema is valid, no normalization needed +359µs
middleware:jqschema ShouldApplyMiddleware: tool=safeoutputs___add_comment, applies=true +263ms
middleware:jqschema WrapToolHandler: wrapping tool=safeoutputs___add_comment, sizeThreshold=524288 bytes, baseDir=/tmp/gh-aw/mcp-payloads, pathPrefixSet=false +907µs
server:unified Registered tool: safeoutputs-add_comment +50ms
mcp:schema Normalizing input schema for tool: safeoutputs___add_labels +3ms
mcp:schema Tool safeoutputs___add_labels schema analysis: hasType=true +299µs
mcp:schema Tool safeoutputs___add_labels object type schema: hasProperties=true, hasAdditionalProperties=true +501µs
mcp:schema Tool safeoutputs___add_labels schema is valid, no normalization needed +385µs
middleware:jqschema ShouldApplyMiddleware: tool=safeoutputs___add_labels, applies=true +4ms
middleware:jqschema WrapToolHandler: wrapping tool=safeoutputs___add_labels, sizeThreshold=524288 bytes, baseDir=/tmp/gh-aw/mcp-payloads, pathPrefixSet=false +416µs
server:unified Registered tool: safeoutputs-add_labels +2ms
mcp:schema Normalizing input schema for tool: safeoutputs___missing_tool +1ms
mcp:schema Tool safeoutputs___missing_tool schema analysis: hasType=true +387µs
mcp:schema Tool safeoutputs___missing_tool object type schema: hasProperties=true, hasAdditionalProperties=true +359µs
mcp:schema Tool safeoutputs___missing_tool schema is valid, no normalization needed +384µs
middleware:jqschema ShouldApplyMiddleware: tool=safeoutputs___missing_tool, applies=true +2ms
middleware:jqschema WrapToolHandler: wrapping tool=safeoutputs___missing_tool, sizeThreshold=524288 bytes, baseDir=/tmp/gh-aw/mcp-payloads, pathPrefixSet=false +351µs
server:unified Registered tool: safeoutputs-missing_tool +2ms
mcp:schema Normalizing input schema for tool: safeoutputs___noop +3ms
mcp:schema Tool safeoutputs___noop schema analysis: hasType=true +712µs
mcp:schema Tool safeoutputs___noop object type schema: hasProperties=true, hasAdditionalProperties=true +568µs
mcp:schema Tool safeoutputs___noop schema is valid, no normalization needed +660µs
middleware:jqschema ShouldApplyMiddleware: tool=safeoutputs___noop, applies=true +5ms
middleware:jqschema WrapToolHandler: wrapping tool=safeoutputs___noop, sizeThreshold=524288 bytes, baseDir=/tmp/gh-aw/mcp-payloads, pathPrefixSet=false +391µs
server:unified Registered tool: safeoutputs-noop +5ms
mcp:schema Normalizing input schema for tool: safeoutputs___missing_data +1ms
mcp:schema Tool safeoutputs___missing_data schema analysis: hasType=true +387µs
mcp:schema Tool safeoutputs___missing_data object type schema: hasProperties=true, hasAdditionalProperties=true +326µs
mcp:schema Tool safeoutputs___missing_data schema is valid, no normalization needed +559µs
middleware:jqschema ShouldApplyMiddleware: tool=safeoutputs___missing_data, applies=true +2ms
middleware:jqschema WrapToolHandler: wrapping tool=safeoutputs___missing_data, sizeThreshold=524288 bytes, baseDir=/tmp/gh-aw/mcp-payloads, pathPrefixSet=false +310µs
server:unified Registered tool: safeoutputs-missing_data +2ms
mcp:schema Normalizing input schema for tool: safeoutputs___report_incomplete +1ms
mcp:schema Tool safeoutputs___report_incomplete schema analysis: hasType=true +520µs
mcp:schema Tool safeoutputs___report_incomplete object type schema: hasProperties=true, hasAdditionalProperties=true +412µs
mcp:schema Tool safeoutputs___report_incomplete schema is valid, no normalization needed +397µs
middleware:jqschema ShouldApplyMiddleware: tool=safeoutputs___report_incomplete, applies=true +2ms
middleware:jqschema WrapToolHandler: wrapping tool=safeoutputs___report_incomplete, sizeThreshold=524288 bytes, baseDir=/tmp/gh-aw/mcp-payloads, pathPrefixSet=false +335µs
server:unified Registered tool: safeoutputs-report_incomplete +2ms
server:unified Registered 6 tools from safeoutputs: safeoutputs-add_comment, safeoutputs-add_labels, safeoutputs-missing_tool, safeoutputs-noop, safeoutputs-missing_data, safeoutputs-report_incomplete +337µs
launcher:launcher Connection established: serverID=github +152ms
launcher:launcher Recorded server start: serverID=github +678µs
mcp:connection Dispatching SDK method: tools/list, serverID=github +150ms
mcp:connection listTools: listing tools from serverID=github +345µs
mcp:connection listtools: requesting tools list from backend serverID=github +316µs
mcp:connection listtools: received page of 6 tools from serverID=github +1ms
mcp:connection listtools: received 6 tools total from serverID=github +465µs
mcp:schema Normalizing input schema for tool: github___get_label +147ms
mcp:schema Tool github___get_label schema analysis: hasType=true +464µs
mcp:schema Tool github___get_label object type schema: hasProperties=true, hasAdditionalProperties=false +376µs
mcp:schema Tool github___get_label schema is valid, no normalization needed +400µs
middleware:jqschema ShouldApplyMiddleware: tool=github___get_label, applies=true +148ms
middleware:jqschema WrapToolHandler: wrapping tool=github___get_label, sizeThreshold=524288 bytes, baseDir=/tmp/gh-aw/mcp-payloads, pathPrefixSet=false +344µs
server:unified Registered tool: github-get_label +148ms
mcp:schema Normalizing input schema for tool: github___issue_read +1ms
mcp:schema Tool github___issue_read schema analysis: hasType=true +349µs
mcp:schema Tool github___issue_read object type schema: hasProperties=true, hasAdditionalProperties=false +387µs
mcp:schema Tool github___issue_read schema is valid, no normalization needed +345µs
middleware:jqschema ShouldApplyMiddleware: tool=github___issue_read, applies=true +2ms
middleware:jqschema WrapToolHandler: wrapping tool=github___issue_read, sizeThreshold=524288 bytes, baseDir=/tmp/gh-aw/mcp-payloads, pathPrefixSet=false +370µs
server:unified Registered tool: github-issue_read +2ms
mcp:schema Normalizing input schema for tool: github___list_issue_types +1ms
mcp:schema Tool github___list_issue_types schema analysis: hasType=true +309µs
mcp:schema Tool github___list_issue_types object type schema: hasProperties=true, hasAdditionalProperties=false +322µs
mcp:schema Tool github___list_issue_types schema is valid, no normalization needed +562µs
middleware:jqschema ShouldApplyMiddleware: tool=github___list_issue_types, applies=true +2ms
middleware:jqschema WrapToolHandler: wrapping tool=github___list_issue_types, sizeThreshold=524288 bytes, baseDir=/tmp/gh-aw/mcp-payloads, pathPrefixSet=false +314µs
server:unified Registered tool: github-list_issue_types +2ms
mcp:schema Normalizing input schema for tool: github___list_issues +1ms
mcp:schema Tool github___list_issues schema analysis: hasType=true +314µs
mcp:schema Tool github___list_issues object type schema: hasProperties=true, hasAdditionalProperties=false +345µs
mcp:schema Tool github___list_issues schema is valid, no normalization needed +395µs
middleware:jqschema ShouldApplyMiddleware: tool=github___list_issues, applies=true +2ms
middleware:jqschema WrapToolHandler: wrapping tool=github___list_issues, sizeThreshold=524288 bytes, baseDir=/tmp/gh-aw/mcp-payloads, pathPrefixSet=false +378µs
server:unified Registered tool: github-list_issues +2ms
mcp:schema Normalizing input schema for tool: github___list_label +1ms
mcp:schema Tool github___list_label schema analysis: hasType=true +396µs
mcp:schema Tool github___list_label object type schema: hasProperties=true, hasAdditionalProperties=false +326µs
mcp:schema Tool github___list_label schema is valid, no normalization needed +359µs
middleware:jqschema ShouldApplyMiddleware: tool=github___list_label, applies=true +2ms
middleware:jqschema WrapToolHandler: wrapping tool=github___list_label, sizeThreshold=524288 bytes, baseDir=/tmp/gh-aw/mcp-payloads, pathPrefixSet=false +323µs
server:unified Registered tool: github-list_label +2ms
mcp:schema Normalizing input schema for tool: github___search_issues +1ms
mcp:schema Tool github___search_issues schema analysis: hasType=true +337µs
mcp:schema Tool github___search_issues object type schema: hasProperties=true, hasAdditionalProperties=false +312µs
mcp:schema Tool github___search_issues schema is valid, no normalization needed +322µs
middleware:jqschema ShouldApplyMiddleware: tool=github___search_issues, applies=true +2ms
middleware:jqschema WrapToolHandler: wrapping tool=github___search_issues, sizeThreshold=524288 bytes, baseDir=/tmp/gh-aw/mcp-payloads, pathPrefixSet=false +326µs
server:unified Registered tool: github-search_issues +2ms
server:unified Registered 6 tools from github: github-get_label, github-issue_read, github-list_issue_types, github-list_issues, github-list_label, github-search_issues +297µs
server:unified Successfully registered tools from safeoutputs (took 68.203776ms) +354µs
server:unified Successfully registered tools from github (took 229.833598ms) +1ms
launcher:health Creating health monitor: interval=30s, maxRestartFailures=3 +447ms
launcher:health Starting health monitor: interval=30s +481µs
server:unified Unified server created successfully with 14 tools +2ms
launcher:health Health monitor goroutine started: interval=30s +757µs
2026/09/28 13:38:05 Starting MCPG in ROUTED mode on 0.0.0.0:8080
launcher:launcher Retrieved server IDs: count=2, ids=[safeoutputs github] +67ms
2026/09/28 13:38:05 Routes: /mcp/<server> where <server> is one of: [safeoutputs github]
server:routed Creating HTTP server for routed mode: addr=0.0.0.0:8080 +450ms
launcher:launcher Retrieved server IDs: count=2, ids=[github safeoutputs] +1ms
server:routed Registering routes for 2 backends: [github safeoutputs] +723µs
server:http_server Building MCP HTTP server: addr=0.0.0.0:8080, auth_enabled=true, hmac_enabled=false +451ms
server:handlers Creating OAuth discovery handler +451ms
server:handlers Creating OAuth discovery handler +340µs
server:handlers Creating close handler +356µs
server:auth Initialized auth middleware +452ms
server:http_server Session timeout configured: 6h0m0s +1ms
server:routed [CACHE] Creating filtered server cache: ttl=6h0m0s, maxSize=1000 +2ms
server:helpers Wrapping handler with middleware: logTag=routed:github, authEnabled=true, hmacEnabled=false +453ms
server:auth Initialized auth middleware +1ms
tracing:provider Registering HTTP handler with OTel span: span=gateway.request, extraAttrs=1 +415ms
server:helpers Middleware wrapping complete: logTag=routed:github +1ms
2026/09/28 13:38:05 Registered route: /mcp/github
server:helpers Wrapping handler with middleware: logTag=routed:safeoutputs, authEnabled=true, hmacEnabled=false +362µs
server:auth Initialized auth middleware +1ms
tracing:provider Registering HTTP handler with OTel span: span=gateway.request, extraAttrs=1 +1ms
server:helpers Middleware wrapping complete: logTag=routed:safeoutputs +989µs
2026/09/28 13:38:05 Registered route: /mcp/safeoutputs
server:http_server MCP HTTP server scaffold ready: addr=0.0.0.0:8080 +3ms
server:http_server Creating HTTP server: addr=0.0.0.0:8080 +295µs
2026/09/28 13:38:05 TLS not configured — listening on http://0.0.0.0:8080 (set --tls-cert/--tls-key to enable)
cmd:root Writing gateway config: listenAddr=0.0.0.0:8080, mode=routed, serverCount=2 +419ms
cmd:root Parsed listen address: host=0.0.0.0, port=8080 +354µs
cmd:root Resolved gateway address: host=0.0.0.0, port=8080 +355µs
cmd:root Gateway config: auth_enabled=true +296µs
cmd:root Gateway auth: apiKeyConfigured=true +309µs
cmd:root Writing server config: name=github, url=http://127.0.0.1:8080/mcp/github, toolCount=0 +354µs
cmd:root Wrote server config entry: name=github, url=http://127.0.0.1:8080/mcp/github, toolCount=0 +290µs
cmd:root Writing server config: name=safeoutputs, url=http://127.0.0.1:8080/mcp/safeoutputs, toolCount=0 +379µs
cmd:root Wrote server config entry: name=safeoutputs, url=http://127.0.0.1:8080/mcp/safeoutputs, toolCount=0 +311µs
cmd:root Gateway config written successfully: serverCount=2 +407µs
server:response_writer Creating new response writer with default status 200 +4.8s
server:health Health check request: method=GET, remote=[::1]:35140 +4.8s
server:health Building health response +435µs
launcher:launcher Retrieved server IDs: count=2, ids=[safeoutputs github] +4.4s
server:health Retrieved status for 2 servers +20ms
server:health Overall health status determined: healthy +488µs
server:health Health response: status=healthy, servers=2 +364µs
httputil:httputil Writing JSON response: statusCode=200 +4.8s
server:response_writer Setting response status code: 200 +23ms
httputil:httputil JSON response body size: 168 bytes +780µs
server:response_writer Writing response body: 168 bytes +784µs
server:response_writer Retrieving captured body: 168 bytes +335µs
server:response_writer Retrieving captured body: 168 bytes +406µs
server:response_writer Retrieving captured status code: 200 +421µs
server:helpers [[::1]:35140] GET /health - Status: 200, Response: {"status":"healthy","specVersion":"1.9.0","gatewayVersion":"v0.3.19","servers":{"github":{"status":"running","uptime":4},"safeoutputs":{"status":"running","uptime":4}}} +4.4s
tracing:provider Handling request: span=gateway.request, method=POST, path=/mcp/github, remoteParent=false +4.4s
tracing:provider Span started: span=gateway.request, traceID=00000000000000000000000000000000 +793µs
server:auth Authenticating request: method=POST, path=/mcp/github, remote=127.0.0.1:47026 +4.4s
auth:header Extracting session ID from auth header: sanitized=gUzH... +4.9s
auth:header Using plain API key as session ID +415µs
server:sdk-frontend >>> SDK Request [routed:github] session=gUzHgIR4... mcp-session=(none) method=POST path=/mcp/github +4.9s
server:sdk-frontend     JSON-RPC Request: method=ping id=1 +460µs
server:response_writer Creating new response writer with default status 200 +71ms
server:session Extracting session from request: remote=127.0.0.1:47026, path=/mcp/github +4.9s
auth:header Extracting session ID from auth header: sanitized=gUzH... +2ms
auth:header Using plain API key as session ID +359µs
server:session Session extracted successfully: sessionID=gUzHgIR4..., remote=127.0.0.1:47026 +1ms
server:helpers Checking request body: method=POST, hasBody=true, sessionID=gUzHgIR4... +73ms
server:helpers Request body read: size=40 bytes, sessionID=gUzHgIR4..., backendID=github +318µs
server:helpers Request body logged for debugging +713µs
server:session Injecting session context: sessionID=gUzHgIR4..., backendID=github +2ms
guard:context Setting agent ID in context: gUzHgIR4XIg9fTU5L58cfhq5EVGKh7agQezXfd38OSpm515oZDB6sH8jl +4.9s
server:session Adding backend ID to context: backendID=github +922µs
server:session Session context injected successfully +353µs
server:routed [CACHE] Creating new filtered server: backend=github, session=gUzHgIR4... +4.4s
server:routed Creating filtered server: backend=github +471µs
server:unified GetToolsForBackend: backendID=github, found=6 tools +4.5s
2026/09/28 13:38:09 Creating filtered server for github with 6 tools
server:routed Backend github has 6 tools available +731µs
server:routed [INFO] server connecting +548µs
server:routed [INFO] server session connected session_id=KGOEEUPZ5SX7GXUSHDTAYDMPGH +367µs
server:response_writer Writing response body: 59 bytes +7ms
server:routed [INFO] server session disconnected session_id=KGOEEUPZ5SX7GXUSHDTAYDMPGH +942µs
server:response_writer Retrieving captured body: 59 bytes +856µs
server:response_writer Retrieving captured status code: 200 +349µs
server:sdk-frontend <<< SDK Response [routed:github] status=200 duration=10.546067ms (non-JSON or stream) +10ms
server:sdk-frontend     Raw response: event: message
data: {"jsonrpc":"2.0","id":1,"result":{}}

 +385µs
tracing:provider Handling request: span=gateway.request, method=POST, path=/mcp/github, remoteParent=false +21ms
tracing:provider Span started: span=gateway.request, traceID=00000000000000000000000000000000 +553µs
server:auth Authenticating request: method=POST, path=/mcp/github, remote=127.0.0.1:47028 +22ms
auth:header Extracting session ID from auth header: sanitized=gUzH... +19ms
auth:header Using plain API key as session ID +341µs
server:sdk-frontend >>> SDK Request [routed:github] session=gUzHgIR4... mcp-session=(none) method=POST path=/mcp/github +11ms
server:sdk-frontend     JSON-RPC Request: method=initialize id=2 +382µs
server:response_writer Creating new response writer with default status 200 +13ms
server:session Extracting session from request: remote=127.0.0.1:47028, path=/mcp/github +17ms
auth:header Extracting session ID from auth header: sanitized=gUzH... +2ms
auth:header Using plain API key as session ID +327µs
server:session Session extracted successfully: sessionID=gUzHgIR4..., remote=127.0.0.1:47028 +1ms
server:helpers Checking request body: method=POST, hasBody=true, sessionID=gUzHgIR4... +21ms
server:helpers Request body read: size=166 bytes, sessionID=gUzHgIR4..., backendID=github +378µs
server:helpers Request body logged for debugging +690µs
server:session Injecting session context: sessionID=gUzHgIR4..., backendID=github +2ms
guard:context Setting agent ID in context: gUzHgIR4XIg9fTU5L58cfhq5EVGKh7agQezXfd38OSpm515oZDB6sH8jl +22ms
server:session Adding backend ID to context: backendID=github +788µs
server:session Session context injected successfully +338µs
server:routed [CACHE] Cache hit: key=github/gUzHgIR4... +18ms
server:routed [INFO] server connecting +361µs
server:routed [INFO] server session connected session_id=GY7T4FXGLTPU7HWP2EK774OZTY +365µs
server:response_writer Writing response body: 204 bytes +6ms
server:response_writer Retrieving captured body: 204 bytes +466µs
server:response_writer Retrieving captured status code: 200 +342µs
server:sdk-frontend <<< SDK Response [routed:github] status=200 duration=8.731363ms (non-JSON or stream) +8ms
server:sdk-frontend     Raw response: event: message
data: {"jsonrpc":"2.0","id":2,"result":{"capabilities":{"logging":{},"tools":{"listChanged":true}},"protocolVersion":"2024-11-05","serverInfo":{"name":"awmg-github","version":"v0.3.19"}}}

 +335µs
tracing:provider Handling request: span=gateway.request, method=POST, path=/mcp/github, remoteParent=false +22ms
tracing:provider Span started: span=gateway.request, traceID=00000000000000000000000000000000 +574µs
server:auth Authenticating request: method=POST, path=/mcp/github, remote=127.0.0.1:47038 +22ms
auth:header Extracting session ID from auth header: sanitized=gUzH... +19ms
auth:header Using plain API key as session ID +368µs
server:sdk-frontend >>> SDK Request [routed:github] session=gUzHgIR4... mcp-session=GY7T4FXG... method=POST path=/mcp/github +13ms
server:sdk-frontend     JSON-RPC Request: method=tools/list id=3 +422µs
server:response_writer Creating new response writer with default status 200 +15ms
server:response_writer Writing response body: 4441 bytes +665µs
server:response_writer Retrieving captured body: 4441 bytes +479µs
server:response_writer Retrieving captured status code: 200 +470µs
server:sdk-frontend <<< SDK Response [routed:github] status=200 duration=3.026776ms (non-JSON or stream) +2ms
server:sdk-frontend     Raw response (truncated): event: message
data: {"jsonrpc":"2.0","id":3,"result":{"tools":[{"description":"[github] Get a specific label from a repository.","inputSchema":{"properties":{"name":{"description":"Label name.","type":"string"},"owner":{"description":"Repository owner (username or organization name)","type":"string"},"repo":{"description":"Repository name","type":"string"}},"required":["owner","repo","name"],"type":"object"},"name":"get_label"},{"description":"[github] Get information about a specific issue in ... +327µs
tracing:provider Handling request: span=gateway.request, method=POST, path=/mcp/safeoutputs, remoteParent=false +32ms
tracing:provider Span started: span=gateway.request, traceID=00000000000000000000000000000000 +683µs
server:auth Authenticating request: method=POST, path=/mcp/safeoutputs, remote=127.0.0.1:47050 +32ms
auth:header Extracting session ID from auth header: sanitized=gUzH... +32ms
auth:header Using plain API key as session ID +515µs
server:sdk-frontend >>> SDK Request [routed:safeoutputs] session=gUzHgIR4... mcp-session=(none) method=POST path=/mcp/safeoutputs +29ms
server:sdk-frontend     JSON-RPC Request: method=ping id=1 +628µs
server:response_writer Creating new response writer with default status 200 +31ms
server:session Extracting session from request: remote=127.0.0.1:47050, path=/mcp/safeoutputs +51ms
auth:header Extracting session ID from auth header: sanitized=gUzH... +2ms
auth:header Using plain API key as session ID +396µs
server:session Session extracted successfully: sessionID=gUzHgIR4..., remote=127.0.0.1:47050 +1ms
server:helpers Checking request body: method=POST, hasBody=true, sessionID=gUzHgIR4... +55ms
server:helpers Request body read: size=40 bytes, sessionID=gUzHgIR4..., backendID=safeoutputs +315µs
server:helpers Request body logged for debugging +645µs
server:session Injecting session context: sessionID=gUzHgIR4..., backendID=safeoutputs +1ms
guard:context Setting agent ID in context: gUzHgIR4XIg9fTU5L58cfhq5EVGKh7agQezXfd38OSpm515oZDB6sH8jl +56ms
server:session Adding backend ID to context: backendID=safeoutputs +675µs
server:session Session context injected successfully +352µs
server:routed [CACHE] Creating new filtered server: backend=safeoutputs, session=gUzHgIR4... +55ms
server:routed Creating filtered server: backend=safeoutputs +400µs
server:unified GetToolsForBackend: backendID=safeoutputs, found=6 tools +77ms
2026/09/28 13:38:10 Creating filtered server for safeoutputs with 6 tools
server:routed Backend safeoutputs has 6 tools available +746µs
server:routed [INFO] server connecting +537µs
server:routed [INFO] server session connected session_id=XHTED3BB5PRRUW3E5ER7S6VZSF +359µs
server:response_writer Writing response body: 59 bytes +7ms
server:routed [INFO] server session disconnected session_id=XHTED3BB5PRRUW3E5ER7S6VZSF +846µs
server:response_writer Retrieving captured body: 59 bytes +810µs
server:response_writer Retrieving captured status code: 200 +376µs
server:sdk-frontend <<< SDK Response [routed:safeoutputs] status=200 duration=10.210393ms (non-JSON or stream) +9ms
server:sdk-frontend     Raw response: event: message
data: {"jsonrpc":"2.0","id":1,"result":{}}

 +817µs
tracing:provider Handling request: span=gateway.request, method=POST, path=/mcp/safeoutputs, remoteParent=false +21ms
tracing:provider Span started: span=gateway.request, traceID=00000000000000000000000000000000 +698µs
server:auth Authenticating request: method=POST, path=/mcp/safeoutputs, remote=127.0.0.1:47054 +21ms
auth:header Extracting session ID from auth header: sanitized=gUzH... +18ms
auth:header Using plain API key as session ID +497µs
server:sdk-frontend >>> SDK Request [routed:safeoutputs] session=gUzHgIR4... mcp-session=(none) method=POST path=/mcp/safeoutputs +10ms
server:sdk-frontend     JSON-RPC Request: method=initialize id=2 +396µs
server:response_writer Creating new response writer with default status 200 +13ms
server:session Extracting session from request: remote=127.0.0.1:47054, path=/mcp/safeoutputs +17ms
auth:header Extracting session ID from auth header: sanitized=gUzH... +2ms
auth:header Using plain API key as session ID +359µs
server:session Session extracted successfully: sessionID=gUzHgIR4..., remote=127.0.0.1:47054 +1ms
server:helpers Checking request body: method=POST, hasBody=true, sessionID=gUzHgIR4... +20ms
server:helpers Request body read: size=166 bytes, sessionID=gUzHgIR4..., backendID=safeoutputs +352µs
server:helpers Request body logged for debugging +720µs
server:session Injecting session context: sessionID=gUzHgIR4..., backendID=safeoutputs +2ms
guard:context Setting agent ID in context: gUzHgIR4XIg9fTU5L58cfhq5EVGKh7agQezXfd38OSpm515oZDB6sH8jl +21ms
server:session Adding backend ID to context: backendID=safeoutputs +680µs
server:session Session context injected successfully +349µs
server:routed [CACHE] Cache hit: key=safeoutputs/gUzHgIR4... +18ms
server:routed [INFO] server connecting +333µs
server:routed [INFO] server session connected session_id=2LMCW72FLC3IUCV22SCKB6OHTP +359µs
server:response_writer Writing response body: 209 bytes +5ms
server:response_writer Retrieving captured body: 209 bytes +415µs
server:response_writer Retrieving captured status code: 200 +334µs
server:sdk-frontend <<< SDK Response [routed:safeoutputs] status=200 duration=8.363645ms (non-JSON or stream) +7ms
server:sdk-frontend     Raw response: event: message
data: {"jsonrpc":"2.0","id":2,"result":{"capabilities":{"logging":{},"tools":{"listChanged":true}},"protocolVersion":"2024-11-05","serverInfo":{"name":"awmg-safeoutputs","version":"v0.3.19"}}}

 +342µs
tracing:provider Handling request: span=gateway.request, method=POST, path=/mcp/safeoutputs, remoteParent=false +22ms
tracing:provider Span started: span=gateway.request, traceID=00000000000000000000000000000000 +650µs
server:auth Authenticating request: method=POST, path=/mcp/safeoutputs, remote=127.0.0.1:47060 +22ms
auth:header Extracting session ID from auth header: sanitized=gUzH... +19ms
auth:header Using plain API key as session ID +334µs
server:sdk-frontend >>> SDK Request [routed:safeoutputs] session=gUzHgIR4... mcp-session=2LMCW72F... method=POST path=/mcp/safeoutputs +14ms
server:sdk-frontend     JSON-RPC Request: method=tools/list id=3 +415µs
server:response_writer Creating new response writer with default status 200 +16ms
server:response_writer Writing response body: 8550 bytes +647µs
server:response_writer Retrieving captured body: 8550 bytes +502µs
server:response_writer Retrieving captured status code: 200 +385µs
server:sdk-frontend <<< SDK Response [routed:safeoutputs] status=200 duration=3.154066ms (non-JSON or stream) +2ms
server:sdk-frontend     Raw response (truncated): event: message
data: {"jsonrpc":"2.0","id":3,"result":{"tools":[{"description":"[safeoutputs] WRITE-ONCE: do NOT call this tool with empty or placeholder arguments to probe or discover its schema — the required `body` field is listed in this schema; if you are not ready to post a real comment, call `noop` instead. Adds a comment to an existing GitHub issue, pull request, or discussion. Use this to provide feedback, answer questions, or add information to an existing conversation. For creating ... +320µs
tracing:provider Handling request: span=gateway.request, method=POST, path=/mcp/safeoutputs, remoteParent=false +137ms
tracing:provider Span started: span=gateway.request, traceID=00000000000000000000000000000000 +1ms
server:auth Authenticating request: method=POST, path=/mcp/safeoutputs, remote=127.0.0.1:47062 +138ms
auth:header Extracting session ID from auth header: sanitized=gUzH... +138ms
auth:header Using plain API key as session ID +378µs
server:sdk-frontend >>> SDK Request [routed:safeoutputs] session=gUzHgIR4... mcp-session=(none) method=POST path=/mcp/safeoutputs +135ms
server:sdk-frontend     JSON-RPC Request: method=initialize id=1 +409µs
server:response_writer Creating new response writer with default status 200 +137ms
server:session Extracting session from request: remote=127.0.0.1:47062, path=/mcp/safeoutputs +157ms
auth:header Extracting session ID from auth header: sanitized=gUzH... +2ms
auth:header Using plain API key as session ID +326µs
server:session Session extracted successfully: sessionID=gUzHgIR4..., remote=127.0.0.1:47062 +1ms
server:helpers Checking request body: method=POST, hasBody=true, sessionID=gUzHgIR4... +160ms
server:helpers Request body read: size=162 bytes, sessionID=gUzHgIR4..., backendID=safeoutputs +356µs
server:helpers Request body logged for debugging +751µs
server:session Injecting session context: sessionID=gUzHgIR4..., backendID=safeoutputs +2ms
guard:context Setting agent ID in context: gUzHgIR4XIg9fTU5L58cfhq5EVGKh7agQezXfd38OSpm515oZDB6sH8jl +161ms
server:session Adding backend ID to context: backendID=safeoutputs +790µs
server:session Session context injected successfully +343µs
server:routed [CACHE] Cache hit: key=safeoutputs/gUzHgIR4... +160ms
server:routed [INFO] server connecting +360µs
server:routed [INFO] server session connected session_id=GQKRWVOZ5FFFLQUBRLEWHXK6WJ +437µs
server:response_writer Writing response body: 209 bytes +6ms
server:response_writer Retrieving captured body: 209 bytes +468µs
server:response_writer Retrieving captured status code: 200 +391µs
server:sdk-frontend <<< SDK Response [routed:safeoutputs] status=200 duration=8.628138ms (non-JSON or stream) +8ms
server:sdk-frontend     Raw response: event: message
data: {"jsonrpc":"2.0","id":1,"result":{"capabilities":{"logging":{},"tools":{"listChanged":true}},"protocolVersion":"2024-11-05","serverInfo":{"name":"awmg-safeoutputs","version":"v0.3.19"}}}

 +350µs
tracing:provider Handling request: span=gateway.request, method=POST, path=/mcp/safeoutputs, remoteParent=false +13ms
tracing:provider Span started: span=gateway.request, traceID=00000000000000000000000000000000 +561µs
server:auth Authenticating request: method=POST, path=/mcp/safeoutputs, remote=127.0.0.1:47062 +13ms
auth:header Extracting session ID from auth header: sanitized=gUzH... +10ms
auth:header Using plain API key as session ID +356µs
server:sdk-frontend >>> SDK Request [routed:safeoutputs] session=gUzHgIR4... mcp-session=GQKRWVOZ... method=POST path=/mcp/safeoutputs +4ms
server:sdk-frontend     JSON-RPC Request: method=notifications/initialized id=<nil> +373µs
server:response_writer Creating new response writer with default status 200 +6ms
server:response_writer Setting response status code: 202 +413µs
server:routed [INFO] session initialized +8ms
server:response_writer Retrieving captured body: 0 bytes +390µs
server:response_writer Retrieving captured status code: 202 +338µs
server:sdk-frontend <<< SDK Response [routed:safeoutputs] status=202 duration=2.545052ms (empty body) +2ms
tracing:provider Handling request: span=gateway.request, method=POST, path=/mcp/safeoutputs, remoteParent=false +6ms
tracing:provider Span started: span=gateway.request, traceID=00000000000000000000000000000000 +471µs
server:auth Authenticating request: method=POST, path=/mcp/safeoutputs, remote=127.0.0.1:47062 +6ms
auth:header Extracting session ID from auth header: sanitized=gUzH... +6ms
auth:header Using plain API key as session ID +366µs
server:sdk-frontend >>> SDK Request [routed:safeoutputs] session=gUzHgIR4... mcp-session=GQKRWVOZ... method=POST path=/mcp/safeoutputs +4ms
server:sdk-frontend     JSON-RPC Request: method=tools/list id=2 +537µs
server:response_writer Creating new response writer with default status 200 +5ms
server:response_writer Writing response body: 8550 bytes +629µs
server:response_writer Retrieving captured body: 8550 bytes +467µs
server:response_writer Retrieving captured status code: 200 +474µs
server:sdk-frontend <<< SDK Response [routed:safeoutputs] status=200 duration=3.157444ms (non-JSON or stream) +2ms
server:sdk-frontend     Raw response (truncated): event: message
data: {"jsonrpc":"2.0","id":2,"result":{"tools":[{"description":"[safeoutputs] WRITE-ONCE: do NOT call this tool with empty or placeholder arguments to probe or discover its schema — the required `body` field is listed in this schema; if you are not ready to post a real comment, call `noop` instead. Adds a comment to an existing GitHub issue, pull request, or discussion. Use this to provide feedback, answer questions, or add information to an existing conversation. For creating ... +388µs
tracing:provider Handling request: span=gateway.request, method=POST, path=/mcp/github, remoteParent=false +16.8s
tracing:provider Span started: span=gateway.request, traceID=00000000000000000000000000000000 +738µs
server:auth Authenticating request: method=POST, path=/mcp/github, remote=172.30.0.20:35414 +16.8s
auth:header Extracting session ID from auth header: sanitized=gUzH... +16.8s
auth:header Using plain API key as session ID +401µs
server:sdk-frontend >>> SDK Request [routed:github] session=gUzHgIR4... mcp-session=(none) method=POST path=/mcp/github +16.8s
server:sdk-frontend     JSON-RPC Request: method=initialize id=0 +449µs
tracing:provider Handling request: span=gateway.request, method=POST, path=/mcp/safeoutputs, remoteParent=false +2ms
server:response_writer Creating new response writer with default status 200 +16.8s
server:session Extracting session from request: remote=172.30.0.20:35414, path=/mcp/github +16.8s
auth:header Extracting session ID from auth header: sanitized=gUzH... +2ms
tracing:provider Span started: span=gateway.request, traceID=00000000000000000000000000000000 +1ms
server:auth Authenticating request: method=POST, path=/mcp/safeoutputs, remote=172.30.0.20:35430 +4ms
auth:header Extracting session ID from auth header: sanitized=gUzH... +1ms
auth:header Using plain API key as session ID +360µs
server:session Session extracted successfully: sessionID=gUzHgIR4..., remote=172.30.0.20:35414 +2ms
server:helpers Checking request body: method=POST, hasBody=true, sessionID=gUzHgIR4... +16.8s
auth:header Using plain API key as session ID +1ms
server:sdk-frontend >>> SDK Request [routed:safeoutputs] session=gUzHgIR4... mcp-session=(none) method=POST path=/mcp/safeoutputs +5ms
server:sdk-frontend     JSON-RPC Request: method=initialize id=0 +482µs
server:helpers Request body read: size=208 bytes, sessionID=gUzHgIR4..., backendID=github +1ms
server:response_writer Creating new response writer with default status 200 +6ms
server:session Extracting session from request: remote=172.30.0.20:35430, path=/mcp/safeoutputs +3ms
auth:header Extracting session ID from auth header: sanitized=gUzH... +3ms
server:helpers Request body logged for debugging +2ms
server:session Injecting session context: sessionID=gUzHgIR4..., backendID=github +993µs
guard:context Setting agent ID in context: gUzHgIR4XIg9fTU5L58cfhq5EVGKh7agQezXfd38OSpm515oZDB6sH8jl +16.8s
auth:header Using plain API key as session ID +1ms
server:session Session extracted successfully: sessionID=gUzHgIR4..., remote=172.30.0.20:35430 +1ms
server:helpers Checking request body: method=POST, hasBody=true, sessionID=gUzHgIR4... +2ms
server:helpers Request body read: size=208 bytes, sessionID=gUzHgIR4..., backendID=safeoutputs +333µs
server:session Adding backend ID to context: backendID=github +1ms
server:session Session context injected successfully +340µs
server:routed [CACHE] Cache hit: key=github/gUzHgIR4... +16.8s
server:routed [INFO] server connecting +425µs
server:routed [INFO] server session connected session_id=D5TCRTMVWZ6QBNYJAXQPVSDAX4 +733µs
server:response_writer Writing response body: 204 bytes +6ms
server:helpers Request body logged for debugging +2ms
server:session Injecting session context: sessionID=gUzHgIR4..., backendID=safeoutputs +2ms
guard:context Setting agent ID in context: gUzHgIR4XIg9fTU5L58cfhq5EVGKh7agQezXfd38OSpm515oZDB6sH8jl +5ms
server:session Adding backend ID to context: backendID=safeoutputs +722µs
server:response_writer Retrieving captured body: 204 bytes +1ms
server:session Session context injected successfully +828µs
server:routed [CACHE] Cache hit: key=safeoutputs/gUzHgIR4... +3ms
server:response_writer Retrieving captured status code: 200 +1ms
server:sdk-frontend <<< SDK Response [routed:github] status=200 duration=16.366947ms (non-JSON or stream) +11ms
server:sdk-frontend     Raw response: event: message
data: {"jsonrpc":"2.0","id":0,"result":{"capabilities":{"logging":{},"tools":{"listChanged":true}},"protocolVersion":"2025-11-25","serverInfo":{"name":"awmg-github","version":"v0.3.19"}}}

 +352µs
server:routed [INFO] server connecting +1ms
server:routed [INFO] server session connected session_id=2HERQMLCZ3AYOK2ZYZA54ZRUON +387µs
server:response_writer Writing response body: 209 bytes +2ms
server:response_writer Retrieving captured body: 209 bytes +518µs
server:response_writer Retrieving captured status code: 200 +405µs
server:sdk-frontend <<< SDK Response [routed:safeoutputs] status=200 duration=16.283659ms (non-JSON or stream) +3ms
server:sdk-frontend     Raw response: event: message
data: {"jsonrpc":"2.0","id":0,"result":{"capabilities":{"logging":{},"tools":{"listChanged":true}},"protocolVersion":"2025-11-25","serverInfo":{"name":"awmg-safeoutputs","version":"v0.3.19"}}}

 +401µs
tracing:provider Handling request: span=gateway.request, method=POST, path=/mcp/github, remoteParent=false +31ms
tracing:provider Span started: span=gateway.request, traceID=00000000000000000000000000000000 +584µs
server:auth Authenticating request: method=POST, path=/mcp/github, remote=172.30.0.20:35434 +32ms
auth:header Extracting session ID from auth header: sanitized=gUzH... +26ms
auth:header Using plain API key as session ID +581µs
server:sdk-frontend >>> SDK Request [routed:github] session=gUzHgIR4... mcp-session=D5TCRTMV... method=POST path=/mcp/github +16ms
server:sdk-frontend     JSON-RPC Request: method=notifications/initialized id=<nil> +445µs
tracing:provider Handling request: span=gateway.request, method=POST, path=/mcp/safeoutputs, remoteParent=false +2ms
server:response_writer Creating new response writer with default status 200 +18ms
server:response_writer Setting response status code: 202 +427µs
server:routed [INFO] session initialized +20ms
server:response_writer Retrieving captured body: 0 bytes +433µs
tracing:provider Span started: span=gateway.request, traceID=00000000000000000000000000000000 +1ms
server:response_writer Retrieving captured status code: 202 +1ms
server:sdk-frontend <<< SDK Response [routed:github] status=202 duration=3.100492ms (empty body) +3ms
server:auth Authenticating request: method=POST, path=/mcp/safeoutputs, remote=172.30.0.20:35442 +6ms
auth:header Extracting session ID from auth header: sanitized=gUzH... +5ms
auth:header Using plain API key as session ID +438µs
server:sdk-frontend >>> SDK Request [routed:safeoutputs] session=gUzHgIR4... mcp-session=2HERQMLC... method=POST path=/mcp/safeoutputs +2ms
tracing:provider Handling request: span=gateway.request, method=GET, path=/mcp/github, remoteParent=false +3ms
server:sdk-frontend     JSON-RPC Request: method=notifications/initialized id=<nil> +655µs
tracing:provider Span started: span=gateway.request, traceID=00000000000000000000000000000000 +907µs
server:auth Authenticating request: method=GET, path=/mcp/github, remote=172.30.0.20:35414 +3ms
server:response_writer Creating new response writer with default status 200 +6ms
server:response_writer Setting response status code: 202 +481µs
server:routed [INFO] session initialized +8ms
server:response_writer Retrieving captured body: 0 bytes +466µs
auth:header Extracting session ID from auth header: sanitized=gUzH... +5ms
server:response_writer Retrieving captured status code: 202 +1ms
server:sdk-frontend <<< SDK Response [routed:safeoutputs] status=202 duration=5.140522ms (empty body) +5ms
auth:header Using plain API key as session ID +1ms
server:sdk-frontend >>> SDK Request [routed:github] session=gUzHgIR4... mcp-session=D5TCRTMV... method=GET path=/mcp/github +1ms
server:response_writer Creating new response writer with default status 200 +2ms
server:response_writer Setting response status code: 200 +438µs
tracing:provider Handling request: span=gateway.request, method=GET, path=/mcp/safeoutputs, remoteParent=false +6ms
tracing:provider Span started: span=gateway.request, traceID=00000000000000000000000000000000 +845µs
server:auth Authenticating request: method=GET, path=/mcp/safeoutputs, remote=172.30.0.20:35430 +7ms
auth:header Extracting session ID from auth header: sanitized=gUzH... +3ms
auth:header Using plain API key as session ID +406µs
server:sdk-frontend >>> SDK Request [routed:safeoutputs] session=gUzHgIR4... mcp-session=2HERQMLC... method=GET path=/mcp/safeoutputs +3ms
server:response_writer Creating new response writer with default status 200 +3ms
server:response_writer Setting response status code: 200 +538µs
tracing:provider Handling request: span=gateway.request, method=POST, path=/mcp/github, remoteParent=false +29ms
tracing:provider Span started: span=gateway.request, traceID=00000000000000000000000000000000 +727µs
server:auth Authenticating request: method=POST, path=/mcp/github, remote=172.30.0.20:35434 +30ms
auth:header Extracting session ID from auth header: sanitized=gUzH... +29ms
auth:header Using plain API key as session ID +460µs
server:sdk-frontend >>> SDK Request [routed:github] session=gUzHgIR4... mcp-session=D5TCRTMV... method=POST path=/mcp/github +30ms
server:sdk-frontend     JSON-RPC Request: method=tools/list id=1 +493µs
tracing:provider Handling request: span=gateway.request, method=POST, path=/mcp/safeoutputs, remoteParent=false +2ms
server:response_writer Creating new response writer with default status 200 +31ms
tracing:provider Span started: span=gateway.request, traceID=00000000000000000000000000000000 +2ms
server:auth Authenticating request: method=POST, path=/mcp/safeoutputs, remote=172.30.0.20:35442 +4ms
server:response_writer Writing response body: 4441 bytes +2ms
auth:header Extracting session ID from auth header: sanitized=gUzH... +4ms
auth:header Using plain API key as session ID +523µs
tracing:provider Handling request: span=gateway.request, method=POST, path=/mcp/github, remoteParent=false +2ms
server:sdk-frontend >>> SDK Request [routed:safeoutputs] session=gUzHgIR4... mcp-session=2HERQMLC... method=POST path=/mcp/safeoutputs +5ms
tracing:provider Handling request: span=gateway.request, method=POST, path=/mcp/safeoutputs, remoteParent=false +658µs
tracing:provider Span started: span=gateway.request, traceID=00000000000000000000000000000000 +151µs
server:auth Authenticating request: method=POST, path=/mcp/github, remote=172.30.0.20:35452 +3ms
server:response_writer Retrieving captured body: 4441 bytes +2ms
server:sdk-frontend     JSON-RPC Request: method=tools/list id=1 +1ms
tracing:provider Span started: span=gateway.request, traceID=00000000000000000000000000000000 +1ms
auth:header Extracting session ID from auth header: sanitized=gUzH... +3ms
server:response_writer Retrieving captured status code: 200 +1ms
server:auth Authenticating request: method=POST, path=/mcp/safeoutputs, remote=172.30.0.20:35466 +3ms
auth:header Using plain API key as session ID +1ms
server:sdk-frontend <<< SDK Response [routed:github] status=200 duration=7.833142ms (non-JSON or stream) +3ms
server:response_writer Creating new response writer with default status 200 +2ms
server:sdk-frontend >>> SDK Request [routed:github] session=gUzHgIR4... mcp-session=D5TCRTMV... method=POST path=/mcp/github +1ms
server:sdk-frontend     Raw response (truncated): event: message
data: {"jsonrpc":"2.0","id":1,"result":{"tools":[{"description":"[github] Get a specific label from a repository.","inputSchema":{"properties":{"name":{"description":"Label name.","type":"string"},"owner":{"description":"Repository owner (username or organization name)","type":"string"},"repo":{"description":"Repository name","type":"string"}},"required":["owner","repo","name"],"type":"object"},"name":"get_label"},{"description":"[github] Get information about a specific issue in ... +363µs
server:response_writer Writing response body: 8550 bytes +2ms
auth:header Extracting session ID from auth header: sanitized=gUzH... +3ms
server:sdk-frontend     JSON-RPC Request: method=tools/list id=2 +2ms
server:response_writer Retrieving captured body: 8550 bytes +1ms
auth:header Using plain API key as session ID +1ms
server:sdk-frontend >>> SDK Request [routed:safeoutputs] session=gUzHgIR4... mcp-session=2HERQMLC... method=POST path=/mcp/safeoutputs +1ms
server:response_writer Retrieving captured status code: 200 +1ms
server:sdk-frontend     JSON-RPC Request: method=tools/list id=2 +1ms
server:response_writer Creating new response writer with default status 200 +835µs
server:sdk-frontend <<< SDK Response [routed:safeoutputs] status=200 duration=10.702326ms (non-JSON or stream) +722µs
server:sdk-frontend     Raw response (truncated): event: message
data: {"jsonrpc":"2.0","id":1,"result":{"tools":[{"description":"[safeoutputs] WRITE-ONCE: do NOT call this tool with empty or placeholder arguments to probe or discover its schema — the required `body` field is listed in this schema; if you are not ready to post a real comment, call `noop` instead. Adds a comment to an existing GitHub issue, pull request, or discussion. Use this to provide feedback, answer questions, or add information to an existing conversation. For creating ... +378µs
server:response_writer Writing response body: 4441 bytes +2ms
server:response_writer Creating new response writer with default status 200 +196µs
server:response_writer Retrieving captured body: 4441 bytes +465µs
server:response_writer Writing response body: 8550 bytes +626µs
server:response_writer Retrieving captured status code: 200 +17ms
server:response_writer Retrieving captured body: 8550 bytes +585µs
server:sdk-frontend <<< SDK Response [routed:github] status=200 duration=12.149995ms (non-JSON or stream) +20ms
server:sdk-frontend     Raw response (truncated): event: message
data: {"jsonrpc":"2.0","id":2,"result":{"tools":[{"description":"[github] Get a specific label from a repository.","inputSchema":{"properties":{"name":{"description":"Label name.","type":"string"},"owner":{"description":"Repository owner (username or organization name)","type":"string"},"repo":{"description":"Repository name","type":"string"}},"required":["owner","repo","name"],"type":"object"},"name":"get_label"},{"description":"[github] Get information about a specific issue in ... +429µs
server:response_writer Retrieving captured status code: 200 +1ms
server:sdk-frontend <<< SDK Response [routed:safeoutputs] status=200 duration=25.12591ms (non-JSON or stream) +1ms
server:sdk-frontend     Raw response (truncated): event: message
data: {"jsonrpc":"2.0","id":2,"result":{"tools":[{"description":"[safeoutputs] WRITE-ONCE: do NOT call this tool with empty or placeholder arguments to probe or discover its schema — the required `body` field is listed in this schema; if you are not ready to post a real comment, call `noop` instead. Adds a comment to an existing GitHub issue, pull request, or discussion. Use this to provide feedback, answer questions, or add information to an existing conversation. For creating ... +412µs
tracing:provider Handling request: span=gateway.request, method=POST, path=/mcp/github, remoteParent=false +3.3s
tracing:provider Span started: span=gateway.request, traceID=00000000000000000000000000000000 +788µs
server:auth Authenticating request: method=POST, path=/mcp/github, remote=172.30.0.20:35434 +3.3s
auth:header Extracting session ID from auth header: sanitized=gUzH... +3.3s
auth:header Using plain API key as session ID +744µs
server:sdk-frontend >>> SDK Request [routed:github] session=gUzHgIR4... mcp-session=D5TCRTMV... method=POST path=/mcp/github +3.3s
server:sdk-frontend     JSON-RPC Request: method=tools/call id=3 +427µs
tracing:provider Handling request: span=gateway.request, method=POST, path=/mcp/github, remoteParent=false +2ms
server:response_writer Creating new response writer with default status 200 +3.3s
2026/09/28 13:38:30 [ROUTED] Calling unified handler for: search_issues
server:session Extracted session ID from context: gUzHgIR4... +3.4s
tracing:provider Span started: span=gateway.request, traceID=00000000000000000000000000000000 +1ms
server:auth Authenticating request: method=POST, path=/mcp/github, remote=172.30.0.20:35442 +4ms
auth:header Extracting session ID from auth header: sanitized=gUzH... +3ms
mcp:tool_result Parsing arguments for tool: search_issues +25.4s
mcp:tool_result Parsed 4 arguments +344µs
server:session Extracted session ID from context: gUzHgIR4... +2ms
auth:header Using plain API key as session ID +1ms
server:sdk-frontend >>> SDK Request [routed:github] session=gUzHgIR4... mcp-session=D5TCRTMV... method=POST path=/mcp/github +4ms
server:sdk-frontend     JSON-RPC Request: method=tools/call id=4 +404µs
server:response_writer Creating new response writer with default status 200 +5ms
2026/09/28 13:38:30 [ROUTED] Calling unified handler for: list_label
server:session Extracted session ID from context: gUzHgIR4... +2ms
server:session Extracted session ID from context: gUzHgIR4... +339µs
server:session Checking session: sessionID=gUzHgIR4... +359µs
server:session Auto-creating session for ID: gUzHgIR4... +402µs
server:session Creating new session: sessionID=gUzHgIR4..., has_token=false +335µs
mcp:tool_result Parsing arguments for tool: list_label +5ms
mcp:tool_result Parsed 2 arguments +371µs
server:session Extracted session ID from context: gUzHgIR4... +1ms
server:session Session auto-created for ID: gUzHgIR4... +349µs
server:session Created session directory: /tmp/gh-aw/mcp-payloads/gUzHgIR4XIg9fTU5L58cfhq5EVGKh7agQezXfd38OSpm515oZDB6sH8jl +441µs
server:session Extracted session ID from context: gUzHgIR4... +874µs
server:session Checking session: sessionID=gUzHgIR4... +454µs
server:session Session validated for ID: gUzHgIR4... +356µs
server:session Session validated for ID: gUzHgIR4... +361µs
server:unified callBackendTool: serverID=github, toolName=search_issues, args=map[order:asc perPage:30 query:repo:apache/cloudstack is:issue is:open no:label sort:created] +20.4s
guard:registry Getting guard for serverID=github +25.2s
server:unified callBackendTool: serverID=github, toolName=list_label, args=map[owner:apache repo:cloudstack] +15ms
guard:registry Found guard for serverID=github, guardName=github +960µs
server:session Extracted session ID from context: gUzHgIR4... +16ms
server:guard_init Resolving guard policy: serverID=github +25.2s
config:guard_policy ParseServerGuardPolicy: serverID=github, keyCount=1 +25.2s
guard:registry Getting guard for serverID=github +1ms
guard:registry Found guard for serverID=github, guardName=github +365µs
server:session Extracted session ID from context: gUzHgIR4... +2ms
server:guard_init Resolving guard policy: serverID=github +2ms
config:guard_policy ParsePolicyMap: hasAllowOnly=true, hasWriteSink=false, keyCount=1 +2ms
config:guard_policy Parsing guard policy JSON: len=112 +402µs
config:guard_policy UnmarshalJSON: parsing guard policy, keys=1 +438µs
config:guard_policy ParseServerGuardPolicy: serverID=github, keyCount=1 +430µs
config:guard_policy ParsePolicyMap: hasAllowOnly=true, hasWriteSink=false, keyCount=1 +398µs
config:guard_policy Parsing guard policy JSON: len=112 +383µs
config:guard_policy UnmarshalJSON: parsing guard policy, keys=1 +451µs
config:guard_policy UnmarshalJSON: parsing allow-only policy, fields=5 +337µs
config:guard_policy UnmarshalJSON: allow-only policy parsed, repos=string, minIntegrity=none +352µs
config:guard_policy UnmarshalJSON: guard policy type is allow-only +447µs
config:guard_policy ValidateGuardPolicy: delegating to allow-only normalization +375µs
config:guard_policy UnmarshalJSON: parsing allow-only policy, fields=5 +435µs
config:guard_policy UnmarshalJSON: allow-only policy parsed, repos=string, minIntegrity=none +475µs
config:guard_policy Normalizing guard policy: integrity=none, reposType=string +556µs
config:guard_policy Guard policy normalized: scopeKind=all, integrity=none +419µs
server:guard_init Using server-level guard policy: serverID=github +7ms
config:guard_policy UnmarshalJSON: guard policy type is allow-only +1ms
config:guard_policy ValidateGuardPolicy: delegating to allow-only normalization +685µs
config:guard_policy Normalizing guard policy: integrity=none, reposType=string +580µs
guard:wasm BuildLabelAgentPayload: trustedBots=0, trustedUsers=0 +25.2s
config:guard_policy Guard policy normalized: scopeKind=all, integrity=none +1ms
server:guard_init Using server-level guard policy: serverID=github +3ms
guard:wasm BuildLabelAgentPayload: trustedBots=0, trustedUsers=0 +1ms
guard:context Retrieved agent ID from context: gUzHgIR4XIg9fTU5L58cfhq5EVGKh7agQezXfd38OSpm515oZDB6sH8jl +3.4s
difc:agent GetOrCreate called for agentID=gUzHgIR4XIg9fTU5L58cfhq5EVGKh7agQezXfd38OSpm515oZDB6sH8jl +25.4s
difc:agent Creating agent labels with tags: agentID=gUzHgIR4XIg9fTU5L58cfhq5EVGKh7agQezXfd38OSpm515oZDB6sH8jl, secrecyTags=[], integrityTags=[] +401µs
difc:labels Creating label with 0 initial tags: [] +25.4s
difc:labels Creating label with 0 initial tags: [] +402µs
guard:context Retrieved agent ID from context: gUzHgIR4XIg9fTU5L58cfhq5EVGKh7agQezXfd38OSpm515oZDB6sH8jl +1ms
difc:agent GetOrCreate called for agentID=gUzHgIR4XIg9fTU5L58cfhq5EVGKh7agQezXfd38OSpm515oZDB6sH8jl +1ms
difc:agent Created new agent: gUzHgIR4XIg9fTU5L58cfhq5EVGKh7agQezXfd38OSpm515oZDB6sH8jl with default labels (secrecy: [], integrity: []) +1ms
guard:label_agent Calling LabelAgent: guard=github +25.4s
guard:label_agent Calling LabelAgent: guard=github +58µs
guard:wasm LabelAgent called: guard=github +6ms
guard:wasm normalizePolicyPayload: received non-string policy, passing through +496µs
guard:wasm LabelAgent called: guard=github +547µs
guard:wasm normalizePolicyPayload: received non-string policy, passing through +381µs
guard:wasm LabelAgent normalized policy: guard=github, policy={"allow-only":{"repos":"all","min-integrity":"none"}} +591µs
guard:wasm buildStrictLabelAgentPayload: validating policy payload +493µs
guard:wasm LabelAgent normalized policy: guard=github, policy={"allow-only":{"repos":"all","min-integrity":"none"}} +446µs
guard:wasm buildStrictLabelAgentPayload: validating policy payload +352µs
guard:wasm buildStrictLabelAgentPayload: policy validated successfully, repos=all, min-integrity=none +383µs
guard:wasm label_agent input JSON (53 bytes): {"allow-only":{"min-integrity":"none","repos":"all"}} +415µs
guard:wasm buildStrictLabelAgentPayload: policy validated successfully, repos=all, min-integrity=none +357µs
guard:wasm tryCallWasmFunction: guard=github, func=<unknown>, inputSize=53, outputSize=4194304 +809µs
guard:wasm Using guard allocator path: guard=github +363µs
guard:wasm [guard:github] DEBUG: >>> alloc(53) +356µs
guard:wasm [guard:github] DEBUG: <<< alloc returning ptr=1107776 +343µs
guard:wasm wasmAlloc: guard=github, size=53, ptr=1107776 +423µs
guard:wasm [guard:github] DEBUG: >>> alloc(4194304) +389µs
guard:wasm [guard:github] DEBUG: <<< alloc returning ptr=1107840 +2ms
guard:wasm wasmAlloc: guard=github, size=4194304, ptr=1107840 +494µs
guard:wasm [guard:github] INFO: >>> label_agent called +430µs
guard:wasm [guard:github] INFO: <<< label_agent returning 134 bytes +463µs
guard:wasm [guard:github] DEBUG: >>> dealloc(ptr=1107840, size=4194304) +353µs
guard:wasm [guard:github] DEBUG: <<< dealloc complete +386µs
guard:wasm [guard:github] DEBUG: >>> dealloc(ptr=1107776, size=53) +672µs
guard:wasm [guard:github] DEBUG: <<< dealloc complete +393µs
guard:wasm LabelAgent raw response JSON (134 bytes): {"agent":{"secrecy":[],"integrity":["none:all"]},"difc_mode":"filter","normalized_policy":{"scope_kind":"All","min-integrity":"none"}} +349µs
guard:wasm label_agent input JSON (53 bytes): {"allow-only":{"min-integrity":"none","repos":"all"}} +25µs
guard:wasm LabelAgent parsed response: guard=github, response={"agent":{"secrecy":[],"integrity":["none:all"]},"difc_mode":"filter","normalized_policy":{"min-integrity":"none","scope_kind":"All"}} +466µs
guard:wasm tryCallWasmFunction: guard=github, func=<unknown>, inputSize=53, outputSize=4194304 +346µs
guard:wasm Using guard allocator path: guard=github +433µs
guard:wasm [guard:github] DEBUG: >>> alloc(53) +402µs
guard:wasm [guard:github] DEBUG: <<< alloc returning ptr=1107776 +420µs
guard:guard Applying label agent result: difc_mode="filter", secrecy_tags=0, integrity_tags=1, defaultMode=strict +25.4s
guard:wasm wasmAlloc: guard=github, size=53, ptr=1107776 +732µs
guard:wasm [guard:github] DEBUG: >>> alloc(4194304) +306µs
guard:guard Enforcement mode overridden: default=strict, override=filter +1ms
difc:agent Agent gUzHgIR4XIg9fTU5L58cfhq5EVGKh7agQezXfd38OSpm515oZDB6sH8jl adding 0 secrecy tags +17ms
difc:agent Agent gUzHgIR4XIg9fTU5L58cfhq5EVGKh7agQezXfd38OSpm515oZDB6sH8jl adding 1 integrity tags +714µs
difc:agent Agent gUzHgIR4XIg9fTU5L58cfhq5EVGKh7agQezXfd38OSpm515oZDB6sH8jl gained integrity tags: [none:all] +392µs
guard:wasm [guard:github] DEBUG: <<< alloc returning ptr=1107840 +2ms
guard:wasm wasmAlloc: guard=github, size=4194304, ptr=1107840 +417µs
guard:guard Label agent result applied: effective_mode=filter +2ms
guard:label_agent LabelAgent completed: guard=github, mode=filter +20ms
guard:wasm [guard:github] INFO: >>> label_agent called +1ms
guard:wasm [guard:github] INFO: <<< label_agent returning 134 bytes +448µs
guard:wasm [guard:github] DEBUG: >>> dealloc(ptr=1107840, size=4194304) +600µs
guard:wasm [guard:github] DEBUG: <<< dealloc complete +780µs
guard:wasm [guard:github] DEBUG: >>> dealloc(ptr=1107776, size=53) +453µs
guard:context Retrieved agent ID from context: gUzHgIR4XIg9fTU5L58cfhq5EVGKh7agQezXfd38OSpm515oZDB6sH8jl +25ms
difc:agent GetOrCreate called for agentID=gUzHgIR4XIg9fTU5L58cfhq5EVGKh7agQezXfd38OSpm515oZDB6sH8jl +6ms
server:unified [DIFC] Agent gUzHgIR4XIg9fTU5L58cfhq5EVGKh7agQezXfd38OSpm515oZDB6sH8jl | Secrecy: [] | Integrity: [none:all] +46ms
guard:wasm [guard:github] DEBUG: <<< dealloc complete +2ms
guard:wasm LabelAgent raw response JSON (134 bytes): {"agent":{"secrecy":[],"integrity":["none:all"]},"difc_mode":"filter","normalized_policy":{"scope_kind":"All","min-integrity":"none"}} +386µs
guard:context Setting request state in context +2ms
guard:wasm LabelResource called: toolName=search_issues, args=map[order:asc perPage:30 query:repo:apache/cloudstack is:issue is:open no:label sort:created] +809µs
guard:wasm label_resource input JSON (164 bytes): {"capabilities":{},"tool_args":{"order":"asc","perPage":30,"query":"repo:apache/cloudstack is:issue is:open no:label","sort":"created"},"tool_name":"search_issues"} +407µs
guard:wasm tryCallWasmFunction: guard=github, func=<unknown>, inputSize=164, outputSize=4194304 +402µs
guard:wasm LabelAgent parsed response: guard=github, response={"agent":{"secrecy":[],"integrity":["none:all"]},"difc_mode":"filter","normalized_policy":{"min-integrity":"none","scope_kind":"All"}} +413µs
guard:guard Applying label agent result: difc_mode="filter", secrecy_tags=0, integrity_tags=1, defaultMode=strict +8ms
guard:guard Enforcement mode overridden: default=strict, override=filter +346µs
difc:agent Agent gUzHgIR4XIg9fTU5L58cfhq5EVGKh7agQezXfd38OSpm515oZDB6sH8jl adding 0 secrecy tags +4ms
guard:wasm Using guard allocator path: guard=github +1ms
guard:wasm [guard:github] DEBUG: >>> alloc(164) +357µs
guard:wasm [guard:github] DEBUG: <<< alloc returning ptr=1107776 +305µs
guard:wasm wasmAlloc: guard=github, size=164, ptr=1107776 +327µs
difc:agent Agent gUzHgIR4XIg9fTU5L58cfhq5EVGKh7agQezXfd38OSpm515oZDB6sH8jl adding 1 integrity tags +1ms
difc:agent Agent gUzHgIR4XIg9fTU5L58cfhq5EVGKh7agQezXfd38OSpm515oZDB6sH8jl gained integrity tags: [none:all] +377µs
guard:guard Label agent result applied: effective_mode=filter +2ms
guard:label_agent LabelAgent completed: guard=github, mode=filter +11ms
guard:wasm [guard:github] DEBUG: >>> alloc(4194304) +1ms
guard:wasm [guard:github] DEBUG: <<< alloc returning ptr=1107952 +702µs
guard:wasm wasmAlloc: guard=github, size=4194304, ptr=1107952 +697µs
guard:context Retrieved agent ID from context: gUzHgIR4XIg9fTU5L58cfhq5EVGKh7agQezXfd38OSpm515oZDB6sH8jl +7ms
difc:agent GetOrCreate called for agentID=gUzHgIR4XIg9fTU5L58cfhq5EVGKh7agQezXfd38OSpm515oZDB6sH8jl +3ms
server:unified [DIFC] Agent gUzHgIR4XIg9fTU5L58cfhq5EVGKh7agQezXfd38OSpm515oZDB6sH8jl | Secrecy: [] | Integrity: [none:all] +9ms
guard:context Setting request state in context +1ms
guard:wasm [guard:github] INFO: >>> label_resource called +1ms
guard:wasm LabelResource called: toolName=list_label, args=map[owner:apache repo:cloudstack] +437µs
guard:wasm [guard:github] INFO:     input_len=164, output_size=4194304 +682µs
guard:wasm [guard:github] INFO:     tool_name=search_issues +388µs
guard:wasm [guard:github] DEBUG: Checking repo visibility for apache/cloudstack +384µs
guard:wasm [guard:github] INFO: >>> call_backend: tool=search_repositories +1ms
guard:wasm [guard:github] DEBUG:     args={"perPage":10,"query":"repo:apache/cloudstack"} +484µs
guard:wasm WASM guard calling backend: tool=search_repositories +392µs
server:unified [DIFC] Guard calling backend github tool search_repositories for metadata +5ms
server:unified executeBackendToolCall: serverID=github, toolName=search_repositories +373µs
launcher:launcher Checking session pool: serverID=github, sessionID=gUzHgIR4XIg9fTU5L58cfhq5EVGKh7agQezXfd38OSpm515oZDB6sH8jl +20.6s
launcher:pool Connection not found: backend=github, session=gUzHgIR4XIg9fTU5L58cfhq5EVGKh7agQezXfd38OSpm515oZDB6sH8jl +25.4s
launcher:launcher Session connection not found, creating new: serverID=github, sessionID=gUzHgIR4XIg9fTU5L58cfhq5EVGKh7agQezXfd38OSpm515oZDB6sH8jl +641µs
launcher:pool Connection not found: backend=github, session=gUzHgIR4XIg9fTU5L58cfhq5EVGKh7agQezXfd38OSpm515oZDB6sH8jl +665µs
launcher:launcher Launching new session server: serverID=github, sessionID=gUzHgIR4XIg9fTU5L58cfhq5EVGKh7agQezXfd38OSpm515oZDB6sH8jl, command=docker +1ms
2026/09/28 13:38:30 [LAUNCHER] Command: docker
2026/09/28 13:38:30 [LAUNCHER] Args: [run --rm -i -e NO_COLOR=... -e TERM=... -e PYTHONUNBUFFERED=... -e GITHUB_HOST=http... -e GITHUB_PERSONAL_ACCESS_TOKEN=ghs_... -e GITHUB_READ_ONLY=... -e GITHUB_TOOLSETS=issu... ghcr.io/github/github-mcp-server:v1.0.4]
2026/09/28 13:38:30 [LAUNCHER] Starting server with 30s timeout
launcher:launcher Starting server with timeout: serverID=github, sessionID=gUzHgIR4XIg9fTU5L58cfhq5EVGKh7agQezXfd38OSpm515oZDB6sH8jl, timeout=30s +378µs
launcher:launcher Starting connection goroutine: serverID=github +382µs
envutil:expand Expanding env args: input_count=18 +25.2s
envutil:expand Env args expansion complete: output_count=18 +331µs
mcp:connection Expanded args for Docker env: [run --rm -i -e NO_COLOR=... -e TERM=... -e PYTHONUNBUFFERED=... -e GITHUB_HOST=http... -e GITHUB_PERSONAL_ACCESS_TOKEN=ghs_... -e GITHUB_READ_ONLY=... -e GITHUB_TOOLSETS=issu... ghcr.io/github/github-mcp-server:v1.0.4] +25.1s
mcp:connection Initiating MCP server connection and handshake +772µs
launcher:launcher Connection established: serverID=github for session 'gUzHgIR4XIg9fTU5L58cfhq5EVGKh7agQezXfd38OSpm515oZDB6sH8jl' +126ms
launcher:pool Added new connection to pool: backend=github, session=gUzHgIR4XIg9fTU5L58cfhq5EVGKh7agQezXfd38OSpm515oZDB6sH8jl +129ms
mcp:connection Dispatching SDK method: tools/call, serverID=github +127ms
mcp:connection callTool: parsed name=search_repositories, argumentCount=2 +407µs
guard:wasm Backend call failed: calling "tools/call": unknown tool "search_repositories" +136ms
guard:wasm [guard:github] ERROR: <<< call_backend FAILED with code -1 +374µs
guard:wasm [guard:github] WARN: Backend call search_repositories failed with code -1 +672µs
guard:wasm [guard:github] DEBUG: Checking repo visibility for apache/cloudstack +640µs
guard:wasm [guard:github] INFO: >>> call_backend: tool=search_repositories +366µs
guard:wasm [guard:github] DEBUG:     args={"perPage":10,"query":"repo:apache/cloudstack"} +336µs
guard:wasm WASM guard calling backend: tool=search_repositories +301µs
server:unified [DIFC] Guard calling backend github tool search_repositories for metadata +138ms
server:unified executeBackendToolCall: serverID=github, toolName=search_repositories +358µs
launcher:launcher Checking session pool: serverID=github, sessionID=gUzHgIR4XIg9fTU5L58cfhq5EVGKh7agQezXfd38OSpm515oZDB6sH8jl +9ms
launcher:pool Reusing connection: backend=github, session=gUzHgIR4XIg9fTU5L58cfhq5EVGKh7agQezXfd38OSpm515oZDB6sH8jl, requests=0 +25ms
mcp:connection Dispatching SDK method: tools/call, serverID=github +25ms
mcp:connection callTool: parsed name=search_repositories, argumentCount=2 +343µs
guard:wasm Backend call failed: calling "tools/call": unknown tool "search_repositories" +22ms
guard:wasm [guard:github] ERROR: <<< call_backend FAILED with code -1 +331µs
guard:wasm [guard:github] WARN: Backend call search_repositories failed with code -1 +624µs
guard:wasm [guard:github] INFO:     desc=search_issues:apache/cloudstack +717µs
guard:wasm [guard:github] INFO:     secrecy=[] (public) +339µs
guard:wasm [guard:github] INFO:     integrity=["none:all"] +303µs
guard:wasm [guard:github] INFO:     operation=read +284µs
guard:wasm [guard:github] INFO: <<< label_resource returning 119 bytes +366µs
guard:wasm [guard:github] DEBUG: >>> dealloc(ptr=1107952, size=4194304) +334µs
guard:wasm [guard:github] DEBUG: <<< dealloc complete +292µs
guard:wasm [guard:github] DEBUG: >>> dealloc(ptr=1107776, size=164) +408µs
guard:wasm [guard:github] DEBUG: <<< dealloc complete +327µs
difc:labels Creating label with 0 initial tags: [] +209ms
guard:wasm label_resource input JSON (95 bytes): {"capabilities":{},"tool_args":{"owner":"apache","repo":"cloudstack"},"tool_name":"list_label"} +393µs
difc:labels Creating label with 1 initial tags: [none:all] +409µs
guard:wasm Parsed resource response: description="search_issues:apache/cloudstack", operation=read +715µs
server:unified [DIFC] Resource: search_issues:apache/cloudstack | Operation: read | Secrecy: [] | Integrity: [none:all] +27ms
difc:pipeline_decisions ShouldBypassCoarseDeny: operation=read, bypass=true +25.6s
guard:wasm tryCallWasmFunction: guard=github, func=<unknown>, inputSize=95, outputSize=4194304 +1ms
guard:wasm Using guard allocator path: guard=github +333µs
difc:evaluator Evaluating access: operation=read, resource=search_issues:apache/cloudstack +25.6s
difc:evaluator Evaluating read access (mode=filter): resource=search_issues:apache/cloudstack, agentSecrecy=[], agentIntegrity=[none:all] +430µs
difc:evaluator Read access allowed: resource=search_issues:apache/cloudstack +369µs
server:unified [DIFC] Access ALLOWED for agent gUzHgIR4XIg9fTU5L58cfhq5EVGKh7agQezXfd38OSpm515oZDB6sH8jl to search_issues:apache/cloudstack +2ms
guard:wasm [guard:github] DEBUG: >>> alloc(95) +1ms
server:unified executeBackendToolCall: serverID=github, toolName=search_issues +810µs
guard:wasm [guard:github] DEBUG: <<< alloc returning ptr=1107776 +1ms
launcher:launcher Checking session pool: serverID=github, sessionID=gUzHgIR4XIg9fTU5L58cfhq5EVGKh7agQezXfd38OSpm515oZDB6sH8jl +31ms
launcher:pool Reusing connection: backend=github, session=gUzHgIR4XIg9fTU5L58cfhq5EVGKh7agQezXfd38OSpm515oZDB6sH8jl, requests=1 +15ms
guard:wasm wasmAlloc: guard=github, size=95, ptr=1107776 +1ms
guard:wasm [guard:github] DEBUG: >>> alloc(4194304) +754µs
guard:wasm [guard:github] DEBUG: <<< alloc returning ptr=1107888 +383µs
guard:wasm wasmAlloc: guard=github, size=4194304, ptr=1107888 +327µs
guard:wasm [guard:github] INFO: >>> label_resource called +772µs
mcp:connection Dispatching SDK method: tools/call, serverID=github +15ms
guard:wasm [guard:github] INFO:     input_len=95, output_size=4194304 +362µs
mcp:connection callTool: parsed name=search_issues, argumentCount=4 +358µs
guard:wasm [guard:github] INFO:     tool_name=list_label +1ms
guard:wasm [guard:github] DEBUG: Checking repo visibility for apache/cloudstack +398µs
guard:wasm [guard:github] INFO: >>> call_backend: tool=search_repositories +650µs
guard:wasm [guard:github] DEBUG:     args={"perPage":10,"query":"repo:apache/cloudstack"} +497µs
guard:wasm WASM guard calling backend: tool=search_repositories +379µs
server:unified [DIFC] Guard calling backend github tool search_repositories for metadata +8ms
server:unified executeBackendToolCall: serverID=github, toolName=search_repositories +331µs
launcher:launcher Checking session pool: serverID=github, sessionID=gUzHgIR4XIg9fTU5L58cfhq5EVGKh7agQezXfd38OSpm515oZDB6sH8jl +8ms
launcher:pool Reusing connection: backend=github, session=gUzHgIR4XIg9fTU5L58cfhq5EVGKh7agQezXfd38OSpm515oZDB6sH8jl, requests=2 +8ms
mcp:connection Dispatching SDK method: tools/call, serverID=github +7ms
mcp:connection callTool: parsed name=search_repositories, argumentCount=2 +397µs
guard:wasm Backend call failed: calling "tools/call": unknown tool "search_repositories" +6ms
guard:wasm [guard:github] ERROR: <<< call_backend FAILED with code -1 +331µs
guard:wasm [guard:github] WARN: Backend call search_repositories failed with code -1 +684µs
guard:wasm [guard:github] DEBUG: Checking repo visibility for apache/cloudstack +644µs
guard:wasm [guard:github] INFO: >>> call_backend: tool=search_repositories +415µs
guard:wasm [guard:github] DEBUG:     args={"perPage":10,"query":"repo:apache/cloudstack"} +336µs
guard:wasm WASM guard calling backend: tool=search_repositories +351µs
server:unified [DIFC] Guard calling backend github tool search_repositories for metadata +8ms
server:unified executeBackendToolCall: serverID=github, toolName=search_repositories +316µs
launcher:launcher Checking session pool: serverID=github, sessionID=gUzHgIR4XIg9fTU5L58cfhq5EVGKh7agQezXfd38OSpm515oZDB6sH8jl +9ms
launcher:pool Reusing connection: backend=github, session=gUzHgIR4XIg9fTU5L58cfhq5EVGKh7agQezXfd38OSpm515oZDB6sH8jl, requests=3 +9ms
mcp:connection Dispatching SDK method: tools/call, serverID=github +8ms
mcp:connection callTool: parsed name=search_repositories, argumentCount=2 +363µs
guard:wasm Backend call failed: calling "tools/call": unknown tool "search_repositories" +7ms
guard:wasm [guard:github] ERROR: <<< call_backend FAILED with code -1 +398µs
guard:wasm [guard:github] WARN: Backend call search_repositories failed with code -1 +727µs
guard:wasm [guard:github] INFO:     desc=resource:list_label +636µs
guard:wasm [guard:github] INFO:     secrecy=[] (public) +309µs
guard:wasm [guard:github] INFO:     integrity=["none:all", "unapproved:all", "approved:all"] +370µs
guard:wasm [guard:github] INFO:     operation=read +340µs
guard:wasm [guard:github] INFO: <<< label_resource returning 139 bytes +361µs
guard:wasm [guard:github] DEBUG: >>> dealloc(ptr=1107888, size=4194304) +366µs
guard:wasm [guard:github] DEBUG: <<< dealloc complete +349µs
guard:wasm [guard:github] DEBUG: >>> dealloc(ptr=1107776, size=95) +371µs
guard:wasm [guard:github] DEBUG: <<< dealloc complete +315µs
difc:labels Creating label with 0 initial tags: [] +33ms
difc:labels Creating label with 3 initial tags: [none:all unapproved:all approved:all] +330µs
guard:wasm Parsed resource response: description="resource:list_label", operation=read +1ms
server:unified [DIFC] Resource: resource:list_label | Operation: read | Secrecy: [] | Integrity: [none:all unapproved:all approved:all] +12ms
difc:pipeline_decisions ShouldBypassCoarseDeny: operation=read, bypass=true +33ms
difc:evaluator Evaluating access: operation=read, resource=resource:list_label +31ms
difc:evaluator Evaluating read access (mode=filter): resource=resource:list_label, agentSecrecy=[], agentIntegrity=[none:all] +302µs
difc:evaluator Read access allowed: resource=resource:list_label +285µs
server:unified [DIFC] Access ALLOWED for agent gUzHgIR4XIg9fTU5L58cfhq5EVGKh7agQezXfd38OSpm515oZDB6sH8jl to resource:list_label +1ms
server:unified executeBackendToolCall: serverID=github, toolName=list_label +343µs
launcher:launcher Checking session pool: serverID=github, sessionID=gUzHgIR4XIg9fTU5L58cfhq5EVGKh7agQezXfd38OSpm515oZDB6sH8jl +14ms
launcher:pool Reusing connection: backend=github, session=gUzHgIR4XIg9fTU5L58cfhq5EVGKh7agQezXfd38OSpm515oZDB6sH8jl, requests=4 +14ms
mcp:connection Dispatching SDK method: tools/call, serverID=github +13ms
mcp:connection callTool: parsed name=list_label, argumentCount=2 +426µs
difc:pipeline_decisions ShouldCallLabelResponse: operation=read, mode=filter, result=true +309ms
guard:wasm LabelResponse called: toolName=search_issues +310ms
guard:context Retrieved request state from context +516ms
guard:wasm label_response input JSON (266 bytes): {"capabilities":{},"tool_args":{"order":"asc","perPage":30,"query":"repo:apache/cloudstack is:issue is:open no:label","sort":"created"},"tool_name":"search_issues","tool_result":{"content":[{"text":"{\"total_count\":0,\"incomplete_results\":false}","type":"text"}]}} +740µs
guard:wasm tryCallWasmFunction: guard=github, func=<unknown>, inputSize=266, outputSize=4194304 +417µs
guard:wasm Using guard allocator path: guard=github +357µs
guard:wasm [guard:github] DEBUG: >>> alloc(266) +412µs
guard:wasm [guard:github] DEBUG: <<< alloc returning ptr=1107776 +335µs
guard:wasm wasmAlloc: guard=github, size=266, ptr=1107776 +332µs
guard:wasm [guard:github] DEBUG: >>> alloc(4194304) +351µs
guard:wasm [guard:github] DEBUG: <<< alloc returning ptr=1108048 +365µs
guard:wasm wasmAlloc: guard=github, size=4194304, ptr=1108048 +397µs
guard:wasm [guard:github] INFO: >>> label_response called +356µs
guard:wasm [guard:github] INFO:     input_len=266, output_size=4194304 +336µs
guard:wasm [guard:github] INFO:     input_preview={"capabilities":{},"tool_args":{"order":"asc","perPage":30,"query":"repo:apache/cloudstack is:issue is:open no:label","sort":"created"},"tool_name":"search_issues","tool_result":{"content":[{"text":"{\"total_count\":0,\"incomplete_results\":false}","type":"text"}]}} +378µs
guard:wasm [guard:github] INFO:     tool_name=search_issues +443µs
guard:wasm [guard:github] DEBUG: extract_mcp_response: top-level keys=["content"] +345µs
guard:wasm [guard:github] DEBUG: extract_mcp_response: found content array with 1 items +321µs
guard:wasm [guard:github] DEBUG: extract_mcp_response: found text field, len=44 +328µs
guard:wasm [guard:github] DEBUG: extract_mcp_response: parsed content[0].text as JSON +319µs
guard:wasm [guard:github] INFO:     using legacy item-based labeling +350µs
guard:wasm [guard:github] DEBUG: extract_mcp_response: top-level keys=["content"] +322µs
guard:wasm [guard:github] DEBUG: extract_mcp_response: found content array with 1 items +309µs
guard:wasm [guard:github] DEBUG: extract_mcp_response: found text field, len=44 +364µs
guard:wasm [guard:github] DEBUG: extract_mcp_response: parsed content[0].text as JSON +339µs
guard:wasm [guard:github] DEBUG: Checking repo visibility for apache/cloudstack +379µs
guard:wasm [guard:github] INFO: >>> call_backend: tool=search_repositories +382µs
guard:wasm [guard:github] DEBUG:     args={"perPage":10,"query":"repo:apache/cloudstack"} +377µs
guard:wasm WASM guard calling backend: tool=search_repositories +319µs
server:unified [DIFC] Guard calling backend github tool search_repositories for metadata +318ms
server:unified executeBackendToolCall: serverID=github, toolName=search_repositories +317µs
launcher:launcher Checking session pool: serverID=github, sessionID=gUzHgIR4XIg9fTU5L58cfhq5EVGKh7agQezXfd38OSpm515oZDB6sH8jl +318ms
launcher:pool Reusing connection: backend=github, session=gUzHgIR4XIg9fTU5L58cfhq5EVGKh7agQezXfd38OSpm515oZDB6sH8jl, requests=5 +318ms
mcp:connection Dispatching SDK method: tools/call, serverID=github +319ms
mcp:connection callTool: parsed name=search_repositories, argumentCount=2 +466µs
guard:wasm Backend call failed: calling "tools/call": unknown tool "search_repositories" +8ms
guard:wasm [guard:github] ERROR: <<< call_backend FAILED with code -1 +423µs
guard:wasm [guard:github] WARN: Backend call search_repositories failed with code -1 +788µs
guard:wasm [guard:github] DEBUG: extract_mcp_response: top-level keys=["content"] +781µs
guard:wasm [guard:github] DEBUG: extract_mcp_response: found content array with 1 items +355µs
guard:wasm [guard:github] DEBUG: extract_mcp_response: found text field, len=44 +384µs
guard:wasm [guard:github] DEBUG: extract_mcp_response: parsed content[0].text as JSON +348µs
guard:wasm [guard:github] INFO:     server metadata (text message or empty search), integrity=["none:all", "unapproved:all", "approved:all"] +475µs
guard:wasm [guard:github] INFO:     generated 1 labeled items +432µs
guard:wasm [guard:github] INFO:     output_preview={"items":[{"data":{"content":[{"text":"{\"total_count\":0,\"incomplete_results\":false}","type":"text"}]},"labels":{"description":"metadata:search_issues","secrecy":[],"integrity":["none:all","unapproved:all","approved:all"]}}]} +428µs
guard:wasm [guard:github] INFO: <<< label_response returning 228 bytes +425µs
guard:wasm [guard:github] DEBUG: >>> dealloc(ptr=1108048, size=4194304) +2ms
guard:wasm [guard:github] DEBUG: <<< dealloc complete +652µs
guard:wasm [guard:github] DEBUG: >>> dealloc(ptr=1107776, size=266) +511µs
guard:wasm [guard:github] DEBUG: <<< dealloc complete +1ms
guard:wasm parseCollectionLabeledData: itemCount=1 +524µs
difc:labels Creating label with 0 initial tags: [] +339ms
difc:labels Creating label with 3 initial tags: [none:all unapproved:all approved:all] +362µs
guard:wasm parseCollectionLabeledData: parsed 1 labeled items from 1 input items +1ms
difc:evaluator Filtering collection: operation=read, totalItems=1 +338ms
difc:evaluator Evaluating access: operation=read, resource=metadata:search_issues +388µs
difc:evaluator Evaluating read access (mode=filter): resource=metadata:search_issues, agentSecrecy=[], agentIntegrity=[none:all] +521µs
difc:evaluator Read access allowed: resource=metadata:search_issues +484µs
difc:evaluator Collection filtered: accessible=1, filtered=0, total=1 +494µs
server:unified [DIFC] Filtered collection: 1/1 items accessible +21ms
difc:pipeline_decisions ShouldBlockFilteredResponse: mode=filter, filteredCount=0, block=false +33ms
difc:resource FilteredCollectionLabeledData.ToResult: returning 1 accessible items (filter_reason=DIFC policy) +26.0s
difc:pipeline_decisions ShouldAccumulateReadLabels: operation=read, mode=filter, accumulate=false +834µs
mcp:tool_result Converting backend result to CallToolResult +625ms
mcp:tool_result Backend returned array, wrapping as text +471µs
server:response_writer Writing response body: 203 bytes +631ms
server:response_writer Retrieving captured body: 203 bytes +525µs
server:response_writer Retrieving captured status code: 200 +720µs
server:sdk-frontend <<< SDK Response [routed:github] status=200 duration=639.638208ms (non-JSON or stream) +633ms
difc:pipeline_decisions ShouldCallLabelResponse: operation=read, mode=filter, result=true +5ms
server:sdk-frontend     Raw response: event: message
data: {"jsonrpc":"2.0","id":3,"result":{"content":[{"type":"text","text":"[{\"content\":[{\"text\":\"{\\\"total_count\\\":0,\\\"incomplete_results\\\":false}\",\"type\":\"text\"}]}]"}]}}

 +422µs
guard:wasm LabelResponse called: toolName=list_label +10ms
guard:context Retrieved request state from context +40ms
guard:wasm label_response input JSON (11482 bytes): {"capabilities":{},"tool_args":{"owner":"apache","repo":"cloudstack"},"tool_name":"list_label","tool_result":{"content":[{"text":"{\"labels\":[{\"color\":\"000000\",\"description\":\"\",\"id\":\"MDU6TGFiZWwzNzg0MzM2NQ==\",\"name\":\"status:duplicate\"},{\"color\":\"e6e6e6\",\"description\":\"\",\"id\":\"MDU6TGFiZWwzNzg0MzM2Nw==\",\"name\":\"status:invalid\"},{\"color\":\"ffffff\",\"description\":\"\",\"id\":\"MDU6TGFiZWwzNzg0MzM2OQ==\",\"name\":\"status:wontfix\"},{\"color\":\"fc2929\",\"description\":\"\",\"id\":\"MDU6TGFiZWwzNzg0MzM2NA==\",\"name\":\"type:bug\"},{\"color\":\"84b6eb\",\"description\":\"\",\"id\":\"MDU6TGFiZWwzNzg0MzM2Ng==\",\"name\":\"type:enhancement\"},{\"color\":\"cc317c\",\"description\":\"\",\"id\":\"MDU6TGFiZWwzNzg0MzM2OA==\",\"name\":\"type:question\"},{\"color\":\"006b75\",\"description\":\"\",\"id\":\"MDU6TGFiZWw1ODQwNzI5NzE=\",\"name\":\"component:kvm\"},{\"color\":\"bfdadc\",\"description\":\"\",\"id\":\"MDU6TGFiZWw1ODQwNzMwMjg=\",\"name\":\"component:ceph\"},{\"color\":\"0e8a16\",\"description\":\"\",\"id\":\"MDU6TGFiZWw1ODQwNzMxMzQ=\",\"name\":\"component:management-server\"},{\"color\":\"006b75\",\"description\":\"\",\"id\":\"MDU6TGFiZWw1ODQwNzMxODQ=\",\"name\":\"component:XenServer\"},{\"color\":\"fef2c0\",\"description\":\"\",\"id\":\"MDU6TGFiZWw1ODQwNzMyMDc=\",\"name\":\"component:vmware\"},{\"color\":\"5319e7\",\"description\":\"\",\"id\":\"MDU6TGFiZWw1ODQwNzMyNzg=\",\"name\":\"component:primary-storage\"},{\"color\":\"f9d0c4\",\"description\":\"\",\"id\":\"MDU6TGFiZWw1ODQwNzMzMDc=\",\"name\":\"component:secondary-storage\"},{\"color\":\"c2e0c6\",\"description\":\"\",\"id\":\"MDU6TGFiZWw1ODQwNzMzMzY=\",\"name\":\"component:ipv6\"},{\"color\":\"fef2c0\",\"description\":\"\",\"id\":\"MDU6TGFiZWw1ODQwNzMzNTE=\",\"name\":\"component:vpc\"},{\"color\":\"ffaaeb\",\"description\":\"\",\"id\":\"MDU6TGFiZWw1ODQwNzMzOTE=\",\"name\":\"component:virtual-router\"},{\"color\":\"15E8EE\",\"description\":\"\",\"id\":\"MDU6TGFiZWw1ODQwNzM0Mjc=\",\"name\":\"component:console-proxy\"},{\"color\":\"c5def5\",\"description\":\"\",\"id\":\"MDU6TGFiZWw1ODQwNzM0NDk=\",\"name\":\"component:ssvm\"},{\"color\":\"0e8a16\",\"description\":\"\",\"id\":\"MDU6TGFiZWw1ODQwNzM3ODg=\",\"name\":\"component:iscsi\"},{\"color\":\"1DB401\",\"description\":\"\",\"id\":\"MDU6TGFiZWw1ODQwNzM4NTM=\",\"name\":\"component:api\"},{\"color\":\"5319e7\",\"description\":\"\",\"id\":\"MDU6TGFiZWw1ODQwNzM4ODI=\",\"name\":\"type:config\"},{\"color\":\"bfdadc\",\"description\":\"\",\"id\":\"MDU6TGFiZWw1ODQwNzQzMTI=\",\"name\":\"component:libvirt\"},{\"color\":\"fef2c0\",\"description\":\"\",\"id\":\"MDU6TGFiZWw1ODQwNzQ2MjI=\",\"name\":\"component:mysql\"},{\"color\":\"1d76db\",\"description\":\"\",\"id\":\"MDU6TGFiZWw1ODQwNzQ2NTg=\",\"name\":\"component:security-group\"},{\"color\":\"bfdadc\",\"description\":\"\",\"id\":\"MDU6TGFiZWw1ODQwNzQ2ODA=\",\"name\":\"type:security\"},{\"color\":\"c5def5\",\"description\":\"\",\"id\":\"MDU6TGFiZWw1ODQwNzUwMTE=\",\"name\":\"component:plugin\"},{\"color\":\"c2e0c6\",\"description\":\"\",\"id\":\"MDU6TGFiZWw1ODQwNzY0MzU=\",\"name\":\"component:packaging\"},{\"color\":\"f9d0c4\",\"description\":\"\",\"id\":\"MDU6TGFiZWw1ODQwNzY0NzE=\",\"name\":\"component:systemd\"},{\"color\":\"006b75\",\"description\":\"\",\"id\":\"MDU6TGFiZWw1ODkxMzUyNzU=\",\"name\":\"component:usage-server\"},{\"color\":\"bfd4f2\",\"description\":\"\",\"id\":\"MDU6TGFiZWw1ODkxNjIwODk=\",\"name\":\"status:work-in-progress\"},{\"color\":\"b60205\",\"description\":\"\",\"id\":\"MDU6TGFiZWw1OTIyODAyODg=\",\"name\":\"status:testing\"},{\"color\":\"ff0000\",\"description\":\"\",\"id\":\"MDU6TGFiZWw1OTIyODA4ODU=\",\"name\":\"status:blocked\"},{\"color\":\"006b75\",\"description\":\"\",\"id\":\"MDU6TGFiZWw1OTIzMTUyMjM=\",\"name\":\"status:needs-CI\"},{\"color\":\"d4c5f9\",\"description\":\"\",\"id\":\"MDU6TGFiZWw1OTIzMTU0ODM=\",\"name\":\"status:waiting-for-author\"},{\"color\":\"bfdadc\",\"description\":\"\",\"id\":\"MDU6TGFiZWw1OTIzMTYwNDQ=\",\"name\":\"status:CI-running\"},{\"color\":\"0052cc\",\"description\":\"\",\"id\":\"MDU6TGFiZWw1OTIzODkwNDg=\",\"name\":\"status:ready-for-merge\"},{\"color\":\"f9d0c4\",\"description\":\"\",\"id\":\"MDU6TGFiZWw1OTI1NTkyMTk=\",\"name\":\"component:networking\"},{\"color\":\"b60205\",\"description\":\"\",\"id\":\"MDU6TGFiZWw1OTI5NTMyMjY=\",\"name\":\"Severity:BLOCKER\"},{\"color\":\"DA70D6\",\"description\":\"\",\"id\":\"MDU6TGFiZWw1OTMwODQwMjM=\",\"name\":\"status:waiting-for-reviewer\"},{\"color\":\"fbca04\",\"description\":\"\",\"id\":\"MDU6TGFiZWw2MDIyODEzMjI=\",\"name\":\"status:depreciated\"},{\"color\":\"ff3030\",\"description\":\"\",\"id\":\"MDU6TGFiZWw2MDIyODMzNzY=\",\"name\":\"status:needs-work\"},{\"color\":\"0e8a16\",\"description\":\"\",\"id\":\"MDU6TGFiZWw2MDMwNTMwMTA=\",\"name\":\"status:reviews-complete\"},{\"color\":\"c5def5\",\"description\":\"\",\"id\":\"MDU6TGFiZWw2MDUyMDkxMzk=\",\"name\":\"component:systemvm-template\"},{\"color\":\"d9d90b\",\"description\":\"\",\"id\":\"MDU6TGFiZWw2NTY3NzgwMzE=\",\"name\":\"status:closable\"},{\"color\":\"ea62a8\",\"description\":\"\",\"id\":\"MDU6TGFiZWw3MzkzNzQ3Njc=\",\"name\":\"component:UI\"},{\"color\":\"98f29b\",\"description\":\"\",\"id\":\"MDU6TGFiZWw3Nzk5MDQ2NDc=\",\"name\":\"type:healthcheckrun\"},{\"color\":\"2ea9c1\",\"description\":\"\",\"id\":\"MDU6TGFiZWw3OTU5MzYxMzE=\",\"name\":\"component:basic-network\"},{\"color\":\"720bc1\",\"description\":\"\",\"id\":\"MDU6TGFiZWw4MTQyNzc5NzQ=\",\"name\":\"component:upgrade\"},{\"color\":\"a5f9ff\",\"description\":\"\",\"id\":\"MDU6TGFiZWw4MTc0MjA0Mjg=\",\"name\":\"type:improvement\"},{\"color\":\"0e8a16\",\"description\":\"\",\"id\":\"MDU6TGFiZWw4MjE3MTYxMTM=\",\"name\":\"type:cleanup\"},{\"color\":\"a1b1e2\",\"description\":\"\",\"id\":\"MDU6TGFiZWw4NjgxNzM4NTI=\",\"name\":\"type:admin/housekeeping\"},{\"color\":\"ffc0cb\",\"description\":\"\",\"id\":\"MDU6TGFiZWw4OTEyOTI5MDI=\",\"name\":\"status:Help-wanted\"},{\"color\":\"edef73\",\"description\":\"\",\"id\":\"MDU6TGFiZWw4OTM3ODg5MTI=\",\"name\":\"component:saml\"},{\"color\":\"a9b50e\",\"description\":\"Warning... Python code Ahead!\",\"id\":\"MDU6TGFiZWw5MDQwNTE3ODE=\",\"name\":\"Python\"},{\"color\":\"2CFACC\",\"description\":\"\",\"id\":\"MDU6TGFiZWw5MTYwODUwNzU=\",\"name\":\"component:database\"},{\"color\":\"900606\",\"description\":\"Critical bug\",\"id\":\"MDU6TGFiZWw5MjgwODQ0OTI=\",\"name\":\"Severity:Critical\"},{\"color\":\"D93F0B\",\"description\":\"\",\"id\":\"MDU6TGFiZWw5NTY1MjY0OTg=\",\"name\":\"status:has-conflicts\"},{\"color\":\"15728e\",\"description\":\"\",\"id\":\"MDU6TGFiZWw5NTc3NjkzMzg=\",\"name\":\"status:waiting-for-smoketest-results\"},{\"color\":\"9dd0dd\",\"description\":\"\",\"id\":\"MDU6TGFiZWw5ODQ1MjM2MzA=\",\"name\":\"component:local-storage\"},{\"color\":\"9bd1dd\",\"description\":\"\",\"id\":\"MDU6TGFiZWwxMDExOTcwOTI1\",\"name\":\"component:managed-storage\"},{\"color\":\"a1ea91\",\"description\":\"\",\"id\":\"MDU6TGFiZWwxMDI3MzQzNzgz\",\"name\":\"status:Has a PR\"},{\"color\":\"991821\",\"description\":\"\",\"id\":\"MDU6TGFiZWwxMDI5NzMzOTcw\",\"name\":\"status:cant replicate\"},{\"color\":\"47cc59\",\"description\":\"\",\"id\":\"MDU6TGFiZWwxMDU5OTQyMDg2\",\"name\":\"component:openvswitch\"},{\"color\":\"5fefdc\",\"description\":\"\",\"id\":\"MDU6TGFiZWwxMDc2ODg3MDgw\",\"name\":\"component:dhcp\"},{\"color\":\"eaa498\",\"description\":\"\",\"id\":\"MDU6TGFiZWwxMDgyMzc0MTcx\",\"name\":\"component:logging\"},{\"color\":\"6cddb4\",\"description\":\"\",\"id\":\"MDU6TGFiZWwxMDg4ODcyMzY0\",\"name\":\"status:Not a problem\"},{\"color\":\"80e5e2\",\"description\":\"\",\"id\":\"MDU6TGFiZWwxMDkyODY5OTQz\",\"name\":\"component:agent\"},{\"color\":\"5bf7ae\",\"description\":\"\",\"id\":\"MDU6TGFiZWwxMTE4MzcyNzU0\",\"name\":\"status:marvin-tests-passing\"},{\"color\":\"5319e7\",\"description\":\"\",\"id\":\"MDU6TGFiZWwxMTE4MzczODI2\",\"name\":\"status:marvin-tests-failing\"},{\"color\":\"221596\",\"description\":\"\",\"id\":\"MDU6TGFiZWwxMTE4Mzc0MjA3\",\"name\":\"status:marvin-test-not-run\"},{\"color\":\"68eda1\",\"description\":\"\",\"id\":\"MDU6TGFiZWwxMTE4Mzc0NTE4\",\"name\":\"status:manual-tests-passing\"},{\"color\":\"d347ef\",\"description\":\"\",\"id\":\"MDU6TGFiZWwxMTE4Mzc0ODM1\",\"name\":\"status:manual-tests-failing\"},{\"color\":\"0d55e5\",\"description\":\"\",\"id\":\"MDU6TGFiZWwxMTE4Mzc1MDM1\",\"name\":\"status:manual-tests-not-run\"},{\"color\":\"c1d134\",\"description\":\"\",\"id\":\"MDU6TGFiZWwxMTI1OTEyOTU4\",\"name\":\"status:proof-of-concept\"},{\"color\":\"99fcc4\",\"description\":\"VXLAN\",\"id\":\"MDU6TGFiZWwxMTM0NzA1MjI5\",\"name\":\"component:vxlan\"},{\"color\":\"afffb2\",\"description\":\"\",\"id\":\"MDU6TGFiZWwxMTM2NjgxNzc0\",\"name\":\"component:advanced-networking\"},{\"color\":\"880205\",\"description\":\"\",\"id\":\"MDU6TGFiZWwxMTQ5OTY1OTk2\",\"name\":\"status:not-a-bug\"},{\"color\":\"4471c4\",\"description\":\"\",\"id\":\"MDU6TGFiZWwxMTUwNjc1NTQ5\",\"name\":\"type:new-feature\"},{\"color\":\"3B90D6\",\"description\":\"\",\"id\":\"MDU6TGFiZWwxMTUyOTU3NTcx\",\"name\":\"component:compute\"},{\"color\":\"ef97b6\",\"description\":\"\",\"id\":\"MDU6TGFiZWwxMTUyOTY5OTY2\",\"name\":\"component:templates\"},{\"color\":\"6e1ec9\",\"description\":\"\",\"id\":\"MDU6TGFiZWwxMTUyOTc4MDEz\",\"name\":\"component:build\"},{\"color\":\"f4b2be\",\"description\":\"\",\"id\":\"MDU6TGFiZWwxMTUzMDAzMDY1\",\"name\":\"component:projects\"},{\"color\":\"105787\",\"description\":\"\",\"id\":\"MDU6TGFiZWwxMTUzNjYwNDIy\",\"name\":\"component:unit-test\"},{\"color\":\"4e62fc\",\"description\":\"\",\"id\":\"MDU6TGFiZWwxMTU1MDE2OTEw\",\"name\":\"status:needs-reproducing\"},{\"color\":\"dbd348\",\"description\":\"\",\"id\":\"MDU6TGFiZWwxMTY3MDU0Mjk0\",\"name\":\"component:marvin\"},{\"color\":\"ccdcff\",\"description\":\"\",\"id\":\"MDU6TGFiZWwxMjUwMDUxMzYy\",\"name\":\"python3\"},{\"color\":\"66a3dd\",\"description\":\"\",\"id\":\"MDU6TGFiZWwxMjk5MDE5MTY5\",\"name\":\"component:dpdk\"},{\"color\":\"7ff4ee\",\"description\":\"\",\"id\":\"MDU6TGFiZWwxMzMzNDEwMTEz\",\"name\":\"type:regression\"},{\"color\":\"6020bf\",\"description\":\"\",\"id\":\"MDU6TGFiZWwxMzMzNDEwODYy\",\"name\":\"component:migration\"},{\"color\":\"e08888\",\"description\":\"\",\"id\":\"MDU6TGFiZWwxMzkxOTY3OTc5\",\"name\":\"Severity:Trivial\"},{\"color\":\"906666\",\"description\":\"\",\"id\":\"MDU6TGFiZWwxMzkxOTY4NjEw\",\"name\":\"Severity:Minor\"},{\"color\":\"b2ef67\",\"description\":\"\",\"id\":\"MDU6TGFiZWwxMzkxOTc4ODg1\",\"name\":\"component:LDAP\"},{\"color\":\"e4ccff\",\"description\":\"\",\"id\":\"MDU6TGFiZWwxNjQ1MDYyODY2\",\"name\":\"component:simulator\"},{\"color\":\"0db7ed\",\"description\":\"\",\"id\":\"MDU6TGFiZWwxNjQ1MDY0NDk1\",\"name\":\"docker\"},{\"color\":\"0366d6\",\"description\":\"Pull requests that update a dependency file\",\"id\":\"MDU6TGFiZWwxNjUxNjQ4MTI4\",\"name\":\"dependencies\"},{\"color\":\"903636\",\"description\":\"\",\"id\":\"MDU6TGFiZWwxNjYzOTY5NTIx\",\"name\":\"Severity:Major\"},{\"color\":\"0db7ed\",\"description\":\"\",\"id\":\"MDU6TGFiZWwxNzAwMTE5OTEy\",\"name\":\"component:kubernetes\"},{\"color\":\"3085D3\",\"description\":\"\",\"id\":\"MDU6TGFiZWwxNzgyOTYyNDM2\",\"name\":\"component:csvm\"},{\"color\":\"9e1737\",\"description\":\"\",\"id\":\"MDU6TGFiZWwxODcwMTY5NjEx\",\"name\":\"component:JDK\"},{\"color\":\"52a8ea\",\"description\":\"\",\"id\":\"MDU6TGFiZWwxOTAwMzM3MzM1\",\"name\":\"type:technical-debt\"}],\"totalCount\":231}","type":"text"}]}} +1ms
guard:wasm tryCallWasmFunction: guard=github, func=<unknown>, inputSize=11482, outputSize=4194304 +669µs
guard:wasm Using guard allocator path: guard=github +466µs
guard:wasm [guard:github] DEBUG: >>> alloc(11482) +416µs
guard:wasm [guard:github] DEBUG: <<< alloc returning ptr=1107776 +418µs
guard:wasm wasmAlloc: guard=github, size=11482, ptr=1107776 +331µs
guard:wasm [guard:github] DEBUG: >>> alloc(4194304) +396µs
guard:wasm [guard:github] DEBUG: <<< alloc returning ptr=5302576 +3ms
guard:wasm wasmAlloc: guard=github, size=4194304, ptr=5302576 +544µs
guard:wasm [guard:github] INFO: >>> label_response called +686µs
guard:wasm [guard:github] INFO:     input_len=11482, output_size=4194304 +515µs
guard:wasm [guard:github] INFO:     input_preview={"capabilities":{},"tool_args":{"owner":"apache","repo":"cloudstack"},"tool_name":"list_label","tool_result":{"content":[{"text":"{\"labels\":[{\"color\":\"000000\",\"description\":\"\",\"id\":\"MDU6TGFiZWwzNzg0MzM2NQ==\",\"name\":\"status:duplicate\"},{\"color\":\"e6e6e6\",\"description\":\"\",\"id\":\"MDU6TGFiZWwzNzg0MzM2Nw==\",\"name\":\"status:invalid\"},{\"color\":\"ffffff\",\"description\":\"\",\"id\":\"MDU6TGFiZWwzNzg0MzM2OQ==\",\"name\":\"status:wontfix\"},{\"color\":\"fc2929\",\"descrip +684µs
guard:wasm [guard:github] INFO:     tool_name=list_label +740µs
guard:wasm [guard:github] DEBUG: extract_mcp_response: top-level keys=["content"] +445µs
guard:wasm [guard:github] DEBUG: extract_mcp_response: found content array with 1 items +389µs
guard:wasm [guard:github] DEBUG: extract_mcp_response: found text field, len=9729 +446µs
guard:wasm [guard:github] DEBUG: extract_mcp_response: parsed content[0].text as JSON +684µs
guard:wasm [guard:github] INFO:     using legacy item-based labeling +428µs
guard:wasm [guard:github] DEBUG: extract_mcp_response: top-level keys=["content"] +16ms
guard:wasm [guard:github] DEBUG: extract_mcp_response: found content array with 1 items +567µs
guard:wasm [guard:github] DEBUG: extract_mcp_response: found text field, len=9729 +535µs
guard:wasm [guard:github] DEBUG: extract_mcp_response: parsed content[0].text as JSON +1ms
guard:wasm [guard:github] DEBUG: extract_mcp_response: top-level keys=["content"] +772µs
guard:wasm [guard:github] DEBUG: extract_mcp_response: found content array with 1 items +423µs
guard:wasm [guard:github] DEBUG: extract_mcp_response: found text field, len=9729 +495µs
guard:wasm [guard:github] DEBUG: extract_mcp_response: parsed content[0].text as JSON +944µs
guard:wasm [guard:github] INFO:     no fine-grained items, creating fallback single-item label +410µs
guard:wasm [guard:github] DEBUG: Checking repo visibility for apache/cloudstack +368µs
guard:wasm [guard:github] INFO: >>> call_backend: tool=search_repositories +450µs
guard:wasm [guard:github] DEBUG:     args={"perPage":10,"query":"repo:apache/cloudstack"} +335µs
guard:wasm WASM guard calling backend: tool=search_repositories +334µs
server:unified [DIFC] Guard calling backend github tool search_repositories for metadata +44ms
server:unified executeBackendToolCall: serverID=github, toolName=search_repositories +369µs
launcher:launcher Checking session pool: serverID=github, sessionID=gUzHgIR4XIg9fTU5L58cfhq5EVGKh7agQezXfd38OSpm515oZDB6sH8jl +66ms
launcher:pool Reusing connection: backend=github, session=gUzHgIR4XIg9fTU5L58cfhq5EVGKh7agQezXfd38OSpm515oZDB6sH8jl, requests=6 +66ms
mcp:connection Dispatching SDK method: tools/call, serverID=github +64ms
mcp:connection callTool: parsed name=search_repositories, argumentCount=2 +375µs
guard:wasm Backend call failed: calling "tools/call": unknown tool "search_repositories" +7ms
guard:wasm [guard:github] ERROR: <<< call_backend FAILED with code -1 +373µs
guard:wasm [guard:github] WARN: Backend call search_repositories failed with code -1 +691µs
guard:wasm [guard:github] DEBUG: Checking repo visibility for apache/cloudstack +712µs
guard:wasm [guard:github] INFO: >>> call_backend: tool=search_repositories +369µs
guard:wasm [guard:github] DEBUG:     args={"perPage":10,"query":"repo:apache/cloudstack"} +371µs
guard:wasm WASM guard calling backend: tool=search_repositories +322µs
server:unified [DIFC] Guard calling backend github tool search_repositories for metadata +9ms
server:unified executeBackendToolCall: serverID=github, toolName=search_repositories +425µs
launcher:launcher Checking session pool: serverID=github, sessionID=gUzHgIR4XIg9fTU5L58cfhq5EVGKh7agQezXfd38OSpm515oZDB6sH8jl +10ms
launcher:pool Reusing connection: backend=github, session=gUzHgIR4XIg9fTU5L58cfhq5EVGKh7agQezXfd38OSpm515oZDB6sH8jl, requests=7 +10ms
mcp:connection Dispatching SDK method: tools/call, serverID=github +9ms
mcp:connection callTool: parsed name=search_repositories, argumentCount=2 +356µs
guard:wasm Backend call failed: calling "tools/call": unknown tool "search_repositories" +7ms
guard:wasm [guard:github] ERROR: <<< call_backend FAILED with code -1 +421µs
guard:wasm [guard:github] WARN: Backend call search_repositories failed with code -1 +836µs
guard:wasm [guard:github] INFO:     fallback labels: secrecy=[], integrity=["none:all", "unapproved:all", "approved:all"] +898µs
guard:wasm [guard:github] INFO:     generated 1 labeled items +510µs
guard:wasm [guard:github] INFO:     output_preview={"items":[{"data":{"content":[{"text":"{\"labels\":[{\"color\":\"000000\",\"description\":\"\",\"id\":\"MDU6TGFiZWwzNzg0MzM2NQ==\",\"name\":\"status:duplicate\"},{\"color\":\"e6e6e6\",\"description\":\"\",\"id\":\"MDU6TGFiZWwzNzg0MzM2Nw==\",\"name\":\"status:invalid\"},{\"color\":\"ffffff\",\"description\":\"\",\"id\":\"MDU6TGFiZWwzNzg0MzM2OQ==\",\"name\":\"status:wontfix\"},{\"color\":\"fc2929\",\"description\":\"\",\"id\":\"MDU6TGFiZWwzNzg0MzM2NA==\",\"name\":\"type:bug\"},{\"color\":\"84b6eb\ +1ms
guard:wasm [guard:github] INFO: <<< label_response returning 11510 bytes +471µs
guard:wasm [guard:github] DEBUG: >>> dealloc(ptr=5302576, size=4194304) +455µs
guard:wasm [guard:github] DEBUG: <<< dealloc complete +414µs
guard:wasm [guard:github] DEBUG: >>> dealloc(ptr=1107776, size=11482) +470µs
guard:wasm [guard:github] DEBUG: <<< dealloc complete +361µs
guard:wasm parseCollectionLabeledData: itemCount=1 +500µs
difc:labels Creating label with 0 initial tags: [] +71ms
difc:labels Creating label with 3 initial tags: [none:all unapproved:all approved:all] +364µs
guard:wasm parseCollectionLabeledData: parsed 1 labeled items from 1 input items +1ms
difc:evaluator Filtering collection: operation=read, totalItems=1 +69ms
difc:evaluator Evaluating access: operation=read, resource=resource:list_label +453µs
difc:evaluator Evaluating read access (mode=filter): resource=resource:list_label, agentSecrecy=[], agentIntegrity=[none:all] +378µs
difc:evaluator Read access allowed: resource=resource:list_label +479µs
difc:evaluator Collection filtered: accessible=1, filtered=0, total=1 +463µs
server:unified [DIFC] Filtered collection: 1/1 items accessible +16ms
difc:pipeline_decisions ShouldBlockFilteredResponse: mode=filter, filteredCount=0, block=false +65ms
difc:resource FilteredCollectionLabeledData.ToResult: returning 1 accessible items (filter_reason=DIFC policy) +71ms
difc:pipeline_decisions ShouldAccumulateReadLabels: operation=read, mode=filter, accumulate=false +820µs
mcp:tool_result Converting backend result to CallToolResult +70ms
mcp:tool_result Backend returned array, wrapping as text +375µs
server:response_writer Writing response body: 14688 bytes +74ms
server:response_writer Retrieving captured body: 14688 bytes +556µs
server:response_writer Retrieving captured status code: 200 +495µs
server:sdk-frontend <<< SDK Response [routed:github] status=200 duration=710.885746ms (non-JSON or stream) +74ms
server:sdk-frontend     Raw response (truncated): event: message
data: {"jsonrpc":"2.0","id":4,"result":{"content":[{"type":"text","text":"[{\"content\":[{\"text\":\"{\\\"labels\\\":[{\\\"color\\\":\\\"000000\\\",\\\"description\\\":\\\"\\\",\\\"id\\\":\\\"MDU6TGFiZWwzNzg0MzM2NQ==\\\",\\\"name\\\":\\\"status:duplicate\\\"},{\\\"color\\\":\\\"e6e6e6\\\",\\\"description\\\":\\\"\\\",\\\"id\\\":\\\"MDU6TGFiZWwzNzg0MzM2Nw==\\\",\\\"name\\\":\\\"status:invalid\\\"},{\\\"color\\\":\\\"ffffff\\\",\\\"description\\\":\\\"\\\",\\\"id\\\":\\\"MDU6TGFiZWw... +426µs
tracing:provider Handling request: span=gateway.request, method=POST, path=/mcp/github, remoteParent=false +4.5s
tracing:provider Span started: span=gateway.request, traceID=00000000000000000000000000000000 +863µs
server:auth Authenticating request: method=POST, path=/mcp/github, remote=172.30.0.20:35434 +4.5s
auth:header Extracting session ID from auth header: sanitized=gUzH... +4.5s
auth:header Using plain API key as session ID +433µs
server:sdk-frontend >>> SDK Request [routed:github] session=gUzHgIR4... mcp-session=D5TCRTMV... method=POST path=/mcp/github +3.8s
server:sdk-frontend     JSON-RPC Request: method=tools/call id=5 +416µs
server:response_writer Creating new response writer with default status 200 +3.8s
2026/09/28 13:38:34 [ROUTED] Calling unified handler for: search_issues
server:session Extracted session ID from context: gUzHgIR4... +4.5s
mcp:tool_result Parsing arguments for tool: search_issues +3.8s
mcp:tool_result Parsed 2 arguments +341µs
server:session Extracted session ID from context: gUzHgIR4... +1ms
server:session Extracted session ID from context: gUzHgIR4... +677µs
server:session Checking session: sessionID=gUzHgIR4... +284µs
server:session Session validated for ID: gUzHgIR4... +303µs
server:unified callBackendTool: serverID=github, toolName=search_issues, args=map[perPage:30 query:repo:apache/cloudstack is:issue is:open no:label] +3.8s
guard:registry Getting guard for serverID=github +4.5s
guard:registry Found guard for serverID=github, guardName=github +368µs
server:session Extracted session ID from context: gUzHgIR4... +1ms
server:guard_init Resolving guard policy: serverID=github +4.5s
config:guard_policy ParseServerGuardPolicy: serverID=github, keyCount=1 +4.5s
config:guard_policy ParsePolicyMap: hasAllowOnly=true, hasWriteSink=false, keyCount=1 +359µs
config:guard_policy Parsing guard policy JSON: len=112 +353µs
config:guard_policy UnmarshalJSON: parsing guard policy, keys=1 +396µs
config:guard_policy UnmarshalJSON: parsing allow-only policy, fields=5 +386µs
config:guard_policy UnmarshalJSON: allow-only policy parsed, repos=string, minIntegrity=none +329µs
config:guard_policy UnmarshalJSON: guard policy type is allow-only +332µs
config:guard_policy ValidateGuardPolicy: delegating to allow-only normalization +357µs
config:guard_policy Normalizing guard policy: integrity=none, reposType=string +335µs
config:guard_policy Guard policy normalized: scopeKind=all, integrity=none +314µs
server:guard_init Using server-level guard policy: serverID=github +3ms
guard:wasm BuildLabelAgentPayload: trustedBots=0, trustedUsers=0 +3.8s
server:guard_init Guard session cache hit: server=github, session=gUzHgIR4XIg9fTU5L58cfhq5EVGKh7agQezXfd38OSpm515oZDB6sH8jl, mode=filter +677µs
guard:context Retrieved agent ID from context: gUzHgIR4XIg9fTU5L58cfhq5EVGKh7agQezXfd38OSpm515oZDB6sH8jl +3.9s
difc:agent GetOrCreate called for agentID=gUzHgIR4XIg9fTU5L58cfhq5EVGKh7agQezXfd38OSpm515oZDB6sH8jl +4.4s
server:unified [DIFC] Agent gUzHgIR4XIg9fTU5L58cfhq5EVGKh7agQezXfd38OSpm515oZDB6sH8jl | Secrecy: [] | Integrity: [none:all] +7ms
guard:context Setting request state in context +1ms
guard:wasm LabelResource called: toolName=search_issues, args=map[perPage:30 query:repo:apache/cloudstack is:issue is:open no:label] +1ms
guard:wasm label_resource input JSON (133 bytes): {"capabilities":{},"tool_args":{"perPage":30,"query":"repo:apache/cloudstack is:issue is:open no:label"},"tool_name":"search_issues"} +346µs
guard:wasm tryCallWasmFunction: guard=github, func=<unknown>, inputSize=133, outputSize=4194304 +331µs
guard:wasm Using guard allocator path: guard=github +356µs
guard:wasm [guard:github] DEBUG: >>> alloc(133) +334µs
guard:wasm [guard:github] DEBUG: <<< alloc returning ptr=1107776 +325µs
guard:wasm wasmAlloc: guard=github, size=133, ptr=1107776 +311µs
guard:wasm [guard:github] DEBUG: >>> alloc(4194304) +349µs
guard:wasm [guard:github] DEBUG: <<< alloc returning ptr=1107920 +347µs
guard:wasm wasmAlloc: guard=github, size=4194304, ptr=1107920 +308µs
guard:wasm [guard:github] INFO: >>> label_resource called +320µs
guard:wasm [guard:github] INFO:     input_len=133, output_size=4194304 +343µs
guard:wasm [guard:github] INFO:     tool_name=search_issues +357µs
guard:wasm [guard:github] DEBUG: Checking repo visibility for apache/cloudstack +327µs
guard:wasm [guard:github] INFO: >>> call_backend: tool=search_repositories +401µs
guard:wasm [guard:github] DEBUG:     args={"perPage":10,"query":"repo:apache/cloudstack"} +407µs
guard:wasm WASM guard calling backend: tool=search_repositories +341µs
server:unified [DIFC] Guard calling backend github tool search_repositories for metadata +6ms
server:unified executeBackendToolCall: serverID=github, toolName=search_repositories +342µs
launcher:launcher Checking session pool: serverID=github, sessionID=gUzHgIR4XIg9fTU5L58cfhq5EVGKh7agQezXfd38OSpm515oZDB6sH8jl +3.8s
launcher:pool Reusing connection: backend=github, session=gUzHgIR4XIg9fTU5L58cfhq5EVGKh7agQezXfd38OSpm515oZDB6sH8jl, requests=8 +3.8s
mcp:connection Dispatching SDK method: tools/call, serverID=github +3.8s
mcp:connection callTool: parsed name=search_repositories, argumentCount=2 +396µs
guard:wasm Backend call failed: calling "tools/call": unknown tool "search_repositories" +6ms
guard:wasm [guard:github] ERROR: <<< call_backend FAILED with code -1 +449µs
guard:wasm [guard:github] WARN: Backend call search_repositories failed with code -1 +691µs
guard:wasm [guard:github] DEBUG: Checking repo visibility for apache/cloudstack +703µs
guard:wasm [guard:github] INFO: >>> call_backend: tool=search_repositories +417µs
guard:wasm [guard:github] DEBUG:     args={"perPage":10,"query":"repo:apache/cloudstack"} +337µs
guard:wasm WASM guard calling backend: tool=search_repositories +324µs
server:unified [DIFC] Guard calling backend github tool search_repositories for metadata +9ms
server:unified executeBackendToolCall: serverID=github, toolName=search_repositories +320µs
launcher:launcher Checking session pool: serverID=github, sessionID=gUzHgIR4XIg9fTU5L58cfhq5EVGKh7agQezXfd38OSpm515oZDB6sH8jl +10ms
launcher:pool Reusing connection: backend=github, session=gUzHgIR4XIg9fTU5L58cfhq5EVGKh7agQezXfd38OSpm515oZDB6sH8jl, requests=9 +10ms
mcp:connection Dispatching SDK method: tools/call, serverID=github +9ms
mcp:connection callTool: parsed name=search_repositories, argumentCount=2 +338µs
guard:wasm Backend call failed: calling "tools/call": unknown tool "search_repositories" +7ms
guard:wasm [guard:github] ERROR: <<< call_backend FAILED with code -1 +395µs
guard:wasm [guard:github] WARN: Backend call search_repositories failed with code -1 +754µs
guard:wasm [guard:github] INFO:     desc=search_issues:apache/cloudstack +671µs
guard:wasm [guard:github] INFO:     secrecy=[] (public) +354µs
guard:wasm [guard:github] INFO:     integrity=["none:all"] +377µs
guard:wasm [guard:github] INFO:     operation=read +326µs
guard:wasm [guard:github] INFO: <<< label_resource returning 119 bytes +344µs
guard:wasm [guard:github] DEBUG: >>> dealloc(ptr=1107920, size=4194304) +417µs
guard:wasm [guard:github] DEBUG: <<< dealloc complete +304µs
guard:wasm [guard:github] DEBUG: >>> dealloc(ptr=1107776, size=133) +386µs
guard:wasm [guard:github] DEBUG: <<< dealloc complete +326µs
difc:labels Creating label with 0 initial tags: [] +3.9s
difc:labels Creating label with 1 initial tags: [none:all] +312µs
guard:wasm Parsed resource response: description="search_issues:apache/cloudstack", operation=read +963µs
server:unified [DIFC] Resource: search_issues:apache/cloudstack | Operation: read | Secrecy: [] | Integrity: [none:all] +13ms
difc:pipeline_decisions ShouldBypassCoarseDeny: operation=read, bypass=true +3.9s
difc:evaluator Evaluating access: operation=read, resource=search_issues:apache/cloudstack +3.9s
difc:evaluator Evaluating read access (mode=filter): resource=search_issues:apache/cloudstack, agentSecrecy=[], agentIntegrity=[none:all] +314µs
difc:evaluator Read access allowed: resource=search_issues:apache/cloudstack +336µs
server:unified [DIFC] Access ALLOWED for agent gUzHgIR4XIg9fTU5L58cfhq5EVGKh7agQezXfd38OSpm515oZDB6sH8jl to search_issues:apache/cloudstack +1ms
server:unified executeBackendToolCall: serverID=github, toolName=search_issues +300µs
launcher:launcher Checking session pool: serverID=github, sessionID=gUzHgIR4XIg9fTU5L58cfhq5EVGKh7agQezXfd38OSpm515oZDB6sH8jl +14ms
launcher:pool Reusing connection: backend=github, session=gUzHgIR4XIg9fTU5L58cfhq5EVGKh7agQezXfd38OSpm515oZDB6sH8jl, requests=10 +14ms
mcp:connection Dispatching SDK method: tools/call, serverID=github +14ms
mcp:connection callTool: parsed name=search_issues, argumentCount=2 +354µs
difc:pipeline_decisions ShouldCallLabelResponse: operation=read, mode=filter, result=true +280ms
guard:wasm LabelResponse called: toolName=search_issues +281ms
guard:context Retrieved request state from context +310ms
guard:wasm label_response input JSON (235 bytes): {"capabilities":{},"tool_args":{"perPage":30,"query":"repo:apache/cloudstack is:issue is:open no:label"},"tool_name":"search_issues","tool_result":{"content":[{"text":"{\"total_count\":0,\"incomplete_results\":false}","type":"text"}]}} +731µs
guard:wasm tryCallWasmFunction: guard=github, func=<unknown>, inputSize=235, outputSize=4194304 +322µs
guard:wasm Using guard allocator path: guard=github +428µs
guard:wasm [guard:github] DEBUG: >>> alloc(235) +391µs
guard:wasm [guard:github] DEBUG: <<< alloc returning ptr=1107776 +348µs
guard:wasm wasmAlloc: guard=github, size=235, ptr=1107776 +401µs
guard:wasm [guard:github] DEBUG: >>> alloc(4194304) +361µs
guard:wasm [guard:github] DEBUG: <<< alloc returning ptr=1108016 +325µs
guard:wasm wasmAlloc: guard=github, size=4194304, ptr=1108016 +375µs
guard:wasm [guard:github] INFO: >>> label_response called +352µs
guard:wasm [guard:github] INFO:     input_len=235, output_size=4194304 +354µs
guard:wasm [guard:github] INFO:     input_preview={"capabilities":{},"tool_args":{"perPage":30,"query":"repo:apache/cloudstack is:issue is:open no:label"},"tool_name":"search_issues","tool_result":{"content":[{"text":"{\"total_count\":0,\"incomplete_results\":false}","type":"text"}]}} +337µs
guard:wasm [guard:github] INFO:     tool_name=search_issues +422µs
guard:wasm [guard:github] DEBUG: extract_mcp_response: top-level keys=["content"] +364µs
guard:wasm [guard:github] DEBUG: extract_mcp_response: found content array with 1 items +316µs
guard:wasm [guard:github] DEBUG: extract_mcp_response: found text field, len=44 +335µs
guard:wasm [guard:github] DEBUG: extract_mcp_response: parsed content[0].text as JSON +390µs
guard:wasm [guard:github] INFO:     using legacy item-based labeling +327µs
guard:wasm [guard:github] DEBUG: extract_mcp_response: top-level keys=["content"] +313µs
guard:wasm [guard:github] DEBUG: extract_mcp_response: found content array with 1 items +396µs
guard:wasm [guard:github] DEBUG: extract_mcp_response: found text field, len=44 +338µs
guard:wasm [guard:github] DEBUG: extract_mcp_response: parsed content[0].text as JSON +316µs
guard:wasm [guard:github] DEBUG: Checking repo visibility for apache/cloudstack +375µs
guard:wasm [guard:github] INFO: >>> call_backend: tool=search_repositories +377µs
guard:wasm [guard:github] DEBUG:     args={"perPage":10,"query":"repo:apache/cloudstack"} +324µs
guard:wasm WASM guard calling backend: tool=search_repositories +306µs
server:unified [DIFC] Guard calling backend github tool search_repositories for metadata +289ms
server:unified executeBackendToolCall: serverID=github, toolName=search_repositories +324µs
launcher:launcher Checking session pool: serverID=github, sessionID=gUzHgIR4XIg9fTU5L58cfhq5EVGKh7agQezXfd38OSpm515oZDB6sH8jl +289ms
launcher:pool Reusing connection: backend=github, session=gUzHgIR4XIg9fTU5L58cfhq5EVGKh7agQezXfd38OSpm515oZDB6sH8jl, requests=11 +289ms
mcp:connection Dispatching SDK method: tools/call, serverID=github +289ms
mcp:connection callTool: parsed name=search_repositories, argumentCount=2 +442µs
guard:wasm Backend call failed: calling "tools/call": unknown tool "search_repositories" +6ms
guard:wasm [guard:github] ERROR: <<< call_backend FAILED with code -1 +354µs
guard:wasm [guard:github] WARN: Backend call search_repositories failed with code -1 +665µs
guard:wasm [guard:github] DEBUG: extract_mcp_response: top-level keys=["content"] +765µs
guard:wasm [guard:github] DEBUG: extract_mcp_response: found content array with 1 items +420µs
guard:wasm [guard:github] DEBUG: extract_mcp_response: found text field, len=44 +351µs
guard:wasm [guard:github] DEBUG: extract_mcp_response: parsed content[0].text as JSON +365µs
guard:wasm [guard:github] INFO:     server metadata (text message or empty search), integrity=["none:all", "unapproved:all", "approved:all"] +331µs
guard:wasm [guard:github] INFO:     generated 1 labeled items +338µs
guard:wasm [guard:github] INFO:     output_preview={"items":[{"data":{"content":[{"text":"{\"total_count\":0,\"incomplete_results\":false}","type":"text"}]},"labels":{"description":"metadata:search_issues","secrecy":[],"integrity":["none:all","unapproved:all","approved:all"]}}]} +348µs
guard:wasm [guard:github] INFO: <<< label_response returning 228 bytes +338µs
guard:wasm [guard:github] DEBUG: >>> dealloc(ptr=1108016, size=4194304) +379µs
guard:wasm [guard:github] DEBUG: <<< dealloc complete +11ms
guard:wasm [guard:github] DEBUG: >>> dealloc(ptr=1107776, size=235) +508µs
guard:wasm [guard:github] DEBUG: <<< dealloc complete +390µs
guard:wasm parseCollectionLabeledData: itemCount=1 +395µs
difc:labels Creating label with 0 initial tags: [] +316ms
difc:labels Creating label with 3 initial tags: [none:all unapproved:all approved:all] +365µs
guard:wasm parseCollectionLabeledData: parsed 1 labeled items from 1 input items +1ms
difc:evaluator Filtering collection: operation=read, totalItems=1 +315ms
difc:evaluator Evaluating access: operation=read, resource=metadata:search_issues +354µs
difc:evaluator Evaluating read access (mode=filter): resource=metadata:search_issues, agentSecrecy=[], agentIntegrity=[none:all] +331µs
difc:evaluator Read access allowed: resource=metadata:search_issues +342µs
difc:evaluator Collection filtered: accessible=1, filtered=0, total=1 +338µs
server:unified [DIFC] Filtered collection: 1/1 items accessible +27ms
difc:pipeline_decisions ShouldBlockFilteredResponse: mode=filter, filteredCount=0, block=false +38ms
difc:resource FilteredCollectionLabeledData.ToResult: returning 1 accessible items (filter_reason=DIFC policy) +4.2s
difc:pipeline_decisions ShouldAccumulateReadLabels: operation=read, mode=filter, accumulate=false +4ms
mcp:tool_result Converting backend result to CallToolResult +362ms
mcp:tool_result Backend returned array, wrapping as text +323µs
server:response_writer Writing response body: 203 bytes +366ms
server:response_writer Retrieving captured body: 203 bytes +458µs
server:response_writer Retrieving captured status code: 200 +385µs
server:sdk-frontend <<< SDK Response [routed:github] status=200 duration=368.570151ms (non-JSON or stream) +368ms
server:sdk-frontend     Raw response: event: message
data: {"jsonrpc":"2.0","id":5,"result":{"content":[{"type":"text","text":"[{\"content\":[{\"text\":\"{\\\"total_count\\\":0,\\\"incomplete_results\\\":false}\",\"type\":\"text\"}]}]"}]}}

 +610µs
launcher:launcher Retrieved server IDs: count=2, ids=[github safeoutputs] +249ms
launcher:health Running health check: checking 2 servers +30.0s
tracing:provider Handling request: span=gateway.request, method=POST, path=/mcp/github, remoteParent=false +3.9s
tracing:provider Span started: span=gateway.request, traceID=00000000000000000000000000000000 +746µs
server:auth Authenticating request: method=POST, path=/mcp/github, remote=172.30.0.20:35434 +3.9s
auth:header Extracting session ID from auth header: sanitized=gUzH... +3.9s
auth:header Using plain API key as session ID +432µs
server:sdk-frontend >>> SDK Request [routed:github] session=gUzHgIR4... mcp-session=D5TCRTMV... method=POST path=/mcp/github +3.5s
server:sdk-frontend     JSON-RPC Request: method=tools/call id=6 +415µs
server:response_writer Creating new response writer with default status 200 +3.5s
2026/09/28 13:38:38 [ROUTED] Calling unified handler for: search_issues
server:session Extracted session ID from context: gUzHgIR4... +3.9s
mcp:tool_result Parsing arguments for tool: search_issues +3.6s
mcp:tool_result Parsed 4 arguments +325µs
server:session Extracted session ID from context: gUzHgIR4... +1ms
server:session Extracted session ID from context: gUzHgIR4... +758µs
server:session Checking session: sessionID=gUzHgIR4... +340µs
server:session Session validated for ID: gUzHgIR4... +315µs
server:unified callBackendTool: serverID=github, toolName=search_issues, args=map[order:asc perPage:30 query:repo:apache/cloudstack is:open is:issue sort:created] +3.6s
guard:registry Getting guard for serverID=github +3.9s
guard:registry Found guard for serverID=github, guardName=github +328µs
server:session Extracted session ID from context: gUzHgIR4... +1ms
server:guard_init Resolving guard policy: serverID=github +3.9s
config:guard_policy ParseServerGuardPolicy: serverID=github, keyCount=1 +3.9s
config:guard_policy ParsePolicyMap: hasAllowOnly=true, hasWriteSink=false, keyCount=1 +293µs
config:guard_policy Parsing guard policy JSON: len=112 +343µs
config:guard_policy UnmarshalJSON: parsing guard policy, keys=1 +356µs
config:guard_policy UnmarshalJSON: parsing allow-only policy, fields=5 +313µs
config:guard_policy UnmarshalJSON: allow-only policy parsed, repos=string, minIntegrity=none +338µs
config:guard_policy UnmarshalJSON: guard policy type is allow-only +342µs
config:guard_policy ValidateGuardPolicy: delegating to allow-only normalization +369µs
config:guard_policy Normalizing guard policy: integrity=none, reposType=string +353µs
config:guard_policy Guard policy normalized: scopeKind=all, integrity=none +329µs
server:guard_init Using server-level guard policy: serverID=github +3ms
guard:wasm BuildLabelAgentPayload: trustedBots=0, trustedUsers=0 +3.6s
server:guard_init Guard session cache hit: server=github, session=gUzHgIR4XIg9fTU5L58cfhq5EVGKh7agQezXfd38OSpm515oZDB6sH8jl, mode=filter +694µs
guard:context Retrieved agent ID from context: gUzHgIR4XIg9fTU5L58cfhq5EVGKh7agQezXfd38OSpm515oZDB6sH8jl +3.6s
difc:agent GetOrCreate called for agentID=gUzHgIR4XIg9fTU5L58cfhq5EVGKh7agQezXfd38OSpm515oZDB6sH8jl +3.9s
server:unified [DIFC] Agent gUzHgIR4XIg9fTU5L58cfhq5EVGKh7agQezXfd38OSpm515oZDB6sH8jl | Secrecy: [] | Integrity: [none:all] +6ms
guard:context Setting request state in context +962µs
guard:wasm LabelResource called: toolName=search_issues, args=map[order:asc perPage:30 query:repo:apache/cloudstack is:open is:issue sort:created] +1ms
guard:wasm label_resource input JSON (155 bytes): {"capabilities":{},"tool_args":{"order":"asc","perPage":30,"query":"repo:apache/cloudstack is:open is:issue","sort":"created"},"tool_name":"search_issues"} +377µs
guard:wasm tryCallWasmFunction: guard=github, func=<unknown>, inputSize=155, outputSize=4194304 +350µs
guard:wasm Using guard allocator path: guard=github +331µs
guard:wasm [guard:github] DEBUG: >>> alloc(155) +329µs
guard:wasm [guard:github] DEBUG: <<< alloc returning ptr=1107776 +339µs
guard:wasm wasmAlloc: guard=github, size=155, ptr=1107776 +349µs
guard:wasm [guard:github] DEBUG: >>> alloc(4194304) +329µs
guard:wasm [guard:github] DEBUG: <<< alloc returning ptr=1107936 +421µs
guard:wasm wasmAlloc: guard=github, size=4194304, ptr=1107936 +326µs
guard:wasm [guard:github] INFO: >>> label_resource called +406µs
guard:wasm [guard:github] INFO:     input_len=155, output_size=4194304 +301µs
guard:wasm [guard:github] INFO:     tool_name=search_issues +349µs
guard:wasm [guard:github] DEBUG: Checking repo visibility for apache/cloudstack +376µs
guard:wasm [guard:github] INFO: >>> call_backend: tool=search_repositories +379µs
guard:wasm [guard:github] DEBUG:     args={"perPage":10,"query":"repo:apache/cloudstack"} +317µs
guard:wasm WASM guard calling backend: tool=search_repositories +336µs
server:unified [DIFC] Guard calling backend github tool search_repositories for metadata +6ms
server:unified executeBackendToolCall: serverID=github, toolName=search_repositories +319µs
launcher:launcher Checking session pool: serverID=github, sessionID=gUzHgIR4XIg9fTU5L58cfhq5EVGKh7agQezXfd38OSpm515oZDB6sH8jl +3.4s
launcher:pool Reusing connection: backend=github, session=gUzHgIR4XIg9fTU5L58cfhq5EVGKh7agQezXfd38OSpm515oZDB6sH8jl, requests=12 +3.6s
mcp:connection Dispatching SDK method: tools/call, serverID=github +3.6s
mcp:connection callTool: parsed name=search_repositories, argumentCount=2 +369µs
guard:wasm Backend call failed: calling "tools/call": unknown tool "search_repositories" +6ms
guard:wasm [guard:github] ERROR: <<< call_backend FAILED with code -1 +381µs
guard:wasm [guard:github] WARN: Backend call search_repositories failed with code -1 +665µs
guard:wasm [guard:github] DEBUG: Checking repo visibility for apache/cloudstack +641µs
guard:wasm [guard:github] INFO: >>> call_backend: tool=search_repositories +421µs
guard:wasm [guard:github] DEBUG:     args={"perPage":10,"query":"repo:apache/cloudstack"} +348µs
guard:wasm WASM guard calling backend: tool=search_repositories +340µs
server:unified [DIFC] Guard calling backend github tool search_repositories for metadata +9ms
server:unified executeBackendToolCall: serverID=github, toolName=search_repositories +348µs
launcher:launcher Checking session pool: serverID=github, sessionID=gUzHgIR4XIg9fTU5L58cfhq5EVGKh7agQezXfd38OSpm515oZDB6sH8jl +9ms
launcher:pool Reusing connection: backend=github, session=gUzHgIR4XIg9fTU5L58cfhq5EVGKh7agQezXfd38OSpm515oZDB6sH8jl, requests=13 +9ms
mcp:connection Dispatching SDK method: tools/call, serverID=github +9ms
mcp:connection callTool: parsed name=search_repositories, argumentCount=2 +340µs
guard:wasm Backend call failed: calling "tools/call": unknown tool "search_repositories" +6ms
guard:wasm [guard:github] ERROR: <<< call_backend FAILED with code -1 +359µs
guard:wasm [guard:github] WARN: Backend call search_repositories failed with code -1 +723µs
guard:wasm [guard:github] INFO:     desc=search_issues:apache/cloudstack +734µs
guard:wasm [guard:github] INFO:     secrecy=[] (public) +372µs
guard:wasm [guard:github] INFO:     integrity=["none:all"] +354µs
guard:wasm [guard:github] INFO:     operation=read +360µs
guard:wasm [guard:github] INFO: <<< label_resource returning 119 bytes +318µs
guard:wasm [guard:github] DEBUG: >>> dealloc(ptr=1107936, size=4194304) +356µs
guard:wasm [guard:github] DEBUG: <<< dealloc complete +354µs
guard:wasm [guard:github] DEBUG: >>> dealloc(ptr=1107776, size=155) +354µs
guard:wasm [guard:github] DEBUG: <<< dealloc complete +322µs
difc:labels Creating label with 0 initial tags: [] +3.6s
difc:labels Creating label with 1 initial tags: [none:all] +334µs
guard:wasm Parsed resource response: description="search_issues:apache/cloudstack", operation=read +1ms
server:unified [DIFC] Resource: search_issues:apache/cloudstack | Operation: read | Secrecy: [] | Integrity: [none:all] +12ms
difc:pipeline_decisions ShouldBypassCoarseDeny: operation=read, bypass=true +3.6s
difc:evaluator Evaluating access: operation=read, resource=search_issues:apache/cloudstack +3.6s
difc:evaluator Evaluating read access (mode=filter): resource=search_issues:apache/cloudstack, agentSecrecy=[], agentIntegrity=[none:all] +349µs
difc:evaluator Read access allowed: resource=search_issues:apache/cloudstack +337µs
server:unified [DIFC] Access ALLOWED for agent gUzHgIR4XIg9fTU5L58cfhq5EVGKh7agQezXfd38OSpm515oZDB6sH8jl to search_issues:apache/cloudstack +1ms
server:unified executeBackendToolCall: serverID=github, toolName=search_issues +332µs
launcher:launcher Checking session pool: serverID=github, sessionID=gUzHgIR4XIg9fTU5L58cfhq5EVGKh7agQezXfd38OSpm515oZDB6sH8jl +14ms
launcher:pool Reusing connection: backend=github, session=gUzHgIR4XIg9fTU5L58cfhq5EVGKh7agQezXfd38OSpm515oZDB6sH8jl, requests=14 +14ms
mcp:connection Dispatching SDK method: tools/call, serverID=github +13ms
mcp:connection callTool: parsed name=search_issues, argumentCount=4 +322µs
difc:pipeline_decisions ShouldCallLabelResponse: operation=read, mode=filter, result=true +996ms
guard:wasm LabelResponse called: toolName=search_issues +997ms
guard:context Retrieved request state from context +1.0s
guard:wasm label_response input JSON (220010 bytes): {"capabilities":{},"tool_args":{"order":"asc","perPage":30,"query":"repo:apache/cloudstack is:open is:issue","sort":"created"},"tool_name":"search_issues","tool_result":{"content":[{"text":"{\"total_count\":650,\"incomplete_results\":false,\"items\":[{\"id\":364540980,\"number\":2865,\"state\":\"open\",\"locked\":false,\"title\":\"DNS records for additional local IP addresses\",\"body\":\"##### ISSUE TYPE\\r\\n * Feature Idea\\r\\n\\r\\n##### COMPONENT NAME\\r\\n* DNS\\r\\n\\r\\n##### CLOUDSTACK VERSION\\r\\n/\\r\\n\\r\\n##### CONFIGURATION\\r\\n* for customer isolated network\\r\\n\\r\\n##### OS / ENVIRONMENT\\r\\n/\\r\\n\\r\\n##### SUMMARY\\r\\nFor adaptive computing it's important to get use of additional application local IP addresses which you can move between machines in case of a failure of one of the virtual machines or for upgrades.\\r\\n\\r\\nI can attach an additional IP to a VM using ACS. But I cannot give that a separate name which does not belong to the actual hostname of the VM.\\r\\n\\r\\n\\r\\n##### STEPS TO REPRODUCE\\r\\n\\r\\n\\r\\n##### EXPECTED RESULTS\\r\\n* possibility to add a DNS name for the additional local IP address\\r\\n* possibility to move an IP from one system to another (no delete and recreate - IP could be taken in the steps between)\\r\\n\\r\\n##### ACTUAL RESULTS\\r\\n* currently the additional IP resolves into the same name as the original IP which is the hostname\",\"author_association\":\"NONE\",\"user\":{\"login\":\"IngoJochim\",\"id\":38244286,\"node_id\":\"MDQ6VXNlcjM4MjQ0Mjg2\",\"avatar_url\":\"https://avatars.githubusercontent.com/u/38244286?v=4\",\"html_url\":\"https://github.com/IngoJochim\",\"gravatar_id\":\"\",\"type\":\"User\",\"site_admin\":false,\"url\":\"https://api.github.com/users/IngoJochim\",\"events_url\":\"https://api.github.com/users/IngoJochim/events{/privacy}\",\"following_url\":\"https://api.github.com/users/IngoJochim/following{/other_user}\",\"followers_url\":\"https://api.github.com/users/IngoJochim/followers\",\"gists_url\":\"https://api.github.com/users/IngoJochim/gists{/gist_id}\",\"organizations_url\":\"https://api.github.com/users/IngoJochim/orgs\",\"received_events_url\":\"https://api.github.com/users/IngoJochim/received_events\",\"repos_url\":\"https://api.github.com/users/IngoJochim/repos\",\"starred_url\":\"https://api.github.com/users/IngoJochim/starred{/owner}{/repo}\",\"subscriptions_url\":\"https://api.github.com/users/IngoJochim/subscriptions\"},\"labels\":[{\"id\":592559219,\"url\":\"https://api.github.com/repos/apache/cloudstack/labels/component:networking\",\"name\":\"component:networking\",\"color\":\"f9d0c4\",\"description\":\"\",\"default\":false,\"node_id\":\"MDU6TGFiZWw1OTI1NTkyMTk=\"},{\"id\":1150675549,\"url\":\"https://api.github.com/repos/apache/cloudstack/labels/type:new-feature\",\"name\":\"type:new-feature\",\"color\":\"4471c4\",\"description\":\"\",\"default\":false,\"node_id\":\"MDU6TGFiZWwxMTUwNjc1NTQ5\"},{\"id\":9849008471,\"url\":\"https://api.github.com/repos/apache/cloudstack/labels/no-issue-activity\",\"name\":\"no-issue-activity\",\"color\":\"ededed\",\"default\":false,\"node_id\":\"LA_kwDOAJTq2M8AAAACSwvxVw\"}],\"comments\":5,\"created_at\":\"2018-09-27T15:48:32Z\",\"updated_at\":\"2026-05-10T02:17:03Z\",\"url\":\"https://api.github.com/repos/apache/cloudstack/issues/2865\",\"html_url\":\"https://github.com/apache/cloudstack/issues/2865\",\"comments_url\":\"https://api.github.com/repos/apache/cloudstack/issues/2865/comments\",\"events_url\":\"https://api.github.com/repos/apache/cloudstack/issues/2865/events\",\"labels_url\":\"https://api.github.com/repos/apache/cloudstack/issues/2865/labels{/name}\",\"repository_url\":\"https://api.github.com/repos/apache/cloudstack\",\"parent_issue_url\":\"https://api.github.com/repos/apache/cloudstack/issues/9958\",\"milestone\":{\"url\":\"https://api.github.com/repos/apache/cloudstack/milestones/19\",\"html_url\":\"https://github.com/apache/cloudstack/milestone/19\",\"labels_url\":\"https://api.github.com/repos/apache/cloudstack/milestones/19/labels\",\"id\":6265435,\"number\":19,\"state\":\"open\",\"title\":\"unplanned\",\"creator\":{\"login\":\"DaanHoogland\",\"id\":2486961,\"node_id\":\"MDQ6VXNlcjI0ODY5NjE=\",\"avatar_url\":\"https://avatars.githubusercontent.com/u/2486961?v=4\",\"html_url\":\"https://github.com/DaanHoogland\",\"gravatar_id\":\"\",\"type\":\"User\",\"site_admin\":false,\"url\":\"https://api.github.com/users/DaanHoogland\",\"events_url\":\"https://api.github.com/users/DaanHoogland/events{/privacy}\",\"following_url\":\"https://api.github.com/users/DaanHoogland/following{/other_user}\",\"followers_url\":\"https://api.github.com/users/DaanHoogland/followers\",\"gists_url\":\"https://api.github.com/users/DaanHoogland/gists{/gist_id}\",\"organizations_url\":\"https://api.github.com/users/DaanHoogland/orgs\",\"received_events_url\":\"https://api.github.com/users/DaanHoogland/received_events\",\"repos_url\":\"https://api.github.com/users/DaanHoogland/repos\",\"starred_url\":\"https://api.github.com/users/DaanHoogland/starred{/owner}{/repo}\",\"subscriptions_url\":\"https://api.github.com/users/DaanHoogland/subscriptions\"},\"open_issues\":185,\"closed_issues\":1302,\"created_at\":\"2021-01-04T09:07:50Z\",\"updated_at\":\"2026-09-24T11:01:33Z\",\"node_id\":\"MDk6TWlsZXN0b25lNjI2NTQzNQ==\"},\"reactions\":{\"total_count\":0,\"+1\":0,\"-1\":0,\"laugh\":0,\"confused\":0,\"heart\":0,\"hooray\":0,\"rocket\":0,\"eyes\":0,\"url\":\"https://api.github.com/repos/apache/cloudstack/issues/2865/reactions\"},\"node_id\":\"MDU6SXNzdWUzNjQ1NDA5ODA=\",\"type\":{\"id\":93574,\"node_id\":\"IT_kwDNuP_OAAFthg\",\"name\":\"Feature\",\"description\":\"A request, idea, or new functionality\",\"color\":\"blue\",\"created_at\":\"2024-01-25T09:11:09Z\",\"updated_at\":\"2024-10-08T08:30:20Z\"}},{\"id\":427758451,\"number\":3253,\"state\":\"open\",\"state_reason\":\"reopened\",\"locked\":false,\"title\":\"Load balancer appcookie configuration deprecated in HAproxy\",\"body\":\"\\r\\n##### ISSUE TYPE\\r\\n * Improvement Request\\r\\n\\r\\n##### COMPONENT NAME\\r\\n* ACS 4.11.x VR load balancing with AppCookie stickiness\\r\\n\\r\\n##### CLOUDSTACK VERSION\\r\\n* ACS 4.11.x\\r\\n\\r\\n##### CONFIGURATION\\r\\n* Advanced zone, guest isolated network with LB configuration on public IP\\r\\n\\r\\n\\r\\n##### OS / ENVIRONMENT\\r\\n* N/A\\r\\n\\r\\n##### SUMMARY\\r\\n* AppCookie configuration is deprecated in HAproxy\\r\\n* https://cbonte.github.io/haproxy-dconv/1.7/configuration.html#appsession\\r\\n\\r\\n##### STEPS TO REPRODUCE\\r\\n* Create new LB rule with AppCookie stickiness\\r\\n* Observe haproxy logs on VR stating:\\r\\n03:59:09 r-1667-VM haproxy[40552]: [ALERT] 090/035909 (40552) : parsing [/etc/haproxy/haproxy.cfg:38] : 'appsession' is not supported anymore, please check the documentation.\\r\\n\\r\\n##### EXPECTED RESULTS\\r\\n* N/A\\r\\n\\r\\n##### ACTUAL RESULTS\\r\\n* Error as above\\r\\n\",\"author_association\":\"NONE\",\"user\":{\"login\":\"DagSonsteboSB\",\"id\":12859582,\"node_id\":\"MDQ6VXNlcjEyODU5NTgy\",\"avatar_url\":\"https://avatars.githubusercontent.com/u/12859582?v=4\",\"html_url\":\"https://github.com/DagSonsteboSB\",\"gravatar_id\":\"\",\"type\":\"User\",\"site_admin\":false,\"url\":\"https://api.github.com/users/DagSonsteboSB\",\"events_url\":\"https://api.github.com/users/DagSonsteboSB/events{/privacy}\",\"following_url\":\"https://api.github.com/users/DagSonsteboSB/following{/other_user}\",\"followers_url\":\"https://api.github.com/users/DagSonsteboSB/followers\",\"gists_url\":\"https://api.github.com/users/DagSonsteboSB/gists{/gist_id}\",\"organizations_url\":\"https://api.github.com/users/DagSonsteboSB/orgs\",\"received_events_url\":\"https://api.github.com/users/DagSonsteboSB/received_events\",\"repos_url\":\"https://api.github.com/users/DagSonsteboSB/repos\",\"starred_url\":\"https://api.github.com/users/DagSonsteboSB/starred{/owner}{/repo}\",\"subscriptions_url\":\"https://api.github.com/users/DagSonsteboSB/subscriptions\"},\"labels\":[{\"id\":817420428,\"url\":\"https://api.github.com/repos/apache/cloudstack/labels/type:improvement\",\"name\":\"type:improvement\",\"color\":\"a5f9ff\",\"description\":\"\",\"default\":false,\"node_id\":\"MDU6TGFiZWw4MTc0MjA0Mjg=\"},{\"id\":821716113,\"url\":\"https://api.github.com/repos/apache/cloudstack/labels/type:cleanup\",\"name\":\"type:cleanup\",\"color\":\"0e8a16\",\"description\":\"\",\"default\":false,\"node_id\":\"MDU6TGFiZWw4MjE3MTYxMTM=\"},{\"id\":1663969521,\"url\":\"https://api.github.com/repos/apache/cloudstack/labels/Severity:Major\",\"name\":\"Severity:Major\",\"color\":\"903636\",\"description\":\"\",\"default\":false,\"node_id\":\"MDU6TGFiZWwxNjYzOTY5NTIx\"},{\"id\":6890295339,\"url\":\"https://api.github.com/repos/apache/cloudstack/labels/status:stale\",\"name\":\"status:stale\",\"color\":\"E43179\",\"description\":\"\",\"default\":false,\"node_id\":\"LA_kwDOAJTq2M8AAAABmrGQKw\"}],\"comments\":3,\"created_at\":\"2019-04-01T15:04:56Z\",\"updated_at\":\"2026-05-26T15:48:25Z\",\"url\":\"https://api.github.com/repos/apache/cloudstack/issues/3253\",\"html_url\":\"https://github.com/apache/cloudstack/issues/3253\",\"comments_url\":\"https://api.github.com/repos/apache/cloudstack/issues/3253/comments\",\"events_url\":\"https://api.github.com/repos/apache/cloudstack/issues/3253/events\",\"labels_url\":\"https://api.github.com/repos/apache/cloudstack/issues/3253/labels{/name}\",\"repository_url\":\"https://api.github.com/repos/apache/cloudstack\",\"milestone\":{\"url\":\"https://api.github.com/repos/apache/cloudstack/milestones/46\",\"html_url\":\"https://github.com/apache/cloudstack/milestone/46\",\"labels_url\":\"https://api.github.com/repos/apache/cloudstack/milestones/46/labels\",\"id\":15514689,\"number\":46,\"state\":\"open\",\"title\":\"4.22.2\",\"description\":\"\",\"creator\":{\"login\":\"sureshanaparti\",\"id\":12028987,\"node_id\":\"MDQ6VXNlcjEyMDI4OTg3\",\"avatar_url\":\"https://avatars.githubusercontent.com/u/12028987?v=4\",\"html_url\":\"https://github.com/sureshanaparti\",\"gravatar_id\":\"\",\"type\":\"User\",\"site_admin\":false,\"url\":\"https://api.github.com/users/sureshanaparti\",\"events_url\":\"https://api.github.com/users/sureshanaparti/events{/privacy}\",\"following_url\":\"https://api.github.com/users/sureshanaparti/following{/other_user}\",\"followers_url\":\"https://api.github.com/users/sureshanaparti/followers\",\"gists_url\":\"https://api.github.com/users/sureshanaparti/gists{/gist_id}\",\"organizations_url\":\"https://api.github.com/users/sureshanaparti/orgs\",\"received_events_url\":\"https://api.github.com/users/sureshanaparti/received_events\",\"repos_url\":\"https://api.github.com/users/sureshanaparti/repos\",\"starred_url\":\"https://api.github.com/users/sureshanaparti/starred{/owner}{/repo}\",\"subscriptions_url\":\"https://api.github.com/users/sureshanaparti/subscriptions\"},\"open_issues\":253,\"closed_issues\":112,\"created_at\":\"2026-04-13T07:02:43Z\",\"updated_at\":\"2026-09-28T10:46:21Z\",\"node_id\":\"MI_kwDOAJTq2M4A7LxB\"},\"reactions\":{\"total_count\":0,\"+1\":0,\"-1\":0,\"laugh\":0,\"confused\":0,\"heart\":0,\"hooray\":0,\"rocket\":0,\"eyes\":0,\"url\":\"https://api.github.com/repos/apache/cloudstack/issues/3253/reactions\"},\"node_id\":\"MDU6SXNzdWU0Mjc3NTg0NTE=\"},{\"id\":449140959,\"number\":3360,\"state\":\"open\",\"locked\":false,\"title\":\"details is an ambigue parameter name\",\"body\":\"\\u003c!--\\nVerify first that your issue/request is not already reported on GitHub.\\nAlso test if the latest release and master branch are affected too.\\nAlways add information AFTER of these HTML comments, but no need to delete the comments.\\n--\\u003e\\nthe parameter name 'details' can mean different things in different API calls. These should be aligned and/or renamed. see the discussion in #3331\\n\\n##### ISSUE TYPE\\n * Improvement Request\\n\\n##### COMPONENT NAME\\n\\u003c!--\\nCategorize the issue, e.g. API, VR, VPN, UI, etc.\\n--\\u003e\\n~~~\\nAPI\\n~~~\\n\\n##### CLOUDSTACK VERSION\\n\\u003c!--\\nNew line separated list of affected versions, commit ID for issues on master branch.\\n--\\u003e\\n\\n~~~\\nall\\n~~~\\n\\n##### SUMMARY\\n\\n\\n| type of details field | class |\\n| - | -  |\\n| | Commands: |\\n| Map | RegisterOAuthProviderCmd.java |\\nMap | BaseUpdateTemplateOrIsoCmd.java\\nList\\\\\\u003cString\\u003e | ListHostsCmd.java\\nMap | UpdateZoneCmd.java\\nMap | CreateNetworkOfferingCmd.java\\nMap | UpdateBgpPeerCmd.java\\nMap | CreateBgpPeerCmd.java\\nMap\\u003cString, String\\u003e | UpgradeSystemVMCmd.java\\nMap\\u003cString, String\\u003e | ScaleSystemVMCmd.java\\nMap | UpdateStoragePoolCmd.java\\nMap | UpdateCloudToUseObjectStoreCmd.java\\nMap | AddImageStoreCmd.java\\nMap\\u003cString, ? extends Map\\u003cString, String\\u003e\\u003e | CreateSecondaryStagingStoreCmd.java\\nMap | AddObjectStoragePoolCmd.java\\nMap | CreateStoragePoolCmd.java\\nMap\\u003cString, String\\u003e | ImportUnmanagedInstanceCmd.java\\nMap | AddGuestOsCmd.java\\nMap | UpdateGuestOsCmd.java\\nMap | CreateDiskOfferingCmd.java\\n| List\\\\\\u003cString\\u003e | ListDomainsCmd.java\\nMap | CreateTemplateCmd.java\\nMap | GetUploadParamsForTemplateCmd.java\\nMap | RegisterTemplateCmd.java\\nList\\\\\\u003cString\\u003e | ListTemplatesCmd.java\\nList\\\\\\u003cString\\u003e | ListProjectsCmd.java\\nMap\\u003cString, String\\u003e | UpgradeVMCmd.java\\nList\\\\\\u003cString\\u003e | ListVMsCmd.java\\nMap | DeployVMCmd.java\\nMap\\u003cString, String\\u003e | UpdateVMCmd.java\\nMap | RestoreVMCmd.java\\n| Map\\u003cString, String\\u003e | ScaleVMCmd.java |\\n| List\\\\\\u003cString\\u003e | ListAccountsCmd.java |\\n| Map | AddResourceDetailCmd.java |\\n| | Responses: |\\n| Map\\u003cString, String\\u003e | TemplateResponse.java |\\nMap | NetworkOfferingResponse.java\\nMap | VolumeForImportResponse.java\\nString | DirectDownloadCertificateHostStatusResponse.java\\nMap | NetworkProtocolResponse.java\\nMap | UserVmResponse.java\\nMap | BgpPeerResponse.java\\nMap\\u003cString, String\\u003e | DiskOfferingResponse.java\\nMap | NetworkResponse.java\\nString | CreateConsoleEndpointResponse.java\\nString | RouterHealthCheckResultResponse.java\\nMap\\u003cString, List\\\\\\u003cString\\u003e\\u003e | DetailOptionsResponse.java\\nMap | HostResponse.java\\nString | UnmanageVMInstanceResponse.java\\n\\nIn addtion to these there are some details related parameters that also have different types i.e. \\u003csome entity type\\u003edetails and some of them even as boolean.\\n\\nThere are two improvements to make here:\\n1. make sure there are no ambiguities for users when they encounter a in- or output field named “details”\\n2. make sure maintainers do not mix different patterns for the same basic functionality\\nthe first being the more important one\\n\\nIn addition to all this there are backwards compatibility concerns. Some can be changed “under the hood” others will have to be marked as “deprecated\\\" to the user and and copied into a in-/output field with a new name, only considering the old one if the new one is missing.\\n\\n##### EXPECTED RESULTS\\nA clear pattern from both user and developer point of view.\\n\\n\",\"author_association\":\"CONTRIBUTOR\",\"user\":{\"login\":\"DaanHoogland\",\"id\":2486961,\"node_id\":\"MDQ6VXNlcjI0ODY5NjE=\",\"avatar_url\":\"https://avatars.githubusercontent.com/u/2486961?v=4\",\"html_url\":\"https://github.com/DaanHoogland\",\"gravatar_id\":\"\",\"type\":\"User\",\"site_admin\":false,\"url\":\"https://api.github.com/users/DaanHoogland\",\"events_url\":\"https://api.github.com/users/DaanHoogland/events{/privacy}\",\"following_url\":\"https://api.github.com/users/DaanHoogland/following{/other_user}\",\"followers_url\":\"https://api.github.com/users/DaanHoogland/followers\",\"gists_url\":\"https://api.github.com/users/DaanHoogland/gists{/gist_id}\",\"organizations_url\":\"https://api.github.com/users/DaanHoogland/orgs\",\"received_events_url\":\"https://api.github.com/users/DaanHoogland/received_events\",\"repos_url\":\"https://api.github.com/users/DaanHoogland/repos\",\"starred_url\":\"https://api.github.com/users/DaanHoogland/starred{/owner}{/repo}\",\"subscriptions_url\":\"https://api.github.com/users/DaanHoogland/subscriptions\"},\"labels\":[{\"id\":817420428,\"url\":\"https://api.github.com/repos/apache/cloudstack/labels/type:improvement\",\"name\":\"type:improvement\",\"color\":\"a5f9ff\",\"description\":\"\",\"default\":false,\"node_id\":\"MDU6TGFiZWw4MTc0MjA0Mjg=\"},{\"id\":821716113,\"url\":\"https://api.github.com/repos/apache/cloudstack/labels/type:cleanup\",\"name\":\"type:cleanup\",\"color\":\"0e8a16\",\"description\":\"\",\"default\":false,\"node_id\":\"MDU6TGFiZWw4MjE3MTYxMTM=\"},{\"id\":1900337335,\"url\":\"https://api.github.com/repos/apache/cloudstack/labels/type:technical-debt\",\"name\":\"type:technical-debt\",\"color\":\"52a8ea\",\"description\":\"\",\"default\":false,\"node_id\":\"MDU6TGFiZWwxOTAwMzM3MzM1\"}],\"comments\":4,\"created_at\":\"2019-05-28T08:46:51Z\",\"updated_at\":\"2026-05-21T14:47:28Z\",\"url\":\"https://api.github.com/repos/apache/cloudstack/issues/3360\",\"html_url\":\"https://github.com/apache/cloudstack/issues/3360\",\"comments_url\":\"https://api.github.com/repos/apache/cloudstack/issues/3360/comments\",\"events_url\":\"https://api.github.com/repos/apache/cloudstack/issues/3360/events\",\"labels_url\":\"https://api.github.com/repos/apache/cloudstack/issues/3360/labels{/name}\",\"repository_url\":\"https://api.github.com/repos/apache/cloudstack\",\"milestone\":{\"url\":\"https://api.github.com/repos/apache/cloudstack/milestones/45\",\"html_url\":\"https://github.com/apache/cloudstack/milestone/45\",\"labels_url\":\"https://api.github.com/repos/apache/cloudstack/milestones/45/labels\",\"id\":14595362,\"number\":45,\"state\":\"open\",\"title\":\"4.20.4\",\"creator\":{\"login\":\"DaanHoogland\",\"id\":2486961,\"node_id\":\"MDQ6VXNlcjI0ODY5NjE=\",\"avatar_url\":\"https://avatars.githubusercontent.com/u/2486961?v=4\",\"html_url\":\"https://github.com/DaanHoogland\",\"gravatar_id\":\"\",\"type\":\"User\",\"site_admin\":false,\"url\":\"https://api.github.com/users/DaanHoogland\",\"events_url\":\"https://api.github.com/users/DaanHoogland/events{/privacy}\",\"following_url\":\"https://api.github.com/users/DaanHoogland/following{/other_user}\",\"followers_url\":\"https://api.github.com/users/DaanHoogland/followers\",\"gists_url\":\"https://api.github.com/users/DaanHoogland/gists{/gist_id}\",\"organizations_url\":\"https://api.github.com/users/DaanHoogland/orgs\",\"received_events_url\":\"https://api.github.com/users/DaanHoogland/received_events\",\"repos_url\":\"https://api.github.com/users/DaanHoogland/repos\",\"starred_url\":\"https://api.github.com/users/DaanHoogland/starred{/owner}{/repo}\",\"subscriptions_url\":\"https://api.github.com/users/DaanHoogland/subscriptions\"},\"open_issues\":135,\"closed_issues\":79,\"created_at\":\"2026-01-21T11:18:05Z\",\"updated_at\":\"2026-09-15T19:56:19Z\",\"node_id\":\"MI_kwDOAJTq2M4A3rUi\"},\"reactions\":{\"total_count\":0,\"+1\":0,\"-1\":0,\"laugh\":0,\"confused\":0,\"heart\":0,\"hooray\":0,\"rocket\":0,\"eyes\":0,\"url\":\"https://api.github.com/repos/apache/cloudstack/issues/3360/reactions\"},\"node_id\":\"MDU6SXNzdWU0NDkxNDA5NTk=\",\"type\":{\"id\":93568,\"node_id\":\"IT_kwDNuP_OAAFtgA\",\"name\":\"Task\",\"description\":\"A specific piece of work\",\"color\":\"yellow\",\"created_at\":\"2024-01-25T09:11:09Z\",\"updated_at\":\"2024-07-26T10:04:57Z\"}},{\"id\":521445102,\"number\":3679,\"state\":\"open\",\"locked\":false,\"title\":\"marvin tests in plugin directory are not considered to be in python package\",\"body\":\"\\u003c!--\\r\\nVerify first that your issue/request is not already reported on GitHub.\\r\\nAlso test if the latest release and master branch are affected too.\\r\\nAlways add information AFTER of these HTML comments, but no need to delete the comments.\\r\\n--\\u003e\\r\\nwhen creating tests in the `tests/integration/plugins` directory, and then executing them in a deployed marvin environment like trillian, local imports do not work. This makes it impossible to modularise tests for plugins to be reused in other environments. The `plugins` directory should work as the `smoke` and `component` directories do.\\r\\n\\r\\n##### ISSUE TYPE\\r\\n\\u003c!-- Pick one below and delete the rest --\\u003e\\r\\n * Improvement Request\\r\\n * Enhancement Request\\r\\n\\r\\n##### COMPONENT NAME\\r\\n\\u003c!--\\r\\nCategorize the issue, e.g. API, VR, VPN, UI, etc.\\r\\n--\\u003e\\r\\n~~~\\r\\n\\r\\n~~~\\r\\n\\r\\n##### CLOUDSTACK VERSION\\r\\n\\u003c!--\\r\\nNew line separated list of affected versions, commit ID for issues on master branch.\\r\\n--\\u003e\\r\\n\\r\\n~~~\\r\\n\\r\\n~~~\\r\\n\\r\\n##### CONFIGURATION\\r\\n\\u003c!--\\r\\nInformation about the configuration if relevant, e.g. basic network, advanced networking, etc.  N/A otherwise\\r\\n--\\u003e\\r\\n\\r\\n\\r\\n##### OS / ENVIRONMENT\\r\\n\\u003c!--\\r\\nInformation about the environment if relevant, N/A otherwise\\r\\n--\\u003e\\r\\n\\r\\n\\r\\n##### SUMMARY\\r\\n\\u003c!-- Explain the problem/feature briefly --\\u003e\\r\\n\\r\\n\\r\\n##### STEPS TO REPRODUCE\\r\\n\\u003c!--\\r\\nFor bugs, show exactly how to reproduce the problem, using a minimal test-case. Use Screenshots if accurate.\\r\\n\\r\\nFor new features, show how the feature would be used.\\r\\n--\\u003e\\r\\n\\r\\n\\u003c!-- Paste example playbooks or commands between quotes below --\\u003e\\r\\n~~~\\r\\n\\r\\n~~~\\r\\n\\r\\n\\u003c!-- You can also paste gist.github.com links for larger files --\\u003e\\r\\n\\r\\n##### EXPECTED RESULTS\\r\\n\\u003c!-- What did you expect to happen when running the steps above? --\\u003e\\r\\n\\r\\n~~~\\r\\n\\r\\n~~~\\r\\n\\r\\n##### ACTUAL RESULTS\\r\\n\\u003c!-- What actually happened? --\\u003e\\r\\n\\r\\n\\u003c!-- Paste verbatim command output between quotes below --\\u003e\\r\\n~~~\\r\\n\\r\\n~~~\\r\\n\",\"author_association\":\"CONTRIBUTOR\",\"user\":{\"login\":\"DaanHoogland\",\"id\":2486961,\"node_id\":\"MDQ6VXNlcjI0ODY5NjE=\",\"avatar_url\":\"https://avatars.githubusercontent.com/u/2486961?v=4\",\"html_url\":\"https://github.com/DaanHoogland\",\"gravatar_id\":\"\",\"type\":\"User\",\"site_admin\":false,\"url\":\"https://api.github.com/users/DaanHoogland\",\"events_url\":\"https://api.github.com/users/DaanHoogland/events{/privacy}\",\"following_url\":\"https://api.github.com/users/DaanHoogland/following{/other_user}\",\"followers_url\":\"https://api.github.com/users/DaanHoogland/followers\",\"gists_url\":\"https://api.github.com/users/DaanHoogland/gists{/gist_id}\",\"organizations_url\":\"https://api.github.com/users/DaanHoogland/orgs\",\"received_events_url\":\"https://api.github.com/users/DaanHoogland/received_events\",\"repos_url\":\"https://api.github.com/users/DaanHoogland/repos\",\"starred_url\":\"https://api.github.com/users/DaanHoogland/starred{/owner}{/repo}\",\"subscriptions_url\":\"https://api.github.com/users/DaanHoogland/subscriptions\"},\"labels\":[{\"id\":817420428,\"url\":\"https://api.github.com/repos/apache/cloudstack/labels/type:improvement\",\"name\":\"type:improvement\",\"color\":\"a5f9ff\",\"description\":\"\",\"default\":false,\"node_id\":\"MDU6TGFiZWw4MTc0MjA0Mjg=\"},{\"id\":1900337335,\"url\":\"https://api.github.com/repos/apache/cloudstack/labels/type:technical-debt\",\"name\":\"type:technical-debt\",\"color\":\"52a8ea\",\"description\":\"\",\"default\":false,\"node_id\":\"MDU6TGFiZWwxOTAwMzM3MzM1\"},{\"id\":2510052725,\"url\":\"https://api.github.com/repos/apache/cloudstack/labels/component:integration-test\",\"name\":\"component:integration-test\",\"color\":\"e858a2\",\"description\":\"\",\"default\":false,\"node_id\":\"MDU6TGFiZWwyNTEwMDUyNzI1\"}],\"assignee\":{\"login\":\"DaanHoogland\",\"id\":2486961,\"node_id\":\"MDQ6VXNlcjI0ODY5NjE=\",\"avatar_url\":\"https://avatars.githubusercontent.com/u/2486961?v=4\",\"html_url\":\"https://github.com/DaanHoogland\",\"gravatar_id\":\"\",\"type\":\"User\",\"site_admin\":false,\"url\":\"https://api.github.com/users/DaanHoogland\",\"events_url\":\"https://api.github.com/users/DaanHoogland/events{/privacy}\",\"following_url\":\"https://api.github.com/users/DaanHoogland/following{/other_user}\",\"followers_url\":\"https://api.github.com/users/DaanHoogland/followers\",\"gists_url\":\"https://api.github.com/users/DaanHoogland/gists{/gist_id}\",\"organizations_url\":\"https://api.github.com/users/DaanHoogland/orgs\",\"received_events_url\":\"https://api.github.com/users/DaanHoogland/received_events\",\"repos_url\":\"https://api.github.com/users/DaanHoogland/repos\",\"starred_url\":\"https://api.github.com/users/DaanHoogland/starred{/owner}{/repo}\",\"subscriptions_url\":\"https://api.github.com/users/DaanHoogland/subscriptions\"},\"comments\":1,\"created_at\":\"2019-11-12T09:58:04Z\",\"updated_at\":\"2026-06-30T12:12:33Z\",\"url\":\"https://api.github.com/repos/apache/cloudstack/issues/3679\",\"html_url\":\"https://github.com/apache/cloudstack/issues/3679\",\"comments_url\":\"https://api.github.com/repos/apache/cloudstack/issues/3679/comments\",\"events_url\":\"https://api.github.com/repos/apache/cloudstack/issues/3679/events\",\"labels_url\":\"https://api.github.com/repos/apache/cloudstack/issues/3679/labels{/name}\",\"repository_url\":\"https://api.github.com/repos/apache/cloudstack\",\"milestone\":{\"url\":\"https://api.github.com/repos/apache/cloudstack/milestones/46\",\"html_url\":\"https://github.com/apache/cloudstack/milestone/46\",\"labels_url\":\"https://api.github.com/repos/apache/cloudstack/milestones/46/labels\",\"id\":15514689,\"number\":46,\"state\":\"open\",\"title\":\"4.22.2\",\"description\":\"\",\"creator\":{\"login\":\"sureshanaparti\",\"id\":12028987,\"node_id\":\"MDQ6VXNlcjEyMDI4OTg3\",\"avatar_url\":\"https://avatars.githubusercontent.com/u/12028987?v=4\",\"html_url\":\"https://github.com/sureshanaparti\",\"gravatar_id\":\"\",\"type\":\"User\",\"site_admin\":false,\"url\":\"https://api.github.com/users/sureshanaparti\",\"events_url\":\"https://api.github.com/users/sureshanaparti/events{/privacy}\",\"following_url\":\"https://api.github.com/users/sureshanaparti/following{/other_user}\",\"followers_url\":\"https://api.github.com/users/sureshanaparti/followers\",\"gists_url\":\"https://api.github.com/users/sureshanaparti/gists{/gist_id}\",\"organizations_url\":\"https://api.github.com/users/sureshanaparti/orgs\",\"received_events_url\":\"https://api.github.com/users/sureshanaparti/received_events\",\"repos_url\":\"https://api.github.com/users/sureshanaparti/repos\",\"starred_url\":\"https://api.github.com/users/sureshanaparti/starred{/owner}{/repo}\",\"subscriptions_url\":\"https://api.github.com/users/sureshanaparti/subscriptions\"},\"open_issues\":253,\"closed_issues\":112,\"created_at\":\"2026-04-13T07:02:43Z\",\"updated_at\":\"2026-09-28T10:46:21Z\",\"node_id\":\"MI_kwDOAJTq2M4A7LxB\"},\"reactions\":{\"total_count\":0,\"+1\":0,\"-1\":0,\"laugh\":0,\"confused\":0,\"heart\":0,\"hooray\":0,\"rocket\":0,\"eyes\":0,\"url\":\"https://api.github.com/repos/apache/cloudstack/issues/3679/reactions\"},\"assignees\":[{\"login\":\"DaanHoogland\",\"id\":2486961,\"node_id\":\"MDQ6VXNlcjI0ODY5NjE=\",\"avatar_url\":\"https://avatars.githubusercontent.com/u/2486961?v=4\",\"html_url\":\"https://github.com/DaanHoogland\",\"gravatar_id\":\"\",\"type\":\"User\",\"site_admin\":false,\"url\":\"https://api.github.com/users/DaanHoogland\",\"events_url\":\"https://api.github.com/users/DaanHoogland/events{/privacy}\",\"following_url\":\"https://api.github.com/users/DaanHoogland/following{/other_user}\",\"followers_url\":\"https://api.github.com/users/DaanHoogland/followers\",\"gists_url\":\"https://api.github.com/users/DaanHoogland/gists{/gist_id}\",\"organizations_url\":\"https://api.github.com/users/DaanHoogland/orgs\",\"received_events_url\":\"https://api.github.com/users/DaanHoogland/received_events\",\"repos_url\":\"https://api.github.com/users/DaanHoogland/repos\",\"starred_url\":\"https://api.github.com/users/DaanHoogland/starred{/owner}{/repo}\",\"subscriptions_url\":\"https://api.github.com/users/DaanHoogland/subscriptions\"}],\"node_id\":\"MDU6SXNzdWU1MjE0NDUxMDI=\",\"type\":{\"id\":93570,\"node_id\":\"IT_kwDNuP_OAAFtgg\",\"name\":\"Bug\",\"description\":\"An unexpected problem or behavior\",\"color\":\"red\",\"created_at\":\"2024-01-25T09:11:09Z\",\"updated_at\":\"2024-07-26T10:04:57Z\"}},{\"id\":522822461,\"number\":3687,\"state\":\"open\",\"locked\":false,\"title\":\"Domain admins not able to add LDAP users\",\"body\":\"\\u003c!--\\r\\nVerify first that your issue/request is not already reported on GitHub.\\r\\nAlso test if the latest release and master branch are affected too.\\r\\nAlways add information AFTER of these HTML comments, but no need to delete the comments.\\r\\n--\\u003e\\r\\n\\r\\n##### ISSUE TYPE\\r\\n\\u003c!-- Pick one below and delete the rest --\\u003e\\r\\n * Improvement Request\\r\\n\\r\\n\\r\\n##### COMPONENT NAME\\r\\n\\u003c!--\\r\\nCategorize the issue, e.g. API, VR, VPN, UI, etc.\\r\\n--\\u003e\\r\\n~~~\\r\\nUI, API\\r\\n~~~\\r\\n\\r\\n##### CLOUDSTACK VERSION\\r\\n\\u003c!--\\r\\nNew line separated list of affected versions, commit ID for issues on master branch.\\r\\n--\\u003e\\r\\n\\r\\n~~~\\r\\n4.14 \\r\\n~~~\\r\\n\\r\\n\\r\\n##### SUMMARY\\r\\n\\u003c!-- Explain the problem/feature briefly --\\u003e\\r\\nDomain admins are not able to see the ‘Add LDAP Account' button at both “Account” tab and Domain - \\u003e Accounts tab. \\r\\nIt would be really good if they can manage that as well, since they manage native users within the domain\\r\\n\\r\\n\",\"author_association\":\"CONTRIBUTOR\",\"user\":{\"login\":\"borisstoyanov\",\"id\":13551960,\"node_id\":\"MDQ6VXNlcjEzNTUxOTYw\",\"avatar_url\":\"https://avatars.githubusercontent.com/u/13551960?v=4\",\"html_url\":\"https://github.com/borisstoyanov\",\"gravatar_id\":\"\",\"type\":\"User\",\"site_admin\":false,\"url\":\"https://api.github.com/users/borisstoyanov\",\"events_url\":\"https://api.github.com/users/borisstoyanov/events{/privacy}\",\"following_url\":\"https://api.github.com/users/borisstoyanov/following{/other_user}\",\"followers_url\":\"https://api.github.com/users/borisstoyanov/followers\",\"gists_url\":\"https://api.github.com/users/borisstoyanov/gists{/gist_id}\",\"organizations_url\":\"https://api.github.com/users/borisstoyanov/orgs\",\"received_events_url\":\"https://api.github.com/users/borisstoyanov/received_events\",\"repos_url\":\"https://api.github.com/users/borisstoyanov/repos\",\"starred_url\":\"https://api.github.com/users/borisstoyanov/starred{/owner}{/repo}\",\"subscriptions_url\":\"https://api.github.com/users/borisstoyanov/subscriptions\"},\"labels\":[{\"id\":37843366,\"url\":\"https://api.github.com/repos/apache/cloudstack/labels/type:enhancement\",\"name\":\"type:enhancement\",\"color\":\"84b6eb\",\"description\":\"\",\"default\":false,\"node_id\":\"MDU6TGFiZWwzNzg0MzM2Ng==\"},{\"id\":584073853,\"url\":\"https://api.github.com/repos/apache/cloudstack/labels/component:api\",\"name\":\"component:api\",\"color\":\"1DB401\",\"description\":\"\",\"default\":false,\"node_id\":\"MDU6TGFiZWw1ODQwNzM4NTM=\"},{\"id\":739374767,\"url\":\"https://api.github.com/repos/apache/cloudstack/labels/component:UI\",\"name\":\"component:UI\",\"color\":\"ea62a8\",\"description\":\"\",\"default\":false,\"node_id\":\"MDU6TGFiZWw3MzkzNzQ3Njc=\"},{\"id\":817420428,\"url\":\"https://api.github.com/repos/apache/cloudstack/labels/type:improvement\",\"name\":\"type:improvement\",\"color\":\"a5f9ff\",\"description\":\"\",\"default\":false,\"node_id\":\"MDU6TGFiZWw4MTc0MjA0Mjg=\"},{\"id\":1391978885,\"url\":\"https://api.github.com/repos/apache/cloudstack/labels/component:LDAP\",\"name\":\"component:LDAP\",\"color\":\"b2ef67\",\"description\":\"\",\"default\":false,\"node_id\":\"MDU6TGFiZWwxMzkxOTc4ODg1\"},{\"id\":2630836378,\"url\":\"https://api.github.com/repos/apache/cloudstack/labels/status:needs-functional-definition\",\"name\":\"status:needs-functional-definition\",\"color\":\"951862\",\"description\":\"\",\"default\":false,\"node_id\":\"MDU6TGFiZWwyNjMwODM2Mzc4\"}],\"assignee\":{\"login\":\"DaanHoogland\",\"id\":2486961,\"node_id\":\"MDQ6VXNlcjI0ODY5NjE=\",\"avatar_url\":\"https://avatars.githubusercontent.com/u/2486961?v=4\",\"html_url\":\"https://github.com/DaanHoogland\",\"gravatar_id\":\"\",\"type\":\"User\",\"site_admin\":false,\"url\":\"https://api.github.com/users/DaanHoogland\",\"events_url\":\"https://api.github.com/users/DaanHoogland/events{/privacy}\",\"following_url\":\"https://api.github.com/users/DaanHoogland/following{/other_user}\",\"followers_url\":\"https://api.github.com/users/DaanHoogland/followers\",\"gists_url\":\"https://api.github.com/users/DaanHoogland/gists{/gist_id}\",\"organizations_url\":\"https://api.github.com/users/DaanHoogland/orgs\",\"received_events_url\":\"https://api.github.com/users/DaanHoogland/received_events\",\"repos_url\":\"https://api.github.com/users/DaanHoogland/repos\",\"starred_url\":\"https://api.github.com/users/DaanHoogland/starred{/owner}{/repo}\",\"subscriptions_url\":\"https://api.github.com/users/DaanHoogland/subscriptions\"},\"comments\":6,\"created_at\":\"2019-11-14T12:20:34Z\",\"updated_at\":\"2026-08-13T15:07:55Z\",\"url\":\"https://api.github.com/repos/apache/cloudstack/issues/3687\",\"html_url\":\"https://github.com/apache/cloudstack/issues/3687\",\"comments_url\":\"https://api.github.com/repos/apache/cloudstack/issues/3687/comments\",\"events_url\":\"https://api.github.com/repos/apache/cloudstack/issues/3687/events\",\"labels_url\":\"https://api.github.com/repos/apache/cloudstack/issues/3687/labels{/name}\",\"repository_url\":\"https://api.github.com/repos/apache/cloudstack\",\"milestone\":{\"url\":\"https://api.github.com/repos/apache/cloudstack/milestones/47\",\"html_url\":\"https://github.com/apache/cloudstack/milestone/47\",\"labels_url\":\"https://api.github.com/repos/apache/cloudstack/milestones/47/labels\",\"id\":15843055,\"number\":47,\"state\":\"open\",\"title\":\"24.0\",\"description\":\"\",\"creator\":{\"login\":\"weizhouapache\",\"id\":57355700,\"node_id\":\"MDQ6VXNlcjU3MzU1NzAw\",\"avatar_url\":\"https://avatars.githubusercontent.com/u/57355700?v=4\",\"html_url\":\"https://github.com/weizhouapache\",\"gravatar_id\":\"\",\"type\":\"User\",\"site_admin\":false,\"url\":\"https://api.github.com/users/weizhouapache\",\"events_url\":\"https://api.github.com/users/weizhouapache/events{/privacy}\",\"following_url\":\"https://api.github.com/users/weizhouapache/following{/other_user}\",\"followers_url\":\"https://api.github.com/users/weizhouapache/followers\",\"gists_url\":\"https://api.github.com/users/weizhouapache/gists{/gist_id}\",\"organizations_url\":\"https://api.github.com/users/weizhouapache/orgs\",\"received_events_url\":\"https://api.github.com/users/weizhouapache/received_events\",\"repos_url\":\"https://api.github.com/users/weizhouapache/repos\",\"starred_url\":\"https://api.github.com/users/weizhouapache/starred{/owner}{/repo}\",\"subscriptions_url\":\"https://api.github.com/users/weizhouapache/subscriptions\"},\"open_issues\":271,\"closed_issues\":36,\"created_at\":\"2026-05-08T06:15:20Z\",\"updated_at\":\"2026-09-24T11:07:46Z\",\"node_id\":\"MI_kwDOAJTq2M4A8b7v\"},\"reactions\":{\"total_count\":0,\"+1\":0,\"-1\":0,\"laugh\":0,\"confused\":0,\"heart\":0,\"hooray\":0,\"rocket\":0,\"eyes\":0,\"url\":\"https://api.github.com/repos/apache/cloudstack/issues/3687/reactions\"},\"assignees\":[{\"login\":\"DaanHoogland\",\"id\":2486961,\"node_id\":\"MDQ6VXNlcjI0ODY5NjE=\",\"avatar_url\":\"https://avatars.githubusercontent.com/u/2486961?v=4\",\"html_url\":\"https://github.com/DaanHoogland\",\"gravatar_id\":\"\",\"type\":\"User\",\"site_admin\":false,\"url\":\"https://api.github.com/users/DaanHoogland\",\"events_url\":\"https://api.github.com/users/DaanHoogland/events{/privacy}\",\"following_url\":\"https://api.github.com/users/DaanHoogland/following{/other_user}\",\"followers_url\":\"https://api.github.com/users/DaanHoogland/followers\",\"gists_url\":\"https://api.github.com/users/DaanHoogland/gists{/gist_id}\",\"organizations_url\":\"https://api.github.com/users/DaanHoogland/orgs\",\"received_events_url\":\"https://api.github.com/users/DaanHoogland/received_events\",\"repos_url\":\"https://api.github.com/users/DaanHoogland/repos\",\"starred_url\":\"https://api.github.com/users/DaanHoogland/starred{/owner}{/repo}\",\"subscriptions_url\":\"https://api.github.com/users/DaanHoogland/subscriptions\"}],\"node_id\":\"MDU6SXNzdWU1MjI4MjI0NjE=\",\"type\":{\"id\":93574,\"node_id\":\"IT_kwDNuP_OAAFthg\",\"name\":\"Feature\",\"description\":\"A request, idea, or new functionality\",\"color\":\"blue\",\"created_at\":\"2024-01-25T09:11:09Z\",\"updated_at\":\"2024-10-08T08:30:20Z\"}},{\"id\":525033423,\"number\":3693,\"state\":\"open\",\"locked\":false,\"title\":\"cleanup test resources\",\"body\":\"\\u003c!--\\r\\nVerify first that your issue/request is not already reported on GitHub.\\r\\nAlso test if the latest release and master branch are affected too.\\r\\nAlways add information AFTER of these HTML comments, but no need to delete the comments.\\r\\n--\\u003e\\r\\nThis is to clean-up tests that create resources and do not clean-up after themselves. The idea is that the entire test-suite should be able to be run in a production environment without harming or messing up. In smoke tests running in Trillian we found the following tests to leave stuff around (the checks fixed in scope of this pr are just for simulator):\\r\\n\\r\\n- [X] test_accounts #3657 #4473\\r\\n- [x] test_affinity_groups_projects #4473\\r\\n- [x] test_async_job #4473\\r\\n- [ ] test_deploy_vm_iso\\r\\n- [x] test_deploy_vms_with_varied_deploymentplanners #4289\\r\\n- [ ] test_deploy_vm_with_userdata\\r\\n- [x] test_diagnostics #4289\\r\\n- [ ] test_domain_service_offerings\\r\\n- [x] test_internal_lb #4727\\r\\n- [ ] test_list_ids_parameter\\r\\n- [ ] test_loadbalance\\r\\n- [ ] test_metrics_api\\r\\n- [ ] test_multipleips_per_nic\\r\\n- [ ] test_nested_virtualization\\r\\n- [ ] test_network_acl\\r\\n- [ ] test_network\\r\\n- [ ] test_nic_adapter_type\\r\\n- [ ] test_password_server\\r\\n- [ ] test_portforwardingrules\\r\\n- [ ] test_privategw_acl\\r\\n- [x] test_projects #3657\\r\\n- [ ] test_reset_vm_on_reboot\\r\\n- [ ] test_resource_accounting\\r\\n- [ ] test_router_dhcphosts #5562 \\r\\n- [ ] test_router_dns\\r\\n- [ ] test_router_dnsservice\\r\\n- [ ] test_routers_iptables_default_policy\\r\\n- [ ] test_routers_network_ops\\r\\n- [x] test_routers #4289\\r\\n- [ ] test_service_offerings\\r\\n- [ ] test_snapshots\\r\\n- [ ] test_templates\\r\\n- [x] test_vm_deployment_planner #7183 - some work might be remaining due to the way VMs are created in this test-suite\\r\\n- [ ] test_vpc_redundant\\r\\n- [ ] test_vpc_router_nics\\r\\n- [x] test_vpc_vpn #4289\\r\\n- [ ] test_hostha_kvm #8196 - disabling and enabling host HA, not sure if this should be a smoke test!?\\r\\n\\r\\n##### ISSUE TYPE\\r\\n\\u003c!-- Pick one below and delete the rest --\\u003e\\r\\n * Bug Report\\r\\n * Other: test improvements\\r\\n\",\"author_association\":\"CONTRIBUTOR\",\"user\":{\"login\":\"DaanHoogland\",\"id\":2486961,\"node_id\":\"MDQ6VXNlcjI0ODY5NjE=\",\"avatar_url\":\"https://avatars.githubusercontent.com/u/2486961?v=4\",\"html_url\":\"https://github.com/DaanHoogland\",\"gravatar_id\":\"\",\"type\":\"User\",\"site_admin\":false,\"url\":\"https://api.github.com/users/DaanHoogland\",\"events_url\":\"https://api.github.com/users/DaanHoogland/events{/privacy}\",\"following_url\":\"https://api.github.com/users/DaanHoogland/following{/other_user}\",\"followers_url\":\"https://api.github.com/users/DaanHoogland/followers\",\"gists_url\":\"https://api.github.com/users/DaanHoogland/gists{/gist_id}\",\"organizations_url\":\"https://api.github.com/users/DaanHoogland/orgs\",\"received_events_url\":\"https://api.github.com/users/DaanHoogland/received_events\",\"repos_url\":\"https://api.github.com/users/DaanHoogland/repos\",\"starred_url\":\"https://api.github.com/users/DaanHoogland/starred{/owner}{/repo}\",\"subscriptions_url\":\"https://api.github.com/users/DaanHoogland/subscriptions\"},\"labels\":[{\"id\":589162089,\"url\":\"https://api.github.com/repos/apache/cloudstack/labels/status:work-in-progress\",\"name\":\"status:work-in-progress\",\"color\":\"bfd4f2\",\"description\":\"\",\"default\":false,\"node_id\":\"MDU6TGFiZWw1ODkxNjIwODk=\"},{\"id\":821716113,\"url\":\"https://api.github.com/repos/apache/cloudstack/labels/type:cleanup\",\"name\":\"type:cleanup\",\"color\":\"0e8a16\",\"description\":\"\",\"default\":false,\"node_id\":\"MDU6TGFiZWw4MjE3MTYxMTM=\"},{\"id\":1900337335,\"url\":\"https://api.github.com/repos/apache/cloudstack/labels/type:technical-debt\",\"name\":\"type:technical-debt\",\"color\":\"52a8ea\",\"description\":\"\",\"default\":false,\"node_id\":\"MDU6TGFiZWwxOTAwMzM3MzM1\"},{\"id\":2510052725,\"url\":\"https://api.github.com/repos/apache/cloudstack/labels/component:integration-test\",\"name\":\"component:integration-test\",\"color\":\"e858a2\",\"description\":\"\",\"default\":false,\"node_id\":\"MDU6TGFiZWwyNTEwMDUyNzI1\"}],\"assignee\":{\"login\":\"DaanHoogland\",\"id\":2486961,\"node_id\":\"MDQ6VXNlcjI0ODY5NjE=\",\"avatar_url\":\"https://avatars.githubusercontent.com/u/2486961?v=4\",\"html_url\":\"https://github.com/DaanHoogland\",\"gravatar_id\":\"\",\"type\":\"User\",\"site_admin\":false,\"url\":\"https://api.github.com/users/DaanHoogland\",\"events_url\":\"https://api.github.com/users/DaanHoogland/events{/privacy}\",\"following_url\":\"https://api.github.com/users/DaanHoogland/following{/other_user}\",\"followers_url\":\"https://api.github.com/users/DaanHoogland/followers\",\"gists_url\":\"https://api.github.com/users/DaanHoogland/gists{/gist_id}\",\"organizations_url\":\"https://api.github.com/users/DaanHoogland/orgs\",\"received_events_url\":\"https://api.github.com/users/DaanHoogland/received_events\",\"repos_url\":\"https://api.github.com/users/DaanHoogland/repos\",\"starred_url\":\"https://api.github.com/users/DaanHoogland/starred{/owner}{/repo}\",\"subscriptions_url\":\"https://api.github.com/users/DaanHoogland/subscriptions\"},\"comments\":13,\"created_at\":\"2019-11-19T14:10:03Z\",\"updated_at\":\"2026-06-27T14:43:33Z\",\"url\":\"https://api.github.com/repos/apache/cloudstack/issues/3693\",\"html_url\":\"https://github.com/apache/cloudstack/issues/3693\",\"comments_url\":\"https://api.github.com/repos/apache/cloudstack/issues/3693/comments\",\"events_url\":\"https://api.github.com/repos/apache/cloudstack/issues/3693/events\",\"labels_url\":\"https://api.github.com/repos/apache/cloudstack/issues/3693/labels{/name}\",\"repository_url\":\"https://api.github.com/repos/apache/cloudstack\",\"milestone\":{\"url\":\"https://api.github.com/repos/apache/cloudstack/milestones/47\",\"html_url\":\"https://github.com/apache/cloudstack/milestone/47\",\"labels_url\":\"https://api.github.com/repos/apache/cloudstack/milestones/47/labels\",\"id\":15843055,\"number\":47,\"state\":\"open\",\"title\":\"24.0\",\"description\":\"\",\"creator\":{\"login\":\"weizhouapache\",\"id\":57355700,\"node_id\":\"MDQ6VXNlcjU3MzU1NzAw\",\"avatar_url\":\"https://avatars.githubusercontent.com/u/57355700?v=4\",\"html_url\":\"https://github.com/weizhouapache\",\"gravatar_id\":\"\",\"type\":\"User\",\"site_admin\":false,\"url\":\"https://api.github.com/users/weizhouapache\",\"events_url\":\"https://api.github.com/users/weizhouapache/events{/privacy}\",\"following_url\":\"https://api.github.com/users/weizhouapache/following{/other_user}\",\"followers_url\":\"https://api.github.com/users/weizhouapache/followers\",\"gists_url\":\"https://api.github.com/users/weizhouapache/gists{/gist_id}\",\"organizations_url\":\"https://api.github.com/users/weizhouapache/orgs\",\"received_events_url\":\"https://api.github.com/users/weizhouapache/received_events\",\"repos_url\":\"https://api.github.com/users/weizhouapache/repos\",\"starred_url\":\"https://api.github.com/users/weizhouapache/starred{/owner}{/repo}\",\"subscriptions_url\":\"https://api.github.com/users/weizhouapache/subscriptions\"},\"open_issues\":271,\"closed_issues\":36,\"created_at\":\"2026-05-08T06:15:20Z\",\"updated_at\":\"2026-09-24T11:07:46Z\",\"node_id\":\"MI_kwDOAJTq2M4A8b7v\"},\"reactions\":{\"total_count\":0,\"+1\":0,\"-1\":0,\"laugh\":0,\"confused\":0,\"heart\":0,\"hooray\":0,\"rocket\":0,\"eyes\":0,\"url\":\"https://api.github.com/repos/apache/cloudstack/issues/3693/reactions\"},\"assignees\":[{\"login\":\"DaanHoogland\",\"id\":2486961,\"node_id\":\"MDQ6VXNlcjI0ODY5NjE=\",\"avatar_url\":\"https://avatars.githubusercontent.com/u/2486961?v=4\",\"html_url\":\"https://github.com/DaanHoogland\",\"gravatar_id\":\"\",\"type\":\"User\",\"site_admin\":false,\"url\":\"https://api.github.com/users/DaanHoogland\",\"events_url\":\"https://api.github.com/users/DaanHoogland/events{/privacy}\",\"following_url\":\"https://api.github.com/users/DaanHoogland/following{/other_user}\",\"followers_url\":\"https://api.github.com/users/DaanHoogland/followers\",\"gists_url\":\"https://api.github.com/users/DaanHoogland/gists{/gist_id}\",\"organizations_url\":\"https://api.github.com/users/DaanHoogland/orgs\",\"received_events_url\":\"https://api.github.com/users/DaanHoogland/received_events\",\"repos_url\":\"https://api.github.com/users/DaanHoogland/repos\",\"starred_url\":\"https://api.github.com/users/DaanHoogland/starred{/owner}{/repo}\",\"subscriptions_url\":\"https://api.github.com/users/DaanHoogland/subscriptions\"}],\"node_id\":\"MDU6SXNzdWU1MjUwMzM0MjM=\",\"type\":{\"id\":93568,\"node_id\":\"IT_kwDNuP_OAAFtgA\",\"name\":\"Task\",\"description\":\"A specific piece of work\",\"color\":\"yellow\",\"created_at\":\"2024-01-25T09:11:09Z\",\"updated_at\":\"2024-07-26T10:04:57Z\"}},{\"id\":534553127,\"number\":3751,\"state\":\"open\",\"locked\":false,\"title\":\"Add iscsi as secondary storage\",\"body\":\"It seems iscsi has better performance in comparison to NFS, specially in vmware environment.\\r\\nSo I think it will be a good idea to add support of iscsi to secondary storage.\",\"author_association\":\"CONTRIBUTOR\",\"user\":{\"login\":\"aleskxyz\",\"id\":39186039,\"node_id\":\"MDQ6VXNlcjM5MTg2MDM5\",\"avatar_url\":\"https://avatars.githubusercontent.com/u/39186039?v=4\",\"html_url\":\"https://github.com/aleskxyz\",\"gravatar_id\":\"\",\"type\":\"User\",\"site_admin\":false,\"url\":\"https://api.github.com/users/aleskxyz\",\"events_url\":\"https://api.github.com/users/aleskxyz/events{/privacy}\",\"following_url\":\"https://api.github.com/users/aleskxyz/following{/other_user}\",\"followers_url\":\"https://api.github.com/users/aleskxyz/followers\",\"gists_url\":\"https://api.github.com/users/aleskxyz/gists{/gist_id}\",\"organizations_url\":\"https://api.github.com/users/aleskxyz/orgs\",\"received_events_url\":\"https://api.github.com/users/aleskxyz/received_events\",\"repos_url\":\"https://api.github.com/users/aleskxyz/repos\",\"starred_url\":\"https://api.github.com/users/aleskxyz/starred{/owner}{/repo}\",\"subscriptions_url\":\"https://api.github.com/users/aleskxyz/subscriptions\"},\"labels\":[{\"id\":584073449,\"url\":\"https://api.github.com/repos/apache/cloudstack/labels/component:ssvm\",\"name\":\"component:ssvm\",\"color\":\"c5def5\",\"description\":\"\",\"default\":false,\"node_id\":\"MDU6TGFiZWw1ODQwNzM0NDk=\"},{\"id\":584073788,\"url\":\"https://api.github.com/repos/apache/cloudstack/labels/component:iscsi\",\"name\":\"component:iscsi\",\"color\":\"0e8a16\",\"description\":\"\",\"default\":false,\"node_id\":\"MDU6TGFiZWw1ODQwNzM3ODg=\"},{\"id\":1150675549,\"url\":\"https://api.github.com/repos/apache/cloudstack/labels/type:new-feature\",\"name\":\"type:new-feature\",\"color\":\"4471c4\",\"description\":\"\",\"default\":false,\"node_id\":\"MDU6TGFiZWwxMTUwNjc1NTQ5\"},{\"id\":9849008471,\"url\":\"https://api.github.com/repos/apache/cloudstack/labels/no-issue-activity\",\"name\":\"no-issue-activity\",\"color\":\"ededed\",\"default\":false,\"node_id\":\"LA_kwDOAJTq2M8AAAACSwvxVw\"},{\"id\":9851088157,\"url\":\"https://api.github.com/repos/apache/cloudstack/labels/long-term-plan\",\"name\":\"long-term-plan\",\"color\":\"aaaaaa\",\"description\":\"remove this label if you plan to pick up this issue.\",\"default\":false,\"node_id\":\"LA_kwDOAJTq2M8AAAACSyutHQ\"}],\"assignee\":{\"login\":\"winterhazel\",\"id\":25729641,\"node_id\":\"MDQ6VXNlcjI1NzI5NjQx\",\"avatar_url\":\"https://avatars.githubusercontent.com/u/25729641?v=4\",\"html_url\":\"https://github.com/winterhazel\",\"gravatar_id\":\"\",\"type\":\"User\",\"site_admin\":false,\"url\":\"https://api.github.com/users/winterhazel\",\"events_url\":\"https://api.github.com/users/winterhazel/events{/privacy}\",\"following_url\":\"https://api.github.com/users/winterhazel/following{/other_user}\",\"followers_url\":\"https://api.github.com/users/winterhazel/followers\",\"gists_url\":\"https://api.github.com/users/winterhazel/gists{/gist_id}\",\"organizations_url\":\"https://api.github.com/users/winterhazel/orgs\",\"received_events_url\":\"https://api.github.com/users/winterhazel/received_events\",\"repos_url\":\"https://api.github.com/users/winterhazel/repos\",\"starred_url\":\"https://api.github.com/users/winterhazel/starred{/owner}{/repo}\",\"subscriptions_url\":\"https://api.github.com/users/winterhazel/subscriptions\"},\"comments\":10,\"created_at\":\"2019-12-08T14:55:47Z\",\"updated_at\":\"2026-05-08T12:10:19Z\",\"url\":\"https://api.github.com/repos/apache/cloudstack/issues/3751\",\"html_url\":\"https://github.com/apache/cloudstack/issues/3751\",\"comments_url\":\"https://api.github.com/repos/apache/cloudstack/issues/3751/comments\",\"events_url\":\"https://api.github.com/repos/apache/cloudstack/issues/3751/events\",\"labels_url\":\"https://api.github.com/repos/apache/cloudstack/issues/3751/labels{/name}\",\"repository_url\":\"https://api.github.com/repos/apache/cloudstack\",\"milestone\":{\"url\":\"https://api.github.com/repos/apache/cloudstack/milestones/19\",\"html_url\":\"https://github.com/apache/cloudstack/milestone/19\",\"labels_url\":\"https://api.github.com/repos/apache/cloudstack/milestones/19/labels\",\"id\":6265435,\"number\":19,\"state\":\"open\",\"title\":\"unplanned\",\"creator\":{\"login\":\"DaanHoogland\",\"id\":2486961,\"node_id\":\"MDQ6VXNlcjI0ODY5NjE=\",\"avatar_url\":\"https://avatars.githubusercontent.com/u/2486961?v=4\",\"html_url\":\"https://github.com/DaanHoogland\",\"gravatar_id\":\"\",\"type\":\"User\",\"site_admin\":false,\"url\":\"https://api.github.com/users/DaanHoogland\",\"events_url\":\"https://api.github.com/users/DaanHoogland/events{/privacy}\",\"following_url\":\"https://api.github.com/users/DaanHoogland/following{/other_user}\",\"followers_url\":\"https://api.github.com/users/DaanHoogland/followers\",\"gists_url\":\"https://api.github.com/users/DaanHoogland/gists{/gist_id}\",\"organizations_url\":\"https://api.github.com/users/DaanHoogland/orgs\",\"received_events_url\":\"https://api.github.com/users/DaanHoogland/received_events\",\"repos_url\":\"https://api.github.com/users/DaanHoogland/repos\",\"starred_url\":\"https://api.github.com/users/DaanHoogland/starred{/owner}{/repo}\",\"subscriptions_url\":\"https://api.github.com/users/DaanHoogland/subscriptions\"},\"open_issues\":185,\"closed_issues\":1302,\"created_at\":\"2021-01-04T09:07:50Z\",\"updated_at\":\"2026-09-24T11:01:33Z\",\"node_id\":\"MDk6TWlsZXN0b25lNjI2NTQzNQ==\"},\"reactions\":{\"total_count\":0,\"+1\":0,\"-1\":0,\"laugh\":0,\"confused\":0,\"heart\":0,\"hooray\":0,\"rocket\":0,\"eyes\":0,\"url\":\"https://api.github.com/repos/apache/cloudstack/issues/3751/reactions\"},\"assignees\":[{\"login\":\"winterhazel\",\"id\":25729641,\"node_id\":\"MDQ6VXNlcjI1NzI5NjQx\",\"avatar_url\":\"https://avatars.githubusercontent.com/u/25729641?v=4\",\"html_url\":\"https://github.com/winterhazel\",\"gravatar_id\":\"\",\"type\":\"User\",\"site_admin\":false,\"url\":\"https://api.github.com/users/winterhazel\",\"events_url\":\"https://api.github.com/users/winterhazel/events{/privacy}\",\"following_url\":\"https://api.github.com/users/winterhazel/following{/other_user}\",\"followers_url\":\"https://api.github.com/users/winterhazel/followers\",\"gists_url\":\"https://api.github.com/users/winterhazel/gists{/gist_id}\",\"organizations_url\":\"https://api.github.com/users/winterhazel/orgs\",\"received_events_url\":\"https://api.github.com/users/winterhazel/received_events\",\"repos_url\":\"https://api.github.com/users/winterhazel/repos\",\"starred_url\":\"https://api.github.com/users/winterhazel/starred{/owner}{/repo}\",\"subscriptions_url\":\"https://api.github.com/users/winterhazel/subscriptions\"}],\"node_id\":\"MDU6SXNzdWU1MzQ1NTMxMjc=\",\"type\":{\"id\":93574,\"node_id\":\"IT_kwDNuP_OAAFthg\",\"name\":\"Feature\",\"description\":\"A request, idea, or new functionality\",\"color\":\"blue\",\"created_at\":\"2024-01-25T09:11:09Z\",\"updated_at\":\"2024-10-08T08:30:20Z\"}},{\"id\":714793126,\"number\":4370,\"state\":\"open\",\"state_reason\":\"reopened\",\"locked\":false,\"title\":\"more fine grained categorisation for tests\",\"body\":\"\\u003c!--\\r\\nVerify first that your issue/request is not already reported on GitHub.\\r\\nAlso test if the latest release and master branch are affected too.\\r\\nAlways add information AFTER of these HTML comments, but no need to delete the comments.\\r\\n--\\u003e\\r\\nas a tester, one would want a more fine grained categorisation than \\\"smoke\\\", \\\"component\\\", \\\"integration\\\" to be able to quickly test a PR against features it touches on.\\r\\n\\r\\n##### ISSUE TYPE\\r\\n\\u003c!-- Pick one below and delete the rest --\\u003e\\r\\n * Improvement Request\\r\\n * Enhancement Request\\r\\n * Feature Idea\\r\\n * Other : testing aid\\r\\n\\r\\n##### COMPONENT NAME\\r\\n\\u003c!--\\r\\nCategorize the issue, e.g. API, VR, VPN, UI, etc.\\r\\n--\\u003e\\r\\n~~~\\r\\nMarvin\\r\\n~~~\\r\\n\\r\\n##### CLOUDSTACK VERSION\\r\\n\\u003c!--\\r\\nNew line separated list of affected versions, commit ID for issues on master branch.\\r\\n--\\u003e\\r\\n\\r\\n~~~\\r\\n\\r\\n~~~\\r\\n\\r\\n##### CONFIGURATION\\r\\n\\u003c!--\\r\\nInformation about the configuration if relevant, e.g. basic network, advanced networking, etc.  N/A otherwise\\r\\n--\\u003e\\r\\n\\r\\n\\r\\n##### OS / ENVIRONMENT\\r\\n\\u003c!--\\r\\nInformation about the environment if relevant, N/A otherwise\\r\\n--\\u003e\\r\\n\\r\\n\\r\\n##### SUMMARY\\r\\n\\u003c!-- Explain the problem/feature briefly --\\u003e\\r\\nwhen a PR is tested it is usually tested against a set of smoke tests in travis or a private cloud with s.moke tests and than maybe avery feature specific (often manual) test. A better categorisation would help in testing more related code and would allow for bypassing any tests that have no baring on the subject of the change.\\r\\nA blueorangutan smoke test run takes anywhere between 8 and 15 hours and fails only once after the run, albeit with multiple reports. It would be helpful to run a smaller set of basic tests. if this set passes than a more high level batch could be choosen for a next step.\\r\\n\\r\\n##### STEPS TO REPRODUCE\\r\\n\\u003c!--\\r\\nFor bugs, show exactly how to reproduce the problem, using a minimal test-case. Use Screenshots if accurate.\\r\\n\\r\\nFor new features, show how the feature would be used.\\r\\n--\\u003e\\r\\n\\r\\n\\u003c!-- Paste example playbooks or commands between quotes below --\\u003e\\r\\n~~~\\r\\ngo-test smoke\\r\\ngo-test accounts-and-roles\\r\\ngo-test instance-groups\\r\\ngo-test ...\\r\\n~~~\\r\\n\\r\\n`go-test` could be any test infra structure like blueorangutan. It is used to illustrate the categorisation, not the test-infrastructure.\\r\\n\\r\\n\\u003c!-- You can also paste gist.github.com links for larger files --\\u003e\\r\\n\\r\\n##### EXPECTED RESULTS\\r\\n\\u003c!-- What did you expect to happen when running the steps above? --\\u003e\\r\\n\\r\\n~~~\\r\\n\\r\\n~~~\\r\\n\\r\\n##### ACTUAL RESULTS\\r\\n\\u003c!-- What actually happened? --\\u003e\\r\\n\\r\\n\\u003c!-- Paste verbatim command output between quotes below --\\u003e\\r\\n~~~\\r\\n\\r\\n~~~\\r\\n\",\"author_association\":\"CONTRIBUTOR\",\"user\":{\"login\":\"DaanHoogland\",\"id\":2486961,\"node_id\":\"MDQ6VXNlcjI0ODY5NjE=\",\"avatar_url\":\"https://avatars.githubusercontent.com/u/2486961?v=4\",\"html_url\":\"https://github.com/DaanHoogland\",\"gravatar_id\":\"\",\"type\":\"User\",\"site_admin\":false,\"url\":\"https://api.github.com/users/DaanHoogland\",\"events_url\":\"https://api.github.com/users/DaanHoogland/events{/privacy}\",\"following_url\":\"https://api.github.com/users/DaanHoogland/following{/other_user}\",\"followers_url\":\"https://api.github.com/users/DaanHoogland/followers\",\"gists_url\":\"https://api.github.com/users/DaanHoogland/gists{/gist_id}\",\"organizations_url\":\"https://api.github.com/users/DaanHoogland/orgs\",\"received_events_url\":\"https://api.github.com/users/DaanHoogland/received_events\",\"repos_url\":\"https://api.github.com/users/DaanHoogland/repos\",\"starred_url\":\"https://api.github.com/users/DaanHoogland/starred{/owner}{/repo}\",\"subscriptions_url\":\"https://api.github.com/users/DaanHoogland/subscriptions\"},\"labels\":[{\"id\":1663969521,\"url\":\"https://api.github.com/repos/apache/cloudstack/labels/Severity:Major\",\"name\":\"Severity:Major\",\"color\":\"903636\",\"description\":\"\",\"default\":false,\"node_id\":\"MDU6TGFiZWwxNjYzOTY5NTIx\"},{\"id\":2510052725,\"url\":\"https://api.github.com/repos/apache/cloudstack/labels/component:integration-test\",\"name\":\"component:integration-test\",\"color\":\"e858a2\",\"description\":\"\",\"default\":false,\"node_id\":\"MDU6TGFiZWwyNTEwMDUyNzI1\"},{\"id\":9839977590,\"url\":\"https://api.github.com/repos/apache/cloudstack/labels/status:on-hold\",\"name\":\"status:on-hold\",\"color\":\"1C6534\",\"description\":\"\",\"default\":false,\"node_id\":\"LA_kwDOAJTq2M8AAAACSoIkdg\"},{\"id\":9851088157,\"url\":\"https://api.github.com/repos/apache/cloudstack/labels/long-term-plan\",\"name\":\"long-term-plan\",\"color\":\"aaaaaa\",\"description\":\"remove this label if you plan to pick up this issue.\",\"default\":false,\"node_id\":\"LA_kwDOAJTq2M8AAAACSyutHQ\"}],\"comments\":6,\"created_at\":\"2020-10-05T12:24:50Z\",\"updated_at\":\"2026-05-08T12:09:40Z\",\"url\":\"https://api.github.com/repos/apache/cloudstack/issues/4370\",\"html_url\":\"https://github.com/apache/cloudstack/issues/4370\",\"comments_url\":\"https://api.github.com/repos/apache/cloudstack/issues/4370/comments\",\"events_url\":\"https://api.github.com/repos/apache/cloudstack/issues/4370/events\",\"labels_url\":\"https://api.github.com/repos/apache/cloudstack/issues/4370/labels{/name}\",\"repository_url\":\"https://api.github.com/repos/apache/cloudstack\",\"milestone\":{\"url\":\"https://api.github.com/repos/apache/cloudstack/milestones/19\",\"html_url\":\"https://github.com/apache/cloudstack/milestone/19\",\"labels_url\":\"https://api.github.com/repos/apache/cloudstack/milestones/19/labels\",\"id\":6265435,\"number\":19,\"state\":\"open\",\"title\":\"unplanned\",\"creator\":{\"login\":\"DaanHoogland\",\"id\":2486961,\"node_id\":\"MDQ6VXNlcjI0ODY5NjE=\",\"avatar_url\":\"https://avatars.githubusercontent.com/u/2486961?v=4\",\"html_url\":\"https://github.com/DaanHoogland\",\"gravatar_id\":\"\",\"type\":\"User\",\"site_admin\":false,\"url\":\"https://api.github.com/users/DaanHoogland\",\"events_url\":\"https://api.github.com/users/DaanHoogland/events{/privacy}\",\"following_url\":\"https://api.github.com/users/DaanHoogland/following{/other_user}\",\"followers_url\":\"https://api.github.com/users/DaanHoogland/followers\",\"gists_url\":\"https://api.github.com/users/DaanHoogland/gists{/gist_id}\",\"organizations_url\":\"https://api.github.com/users/DaanHoogland/orgs\",\"received_events_url\":\"https://api.github.com/users/DaanHoogland/received_events\",\"repos_url\":\"https://api.github.com/users/DaanHoogland/repos\",\"starred_url\":\"https://api.github.com/users/DaanHoogland/starred{/owner}{/repo}\",\"subscriptions_url\":\"https://api.github.com/users/DaanHoogland/subscriptions\"},\"open_issues\":185,\"closed_issues\":1302,\"created_at\":\"2021-01-04T09:07:50Z\",\"updated_at\":\"2026-09-24T11:01:33Z\",\"node_id\":\"MDk6TWlsZXN0b25lNjI2NTQzNQ==\"},\"reactions\":{\"total_count\":1,\"+1\":1,\"-1\":0,\"laugh\":0,\"confused\":0,\"heart\":0,\"hooray\":0,\"rocket\":0,\"eyes\":0,\"url\":\"https://api.github.com/repos/apache/cloudstack/issues/4370/reactions\"},\"node_id\":\"MDU6SXNzdWU3MTQ3OTMxMjY=\",\"type\":{\"id\":93574,\"node_id\":\"IT_kwDNuP_OAAFthg\",\"name\":\"Feature\",\"description\":\"A request, idea, or new functionality\",\"color\":\"blue\",\"created_at\":\"2024-01-25T09:11:09Z\",\"updated_at\":\"2024-10-08T08:30:20Z\"}},{\"id\":766468471,\"number\":4542,\"state\":\"open\",\"locked\":false,\"title\":\"Reserve IP address for out of bounds machines\",\"body\":\"\\u003c!--\\r\\nVerify first that your issue/request is not already reported on GitHub.\\r\\nAlso test if the latest release and master branch are affected too.\\r\\nAlways add information AFTER of these HTML comments, but no need to delete the comments.\\r\\n--\\u003e\\r\\nAbility to define IP address beside of choosing VMs in Static NAT, Port Forward and Load balancer services to provide those services to servers outside of CloudStack.\\r\\n##### ISSUE TYPE\\r\\n\\u003c!-- Pick one below and delete the rest --\\u003e\\r\\n * Feature Idea\\r\\n\\r\\n##### COMPONENT NAME\\r\\n\\u003c!--\\r\\nCategorize the issue, e.g. API, VR, VPN, UI, etc.\\r\\n--\\u003e\\r\\n~~~\\r\\nVR\\r\\n~~~\\r\\n\\r\\n##### CLOUDSTACK VERSION\\r\\n\\u003c!--\\r\\nNew line separated list of affected versions, commit ID for issues on master branch.\\r\\n--\\u003e\\r\\n\\r\\n~~~\\r\\nAll versions\\r\\n~~~\\r\\n\\r\\n##### CONFIGURATION\\r\\n\\u003c!--\\r\\nInformation about the configuration if relevant, e.g. basic network, advanced networking, etc.  N/A otherwise\\r\\n--\\u003e\\r\\nAdvanced networking\\r\\n\\r\\n##### OS / ENVIRONMENT\\r\\n\\u003c!--\\r\\nInformation about the environment if relevant, N/A otherwise\\r\\n--\\u003e\\r\\nN/A\\r\\n\\r\\n##### SUMMARY\\r\\n\\u003c!-- Explain the problem/feature briefly --\\u003e\\r\\n\\r\\nIn some network services we need to specify which VM should use it. For example Static NAT, Port Forward and Load balancer.\\r\\nIt would be a good idea if we can also specify IP address of a server which is not managed by CloudStack.\\r\\nThis feature helps us to use network services provided by virtual router for physical servers or even VMs outside of CloudStack management area but share a common L2 network with other VMs in CloudStack.\\r\\nThis feature also requires reserve IP address capability in all type of networks. We can expand the issue #4357 for private IPs in isolated networks too.\\r\\n\\r\\n##### STEPS TO REPRODUCE\\r\\n\\u003c!--\\r\\nFor bugs, show exactly how to reproduce the problem, using a minimal test-case. Use Screenshots if accurate.\\r\\n\\r\\nFor new features, show how the feature would be used.\\r\\n--\\u003e\\r\\n\\r\\n\\u003c!-- Paste example playbooks or commands between quotes below --\\u003e\\r\\n~~~\\r\\n\\r\\n1. Create an isolated network\\r\\n2. In Port forward section define a new rule\\r\\n3. In \\\"Add VM\\\" panel write IP address of the server outside of CloudStack\\r\\n\\r\\n~~~\\r\\n\\r\\n\\u003c!-- You can also paste gist.github.com links for larger files --\\u003e\\r\\n\\r\\n##### EXPECTED RESULTS\\r\\n\\u003c!-- What did you expect to happen when running the steps above? --\\u003e\\r\\n\\r\\n~~~\\r\\n\\r\\nAn iptables rule created in virtual router to forward desired port to the server IP\\r\\n\\r\\n~~~\\r\\n\\r\\n##### ACTUAL RESULTS\\r\\n\\u003c!-- What actually happened? --\\u003e\\r\\n\\r\\n\\u003c!-- Paste verbatim command output between quotes below --\\u003e\\r\\n~~~\\r\\n\\r\\nIt is not possible to mention IP address of the server outside of CloudStack\\r\\n\\r\\n~~~\\r\\n\",\"author_association\":\"CONTRIBUTOR\",\"user\":{\"login\":\"aleskxyz\",\"id\":39186039,\"node_id\":\"MDQ6VXNlcjM5MTg2MDM5\",\"avatar_url\":\"https://avatars.githubusercontent.com/u/39186039?v=4\",\"html_url\":\"https://github.com/aleskxyz\",\"gravatar_id\":\"\",\"type\":\"User\",\"site_admin\":false,\"url\":\"https://api.github.com/users/aleskxyz\",\"events_url\":\"https://api.github.com/users/aleskxyz/events{/privacy}\",\"following_url\":\"https://api.github.com/users/aleskxyz/following{/other_user}\",\"followers_url\":\"https://api.github.com/users/aleskxyz/followers\",\"gists_url\":\"https://api.github.com/users/aleskxyz/gists{/gist_id}\",\"organizations_url\":\"https://api.github.com/users/aleskxyz/orgs\",\"received_events_url\":\"https://api.github.com/users/aleskxyz/received_events\",\"repos_url\":\"https://api.github.com/users/aleskxyz/repos\",\"starred_url\":\"https://api.github.com/users/aleskxyz/starred{/owner}{/repo}\",\"subscriptions_url\":\"https://api.github.com/users/aleskxyz/subscriptions\"},\"labels\":[{\"id\":592559219,\"url\":\"https://api.github.com/repos/apache/cloudstack/labels/component:networking\",\"name\":\"component:networking\",\"color\":\"f9d0c4\",\"description\":\"\",\"default\":false,\"node_id\":\"MDU6TGFiZWw1OTI1NTkyMTk=\"},{\"id\":2249631279,\"url\":\"https://api.github.com/repos/apache/cloudstack/labels/type:experimental-feature\",\"name\":\"type:experimental-feature\",\"color\":\"c1fca4\",\"description\":\"\",\"default\":false,\"node_id\":\"MDU6TGFiZWwyMjQ5NjMxMjc5\"},{\"id\":2531618875,\"url\":\"https://api.github.com/repos/apache/cloudstack/labels/complexity:simple\",\"name\":\"complexity:simple\",\"color\":\"000088\",\"description\":\"a few days to a couple of weeks\",\"default\":false,\"node_id\":\"MDU6TGFiZWwyNTMxNjE4ODc1\"},{\"id\":9851088157,\"url\":\"https://api.github.com/repos/apache/cloudstack/labels/long-term-plan\",\"name\":\"long-term-plan\",\"color\":\"aaaaaa\",\"description\":\"remove this label if you plan to pick up this issue.\",\"default\":false,\"node_id\":\"LA_kwDOAJTq2M8AAAACSyutHQ\"}],\"comments\":26,\"created_at\":\"2020-12-14T13:58:37Z\",\"updated_at\":\"2026-08-25T06:46:30Z\",\"url\":\"https://api.github.com/repos/apache/cloudstack/issues/4542\",\"html_url\":\"https://github.com/apache/cloudstack/issues/4542\",\"comments_url\":\"https://api.github.com/repos/apache/cloudstack/issues/4542/comments\",\"events_url\":\"https://api.github.com/repos/apache/cloudstack/issues/4542/events\",\"labels_url\":\"https://api.github.com/repos/apache/cloudstack/issues/4542/labels{/name}\",\"repository_url\":\"https://api.github.com/repos/apache/cloudstack\",\"parent_issue_url\":\"https://api.github.com/repos/apache/cloudstack/issues/9958\",\"milestone\":{\"url\":\"https://api.github.com/repos/apache/cloudstack/milestones/19\",\"html_url\":\"https://github.com/apache/cloudstack/milestone/19\",\"labels_url\":\"https://api.github.com/repos/apache/cloudstack/milestones/19/labels\",\"id\":6265435,\"number\":19,\"state\":\"open\",\"title\":\"unplanned\",\"creator\":{\"login\":\"DaanHoogland\",\"id\":2486961,\"node_id\":\"MDQ6VXNlcjI0ODY5NjE=\",\"avatar_url\":\"https://avatars.githubusercontent.com/u/2486961?v=4\",\"html_url\":\"https://github.com/DaanHoogland\",\"gravatar_id\":\"\",\"type\":\"User\",\"site_admin\":false,\"url\":\"https://api.github.com/users/DaanHoogland\",\"events_url\":\"https://api.github.com/users/DaanHoogland/events{/privacy}\",\"following_url\":\"https://api.github.com/users/DaanHoogland/following{/other_user}\",\"followers_url\":\"https://api.github.com/users/DaanHoogland/followers\",\"gists_url\":\"https://api.github.com/users/DaanHoogland/gists{/gist_id}\",\"organizations_url\":\"https://api.github.com/users/DaanHoogland/orgs\",\"received_events_url\":\"https://api.github.com/users/DaanHoogland/received_events\",\"repos_url\":\"https://api.github.com/users/DaanHoogland/repos\",\"starred_url\":\"https://api.github.com/users/DaanHoogland/starred{/owner}{/repo}\",\"subscriptions_url\":\"https://api.github.com/users/DaanHoogland/subscriptions\"},\"open_issues\":185,\"closed_issues\":1302,\"created_at\":\"2021-01-04T09:07:50Z\",\"updated_at\":\"2026-09-24T11:01:33Z\",\"node_id\":\"MDk6TWlsZXN0b25lNjI2NTQzNQ==\"},\"reactions\":{\"total_count\":1,\"+1\":1,\"-1\":0,\"laugh\":0,\"confused\":0,\"heart\":0,\"hooray\":0,\"rocket\":0,\"eyes\":0,\"url\":\"https://api.github.com/repos/apache/cloudstack/issues/4542/reactions\"},\"node_id\":\"MDU6SXNzdWU3NjY0Njg0NzE=\",\"type\":{\"id\":93574,\"node_id\":\"IT_kwDNuP_OAAFthg\",\"name\":\"Feature\",\"description\":\"A request, idea, or new functionality\",\"color\":\"blue\",\"created_at\":\"2024-01-25T09:11:09Z\",\"updated_at\":\"2024-10-08T08:30:20Z\"}},{\"id\":933905046,\"number\":5174,\"state\":\"open\",\"locked\":false,\"title\":\"methods implemented twice in marvin code\",\"body\":\"\\u003c!--\\r\\nVerify first that your issue/request is not already reported on GitHub.\\r\\nAlso test if the latest release and main branch are affected too.\\r\\nAlways add information AFTER of these HTML comments, but no need to delete the comments.\\r\\n--\\u003e\\r\\nin the marvin python code some methods are implemented twice.\\r\\nexample:\\r\\nformat_volume_to_ext3(ssh_client, device=\\\"/dev/sda\\\") in `marvin/lib/util.py` and in `marvin/sandbox/demo/simulator/testcase/libs/utils.py`\\r\\n\\r\\nmore can surely be found.\\r\\n\\r\\n##### ISSUE TYPE\\r\\n\\u003c!-- Pick one below and delete the rest --\\u003e\\r\\n * Bug Report\\r\\n * Improvement Request\\r\\n * Enhancement Request\\r\\n * Feature Idea\\r\\n * Documentation Report\\r\\n * Other\\r\\n\\r\\n##### COMPONENT NAME\\r\\n\\u003c!--\\r\\nCategorize the issue, e.g. API, VR, VPN, UI, etc.\\r\\n--\\u003e\\r\\n~~~\\r\\n\\r\\n~~~\\r\\n\\r\\n##### CLOUDSTACK VERSION\\r\\n\\u003c!--\\r\\nNew line separated list of affected versions, commit ID for issues on main branch.\\r\\n--\\u003e\\r\\n\\r\\n~~~\\r\\n\\r\\n~~~\\r\\n\\r\\n##### CONFIGURATION\\r\\n\\u003c!--\\r\\nInformation about the configuration if relevant, e.g. basic network, advanced networking, etc.  N/A otherwise\\r\\n--\\u003e\\r\\n\\r\\n\\r\\n##### OS / ENVIRONMENT\\r\\n\\u003c!--\\r\\nInformation about the environment if relevant, N/A otherwise\\r\\n--\\u003e\\r\\n\\r\\n\\r\\n##### SUMMARY\\r\\n\\u003c!-- Explain the problem/feature briefly --\\u003e\\r\\n\\r\\n\\r\\n##### STEPS TO REPRODUCE\\r\\n\\u003c!--\\r\\nFor bugs, show exactly how to reproduce the problem, using a minimal test-case. Use Screenshots if accurate.\\r\\n\\r\\nFor new features, show how the feature would be used.\\r\\n--\\u003e\\r\\n\\r\\n\\u003c!-- Paste example playbooks or commands between quotes below --\\u003e\\r\\n~~~\\r\\n\\r\\n~~~\\r\\n\\r\\n\\u003c!-- You can also paste gist.github.com links for larger files --\\u003e\\r\\n\\r\\n##### EXPECTED RESULTS\\r\\n\\u003c!-- What did you expect to happen when running the steps above? --\\u003e\\r\\n\\r\\n~~~\\r\\n\\r\\n~~~\\r\\n\\r\\n##### ACTUAL RESULTS\\r\\n\\u003c!-- What actually happened? --\\u003e\\r\\n\\r\\n\\u003c!-- Paste verbatim command output between quotes below --\\u003e\\r\\n~~~\\r\\n\\r\\n~~~\\r\\n\",\"author_association\":\"CONTRIBUTOR\",\"user\":{\"login\":\"DaanHoogland\",\"id\":2486961,\"node_id\":\"MDQ6VXNlcjI0ODY5NjE=\",\"avatar_url\":\"https://avatars.githubusercontent.com/u/2486961?v=4\",\"html_url\":\"https://github.com/DaanHoogland\",\"gravatar_id\":\"\",\"type\":\"User\",\"site_admin\":false,\"url\":\"https://api.github.com/users/DaanHoogland\",\"events_url\":\"https://api.github.com/users/DaanHoogland/events{/privacy}\",\"following_url\":\"https://api.github.com/users/DaanHoogland/following{/other_user}\",\"followers_url\":\"https://api.github.com/users/DaanHoogland/followers\",\"gists_url\":\"https://api.github.com/users/DaanHoogland/gists{/gist_id}\",\"organizations_url\":\"https://api.github.com/users/DaanHoogland/orgs\",\"received_events_url\":\"https://api.github.com/users/DaanHoogland/received_events\",\"repos_url\":\"https://api.github.com/users/DaanHoogland/repos\",\"starred_url\":\"https://api.github.com/users/DaanHoogland/starred{/owner}{/repo}\",\"subscriptions_url\":\"https://api.github.com/users/DaanHoogland/subscriptions\"},\"labels\":[{\"id\":592280288,\"url\":\"https://api.github.com/repos/apache/cloudstack/labels/status:testing\",\"name\":\"status:testing\",\"color\":\"b60205\",\"description\":\"\",\"default\":false,\"node_id\":\"MDU6TGFiZWw1OTIyODAyODg=\"},{\"id\":821716113,\"url\":\"https://api.github.com/repos/apache/cloudstack/labels/type:cleanup\",\"name\":\"type:cleanup\",\"color\":\"0e8a16\",\"description\":\"\",\"default\":false,\"node_id\":\"MDU6TGFiZWw4MjE3MTYxMTM=\"},{\"id\":1167054294,\"url\":\"https://api.github.com/repos/apache/cloudstack/labels/component:marvin\",\"name\":\"component:marvin\",\"color\":\"dbd348\",\"description\":\"\",\"default\":false,\"node_id\":\"MDU6TGFiZWwxMTY3MDU0Mjk0\"},{\"id\":1900337335,\"url\":\"https://api.github.com/repos/apache/cloudstack/labels/type:technical-debt\",\"name\":\"type:technical-debt\",\"color\":\"52a8ea\",\"description\":\"\",\"default\":false,\"node_id\":\"MDU6TGFiZWwxOTAwMzM3MzM1\"},{\"id\":6890295339,\"url\":\"https://api.github.com/repos/apache/cloudstack/labels/status:stale\",\"name\":\"status:stale\",\"color\":\"E43179\",\"description\":\"\",\"default\":false,\"node_id\":\"LA_kwDOAJTq2M8AAAABmrGQKw\"},{\"id\":9849008471,\"url\":\"https://api.github.com/repos/apache/cloudstack/labels/no-issue-activity\",\"name\":\"no-issue-activity\",\"color\":\"ededed\",\"default\":false,\"node_id\":\"LA_kwDOAJTq2M8AAAACSwvxVw\"}],\"comments\":3,\"created_at\":\"2021-06-30T16:48:22Z\",\"updated_at\":\"2026-05-06T02:17:01Z\",\"url\":\"https://api.github.com/repos/apache/cloudstack/issues/5174\",\"html_url\":\"https://github.com/apache/cloudstack/issues/5174\",\"comments_url\":\"https://api.github.com/repos/apache/cloudstack/issues/5174/comments\",\"events_url\":\"https://api.github.com/repos/apache/cloudstack/issues/5174/events\",\"labels_url\":\"https://api.github.com/repos/apache/cloudstack/issues/5174/labels{/name}\",\"repository_url\":\"https://api.github.com/repos/apache/cloudstack\",\"milestone\":{\"url\":\"https://api.github.com/repos/apache/cloudstack/milestones/19\",\"html_url\":\"https://github.com/apache/cloudstack/milestone/19\",\"labels_url\":\"https://api.github.com/repos/apache/cloudstack/milestones/19/labels\",\"id\":6265435,\"number\":19,\"state\":\"open\",\"title\":\"unplanned\",\"creator\":{\"login\":\"DaanHoogland\",\"id\":2486961,\"node_id\":\"MDQ6VXNlcjI0ODY5NjE=\",\"avatar_url\":\"https://avatars.githubusercontent.com/u/2486961?v=4\",\"html_url\":\"https://github.com/DaanHoogland\",\"gravatar_id\":\"\",\"type\":\"User\",\"site_admin\":false,\"url\":\"https://api.github.com/users/DaanHoogland\",\"events_url\":\"https://api.github.com/users/DaanHoogland/events{/privacy}\",\"following_url\":\"https://api.github.com/users/DaanHoogland/following{/other_user}\",\"followers_url\":\"https://api.github.com/users/DaanHoogland/followers\",\"gists_url\":\"https://api.github.com/users/DaanHoogland/gists{/gist_id}\",\"organizations_url\":\"https://api.github.com/users/DaanHoogland/orgs\",\"received_events_url\":\"https://api.github.com/users/DaanHoogland/received_events\",\"repos_url\":\"https://api.github.com/users/DaanHoogland/repos\",\"starred_url\":\"https://api.github.com/users/DaanHoogland/starred{/owner}{/repo}\",\"subscriptions_url\":\"https://api.github.com/users/DaanHoogland/subscriptions\"},\"open_issues\":185,\"closed_issues\":1302,\"created_at\":\"2021-01-04T09:07:50Z\",\"updated_at\":\"2026-09-24T11:01:33Z\",\"node_id\":\"MDk6TWlsZXN0b25lNjI2NTQzNQ==\"},\"reactions\":{\"total_count\":0,\"+1\":0,\"-1\":0,\"laugh\":0,\"confused\":0,\"heart\":0,\"hooray\":0,\"rocket\":0,\"eyes\":0,\"url\":\"https://api.github.com/repos/apache/cloudstack/issues/5174/reactions\"},\"node_id\":\"MDU6SXNzdWU5MzM5MDUwNDY=\",\"type\":{\"id\":93568,\"node_id\":\"IT_kwDNuP_OAAFtgA\",\"name\":\"Task\",\"description\":\"A specific piece of work\",\"color\":\"yellow\",\"created_at\":\"2024-01-25T09:11:09Z\",\"updated_at\":\"2024-07-26T10:04:57Z\"}},{\"id\":1053343038,\"number\":5686,\"state\":\"open\",\"locked\":false,\"title\":\"Improvement: Filesystem permission check\",\"body\":\"##### ISSUE TYPE\\r\\n * Improvement Request\\r\\n\\r\\n##### COMPONENT NAME\\r\\n\\r\\n~~~\\r\\ncloudstack-sysvmadm\\r\\n~~~\\r\\n\\r\\n##### CLOUDSTACK VERSION\\r\\n~~~\\r\\nN/A\\r\\n~~~\\r\\n\\r\\n##### CONFIGURATION\\r\\n\\r\\nN/A\\r\\n\\r\\n##### OS / ENVIRONMENT\\r\\nCloudstack running on linux systems\\r\\n\\r\\n##### SUMMARY\\r\\nCheck filesystem permission before upgrading systemvms\\r\\n\\r\\n##### STEPS TO REPRODUCE\\r\\n\\u003c!--\\r\\nFor bugs, show exactly how to reproduce the problem, using a minimal test-case. Use Screenshots if accurate.\\r\\n\\r\\nFor new features, show how the feature would be used.\\r\\n--\\u003e\\r\\nCurrently, when issuing the cloudstack-sysvmadm script for upgrading the systemvms (or doing it manually), the process starts without any prechecks.\\r\\nWhen there is somehow an issue with filesystem permissions, the new systemvm.iso cannot be copied to the new location.  It would be a nice enhancement, when cloudstack had a health check or at least the cloudstack-sysvmadm script a permission check.\\r\\n\\r\\nA newly introduced health check could continuously check some relevant cloudstack metrics, including the filesystem permissions and show a simple go/nogo somewhere in the admin ui. Or the simple way: a script or the modified sysvmadm script which checks first all storage paths for the correct rights. \\r\\n\\r\\n\\r\\n\\r\\n\\u003c!-- Paste example playbooks or commands between quotes below --\\u003e\\r\\n~~~\\r\\n\\r\\n~~~\\r\\n\\r\\n\\u003c!-- You can also paste gist.github.com links for larger files --\\u003e\\r\\n\\r\\n##### EXPECTED RESULTS\\r\\n\\u003c!-- What did you expect to happen when running the steps above? --\\u003e\\r\\n\\r\\n~~~\\r\\n\\r\\n~~~\\r\\n\\r\\n##### ACTUAL RESULTS\\r\\n\\u003c!-- What actually happened? --\\u003e\\r\\n\\r\\n\\u003c!-- Paste verbatim command output between quotes below --\\u003e\\r\\n~~~\\r\\n\\r\\n~~~\\r\\n\",\"author_association\":\"NONE\",\"user\":{\"login\":\"ngrosc\",\"id\":71492633,\"node_id\":\"MDQ6VXNlcjcxNDkyNjMz\",\"avatar_url\":\"https://avatars.githubusercontent.com/u/71492633?v=4\",\"html_url\":\"https://github.com/ngrosc\",\"gravatar_id\":\"\",\"type\":\"User\",\"site_admin\":false,\"url\":\"https://api.github.com/users/ngrosc\",\"events_url\":\"https://api.github.com/users/ngrosc/events{/privacy}\",\"following_url\":\"https://api.github.com/users/ngrosc/following{/other_user}\",\"followers_url\":\"https://api.github.com/users/ngrosc/followers\",\"gists_url\":\"https://api.github.com/users/ngrosc/gists{/gist_id}\",\"organizations_url\":\"https://api.github.com/users/ngrosc/orgs\",\"received_events_url\":\"https://api.github.com/users/ngrosc/received_events\",\"repos_url\":\"https://api.github.com/users/ngrosc/repos\",\"starred_url\":\"https://api.github.com/users/ngrosc/starred{/owner}{/repo}\",\"subscriptions_url\":\"https://api.github.com/users/ngrosc/subscriptions\"},\"labels\":[{\"id\":37843366,\"url\":\"https://api.github.com/repos/apache/cloudstack/labels/type:enhancement\",\"name\":\"type:enhancement\",\"color\":\"84b6eb\",\"description\":\"\",\"default\":false,\"node_id\":\"MDU6TGFiZWwzNzg0MzM2Ng==\"},{\"id\":814277974,\"url\":\"https://api.github.com/repos/apache/cloudstack/labels/component:upgrade\",\"name\":\"component:upgrade\",\"color\":\"720bc1\",\"description\":\"\",\"default\":false,\"node_id\":\"MDU6TGFiZWw4MTQyNzc5NzQ=\"},{\"id\":6890295339,\"url\":\"https://api.github.com/repos/apache/cloudstack/labels/status:stale\",\"name\":\"status:stale\",\"color\":\"E43179\",\"description\":\"\",\"default\":false,\"node_id\":\"LA_kwDOAJTq2M8AAAABmrGQKw\"},{\"id\":9849008471,\"url\":\"https://api.github.com/repos/apache/cloudstack/labels/no-issue-activity\",\"name\":\"no-issue-activity\",\"color\":\"ededed\",\"default\":false,\"node_id\":\"LA_kwDOAJTq2M8AAAACSwvxVw\"}],\"comments\":4,\"created_at\":\"2021-11-15T08:17:23Z\",\"updated_at\":\"2026-05-06T02:17:00Z\",\"url\":\"https://api.github.com/repos/apache/cloudstack/issues/5686\",\"html_url\":\"https://github.com/apache/cloudstack/issues/5686\",\"comments_url\":\"https://api.github.com/repos/apache/cloudstack/issues/5686/comments\",\"events_url\":\"https://api.github.com/repos/apache/cloudstack/issues/5686/events\",\"labels_url\":\"https://api.github.com/repos/apache/cloudstack/issues/5686/labels{/name}\",\"repository_url\":\"https://api.github.com/repos/apache/cloudstack\",\"milestone\":{\"url\":\"https://api.github.com/repos/apache/cloudstack/milestones/19\",\"html_url\":\"https://github.com/apache/cloudstack/milestone/19\",\"labels_url\":\"https://api.github.com/repos/apache/cloudstack/milestones/19/labels\",\"id\":6265435,\"number\":19,\"state\":\"open\",\"title\":\"unplanned\",\"creator\":{\"login\":\"DaanHoogland\",\"id\":2486961,\"node_id\":\"MDQ6VXNlcjI0ODY5NjE=\",\"avatar_url\":\"https://avatars.githubusercontent.com/u/2486961?v=4\",\"html_url\":\"https://github.com/DaanHoogland\",\"gravatar_id\":\"\",\"type\":\"User\",\"site_admin\":false,\"url\":\"https://api.github.com/users/DaanHoogland\",\"events_url\":\"https://api.github.com/users/DaanHoogland/events{/privacy}\",\"following_url\":\"https://api.github.com/users/DaanHoogland/following{/other_user}\",\"followers_url\":\"https://api.github.com/users/DaanHoogland/followers\",\"gists_url\":\"https://api.github.com/users/DaanHoogland/gists{/gist_id}\",\"organizations_url\":\"https://api.github.com/users/DaanHoogland/orgs\",\"received_events_url\":\"https://api.github.com/users/DaanHoogland/received_events\",\"repos_url\":\"https://api.github.com/users/DaanHoogland/repos\",\"starred_url\":\"https://api.github.com/users/DaanHoogland/starred{/owner}{/repo}\",\"subscriptions_url\":\"https://api.github.com/users/DaanHoogland/subscriptions\"},\"open_issues\":185,\"closed_issues\":1302,\"created_at\":\"2021-01-04T09:07:50Z\",\"updated_at\":\"2026-09-24T11:01:33Z\",\"node_id\":\"MDk6TWlsZXN0b25lNjI2NTQzNQ==\"},\"reactions\":{\"total_count\":0,\"+1\":0,\"-1\":0,\"laugh\":0,\"confused\":0,\"heart\":0,\"hooray\":0,\"rocket\":0,\"eyes\":0,\"url\":\"https://api.github.com/repos/apache/cloudstack/issues/5686/reactions\"},\"node_id\":\"I_kwDOAJTq2M4-yL0-\",\"type\":{\"id\":93574,\"node_id\":\"IT_kwDNuP_OAAFthg\",\"name\":\"Feature\",\"description\":\"A request, idea, or new functionality\",\"color\":\"blue\",\"created_at\":\"2024-01-25T09:11:09Z\",\"updated_at\":\"2024-10-08T08:30:20Z\"}},{\"id\":1056795111,\"number\":5697,\"state\":\"open\",\"locked\":false,\"title\":\"Storage bandwidth is wasted during template uploads/imports\",\"body\":\"At the moment when a template is being imported (via url or upload) there is a phase called \\\"Installing template\\\" or something similar. From what I noticed this phase calculates a hash and saves it to the database by reading the downloaded file over the storage network.\\r\\nDuring this phase the template is not usable and I believe that should not be the case. I understand that the hash has a purpose and I am not saying it should be removed but I believe this should be an optional task that should be done in background.\\r\\n\\r\\nIn the following examples I do not consider disk speeds, just network speed/bandwidth.\\r\\nFor normal templates this is not necessarily noticeable. Consider this scenario (best case):\\r\\nTemplate size: 4GB\\r\\nIngress bandwidth: 100 mb/s\\r\\nStorage bandwidth: 1 gb/s\\r\\nDownload time required: 5.45 seconds\\r\\nInstalling template time required: ~0.6 seconds\\r\\n\\r\\nMost templates (not ISOs) however are considerably larger, some could be even up to 500 GB (I do have a few templates that I have to import with very large sizes).\\r\\nIn such a case, installing template time required would be about 75 seconds (best case). \\r\\n\\r\\nDuring this time (installing template time) the whole bandwidth available for the storage network (if it even is on a separate NIC) would be used up by this process resulting in bad performance for the cluster. \\r\\n\\r\\nWays to fix this would be:\\r\\n  1. either compute the hash as the transfer is happening.\\r\\n  2. make it optional (maybe even opt-in) and do it in background only (maybe even limit the bandwidth used for this)\",\"author_association\":\"CONTRIBUTOR\",\"user\":{\"login\":\"alexandru-bagu\",\"id\":5436943,\"node_id\":\"MDQ6VXNlcjU0MzY5NDM=\",\"avatar_url\":\"https://avatars.githubusercontent.com/u/5436943?v=4\",\"html_url\":\"https://github.com/alexandru-bagu\",\"gravatar_id\":\"\",\"type\":\"User\",\"site_admin\":false,\"url\":\"https://api.github.com/users/alexandru-bagu\",\"events_url\":\"https://api.github.com/users/alexandru-bagu/events{/privacy}\",\"following_url\":\"https://api.github.com/users/alexandru-bagu/following{/other_user}\",\"followers_url\":\"https://api.github.com/users/alexandru-bagu/followers\",\"gists_url\":\"https://api.github.com/users/alexandru-bagu/gists{/gist_id}\",\"organizations_url\":\"https://api.github.com/users/alexandru-bagu/orgs\",\"received_events_url\":\"https://api.github.com/users/alexandru-bagu/received_events\",\"repos_url\":\"https://api.github.com/users/alexandru-bagu/repos\",\"starred_url\":\"https://api.github.com/users/alexandru-bagu/starred{/owner}{/repo}\",\"subscriptions_url\":\"https://api.github.com/users/alexandru-bagu/subscriptions\"},\"labels\":[{\"id\":584073307,\"url\":\"https://api.github.com/repos/apache/cloudstack/labels/component:secondary-storage\",\"name\":\"component:secondary-storage\",\"color\":\"f9d0c4\",\"description\":\"\",\"default\":false,\"node_id\":\"MDU6TGFiZWw1ODQwNzMzMDc=\"},{\"id\":817420428,\"url\":\"https://api.github.com/repos/apache/cloudstack/labels/type:improvement\",\"name\":\"type:improvement\",\"color\":\"a5f9ff\",\"description\":\"\",\"default\":false,\"node_id\":\"MDU6TGFiZWw4MTc0MjA0Mjg=\"},{\"id\":1152969966,\"url\":\"https://api.github.com/repos/apache/cloudstack/labels/component:templates\",\"name\":\"component:templates\",\"color\":\"ef97b6\",\"description\":\"\",\"default\":false,\"node_id\":\"MDU6TGFiZWwxMTUyOTY5OTY2\"},{\"id\":6890295339,\"url\":\"https://api.github.com/repos/apache/cloudstack/labels/status:stale\",\"name\":\"status:stale\",\"color\":\"E43179\",\"description\":\"\",\"default\":false,\"node_id\":\"LA_kwDOAJTq2M8AAAABmrGQKw\"},{\"id\":9849008471,\"url\":\"https://api.github.com/repos/apache/cloudstack/labels/no-issue-activity\",\"name\":\"no-issue-activity\",\"color\":\"ededed\",\"default\":false,\"node_id\":\"LA_kwDOAJTq2M8AAAACSwvxVw\"}],\"comments\":6,\"created_at\":\"2021-11-18T00:42:50Z\",\"updated_at\":\"2026-05-06T02:16:58Z\",\"url\":\"https://api.github.com/repos/apache/cloudstack/issues/5697\",\"html_url\":\"https://github.com/apache/cloudstack/issues/5697\",\"comments_url\":\"https://api.github.com/repos/apache/cloudstack/issues/5697/comments\",\"events_url\":\"https://api.github.com/repos/apache/cloudstack/issues/5697/events\",\"labels_url\":\"https://api.github.com/repos/apache/cloudstack/issues/5697/labels{/name}\",\"repository_url\":\"https://api.github.com/repos/apache/cloudstack\",\"milestone\":{\"url\":\"https://api.github.com/repos/apache/cloudstack/milestones/19\",\"html_url\":\"https://github.com/apache/cloudstack/milestone/19\",\"labels_url\":\"https://api.github.com/repos/apache/cloudstack/milestones/19/labels\",\"id\":6265435,\"number\":19,\"state\":\"open\",\"title\":\"unplanned\",\"creator\":{\"login\":\"DaanHoogland\",\"id\":2486961,\"node_id\":\"MDQ6VXNlcjI0ODY5NjE=\",\"avatar_url\":\"https://avatars.githubusercontent.com/u/2486961?v=4\",\"html_url\":\"https://github.com/DaanHoogland\",\"gravatar_id\":\"\",\"type\":\"User\",\"site_admin\":false,\"url\":\"https://api.github.com/users/DaanHoogland\",\"events_url\":\"https://api.github.com/users/DaanHoogland/events{/privacy}\",\"following_url\":\"https://api.github.com/users/DaanHoogland/following{/other_user}\",\"followers_url\":\"https://api.github.com/users/DaanHoogland/followers\",\"gists_url\":\"https://api.github.com/users/DaanHoogland/gists{/gist_id}\",\"organizations_url\":\"https://api.github.com/users/DaanHoogland/orgs\",\"received_events_url\":\"https://api.github.com/users/DaanHoogland/received_events\",\"repos_url\":\"https://api.github.com/users/DaanHoogland/repos\",\"starred_url\":\"https://api.github.com/users/DaanHoogland/starred{/owner}{/repo}\",\"subscriptions_url\":\"https://api.github.com/users/DaanHoogland/subscriptions\"},\"open_issues\":185,\"closed_issues\":1302,\"created_at\":\"2021-01-04T09:07:50Z\",\"updated_at\":\"2026-09-24T11:01:33Z\",\"node_id\":\"MDk6TWlsZXN0b25lNjI2NTQzNQ==\"},\"reactions\":{\"total_count\":0,\"+1\":0,\"-1\":0,\"laugh\":0,\"confused\":0,\"heart\":0,\"hooray\":0,\"rocket\":0,\"eyes\":0,\"url\":\"https://api.github.com/repos/apache/cloudstack/issues/5697/reactions\"},\"node_id\":\"I_kwDOAJTq2M4-_Wnn\",\"type\":{\"id\":93574,\"node_id\":\"IT_kwDNuP_OAAFthg\",\"name\":\"Feature\",\"description\":\"A request, idea, or new functionality\",\"color\":\"blue\",\"created_at\":\"2024-01-25T09:11:09Z\",\"updated_at\":\"2024-10-08T08:30:20Z\"}},{\"id\":1068225446,\"number\":5739,\"state\":\"open\",\"locked\":false,\"title\":\"Option to retry failed VM instance deployments\",\"body\":\"\\u003c!--\\r\\nVerify first that your issue/request is not already reported on GitHub.\\r\\nAlso test if the latest release and main branch are affected too.\\r\\nAlways add information AFTER of these HTML comments, but no need to delete the comments.\\r\\n--\\u003e\\r\\n\\r\\n##### ISSUE TYPE\\r\\n\\u003c!-- Pick one below and delete the rest --\\u003e\\r\\n\\r\\n * Feature Idea\\r\\n\\r\\n##### COMPONENT NAME\\r\\n\\u003c!--\\r\\nCategorize the issue, e.g. API, VR, VPN, UI, etc.\\r\\n--\\u003e\\r\\n~~~\\r\\nUI\\r\\n~~~\\r\\n\\r\\n##### CLOUDSTACK VERSION\\r\\n\\u003c!--\\r\\nNew line separated list of affected versions, commit ID for issues on main branch.\\r\\n--\\u003e\\r\\n\\r\\n~~~\\r\\n4.16+\\r\\n~~~\\r\\n\\r\\n##### CONFIGURATION\\r\\n\\u003c!--\\r\\nInformation about the configuration if relevant, e.g. basic network, advanced networking, etc.  N/A otherwise\\r\\n--\\u003e\\r\\nNA\\r\\n\\r\\n##### OS / ENVIRONMENT\\r\\n\\u003c!--\\r\\nInformation about the environment if relevant, N/A otherwise\\r\\n--\\u003e\\r\\nNA\\r\\n\\r\\n##### SUMMARY\\r\\n\\u003c!-- Explain the problem/feature briefly --\\u003e\\r\\n\\r\\nWhen a user deployment fails, user ends up with an instance with has a status of `Error`\\r\\n\\r\\n![image](https://user-images.githubusercontent.com/4810220/144216638-99ea0b7e-90d0-4d30-ab10-8f4b17ca33cd.png)\\r\\n\\r\\nThey will usually then report it to the CloudStack administrators. \\r\\nOften the problem is in the backend/infrastructure.  The administrators fix the issue and say 'try now'.\\r\\n\\r\\nIt would be a nice touch to be able to 'retry' the instance deployment, rather than have to start again.\\r\\n\\r\\n##### STEPS TO REPRODUCE\\r\\n\\u003c!--\\r\\nFor bugs, show exactly how to reproduce the problem, using a minimal test-case. Use Screenshots if accurate.\\r\\n\\r\\nFor new features, show how the feature would be used.\\r\\n--\\u003e\\r\\n\\r\\n\\u003c!-- Paste example playbooks or commands between quotes below --\\u003e\\r\\n~~~\\r\\n\\r\\n~~~\\r\\n\\r\\n\\u003c!-- You can also paste gist.github.com links for larger files --\\u003e\\r\\n\\r\\n##### EXPECTED RESULTS\\r\\n\\u003c!-- What did you expect to happen when running the steps above? --\\u003e\\r\\n\\r\\n~~~\\r\\n\\r\\n~~~\\r\\n\\r\\n##### ACTUAL RESULTS\\r\\n\\u003c!-- What actually happened? --\\u003e\\r\\n\\r\\n\\u003c!-- Paste verbatim command output between quotes below --\\u003e\\r\\n~~~\\r\\n\\r\\n~~~\\r\\n\",\"author_association\":\"MEMBER\",\"user\":{\"login\":\"PaulAngus\",\"id\":4810220,\"node_id\":\"MDQ6VXNlcjQ4MTAyMjA=\",\"avatar_url\":\"https://avatars.githubusercontent.com/u/4810220?v=4\",\"html_url\":\"https://github.com/PaulAngus\",\"gravatar_id\":\"\",\"type\":\"User\",\"site_admin\":false,\"url\":\"https://api.github.com/users/PaulAngus\",\"events_url\":\"https://api.github.com/users/PaulAngus/events{/privacy}\",\"following_url\":\"https://api.github.com/users/PaulAngus/following{/other_user}\",\"followers_url\":\"https://api.github.com/users/PaulAngus/followers\",\"gists_url\":\"https://api.github.com/users/PaulAngus/gists{/gist_id}\",\"organizations_url\":\"https://api.github.com/users/PaulAngus/orgs\",\"received_events_url\":\"https://api.github.com/users/PaulAngus/received_events\",\"repos_url\":\"https://api.github.com/users/PaulAngus/repos\",\"starred_url\":\"https://api.github.com/users/PaulAngus/starred{/owner}{/repo}\",\"subscriptions_url\":\"https://api.github.com/users/PaulAngus/subscriptions\"},\"labels\":[{\"id\":584073853,\"url\":\"https://api.github.com/repos/apache/cloudstack/labels/component:api\",\"name\":\"component:api\",\"color\":\"1DB401\",\"description\":\"\",\"default\":false,\"node_id\":\"MDU6TGFiZWw1ODQwNzM4NTM=\"},{\"id\":739374767,\"url\":\"https://api.github.com/repos/apache/cloudstack/labels/component:UI\",\"name\":\"component:UI\",\"color\":\"ea62a8\",\"description\":\"\",\"default\":false,\"node_id\":\"MDU6TGFiZWw3MzkzNzQ3Njc=\"},{\"id\":1150675549,\"url\":\"https://api.github.com/repos/apache/cloudstack/labels/type:new-feature\",\"name\":\"type:new-feature\",\"color\":\"4471c4\",\"description\":\"\",\"default\":false,\"node_id\":\"MDU6TGFiZWwxMTUwNjc1NTQ5\"},{\"id\":9849008471,\"url\":\"https://api.github.com/repos/apache/cloudstack/labels/no-issue-activity\",\"name\":\"no-issue-activity\",\"color\":\"ededed\",\"default\":false,\"node_id\":\"LA_kwDOAJTq2M8AAAACSwvxVw\"}],\"assignee\":{\"login\":\"nvazquez\",\"id\":5295080,\"node_id\":\"MDQ6VXNlcjUyOTUwODA=\",\"avatar_url\":\"https://avatars.githubusercontent.com/u/5295080?v=4\",\"html_url\":\"https://github.com/nvazquez\",\"gravatar_id\":\"\",\"type\":\"User\",\"site_admin\":false,\"url\":\"https://api.github.com/users/nvazquez\",\"events_url\":\"https://api.github.com/users/nvazquez/events{/privacy}\",\"following_url\":\"https://api.github.com/users/nvazquez/following{/other_user}\",\"followers_url\":\"https://api.github.com/users/nvazquez/followers\",\"gists_url\":\"https://api.github.com/users/nvazquez/gists{/gist_id}\",\"organizations_url\":\"https://api.github.com/users/nvazquez/orgs\",\"received_events_url\":\"https://api.github.com/users/nvazquez/received_events\",\"repos_url\":\"https://api.github.com/users/nvazquez/repos\",\"starred_url\":\"https://api.github.com/users/nvazquez/starred{/owner}{/repo}\",\"subscriptions_url\":\"https://api.github.com/users/nvazquez/subscriptions\"},\"comments\":3,\"created_at\":\"2021-12-01T10:23:38Z\",\"updated_at\":\"2026-05-06T02:16:57Z\",\"url\":\"https://api.github.com/repos/apache/cloudstack/issues/5739\",\"html_url\":\"https://github.com/apache/cloudstack/issues/5739\",\"comments_url\":\"https://api.github.com/repos/apache/cloudstack/issues/5739/comments\",\"events_url\":\"https://api.github.com/repos/apache/cloudstack/issues/5739/events\",\"labels_url\":\"https://api.github.com/repos/apache/cloudstack/issues/5739/labels{/name}\",\"repository_url\":\"https://api.github.com/repos/apache/cloudstack\",\"milestone\":{\"url\":\"https://api.github.com/repos/apache/cloudstack/milestones/19\",\"html_url\":\"https://github.com/apache/cloudstack/milestone/19\",\"labels_url\":\"https://api.github.com/repos/apache/cloudstack/milestones/19/labels\",\"id\":6265435,\"number\":19,\"state\":\"open\",\"title\":\"unplanned\",\"creator\":{\"login\":\"DaanHoogland\",\"id\":2486961,\"node_id\":\"MDQ6VXNlcjI0ODY5NjE=\",\"avatar_url\":\"https://avatars.githubusercontent.com/u/2486961?v=4\",\"html_url\":\"https://github.com/DaanHoogland\",\"gravatar_id\":\"\",\"type\":\"User\",\"site_admin\":false,\"url\":\"https://api.github.com/users/DaanHoogland\",\"events_url\":\"https://api.github.com/users/DaanHoogland/events{/privacy}\",\"following_url\":\"https://api.github.com/users/DaanHoogland/following{/other_user}\",\"followers_url\":\"https://api.github.com/users/DaanHoogland/followers\",\"gists_url\":\"https://api.github.com/users/DaanHoogland/gists{/gist_id}\",\"organizations_url\":\"https://api.github.com/users/DaanHoogland/orgs\",\"received_events_url\":\"https://api.github.com/users/DaanHoogland/received_events\",\"repos_url\":\"https://api.github.com/users/DaanHoogland/repos\",\"starred_url\":\"https://api.github.com/users/DaanHoogland/starred{/owner}{/repo}\",\"subscriptions_url\":\"https://api.github.com/users/DaanHoogland/subscriptions\"},\"open_issues\":185,\"closed_issues\":1302,\"created_at\":\"2021-01-04T09:07:50Z\",\"updated_at\":\"2026-09-24T11:01:33Z\",\"node_id\":\"MDk6TWlsZXN0b25lNjI2NTQzNQ==\"},\"reactions\":{\"total_count\":0,\"+1\":0,\"-1\":0,\"laugh\":0,\"confused\":0,\"heart\":0,\"hooray\":0,\"rocket\":0,\"eyes\":0,\"url\":\"https://api.github.com/repos/apache/cloudstack/issues/5739/reactions\"},\"assignees\":[{\"login\":\"nvazquez\",\"id\":5295080,\"node_id\":\"MDQ6VXNlcjUyOTUwODA=\",\"avatar_url\":\"https://avatars.githubusercontent.com/u/5295080?v=4\",\"html_url\":\"https://github.com/nvazquez\",\"gravatar_id\":\"\",\"type\":\"User\",\"site_admin\":false,\"url\":\"https://api.github.com/users/nvazquez\",\"events_url\":\"https://api.github.com/users/nvazquez/events{/privacy}\",\"following_url\":\"https://api.github.com/users/nvazquez/following{/other_user}\",\"followers_url\":\"https://api.github.com/users/nvazquez/followers\",\"gists_url\":\"https://api.github.com/users/nvazquez/gists{/gist_id}\",\"organizations_url\":\"https://api.github.com/users/nvazquez/orgs\",\"received_events_url\":\"https://api.github.com/users/nvazquez/received_events\",\"repos_url\":\"https://api.github.com/users/nvazquez/repos\",\"starred_url\":\"https://api.github.com/users/nvazquez/starred{/owner}{/repo}\",\"subscriptions_url\":\"https://api.github.com/users/nvazquez/subscriptions\"}],\"node_id\":\"I_kwDOAJTq2M4_q9Om\",\"type\":{\"id\":93574,\"node_id\":\"IT_kwDNuP_OAAFthg\",\"name\":\"Feature\",\"description\":\"A request, idea, or new functionality\",\"color\":\"blue\",\"created_at\":\"2024-01-25T09:11:09Z\",\"updated_at\":\"2024-10-08T08:30:20Z\"}},{\"id\":1074169776,\"number\":5756,\"state\":\"open\",\"locked\":false,\"title\":\"feat: Kubernetes multiple worker groups\",\"body\":\"\\u003c!--\\r\\nVerify first that your issue/request is not already reported on GitHub.\\r\\nAlso test if the latest release and main branch are affected too.\\r\\nAlways add information AFTER of these HTML comments, but no need to delete the comments.\\r\\n--\\u003e\\r\\n\\r\\n##### ISSUE TYPE\\r\\n\\u003c!-- Pick one below and delete the rest --\\u003e\\r\\n * Feature Idea\\r\\n##### COMPONENT NAME\\r\\n\\u003c!--\\r\\nCategorize the issue, e.g. API, VR, VPN, UI, etc.\\r\\n--\\u003e\\r\\n~~~\\r\\nKubernetes\\r\\n~~~\\r\\n##### IDEA\\r\\nWould be superb to implement support for multiple worker groups in Kubernetes component ( major clouds GCP,AWS,Azure and Openstack are supporting it ). Thanks\\r\\n\\r\\n\",\"author_association\":\"NONE\",\"user\":{\"login\":\"lukasmrtvy\",\"id\":768572,\"node_id\":\"MDQ6VXNlcjc2ODU3Mg==\",\"avatar_url\":\"https://avatars.githubusercontent.com/u/768572?v=4\",\"html_url\":\"https://github.com/lukasmrtvy\",\"gravatar_id\":\"\",\"type\":\"User\",\"site_admin\":false,\"url\":\"https://api.github.com/users/lukasmrtvy\",\"events_url\":\"https://api.github.com/users/lukasmrtvy/events{/privacy}\",\"following_url\":\"https://api.github.com/users/lukasmrtvy/following{/other_user}\",\"followers_url\":\"https://api.github.com/users/lukasmrtvy/followers\",\"gists_url\":\"https://api.github.com/users/lukasmrtvy/gists{/gist_id}\",\"organizations_url\":\"https://api.github.com/users/lukasmrtvy/orgs\",\"received_events_url\":\"https://api.github.com/users/lukasmrtvy/received_events\",\"repos_url\":\"https://api.github.com/users/lukasmrtvy/repos\",\"starred_url\":\"https://api.github.com/users/lukasmrtvy/starred{/owner}{/repo}\",\"subscriptions_url\":\"https://api.github.com/users/lukasmrtvy/subscriptions\"},\"labels\":[{\"id\":1150675549,\"url\":\"https://api.github.com/repos/apache/cloudstack/labels/type:new-feature\",\"name\":\"type:new-feature\",\"color\":\"4471c4\",\"description\":\"\",\"default\":false,\"node_id\":\"MDU6TGFiZWwxMTUwNjc1NTQ5\"},{\"id\":1700119912,\"url\":\"https://api.github.com/repos/apache/cloudstack/labels/component:kubernetes\",\"name\":\"component:kubernetes\",\"color\":\"0db7ed\",\"description\":\"\",\"default\":false,\"node_id\":\"MDU6TGFiZWwxNzAwMTE5OTEy\"},{\"id\":9849008471,\"url\":\"https://api.github.com/repos/apache/cloudstack/labels/no-issue-activity\",\"name\":\"no-issue-activity\",\"color\":\"ededed\",\"default\":false,\"node_id\":\"LA_kwDOAJTq2M8AAAACSwvxVw\"}],\"comments\":5,\"created_at\":\"2021-12-08T09:03:54Z\",\"updated_at\":\"2026-05-06T02:16:55Z\",\"url\":\"https://api.github.com/repos/apache/cloudstack/issues/5756\",\"html_url\":\"https://github.com/apache/cloudstack/issues/5756\",\"comments_url\":\"https://api.github.com/repos/apache/cloudstack/issues/5756/comments\",\"events_url\":\"https://api.github.com/repos/apache/cloudstack/issues/5756/events\",\"labels_url\":\"https://api.github.com/repos/apache/cloudstack/issues/5756/labels{/name}\",\"repository_url\":\"https://api.github.com/repos/apache/cloudstack\",\"milestone\":{\"url\":\"https://api.github.com/repos/apache/cloudstack/milestones/19\",\"html_url\":\"https://github.com/apache/cloudstack/milestone/19\",\"labels_url\":\"https://api.github.com/repos/apache/cloudstack/milestones/19/labels\",\"id\":6265435,\"number\":19,\"state\":\"open\",\"title\":\"unplanned\",\"creator\":{\"login\":\"DaanHoogland\",\"id\":2486961,\"node_id\":\"MDQ6VXNlcjI0ODY5NjE=\",\"avatar_url\":\"https://avatars.githubusercontent.com/u/2486961?v=4\",\"html_url\":\"https://github.com/DaanHoogland\",\"gravatar_id\":\"\",\"type\":\"User\",\"site_admin\":false,\"url\":\"https://api.github.com/users/DaanHoogland\",\"events_url\":\"https://api.github.com/users/DaanHoogland/events{/privacy}\",\"following_url\":\"https://api.github.com/users/DaanHoogland/following{/other_user}\",\"followers_url\":\"https://api.github.com/users/DaanHoogland/followers\",\"gists_url\":\"https://api.github.com/users/DaanHoogland/gists{/gist_id}\",\"organizations_url\":\"https://api.github.com/users/DaanHoogland/orgs\",\"received_events_url\":\"https://api.github.com/users/DaanHoogland/received_events\",\"repos_url\":\"https://api.github.com/users/DaanHoogland/repos\",\"starred_url\":\"https://api.github.com/users/DaanHoogland/starred{/owner}{/repo}\",\"subscriptions_url\":\"https://api.github.com/users/DaanHoogland/subscriptions\"},\"open_issues\":185,\"closed_issues\":1302,\"created_at\":\"2021-01-04T09:07:50Z\",\"updated_at\":\"2026-09-24T11:01:33Z\",\"node_id\":\"MDk6TWlsZXN0b25lNjI2NTQzNQ==\"},\"reactions\":{\"total_count\":0,\"+1\":0,\"-1\":0,\"laugh\":0,\"confused\":0,\"heart\":0,\"hooray\":0,\"rocket\":0,\"eyes\":0,\"url\":\"https://api.github.com/repos/apache/cloudstack/issues/5756/reactions\"},\"node_id\":\"I_kwDOAJTq2M5ABoew\",\"type\":{\"id\":93574,\"node_id\":\"IT_kwDNuP_OAAFthg\",\"name\":\"Feature\",\"description\":\"A request, idea, or new functionality\",\"color\":\"blue\",\"created_at\":\"2024-01-25T09:11:09Z\",\"updated_at\":\"2024-10-08T08:30:20Z\"}},{\"id\":1087489320,\"number\":5803,\"state\":\"open\",\"locked\":false,\"title\":\"User from domain can't deploy VM in pod dedicated to that domain\",\"body\":\"##### ISSUE TYPE\\r\\n * Bug Report\\r\\n\\r\\n##### CLOUDSTACK VERSION\\r\\n~~~\\r\\n4.16.0\\r\\n~~~\\r\\n\\r\\n##### CONFIGURATION\\r\\nXCP-NG 8.2\\r\\nAdvanced Zone\\r\\n\\r\\n##### OS / ENVIRONMENT\\r\\nOracle Linux 8.4 - Management server, MYSQL 8.0.26\\r\\nXCP-NG 8.2 - hypervisor\\r\\n\\r\\n##### SUMMARY\\r\\nUser from domain1 can't deploy VM in dedicated to domain1 pod.\\r\\n\\r\\n##### STEPS TO REPRODUCE\\r\\n~~~\\r\\nCreate domain. Create user in this domain. Dedicate pod to this domain. Create Compute offering with ImplicitDedicationPlanner with strict policy and choose domain1.\\r\\n~~~\\r\\n##### EXPECTED RESULTS\\r\\n~~~\\r\\nAll users from this domain can deploy VMs only in this Pod\\r\\n~~~\\r\\n\\r\\n##### ACTUAL RESULTS\\r\\n~~~\\r\\nUser from this domain can't deploy VM in dedicated pod. \\r\\n~~~\\r\\n\",\"author_association\":\"NONE\",\"user\":{\"login\":\"edikevich\",\"id\":42668237,\"node_id\":\"MDQ6VXNlcjQyNjY4MjM3\",\"avatar_url\":\"https://avatars.githubusercontent.com/u/42668237?v=4\",\"html_url\":\"https://github.com/edikevich\",\"gravatar_id\":\"\",\"type\":\"User\",\"site_admin\":false,\"url\":\"https://api.github.com/users/edikevich\",\"events_url\":\"https://api.github.com/users/edikevich/events{/privacy}\",\"following_url\":\"https://api.github.com/users/edikevich/following{/other_user}\",\"followers_url\":\"https://api.github.com/users/edikevich/followers\",\"gists_url\":\"https://api.github.com/users/edikevich/gists{/gist_id}\",\"organizations_url\":\"https://api.github.com/users/edikevich/orgs\",\"received_events_url\":\"https://api.github.com/users/edikevich/received_events\",\"repos_url\":\"https://api.github.com/users/edikevich/repos\",\"starred_url\":\"https://api.github.com/users/edikevich/starred{/owner}{/repo}\",\"subscriptions_url\":\"https://api.github.com/users/edikevich/subscriptions\"},\"labels\":[{\"id\":37843366,\"url\":\"https://api.github.com/repos/apache/cloudstack/labels/type:enhancement\",\"name\":\"type:enhancement\",\"color\":\"84b6eb\",\"description\":\"\",\"default\":false,\"node_id\":\"MDU6TGFiZWwzNzg0MzM2Ng==\"},{\"id\":2630836378,\"url\":\"https://api.github.com/repos/apache/cloudstack/labels/status:needs-functional-definition\",\"name\":\"status:needs-functional-definition\",\"color\":\"951862\",\"description\":\"\",\"default\":false,\"node_id\":\"MDU6TGFiZWwyNjMwODM2Mzc4\"}],\"comments\":50,\"created_at\":\"2021-12-23T08:27:49Z\",\"updated_at\":\"2026-08-12T02:13:53Z\",\"url\":\"https://api.github.com/repos/apache/cloudstack/issues/5803\",\"html_url\":\"https://github.com/apache/cloudstack/issues/5803\",\"comments_url\":\"https://api.github.com/repos/apache/cloudstack/issues/5803/comments\",\"events_url\":\"https://api.github.com/repos/apache/cloudstack/issues/5803/events\",\"labels_url\":\"https://api.github.com/repos/apache/cloudstack/issues/5803/labels{/name}\",\"repository_url\":\"https://api.github.com/repos/apache/cloudstack\",\"milestone\":{\"url\":\"https://api.github.com/repos/apache/cloudstack/milestones/19\",\"html_url\":\"https://github.com/apache/cloudstack/milestone/19\",\"labels_url\":\"https://api.github.com/repos/apache/cloudstack/milestones/19/labels\",\"id\":6265435,\"number\":19,\"state\":\"open\",\"title\":\"unplanned\",\"creator\":{\"login\":\"DaanHoogland\",\"id\":2486961,\"node_id\":\"MDQ6VXNlcjI0ODY5NjE=\",\"avatar_url\":\"https://avatars.githubusercontent.com/u/2486961?v=4\",\"html_url\":\"https://github.com/DaanHoogland\",\"gravatar_id\":\"\",\"type\":\"User\",\"site_admin\":false,\"url\":\"https://api.github.com/users/DaanHoogland\",\"events_url\":\"https://api.github.com/users/DaanHoogland/events{/privacy}\",\"following_url\":\"https://api.github.com/users/DaanHoogland/following{/other_user}\",\"followers_url\":\"https://api.github.com/users/DaanHoogland/followers\",\"gists_url\":\"https://api.github.com/users/DaanHoogland/gists{/gist_id}\",\"organizations_url\":\"https://api.github.com/users/DaanHoogland/orgs\",\"received_events_url\":\"https://api.github.com/users/DaanHoogland/received_events\",\"repos_url\":\"https://api.github.com/users/DaanHoogland/repos\",\"starred_url\":\"https://api.github.com/users/DaanHoogland/starred{/owner}{/repo}\",\"subscriptions_url\":\"https://api.github.com/users/DaanHoogland/subscriptions\"},\"open_issues\":185,\"closed_issues\":1302,\"created_at\":\"2021-01-04T09:07:50Z\",\"updated_at\":\"2026-09-24T11:01:33Z\",\"node_id\":\"MDk6TWlsZXN0b25lNjI2NTQzNQ==\"},\"reactions\":{\"total_count\":0,\"+1\":0,\"-1\":0,\"laugh\":0,\"confused\":0,\"heart\":0,\"hooray\":0,\"rocket\":0,\"eyes\":0,\"url\":\"https://api.github.com/repos/apache/cloudstack/issues/5803/reactions\"},\"node_id\":\"I_kwDOAJTq2M5A0cUo\",\"type\":{\"id\":93574,\"node_id\":\"IT_kwDNuP_OAAFthg\",\"name\":\"Feature\",\"description\":\"A request, idea, or new functionality\",\"color\":\"blue\",\"created_at\":\"2024-01-25T09:11:09Z\",\"updated_at\":\"2024-10-08T08:30:20Z\"}},{\"id\":1180482852,\"number\":6163,\"state\":\"open\",\"locked\":false,\"title\":\"Add Support IPAM object to Allow Load Balancer or Port-forward map to floating IP Address\",\"body\":\"\\u003c!--\\r\\nVerify first that your issue/request is not already reported on GitHub.\\r\\nAlso test if the latest release and main branch are affected too.\\r\\nAlways add information AFTER of these HTML comments, but no need to delete the comments.\\r\\n--\\u003e\\r\\n\\r\\n##### ISSUE TYPE\\r\\n\\u003c!-- Pick one below and delete the rest --\\u003e\\r\\n * Feature Idea\\r\\n\\r\\n##### COMPONENT NAME\\r\\n\\u003c!--\\r\\nCategorize the issue, e.g. API, VR, VPN, UI, etc.\\r\\n--\\u003e\\r\\n~~~\\r\\nUI,API,Guest Network\\r\\n\\r\\n~~~\\r\\n\\r\\n##### CLOUDSTACK VERSION\\r\\n\\u003c!--\\r\\nNew line separated list of affected versions, commit ID for issues on main branch.\\r\\n--\\u003e\\r\\n\\r\\n~~~\\r\\nN/A\\r\\n~~~\\r\\n\\r\\n##### CONFIGURATION\\r\\n\\u003c!--\\r\\nInformation about the configuration if relevant, e.g. basic network, advanced networking, etc.  N/A otherwise\\r\\n--\\u003e\\r\\n\\r\\n\\r\\n##### OS / ENVIRONMENT\\r\\n\\u003c!--\\r\\nInformation about the environment if relevant, N/A otherwise\\r\\n--\\u003e\\r\\n\\r\\n\\r\\n##### SUMMARY\\r\\n\\u003c!-- Explain the problem/feature briefly --\\u003e\\r\\n\\r\\nWhen a Guest Network was created, the port forward and load balancer features only allow to be configure with pre-existing VM in same Guest Network. Sometime user will deploy self managed virtual ip address to support their application such as keepalived, MetalLB..etc. Today, the user will add a secondary NIC to the one of VM instance and then use the assigned NIC ip address to treat the virtual ip setup. Most of the time, it is unavoidable to use this appoarch when LB pool health check limit to L4 port checking. \\r\\n\\r\\nI'm wondering if ACS can implement IPAM management abstract under guest network to allow user create IP entities which will able to include into port forwarding or Load balancer member.\\r\\n\\r\\n\\r\\n\\r\\n\\r\\n\\r\\n\\r\\n\\r\\n\\r\\n\\r\\n\\r\\n\\r\\n\\r\\n\\r\\n\\r\\n\\r\\n\\r\\n\\r\\n\\r\\n\\r\\n\\r\\n\\r\\n\\r\\n\\r\\n\\r\\n\\r\\n##### STEPS TO REPRODUCE\\r\\n\\u003c!--\\r\\nFor bugs, show exactly how to reproduce the problem, using a minimal test-case. Use Screenshots if accurate.\\r\\n\\r\\nFor new features, show how the feature would be used.\\r\\n--\\u003e\\r\\n\\r\\n\\u003c!-- Paste example playbooks or commands between quotes below --\\u003e\\r\\n~~~\\r\\nN/A\\r\\n~~~\\r\\n\\r\\n\\u003c!-- You can also paste gist.github.com links for larger files --\\u003e\\r\\n\\r\\n##### EXPECTED RESULTS\\r\\n\\u003c!-- What did you expect to happen when running the steps above? --\\u003e\\r\\n\\r\\n~~~\\r\\n\\r\\n~~~\\r\\n\\r\\n##### ACTUAL RESULTS\\r\\n\\u003c!-- What actually happened? --\\u003e\\r\\n\\r\\n\\u003c!-- Paste verbatim command output between quotes below --\\u003e\\r\\n~~~\\r\\nN/A\\r\\n~~~\\r\\n\",\"author_association\":\"CONTRIBUTOR\",\"user\":{\"login\":\"levindecaro\",\"id\":36956864,\"node_id\":\"MDQ6VXNlcjM2OTU2ODY0\",\"avatar_url\":\"https://avatars.githubusercontent.com/u/36956864?v=4\",\"html_url\":\"https://github.com/levindecaro\",\"gravatar_id\":\"\",\"type\":\"User\",\"site_admin\":false,\"url\":\"https://api.github.com/users/levindecaro\",\"events_url\":\"https://api.github.com/users/levindecaro/events{/privacy}\",\"following_url\":\"https://api.github.com/users/levindecaro/following{/other_user}\",\"followers_url\":\"https://api.github.com/users/levindecaro/followers\",\"gists_url\":\"https://api.github.com/users/levindecaro/gists{/gist_id}\",\"organizations_url\":\"https://api.github.com/users/levindecaro/orgs\",\"received_events_url\":\"https://api.github.com/users/levindecaro/received_events\",\"repos_url\":\"https://api.github.com/users/levindecaro/repos\",\"starred_url\":\"https://api.github.com/users/levindecaro/starred{/owner}{/repo}\",\"subscriptions_url\":\"https://api.github.com/users/levindecaro/subscriptions\"},\"labels\":[{\"id\":592559219,\"url\":\"https://api.github.com/repos/apache/cloudstack/labels/component:networking\",\"name\":\"component:networking\",\"color\":\"f9d0c4\",\"description\":\"\",\"default\":false,\"node_id\":\"MDU6TGFiZWw1OTI1NTkyMTk=\"},{\"id\":1150675549,\"url\":\"https://api.github.com/repos/apache/cloudstack/labels/type:new-feature\",\"name\":\"type:new-feature\",\"color\":\"4471c4\",\"description\":\"\",\"default\":false,\"node_id\":\"MDU6TGFiZWwxMTUwNjc1NTQ5\"},{\"id\":2630836378,\"url\":\"https://api.github.com/repos/apache/cloudstack/labels/status:needs-functional-definition\",\"name\":\"status:needs-functional-definition\",\"color\":\"951862\",\"description\":\"\",\"default\":false,\"node_id\":\"MDU6TGFiZWwyNjMwODM2Mzc4\"},{\"id\":6890295339,\"url\":\"https://api.github.com/repos/apache/cloudstack/labels/status:stale\",\"name\":\"status:stale\",\"color\":\"E43179\",\"description\":\"\",\"default\":false,\"node_id\":\"LA_kwDOAJTq2M8AAAABmrGQKw\"},{\"id\":9849008471,\"url\":\"https://api.github.com/repos/apache/cloudstack/labels/no-issue-activity\",\"name\":\"no-issue-activity\",\"color\":\"ededed\",\"default\":false,\"node_id\":\"LA_kwDOAJTq2M8AAAACSwvxVw\"}],\"comments\":5,\"created_at\":\"2022-03-25T08:20:22Z\",\"updated_at\":\"2026-05-19T02:18:08Z\",\"url\":\"https://api.github.com/repos/apache/cloudstack/issues/6163\",\"html_url\":\"https://github.com/apache/cloudstack/issues/6163\",\"comments_url\":\"https://api.github.com/repos/apache/cloudstack/issues/6163/comments\",\"events_url\":\"https://api.github.com/repos/apache/cloudstack/issues/6163/events\",\"labels_url\":\"https://api.github.com/repos/apache/cloudstack/issues/6163/labels{/name}\",\"repository_url\":\"https://api.github.com/repos/apache/cloudstack\",\"milestone\":{\"url\":\"https://api.github.com/repos/apache/cloudstack/milestones/19\",\"html_url\":\"https://github.com/apache/cloudstack/milestone/19\",\"labels_url\":\"https://api.github.com/repos/apache/cloudstack/milestones/19/labels\",\"id\":6265435,\"number\":19,\"state\":\"open\",\"title\":\"unplanned\",\"creator\":{\"login\":\"DaanHoogland\",\"id\":2486961,\"node_id\":\"MDQ6VXNlcjI0ODY5NjE=\",\"avatar_url\":\"https://avatars.githubusercontent.com/u/2486961?v=4\",\"html_url\":\"https://github.com/DaanHoogland\",\"gravatar_id\":\"\",\"type\":\"User\",\"site_admin\":false,\"url\":\"https://api.github.com/users/DaanHoogland\",\"events_url\":\"https://api.github.com/users/DaanHoogland/events{/privacy}\",\"following_url\":\"https://api.github.com/users/DaanHoogland/following{/other_user}\",\"followers_url\":\"https://api.github.com/users/DaanHoogland/followers\",\"gists_url\":\"https://api.github.com/users/DaanHoogland/gists{/gist_id}\",\"organizations_url\":\"https://api.github.com/users/DaanHoogland/orgs\",\"received_events_url\":\"https://api.github.com/users/DaanHoogland/received_events\",\"repos_url\":\"https://api.github.com/users/DaanHoogland/repos\",\"starred_url\":\"https://api.github.com/users/DaanHoogland/starred{/owner}{/repo}\",\"subscriptions_url\":\"https://api.github.com/users/DaanHoogland/subscriptions\"},\"open_issues\":185,\"closed_issues\":1302,\"created_at\":\"2021-01-04T09:07:50Z\",\"updated_at\":\"2026-09-24T11:01:33Z\",\"node_id\":\"MDk6TWlsZXN0b25lNjI2NTQzNQ==\"},\"reactions\":{\"total_count\":0,\"+1\":0,\"-1\":0,\"laugh\":0,\"confused\":0,\"heart\":0,\"hooray\":0,\"rocket\":0,\"eyes\":0,\"url\":\"https://api.github.com/repos/apache/cloudstack/issues/6163/reactions\"},\"node_id\":\"I_kwDOAJTq2M5GXL0k\",\"type\":{\"id\":93574,\"node_id\":\"IT_kwDNuP_OAAFthg\",\"name\":\"Feature\",\"description\":\"A request, idea, or new functionality\",\"color\":\"blue\",\"created_at\":\"2024-01-25T09:11:09Z\",\"updated_at\":\"2024-10-08T08:30:20Z\"}},{\"id\":1186920656,\"number\":6180,\"state\":\"open\",\"locked\":false,\"title\":\"RBD/RADOS volume management should be handled by libvirt\",\"body\":\"##### ISSUE TYPE\\r\\n * Enhancement Request\\r\\n\\r\\n##### COMPONENT NAME\\r\\n~~~\\r\\nCloudStack Agent\\r\\n~~~\\r\\n\\r\\n##### CLOUDSTACK VERSION\\r\\n~~~\\r\\nall\\r\\n~~~\\r\\n\\r\\n##### SUMMARY\\r\\nThe CloudStack Agent uses com.ceph.rados.* for many operations as when implementing the RBD storage pool support not all features were supported by Libvirt.\\r\\n\\r\\nFor example: https://github.com/apache/cloudstack/blob/1a304ccf68a75d835cf5e723b56b57155be6ebda/plugins/hypervisors/kvm/src/main/java/com/cloud/hypervisor/kvm/storage/LibvirtStorageAdaptor.java#L913\\r\\n\\r\\n```\\r\\n                IoCTX io = r.ioCtxCreate(pool.getSourceDir());\\r\\n                Rbd rbd = new Rbd(io);\\r\\n                RbdImage image = rbd.open(uuid);\\r\\n                s_logger.debug(\\\"Fetching list of snapshots of RBD image \\\" + pool.getSourceDir() + \\\"/\\\" + uuid);\\r\\n                List\\u003cRbdSnapInfo\\u003e snaps = image.snapList();\\r\\n                try {\\r\\n                    for (RbdSnapInfo snap : snaps) {\\r\\n                        if (image.snapIsProtected(snap.name)) {\\r\\n                            s_logger.debug(\\\"Unprotecting snapshot \\\" + pool.getSourceDir() + \\\"/\\\" + uuid + \\\"@\\\" + snap.name);\\r\\n                            image.snapUnprotect(snap.name);\\r\\n                        } else {\\r\\n                            s_logger.debug(\\\"Snapshot \\\" + pool.getSourceDir() + \\\"/\\\" + uuid + \\\"@\\\" + snap.name + \\\" is not protected.\\\");\\r\\n                        }\\r\\n                        s_logger.debug(\\\"Removing snapshot \\\" + pool.getSourceDir() + \\\"/\\\" + uuid + \\\"@\\\" + snap.name);\\r\\n                        image.snapRemove(snap.name);\\r\\n                    }\\r\\n                    s_logger.info(\\\"Successfully unprotected and removed any remaining snapshots (\\\" + snaps.size() + \\\") of \\\"\\r\\n                        + pool.getSourceDir() + \\\"/\\\" + uuid + \\\" Continuing to remove the RBD image\\\");\\r\\n                } catch (RbdException e) {\\r\\n                    s_logger.error(\\\"Failed to remove snapshot with exception: \\\" + e.toString() +\\r\\n                        \\\", RBD error: \\\" + ErrorCode.getErrorMessage(e.getReturnValue()));\\r\\n                    throw new CloudRuntimeException(e.toString() + \\\" - \\\" + ErrorCode.getErrorMessage(e.getReturnValue()));\\r\\n                } finally {\\r\\n                    s_logger.debug(\\\"Closing image and destroying context\\\");\\r\\n                    rbd.close(image);\\r\\n                    r.ioCtxDestroy(io);\\r\\n                }\\r\\n            } catch (RadosException e) {\\r\\n                s_logger.error(\\\"Failed to remove snapshot with exception: \\\" + e.toString() +\\r\\n                    \\\", RBD error: \\\" + ErrorCode.getErrorMessage(e.getReturnValue()));\\r\\n                throw new CloudRuntimeException(e.toString() + \\\" - \\\" + ErrorCode.getErrorMessage(e.getReturnValue()));\\r\\n            } catch (RbdException e) {\\r\\n                s_logger.error(\\\"Failed to remove snapshot with exception: \\\" + e.toString() +\\r\\n                    \\\", RBD error: \\\" + ErrorCode.getErrorMessage(e.getReturnValue()));\\r\\n                throw new CloudRuntimeException(e.toString() + \\\" - \\\" + ErrorCode.getErrorMessage(e.getReturnValue()));\\r\\n            }\\r\\n        }\\r\\n```\\r\\n\\r\\nHere the CloudStack agent purges any RBD snapshots as they need to be removed prior to removing the RBD image.\\r\\n\\r\\nModern libvirt can do this for you (pseudo code):\\r\\n\\r\\n```\\r\\nStorageVol.delete(VIR_STORAGE_VOL_DELETE_WITH_SNAPSHOTS)\\r\\n```\\r\\n\\r\\nThis removes a lot of lines of code from CloudStack and leverages what libvirt can do for us.\\r\\n\\r\\nThis is just one example, but there are other places where the CloudStack agent uses the librados Java bindings directly while those things can be handled by libvirt.\\r\\n\\r\\n\",\"author_association\":\"CONTRIBUTOR\",\"user\":{\"login\":\"wido\",\"id\":326786,\"node_id\":\"MDQ6VXNlcjMyNjc4Ng==\",\"avatar_url\":\"https://avatars.githubusercontent.com/u/326786?v=4\",\"html_url\":\"https://github.com/wido\",\"gravatar_id\":\"\",\"type\":\"User\",\"site_admin\":false,\"url\":\"https://api.github.com/users/wido\",\"events_url\":\"https://api.github.com/users/wido/events{/privacy}\",\"following_url\":\"https://api.github.com/users/wido/following{/other_user}\",\"followers_url\":\"https://api.github.com/users/wido/followers\",\"gists_url\":\"https://api.github.com/users/wido/gists{/gist_id}\",\"organizations_url\":\"https://api.github.com/users/wido/orgs\",\"received_events_url\":\"https://api.github.com/users/wido/received_events\",\"repos_url\":\"https://api.github.com/users/wido/repos\",\"starred_url\":\"https://api.github.com/users/wido/starred{/owner}{/repo}\",\"subscriptions_url\":\"https://api.github.com/users/wido/subscriptions\"},\"labels\":[{\"id\":584073028,\"url\":\"https://api.github.com/repos/apache/cloudstack/labels/component:ceph\",\"name\":\"component:ceph\",\"color\":\"bfdadc\",\"description\":\"\",\"default\":false,\"node_id\":\"MDU6TGFiZWw1ODQwNzMwMjg=\"},{\"id\":1092869943,\"url\":\"https://api.github.com/repos/apache/cloudstack/labels/component:agent\",\"name\":\"component:agent\",\"color\":\"80e5e2\",\"description\":\"\",\"default\":false,\"node_id\":\"MDU6TGFiZWwxMDkyODY5OTQz\"},{\"id\":1900337335,\"url\":\"https://api.github.com/repos/apache/cloudstack/labels/type:technical-debt\",\"name\":\"type:technical-debt\",\"color\":\"52a8ea\",\"description\":\"\",\"default\":false,\"node_id\":\"MDU6TGFiZWwxOTAwMzM3MzM1\"},{\"id\":2531620895,\"url\":\"https://api.github.com/repos/apache/cloudstack/labels/complexity:epic\",\"name\":\"complexity:epic\",\"color\":\"0000ff\",\"description\":\"a few months to a year or more, with more people\",\"default\":false,\"node_id\":\"MDU6TGFiZWwyNTMxNjIwODk1\"}],\"assignee\":{\"login\":\"wido\",\"id\":326786,\"node_id\":\"MDQ6VXNlcjMyNjc4Ng==\",\"avatar_url\":\"https://avatars.githubusercontent.com/u/326786?v=4\",\"html_url\":\"https://github.com/wido\",\"gravatar_id\":\"\",\"type\":\"User\",\"site_admin\":false,\"url\":\"https://api.github.com/users/wido\",\"events_url\":\"https://api.github.com/users/wido/events{/privacy}\",\"following_url\":\"https://api.github.com/users/wido/following{/other_user}\",\"followers_url\":\"https://api.github.com/users/wido/followers\",\"gists_url\":\"https://api.github.com/users/wido/gists{/gist_id}\",\"organizations_url\":\"https://api.github.com/users/wido/orgs\",\"received_events_url\":\"https://api.github.com/users/wido/received_events\",\"repos_url\":\"https://api.github.com/users/wido/repos\",\"starred_url\":\"https://api.github.com/users/wido/starred{/owner}{/repo}\",\"subscriptions_url\":\"https://api.github.com/users/wido/subscriptions\"},\"comments\":1,\"created_at\":\"2022-03-30T19:56:24Z\",\"updated_at\":\"2026-05-21T10:09:12Z\",\"url\":\"https://api.github.com/repos/apache/cloudstack/issues/6180\",\"html_url\":\"https://github.com/apache/cloudstack/issues/6180\",\"comments_url\":\"https://api.github.com/repos/apache/cloudstack/issues/6180/comments\",\"events_url\":\"https://api.github.com/repos/apache/cloudstack/issues/6180/events\",\"labels_url\":\"https://api.github.com/repos/apache/cloudstack/issues/6180/labels{/name}\",\"repository_url\":\"https://api.github.com/repos/apache/cloudstack\",\"milestone\":{\"url\":\"https://api.github.com/repos/apache/cloudstack/milestones/47\",\"html_url\":\"https://github.com/apache/cloudstack/milestone/47\",\"labels_url\":\"https://api.github.com/repos/apache/cloudstack/milestones/47/labels\",\"id\":15843055,\"number\":47,\"state\":\"open\",\"title\":\"24.0\",\"description\":\"\",\"creator\":{\"login\":\"weizhouapache\",\"id\":57355700,\"node_id\":\"MDQ6VXNlcjU3MzU1NzAw\",\"avatar_url\":\"https://avatars.githubusercontent.com/u/57355700?v=4\",\"html_url\":\"https://github.com/weizhouapache\",\"gravatar_id\":\"\",\"type\":\"User\",\"site_admin\":false,\"url\":\"https://api.github.com/users/weizhouapache\",\"events_url\":\"https://api.github.com/users/weizhouapache/events{/privacy}\",\"following_url\":\"https://api.github.com/users/weizhouapache/following{/other_user}\",\"followers_url\":\"https://api.github.com/users/weizhouapache/followers\",\"gists_url\":\"https://api.github.com/users/weizhouapache/gists{/gist_id}\",\"organizations_url\":\"https://api.github.com/users/weizhouapache/orgs\",\"received_events_url\":\"https://api.github.com/users/weizhouapache/received_events\",\"repos_url\":\"https://api.github.com/users/weizhouapache/repos\",\"starred_url\":\"https://api.github.com/users/weizhouapache/starred{/owner}{/repo}\",\"subscriptions_url\":\"https://api.github.com/users/weizhouapache/subscriptions\"},\"open_issues\":271,\"closed_issues\":36,\"created_at\":\"2026-05-08T06:15:20Z\",\"updated_at\":\"2026-09-24T11:07:46Z\",\"node_id\":\"MI_kwDOAJTq2M4A8b7v\"},\"reactions\":{\"total_count\":1,\"+1\":1,\"-1\":0,\"laugh\":0,\"confused\":0,\"heart\":0,\"hooray\":0,\"rocket\":0,\"eyes\":0,\"url\":\"https://api.github.com/repos/apache/cloudstack/issues/6180/reactions\"},\"assignees\":[{\"login\":\"wido\",\"id\":326786,\"node_id\":\"MDQ6VXNlcjMyNjc4Ng==\",\"avatar_url\":\"https://avatars.githubusercontent.com/u/326786?v=4\",\"html_url\":\"https://github.com/wido\",\"gravatar_id\":\"\",\"type\":\"User\",\"site_admin\":false,\"url\":\"https://api.github.com/users/wido\",\"events_url\":\"https://api.github.com/users/wido/events{/privacy}\",\"following_url\":\"https://api.github.com/users/wido/following{/other_user}\",\"followers_url\":\"https://api.github.com/users/wido/followers\",\"gists_url\":\"https://api.github.com/users/wido/gists{/gist_id}\",\"organizations_url\":\"https://api.github.com/users/wido/orgs\",\"received_events_url\":\"https://api.github.com/users/wido/received_events\",\"repos_url\":\"https://api.github.com/users/wido/repos\",\"starred_url\":\"https://api.github.com/users/wido/starred{/owner}{/repo}\",\"subscriptions_url\":\"https://api.github.com/users/wido/subscriptions\"}],\"node_id\":\"I_kwDOAJTq2M5GvvjQ\",\"type\":{\"id\":93568,\"node_id\":\"IT_kwDNuP_OAAFtgA\",\"name\":\"Task\",\"description\":\"A specific piece of work\",\"color\":\"yellow\",\"created_at\":\"2024-01-25T09:11:09Z\",\"updated_at\":\"2024-07-26T10:04:57Z\"}},{\"id\":1194459728,\"number\":6212,\"state\":\"open\",\"locked\":false,\"title\":\"Export Virtual Router Health Checks to Prometheus\",\"body\":\"\\u003c!--\\r\\nVerify first that your issue/request is not already reported on GitHub.\\r\\nAlso test if the latest release and main branch are affected too.\\r\\nAlways add information AFTER of these HTML comments, but no need to delete the comments.\\r\\n--\\u003e\\r\\n\\r\\n##### ISSUE TYPE\\r\\n * Enhancement Request\\r\\n\\r\\n##### COMPONENT NAME\\r\\nAPI, VR\\r\\n\\r\\n##### CLOUDSTACK VERSION\\r\\n\\u003c!--\\r\\nNew line separated list of affected versions, commit ID for issues on main branch.\\r\\n--\\u003e\\r\\n\\r\\n~~~\\r\\n4.16.0.0\\r\\n~~~\\r\\nBut after my research, not available in current versions.\\r\\n\\r\\n##### CONFIGURATION\\r\\nN/A\\r\\n\\r\\n\\r\\n##### OS / ENVIRONMENT\\r\\nN/A\\r\\n\\r\\n\\r\\n##### SUMMARY\\r\\nFor monitoring of Virtual Routers, there seems to be no way of having the health check results in Prometheus metrics endpoint.\\r\\n\\r\\nCurrently, we are querying health check results with a pull based method for every Virtual Router, that is really inefficient on a large scale of routers.\\r\\n\\r\\n##### STEPS TO REPRODUCE\\r\\n- Enable Prometheus Metrics\\r\\n- Enable VR Health Checks\\r\\n- Query CloudStack `/metrics` endpoint\\r\\n\\r\\n##### EXPECTED RESULTS\\r\\nHave VR health check metrics exported at the `/metrics` endpoint.\\r\\n\\r\\nI thought of something like this, according to the current output of `getRouterHealthCheckResults`:\\r\\n\\r\\n~~~ini\\r\\n# TYPE cloudstack_virtualrouter_healthcheck_result stateset\\r\\n# HELP cloudstack_virtualrouter_healthcheck_result Virtual Router Health Check result\\r\\ncloudstack_virtualrouter_healthcheck_result{checkname=\\\"connectivity.test\\\",zone=\\\"zone1\\\",virtualrouter=\\\"i-123456-VM\\\",network=\\\"test-network\\\"} 1\\r\\n\\r\\n# TYPE cloudstack_virtualrouter_healthcheck_lastcheck gauge\\r\\n# HELP cloudstack_virtualrouter_healthcheck_lastcheck Virtual Router Health Check lastcheck timestamp\\r\\n# UNIT cloudstack_virtualrouter_healthcheck_lastcheck seconds\\r\\ncloudstack_virtualrouter_healthcheck_lastcheck{checkname=\\\"connectivity.test\\\",zone=\\\"zone1\\\",virtualrouter=\\\"i-123456-VM\\\",network=\\\"test-network\\\"} 1649228157\\r\\n~~~\\r\\n\\r\\nMaybe this is not 100% accurate to OpenMetrics, but I tried to follow the guidelines. Maybe somebody with more knowledge can have a look.\\r\\n\\r\\nA drawback with this solution would be that we lose information of the check result message, as Prometheus is not designed to handle this.\\r\\n\\r\\n##### ACTUAL RESULTS\\r\\nVirtual Router Health Checks not present on the CloudStack Prometheus metrics endpoint\\r\\n\",\"author_association\":\"NONE\",\"user\":{\"login\":\"joschi36\",\"id\":4538306,\"node_id\":\"MDQ6VXNlcjQ1MzgzMDY=\",\"avatar_url\":\"https://avatars.githubusercontent.com/u/4538306?v=4\",\"html_url\":\"https://github.com/joschi36\",\"gravatar_id\":\"\",\"type\":\"User\",\"site_admin\":false,\"url\":\"https://api.github.com/users/joschi36\",\"events_url\":\"https://api.github.com/users/joschi36/events{/privacy}\",\"following_url\":\"https://api.github.com/users/joschi36/following{/other_user}\",\"followers_url\":\"https://api.github.com/users/joschi36/followers\",\"gists_url\":\"https://api.github.com/users/joschi36/gists{/gist_id}\",\"organizations_url\":\"https://api.github.com/users/joschi36/orgs\",\"received_events_url\":\"https://api.github.com/users/joschi36/received_events\",\"repos_url\":\"https://api.github.com/users/joschi36/repos\",\"starred_url\":\"https://api.github.com/users/joschi36/starred{/owner}{/repo}\",\"subscriptions_url\":\"https://api.github.com/users/joschi36/subscriptions\"},\"labels\":[{\"id\":37843366,\"url\":\"https://api.github.com/repos/apache/cloudstack/labels/type:enhancement\",\"name\":\"type:enhancement\",\"color\":\"84b6eb\",\"description\":\"\",\"default\":false,\"node_id\":\"MDU6TGFiZWwzNzg0MzM2Ng==\"},{\"id\":5651870091,\"url\":\"https://api.github.com/repos/apache/cloudstack/labels/component:prometheus\",\"name\":\"component:prometheus\",\"color\":\"E265FC\",\"description\":\"\",\"default\":false,\"node_id\":\"LA_kwDOAJTq2M8AAAABUOCxiw\"}],\"assignee\":{\"login\":\"NuxRo\",\"id\":2357012,\"node_id\":\"MDQ6VXNlcjIzNTcwMTI=\",\"avatar_url\":\"https://avatars.githubusercontent.com/u/2357012?v=4\",\"html_url\":\"https://github.com/NuxRo\",\"gravatar_id\":\"\",\"type\":\"User\",\"site_admin\":false,\"url\":\"https://api.github.com/users/NuxRo\",\"events_url\":\"https://api.github.com/users/NuxRo/events{/privacy}\",\"following_url\":\"https://api.github.com/users/NuxRo/following{/other_user}\",\"followers_url\":\"https://api.github.com/users/NuxRo/followers\",\"gists_url\":\"https://api.github.com/users/NuxRo/gists{/gist_id}\",\"organizations_url\":\"https://api.github.com/users/NuxRo/orgs\",\"received_events_url\":\"https://api.github.com/users/NuxRo/received_events\",\"repos_url\":\"https://api.github.com/users/NuxRo/repos\",\"starred_url\":\"https://api.github.com/users/NuxRo/starred{/owner}{/repo}\",\"subscriptions_url\":\"https://api.github.com/users/NuxRo/subscriptions\"},\"comments\":3,\"created_at\":\"2022-04-06T11:17:52Z\",\"updated_at\":\"2026-07-08T08:26:41Z\",\"url\":\"https://api.github.com/repos/apache/cloudstack/issues/6212\",\"html_url\":\"https://github.com/apache/cloudstack/issues/6212\",\"comments_url\":\"https://api.github.com/repos/apache/cloudstack/issues/6212/comments\",\"events_url\":\"https://api.github.com/repos/apache/cloudstack/issues/6212/events\",\"labels_url\":\"https://api.github.com/repos/apache/cloudstack/issues/6212/labels{/name}\",\"repository_url\":\"https://api.github.com/repos/apache/cloudstack\",\"milestone\":{\"url\":\"https://api.github.com/repos/apache/cloudstack/milestones/47\",\"html_url\":\"https://github.com/apache/cloudstack/milestone/47\",\"labels_url\":\"https://api.github.com/repos/apache/cloudstack/milestones/47/labels\",\"id\":15843055,\"number\":47,\"state\":\"open\",\"title\":\"24.0\",\"description\":\"\",\"creator\":{\"login\":\"weizhouapache\",\"id\":57355700,\"node_id\":\"MDQ6VXNlcjU3MzU1NzAw\",\"avatar_url\":\"https://avatars.githubusercontent.com/u/57355700?v=4\",\"html_url\":\"https://github.com/weizhouapache\",\"gravatar_id\":\"\",\"type\":\"User\",\"site_admin\":false,\"url\":\"https://api.github.com/users/weizhouapache\",\"events_url\":\"https://api.github.com/users/weizhouapache/events{/privacy}\",\"following_url\":\"https://api.github.com/users/weizhouapache/following{/other_user}\",\"followers_url\":\"https://api.github.com/users/weizhouapache/followers\",\"gists_url\":\"https://api.github.com/users/weizhouapache/gists{/gist_id}\",\"organizations_url\":\"https://api.github.com/users/weizhouapache/orgs\",\"received_events_url\":\"https://api.github.com/users/weizhouapache/received_events\",\"repos_url\":\"https://api.github.com/users/weizhouapache/repos\",\"starred_url\":\"https://api.github.com/users/weizhouapache/starred{/owner}{/repo}\",\"subscriptions_url\":\"https://api.github.com/users/weizhouapache/subscriptions\"},\"open_issues\":271,\"closed_issues\":36,\"created_at\":\"2026-05-08T06:15:20Z\",\"updated_at\":\"2026-09-24T11:07:46Z\",\"node_id\":\"MI_kwDOAJTq2M4A8b7v\"},\"reactions\":{\"total_count\":0,\"+1\":0,\"-1\":0,\"laugh\":0,\"confused\":0,\"heart\":0,\"hooray\":0,\"rocket\":0,\"eyes\":0,\"url\":\"https://api.github.com/repos/apache/cloudstack/issues/6212/reactions\"},\"assignees\":[{\"login\":\"NuxRo\",\"id\":2357012,\"node_id\":\"MDQ6VXNlcjIzNTcwMTI=\",\"avatar_url\":\"https://avatars.githubusercontent.com/u/2357012?v=4\",\"html_url\":\"https://github.com/NuxRo\",\"gravatar_id\":\"\",\"type\":\"User\",\"site_admin\":false,\"url\":\"https://api.github.com/users/NuxRo\",\"events_url\":\"https://api.github.com/users/NuxRo/events{/privacy}\",\"following_url\":\"https://api.github.com/users/NuxRo/following{/other_user}\",\"followers_url\":\"https://api.github.com/users/NuxRo/followers\",\"gists_url\":\"https://api.github.com/users/NuxRo/gists{/gist_id}\",\"organizations_url\":\"https://api.github.com/users/NuxRo/orgs\",\"received_events_url\":\"https://api.github.com/users/NuxRo/received_events\",\"repos_url\":\"https://api.github.com/users/NuxRo/repos\",\"starred_url\":\"https://api.github.com/users/NuxRo/starred{/owner}{/repo}\",\"subscriptions_url\":\"https://api.github.com/users/NuxRo/subscriptions\"}],\"node_id\":\"I_kwDOAJTq2M5HMgJQ\",\"type\":{\"id\":93574,\"node_id\":\"IT_kwDNuP_OAAFthg\",\"name\":\"Feature\",\"description\":\"A request, idea, or new functionality\",\"color\":\"blue\",\"created_at\":\"2024-01-25T09:11:09Z\",\"updated_at\":\"2024-10-08T08:30:20Z\"}},{\"id\":1236842567,\"number\":6391,\"state\":\"open\",\"locked\":false,\"title\":\"Py3 component tests fixes\",\"body\":\"\\u003c!--\\r\\nVerify first that your issue/request is not already reported on GitHub.\\r\\nAlso test if the latest release and main branch are affected too.\\r\\nAlways add information AFTER of these HTML comments, but no need to delete the comments.\\r\\n--\\u003e\\r\\n\\r\\n##### ISSUE TYPE\\r\\n\\u003c!-- Pick one below and delete the rest --\\u003e\\r\\n * Improvement Request\\r\\n\\r\\n##### COMPONENT NAME\\r\\n\\u003c!--\\r\\nCategorize the issue, e.g. API, VR, VPN, UI, etc.\\r\\n--\\u003e\\r\\n~~~\\r\\nComponent tests\\r\\n~~~\\r\\n\\r\\n##### CLOUDSTACK VERSION\\r\\n\\u003c!--\\r\\nNew line separated list of affected versions, commit ID for issues on main branch.\\r\\n--\\u003e\\r\\n\\r\\n~~~\\r\\n4.16+\\r\\n~~~\\r\\n\\r\\n##### CONFIGURATION\\r\\n\\u003c!--\\r\\nInformation about the configuration if relevant, e.g. basic network, advanced networking, etc.  N/A otherwise\\r\\n--\\u003e\\r\\nNA\\r\\n\\r\\n##### OS / ENVIRONMENT\\r\\n\\u003c!--\\r\\nInformation about the environment if relevant, N/A otherwise\\r\\n--\\u003e\\r\\nNA\\r\\n\\r\\n##### SUMMARY\\r\\n\\u003c!-- Explain the problem/feature briefly --\\u003e\\r\\nthe component tests have been ported to python3 but a lot of them are non functional. In #5442 a start was made but this is going to require more work than should be stuffed in a single PR. Below is a list of the component test that need looking at. Some can be assessed and disgarded. Others should be fixed.\\r\\n\\r\\n- [ ] test_add_remove_network.py\\r\\n- [ ] test_affinity_groups_projects.py\\r\\n- [ ] test_affinity_groups.py\\r\\n- [ ] test_base_image_updation.py\\r\\n- [ ] test_blocker_bugs.py\\r\\n- [ ] test_browse_templates.py\\r\\n- [ ] test_browse_volumes.py\\r\\n- [ ] test_bugs.py\\r\\n- [ ] test_configdrive.py\\r\\n- [ ] test_dedicate_guest_vlan_ranges.py\\r\\n- [ ] test_dedicate_public_ip_range.py\\r\\n- [ ] test_dhcp_dns_offload.py\\r\\n- [ ] test_egress_fw_rules.py\\r\\n- [ ] test_escalation_listTemplateDomainAdmin.py\\r\\n- [ ] test_escalations_hosts.py\\r\\n- [ ] test_escalations_ipaddresses.py\\r\\n- [ ] test_escalations_networks.py\\r\\n- [ ] test_escalations_volumes.py\\r\\n- [ ] test_escalations_vpncustomergateways.py\\r\\n- [ ] test_escalation_templates.py\\r\\n- [ ] test_explicit_dedication.py\\r\\n- [ ] test_ha_pool_maintenance.py\\r\\n- [ ] test_high_availability.py\\r\\n- [ ] test_implicit_planner.py\\r\\n- [ ] test_ip_resource_count_for_vpc.py\\r\\n- [ ] test_multiple_public_interfaces.py\\r\\n- [ ] test_organization_states.py\\r\\n- [ ] test_persistent_networks.py\\r\\n- [ ] test_portable_ip.py\\r\\n- [ ] test_ps_resource_limits_volume.py\\r\\n- [ ] test_redundant_router_cleanups.py\\r\\n- [ ] test_redundant_router_deployment_planning.py\\r\\n- [ ] test_redundant_router_network_rules.py\\r\\n- [ ] test_redundant_router.py\\r\\n- [ ] test_reset_ssh_keypair.py\\r\\n- [ ] test_rootvolume_resize.py\\r\\n- [ ] test_shared_networks.py\\r\\n- [ ] test_snapshots.py\\r\\n- [ ] test_ss_limits.py\\r\\n- [ ] test_ss_max_limits.py\\r\\n- [ ] test_ss_project_limits.py\\r\\n- [ ] test_stopped_vm.py\\r\\n- [ ] test_storage_motion.py\\r\\n- [ ] test_tags.py\\r\\n- [ ] test_volumes.py\\r\\n- [ ] test_vpc_host_maintenance.py\\r\\n- [ ] test_vpc_network_internal_lbrules.py\\r\\n- [ ] test_vpc_network_pfrules.py\\r\\n- [ ] test_vpc_network.py\\r\\n- [ ] test_vpc_network_staticnatrule.py\\r\\n- [ ] test_vpc_offerings.py\\r\\n- [ ] test_vpc_routers.py\\r\\n- [ ] test_vpc_vm_life_cycle.py\\r\\n- [ ] test_vpc_vms_deployment.py\\r\\n- [ ] test_vpn_service.py\\r\\n- [ ] test_vpn_users.py\\r\\n- [ ] test_vr_metadata.py\\r\\n- [ ] test_zone_level_local_storage_setting.py\\r\\n\\r\\n##### STEPS TO REPRODUCE\\r\\n\\u003c!--\\r\\nFor bugs, show exactly how to reproduce the problem, using a minimal test-case. Use Screenshots if accurate.\\r\\n\\r\\nFor new features, show how the feature would be used.\\r\\n--\\u003e\\r\\n\\r\\n\\u003c!-- Paste example playbooks or commands between quotes below --\\u003e\\r\\n~~~\\r\\n\\r\\n~~~\\r\\n\\r\\n\\u003c!-- You can also paste gist.github.com links for larger files --\\u003e\\r\\n\\r\\n##### EXPECTED RESULTS\\r\\n\\u003c!-- What did you expect to happen when running the steps above? --\\u003e\\r\\n\\r\\n~~~\\r\\n\\r\\n~~~\\r\\n\\r\\n##### ACTUAL RESULTS\\r\\n\\u003c!-- What actually happened? --\\u003e\\r\\n\\r\\n\\u003c!-- Paste verbatim command output between quotes below --\\u003e\\r\\n~~~\\r\\n\\r\\n~~~\\r\\n\",\"author_association\":\"CONTRIBUTOR\",\"user\":{\"login\":\"DaanHoogland\",\"id\":2486961,\"node_id\":\"MDQ6VXNlcjI0ODY5NjE=\",\"avatar_url\":\"https://avatars.githubusercontent.com/u/2486961?v=4\",\"html_url\":\"https://github.com/DaanHoogland\",\"gravatar_id\":\"\",\"type\":\"User\",\"site_admin\":false,\"url\":\"https://api.github.com/users/DaanHoogland\",\"events_url\":\"https://api.github.com/users/DaanHoogland/events{/privacy}\",\"following_url\":\"https://api.github.com/users/DaanHoogland/following{/other_user}\",\"followers_url\":\"https://api.github.com/users/DaanHoogland/followers\",\"gists_url\":\"https://api.github.com/users/DaanHoogland/gists{/gist_id}\",\"organizations_url\":\"https://api.github.com/users/DaanHoogland/orgs\",\"received_events_url\":\"https://api.github.com/users/DaanHoogland/received_events\",\"repos_url\":\"https://api.github.com/users/DaanHoogland/repos\",\"starred_url\":\"https://api.github.com/users/DaanHoogland/starred{/owner}{/repo}\",\"subscriptions_url\":\"https://api.github.com/users/DaanHoogland/subscriptions\"},\"labels\":[{\"id\":817420428,\"url\":\"https://api.github.com/repos/apache/cloudstack/labels/type:improvement\",\"name\":\"type:improvement\",\"color\":\"a5f9ff\",\"description\":\"\",\"default\":false,\"node_id\":\"MDU6TGFiZWw4MTc0MjA0Mjg=\"},{\"id\":1250051362,\"url\":\"https://api.github.com/repos/apache/cloudstack/labels/python3\",\"name\":\"python3\",\"color\":\"ccdcff\",\"description\":\"\",\"default\":false,\"node_id\":\"MDU6TGFiZWwxMjUwMDUxMzYy\"},{\"id\":2510052725,\"url\":\"https://api.github.com/repos/apache/cloudstack/labels/component:integration-test\",\"name\":\"component:integration-test\",\"color\":\"e858a2\",\"description\":\"\",\"default\":false,\"node_id\":\"MDU6TGFiZWwyNTEwMDUyNzI1\"}],\"comments\":5,\"created_at\":\"2022-05-16T09:02:11Z\",\"updated_at\":\"2026-05-21T14:21:32Z\",\"url\":\"https://api.github.com/repos/apache/cloudstack/issues/6391\",\"html_url\":\"https://github.com/apache/cloudstack/issues/6391\",\"comments_url\":\"https://api.github.com/repos/apache/cloudstack/issues/6391/comments\",\"events_url\":\"https://api.github.com/repos/apache/cloudstack/issues/6391/events\",\"labels_url\":\"https://api.github.com/repos/apache/cloudstack/issues/6391/labels{/name}\",\"repository_url\":\"https://api.github.com/repos/apache/cloudstack\",\"milestone\":{\"url\":\"https://api.github.com/repos/apache/cloudstack/milestones/47\",\"html_url\":\"https://github.com/apache/cloudstack/milestone/47\",\"labels_url\":\"https://api.github.com/repos/apache/cloudstack/milestones/47/labels\",\"id\":15843055,\"number\":47,\"state\":\"open\",\"title\":\"24.0\",\"description\":\"\",\"creator\":{\"login\":\"weizhouapache\",\"id\":57355700,\"node_id\":\"MDQ6VXNlcjU3MzU1NzAw\",\"avatar_url\":\"https://avatars.githubusercontent.com/u/57355700?v=4\",\"html_url\":\"https://github.com/weizhouapache\",\"gravatar_id\":\"\",\"type\":\"User\",\"site_admin\":false,\"url\":\"https://api.github.com/users/weizhouapache\",\"events_url\":\"https://api.github.com/users/weizhouapache/events{/privacy}\",\"following_url\":\"https://api.github.com/users/weizhouapache/following{/other_user}\",\"followers_url\":\"https://api.github.com/users/weizhouapache/followers\",\"gists_url\":\"https://api.github.com/users/weizhouapache/gists{/gist_id}\",\"organizations_url\":\"https://api.github.com/users/weizhouapache/orgs\",\"received_events_url\":\"https://api.github.com/users/weizhouapache/received_events\",\"repos_url\":\"https://api.github.com/users/weizhouapache/repos\",\"starred_url\":\"https://api.github.com/users/weizhouapache/starred{/owner}{/repo}\",\"subscriptions_url\":\"https://api.github.com/users/weizhouapache/subscriptions\"},\"open_issues\":271,\"closed_issues\":36,\"created_at\":\"2026-05-08T06:15:20Z\",\"updated_at\":\"2026-09-24T11:07:46Z\",\"node_id\":\"MI_kwDOAJTq2M4A8b7v\"},\"reactions\":{\"total_count\":0,\"+1\":0,\"-1\":0,\"laugh\":0,\"confused\":0,\"heart\":0,\"hooray\":0,\"rocket\":0,\"eyes\":0,\"url\":\"https://api.github.com/repos/apache/cloudstack/issues/6391/reactions\"},\"node_id\":\"I_kwDOAJTq2M5JuLhH\",\"type\":{\"id\":93570,\"node_id\":\"IT_kwDNuP_OAAFtgg\",\"name\":\"Bug\",\"description\":\"An unexpected problem or behavior\",\"color\":\"red\",\"created_at\":\"2024-01-25T09:11:09Z\",\"updated_at\":\"2024-07-26T10:04:57Z\"}},{\"id\":1253111992,\"number\":6424,\"state\":\"open\",\"locked\":false,\"title\":\"Refactor: implement the managesnapshot.sh features via Java and remove the script\",\"body\":\"Several snapshot functionalities, in KVM, are implemented via the script `scripts/storage/qcow2/managesnapshot.sh`.  From https://github.com/apache/cloudstack/pull/6422#discussion_r884991838 came the idea to improve these processes by ​​implementing the functionalities via Java, adding documentation, unit tests and logs.\\r\\n\\r\\n##### ISSUE TYPE\\r\\n * Improvement Request\\r\\n\\r\\n##### COMPONENT NAME\\r\\nKVM\",\"author_association\":\"CONTRIBUTOR\",\"user\":{\"login\":\"GutoVeronezi\",\"id\":38945620,\"node_id\":\"MDQ6VXNlcjM4OTQ1NjIw\",\"avatar_url\":\"https://avatars.githubusercontent.com/u/38945620?v=4\",\"html_url\":\"https://github.com/GutoVeronezi\",\"gravatar_id\":\"\",\"type\":\"User\",\"site_admin\":false,\"url\":\"https://api.github.com/users/GutoVeronezi\",\"events_url\":\"https://api.github.com/users/GutoVeronezi/events{/privacy}\",\"following_url\":\"https://api.github.com/users/GutoVeronezi/following{/other_user}\",\"followers_url\":\"https://api.github.com/users/GutoVeronezi/followers\",\"gists_url\":\"https://api.github.com/users/GutoVeronezi/gists{/gist_id}\",\"organizations_url\":\"https://api.github.com/users/GutoVeronezi/orgs\",\"received_events_url\":\"https://api.github.com/users/GutoVeronezi/received_events\",\"repos_url\":\"https://api.github.com/users/GutoVeronezi/repos\",\"starred_url\":\"https://api.github.com/users/GutoVeronezi/starred{/owner}{/repo}\",\"subscriptions_url\":\"https://api.github.com/users/GutoVeronezi/subscriptions\"},\"labels\":[{\"id\":584072971,\"url\":\"https://api.github.com/repos/apache/cloudstack/labels/component:kvm\",\"name\":\"component:kvm\",\"color\":\"006b75\",\"description\":\"\",\"default\":false,\"node_id\":\"MDU6TGFiZWw1ODQwNzI5NzE=\"},{\"id\":817420428,\"url\":\"https://api.github.com/repos/apache/cloudstack/labels/type:improvement\",\"name\":\"type:improvement\",\"color\":\"a5f9ff\",\"description\":\"\",\"default\":false,\"node_id\":\"MDU6TGFiZWw4MTc0MjA0Mjg=\"},{\"id\":9849008471,\"url\":\"https://api.github.com/repos/apache/cloudstack/labels/no-issue-activity\",\"name\":\"no-issue-activity\",\"color\":\"ededed\",\"default\":false,\"node_id\":\"LA_kwDOAJTq2M8AAAACSwvxVw\"}],\"comments\":6,\"created_at\":\"2022-05-30T20:54:02Z\",\"updated_at\":\"2026-05-23T02:17:33Z\",\"url\":\"https://api.github.com/repos/apache/cloudstack/issues/6424\",\"html_url\":\"https://github.com/apache/cloudstack/issues/6424\",\"comments_url\":\"https://api.github.com/repos/apache/cloudstack/issues/6424/comments\",\"events_url\":\"https://api.github.com/repos/apache/cloudstack/issues/6424/events\",\"labels_url\":\"https://api.github.com/repos/apache/cloudstack/issues/6424/labels{/name}\",\"repository_url\":\"https://api.github.com/repos/apache/cloudstack\",\"milestone\":{\"url\":\"https://api.github.com/repos/apache/cloudstack/milestones/19\",\"html_url\":\"https://github.com/apache/cloudstack/milestone/19\",\"labels_url\":\"https://api.github.com/repos/apache/cloudstack/milestones/19/labels\",\"id\":6265435,\"number\":19,\"state\":\"open\",\"title\":\"unplanned\",\"creator\":{\"login\":\"DaanHoogland\",\"id\":2486961,\"node_id\":\"MDQ6VXNlcjI0ODY5NjE=\",\"avatar_url\":\"https://avatars.githubusercontent.com/u/2486961?v=4\",\"html_url\":\"https://github.com/DaanHoogland\",\"gravatar_id\":\"\",\"type\":\"User\",\"site_admin\":false,\"url\":\"https://api.github.com/users/DaanHoogland\",\"events_url\":\"https://api.github.com/users/DaanHoogland/events{/privacy}\",\"following_url\":\"https://api.github.com/users/DaanHoogland/following{/other_user}\",\"followers_url\":\"https://api.github.com/users/DaanHoogland/followers\",\"gists_url\":\"https://api.github.com/users/DaanHoogland/gists{/gist_id}\",\"organizations_url\":\"https://api.github.com/users/DaanHoogland/orgs\",\"received_events_url\":\"https://api.github.com/users/DaanHoogland/received_events\",\"repos_url\":\"https://api.github.com/users/DaanHoogland/repos\",\"starred_url\":\"https://api.github.com/users/DaanHoogland/starred{/owner}{/repo}\",\"subscriptions_url\":\"https://api.github.com/users/DaanHoogland/subscriptions\"},\"open_issues\":185,\"closed_issues\":1302,\"created_at\":\"2021-01-04T09:07:50Z\",\"updated_at\":\"2026-09-24T11:01:33Z\",\"node_id\":\"MDk6TWlsZXN0b25lNjI2NTQzNQ==\"},\"reactions\":{\"total_count\":0,\"+1\":0,\"-1\":0,\"laugh\":0,\"confused\":0,\"heart\":0,\"hooray\":0,\"rocket\":0,\"eyes\":0,\"url\":\"https://api.github.com/repos/apache/cloudstack/issues/6424/reactions\"},\"node_id\":\"I_kwDOAJTq2M5KsPi4\",\"type\":{\"id\":93574,\"node_id\":\"IT_kwDNuP_OAAFthg\",\"name\":\"Feature\",\"description\":\"A request, idea, or new functionality\",\"color\":\"blue\",\"created_at\":\"2024-01-25T09:11:09Z\",\"updated_at\":\"2024-10-08T08:30:20Z\"}},{\"id\":1340454972,\"number\":6647,\"state\":\"open\",\"locked\":false,\"title\":\"A button \\\"resume download\\\" is needed to finish-up template downloading under images/Templates/zones\",\"body\":\"\\u003c!--\\r\\nVerify first that your issue/request is not already reported on GitHub.\\r\\nAlso test if the latest release and main branch are affected too.\\r\\nAlways add information AFTER of these HTML comments, but no need to delete the comments.\\r\\n--\\u003e\\r\\n\\r\\n\\r\\n##### ISSUE TYPE\\r\\n\\u003c!-- Pick one below and delete the rest --\\u003e\\r\\n * Improvement Request\\r\\n * Enhancement Request\\r\\n\\r\\n##### COMPONENT NAME\\r\\n\\u003c!--\\r\\nCategorize the issue, e.g. API, VR, VPN, UI, etc.\\r\\n--\\u003e\\r\\n~~~\\r\\nUI\\r\\n~~~\\r\\n\\r\\n##### CLOUDSTACK VERSION\\r\\n\\u003c!--\\r\\nNew line separated list of affected versions, commit ID for issues on main branch.\\r\\n--\\u003e\\r\\n\\r\\n~~~\\r\\n4.17.0.1\\r\\n~~~\\r\\n\\r\\n##### CONFIGURATION\\r\\n\\u003c!--\\r\\nInformation about the configuration if relevant, e.g. basic network, advanced networking, etc.  N/A otherwise\\r\\n--\\u003e\\r\\nAdvanced Networking\\r\\n\\r\\n##### OS / ENVIRONMENT\\r\\n\\u003c!--\\r\\nInformation about the environment if relevant, N/A otherwise\\r\\n--\\u003e\\r\\nRHEL-7.9\\r\\n\\r\\n##### SUMMARY\\r\\n\\u003c!-- Explain the problem/feature briefly --\\u003e\\r\\nWhile a template is being uploaded/pushed to a specific zone due to network issues the image/template was not fully downloaded onto that zone. Currently the download percentage is showing as 31%, and even though the management server was bounced yet the download is not getting completed and am looking for a button to resume the download but there is none.\\r\\n\\r\\n##### STEPS TO REPRODUCE\\r\\n\\u003c!--\\r\\nFor bugs, show exactly how to reproduce the problem, using a minimal test-case. Use Screenshots if accurate.\\r\\nFor new features, show how the feature would be used.\\r\\n--\\u003e\\r\\n\\r\\n\\u003c!-- Paste example playbooks or commands between quotes below --\\u003e\\r\\n~~~\\r\\nstep1: Navigate to images/templates and click \\\"Register template from URL\\\"\\r\\nstep2: Fill-up the form to download the template to the desired zone and click OK\\r\\nstep3: While the template is being downloaded - due to network outages or the apache server where qcow2 templates are kept suddenly goes down this will interrupt the template downloading to a specific zone(s).\\r\\nstep4: Once the network outage is resolved, the user should be in a position to \\\"resume download\\\" on images/Templates/zones tab which is NOT available at the moment, hence creating this enhancement request\\r\\n~~~\\r\\n\\r\\n\\u003c!-- You can also paste gist.github.com links for larger files --\\u003e\\r\\n\\r\\n##### EXPECTED RESULTS\\r\\n\\u003c!-- What did you expect to happen when running the steps above? --\\u003e\\r\\n\\r\\n~~~\\r\\nAs soon as the network issue is resolved, the user should be able to resume the template download by clicking \\\"Resume Download\\\" button. \\r\\n~~~\\r\\n\\r\\n##### ACTUAL RESULTS\\r\\n\\u003c!-- What actually happened? --\\u003e\\r\\n\\r\\n\\u003c!-- Paste verbatim command output between quotes below --\\u003e\\r\\n~~~\\r\\nthere is no button to resume the template download; \\r\\n~~~\\r\\n\\r\\n![template-download-issues](https://user-images.githubusercontent.com/61292595/184982277-f94f0a9c-d409-443b-b933-7af37d294976.png)\\r\\n\\r\\n\",\"author_association\":\"NONE\",\"user\":{\"login\":\"gg4126\",\"id\":61292595,\"node_id\":\"MDQ6VXNlcjYxMjkyNTk1\",\"avatar_url\":\"https://avatars.githubusercontent.com/u/61292595?v=4\",\"html_url\":\"https://github.com/gg4126\",\"gravatar_id\":\"\",\"type\":\"User\",\"site_admin\":false,\"url\":\"https://api.github.com/users/gg4126\",\"events_url\":\"https://api.github.com/users/gg4126/events{/privacy}\",\"following_url\":\"https://api.github.com/users/gg4126/following{/other_user}\",\"followers_url\":\"https://api.github.com/users/gg4126/followers\",\"gists_url\":\"https://api.github.com/users/gg4126/gists{/gist_id}\",\"organizations_url\":\"https://api.github.com/users/gg4126/orgs\",\"received_events_url\":\"https://api.github.com/users/gg4126/received_events\",\"repos_url\":\"https://api.github.com/users/gg4126/repos\",\"starred_url\":\"https://api.github.com/users/gg4126/starred{/owner}{/repo}\",\"subscriptions_url\":\"https://api.github.com/users/gg4126/subscriptions\"},\"labels\":[{\"id\":817420428,\"url\":\"https://api.github.com/repos/apache/cloudstack/labels/type:improvement\",\"name\":\"type:improvement\",\"color\":\"a5f9ff\",\"description\":\"\",\"default\":false,\"node_id\":\"MDU6TGFiZWw4MTc0MjA0Mjg=\"},{\"id\":9849008471,\"url\":\"https://api.github.com/repos/apache/cloudstack/labels/no-issue-activity\",\"name\":\"no-issue-activity\",\"color\":\"ededed\",\"default\":false,\"node_id\":\"LA_kwDOAJTq2M8AAAACSwvxVw\"}],\"comments\":13,\"created_at\":\"2022-08-16T14:35:52Z\",\"updated_at\":\"2026-05-23T02:17:30Z\",\"url\":\"https://api.github.com/repos/apache/cloudstack/issues/6647\",\"html_url\":\"https://github.com/apache/cloudstack/issues/6647\",\"comments_url\":\"https://api.github.com/repos/apache/cloudstack/issues/6647/comments\",\"events_url\":\"https://api.github.com/repos/apache/cloudstack/issues/6647/events\",\"labels_url\":\"https://api.github.com/repos/apache/cloudstack/issues/6647/labels{/name}\",\"repository_url\":\"https://api.github.com/repos/apache/cloudstack\",\"milestone\":{\"url\":\"https://api.github.com/repos/apache/cloudstack/milestones/19\",\"html_url\":\"https://github.com/apache/cloudstack/milestone/19\",\"labels_url\":\"https://api.github.com/repos/apache/cloudstack/milestones/19/labels\",\"id\":6265435,\"number\":19,\"state\":\"open\",\"title\":\"unplanned\",\"creator\":{\"login\":\"DaanHoogland\",\"id\":2486961,\"node_id\":\"MDQ6VXNlcjI0ODY5NjE=\",\"avatar_url\":\"https://avatars.githubusercontent.com/u/2486961?v=4\",\"html_url\":\"https://github.com/DaanHoogland\",\"gravatar_id\":\"\",\"type\":\"User\",\"site_admin\":false,\"url\":\"https://api.github.com/users/DaanHoogland\",\"events_url\":\"https://api.github.com/users/DaanHoogland/events{/privacy}\",\"following_url\":\"https://api.github.com/users/DaanHoogland/following{/other_user}\",\"followers_url\":\"https://api.github.com/users/DaanHoogland/followers\",\"gists_url\":\"https://api.github.com/users/DaanHoogland/gists{/gist_id}\",\"organizations_url\":\"https://api.github.com/users/DaanHoogland/orgs\",\"received_events_url\":\"https://api.github.com/users/DaanHoogland/received_events\",\"repos_url\":\"https://api.github.com/users/DaanHoogland/repos\",\"starred_url\":\"https://api.github.com/users/DaanHoogland/starred{/owner}{/repo}\",\"subscriptions_url\":\"https://api.github.com/users/DaanHoogland/subscriptions\"},\"open_issues\":185,\"closed_issues\":1302,\"created_at\":\"2021-01-04T09:07:50Z\",\"updated_at\":\"2026-09-24T11:01:33Z\",\"node_id\":\"MDk6TWlsZXN0b25lNjI2NTQzNQ==\"},\"reactions\":{\"total_count\":0,\"+1\":0,\"-1\":0,\"laugh\":0,\"confused\":0,\"heart\":0,\"hooray\":0,\"rocket\":0,\"eyes\":0,\"url\":\"https://api.github.com/repos/apache/cloudstack/issues/6647/reactions\"},\"node_id\":\"I_kwDOAJTq2M5P5bg8\",\"type\":{\"id\":93574,\"node_id\":\"IT_kwDNuP_OAAFthg\",\"name\":\"Feature\",\"description\":\"A request, idea, or new functionality\",\"color\":\"blue\",\"created_at\":\"2024-01-25T09:11:09Z\",\"updated_at\":\"2024-10-08T08:30:20Z\"}},{\"id\":1349721393,\"number\":6672,\"state\":\"open\",\"locked\":false,\"title\":\"After removing SAML auth, user should be able to login via password directly\",\"body\":\"##### ISSUE TYPE\\r\\n * Bug Report\\r\\n\\r\\n##### COMPONENT NAME\\r\\n~~~\\r\\nAPI via cmk\\r\\n~~~\\r\\n\\r\\n##### CLOUDSTACK VERSION\\r\\n~~~\\r\\n4.17.0.1\\r\\n~~~\\r\\n\\r\\n##### CONFIGURATION\\r\\nN/A\\r\\n\\r\\n\\r\\n##### OS / ENVIRONMENT\\r\\nN/A\\r\\n\\r\\n\\r\\n##### SUMMARY\\r\\n\\u003c!-- Explain the problem/feature briefly --\\u003e\\r\\n\\r\\n\\r\\n##### STEPS TO REPRODUCE\\r\\n~~~\\r\\nstep1: add user, add password for this user, play with this user.\\r\\nstep2: enable SAML SSO authentication for this user, either by webui or API\\r\\nstep3: When you choose to remove the SAML SSO authentication, via cmk : authorize samlsso enable=false userid=myuser id\\r\\nstep4: Try to login on webui with failure :)\\r\\n~~~\\r\\n\\r\\n\\r\\n\\r\\n##### EXPECTED RESULTS\\r\\nUser should be able to login on cloudstack web UI\\r\\nWhen SSO is disable the field \\\"source\\\" on user table is SAML2DISABLED\\r\\nWhen SSO has never been activated (and user is able to login via cloudstack directly) this field must be UNKNOWN.\\r\\n\\r\\n##### ACTUAL RESULTS\\r\\nUser can't login on cloudstack web UI\\r\\n\",\"author_association\":\"NONE\",\"user\":{\"login\":\"atmaniak\",\"id\":800433,\"node_id\":\"MDQ6VXNlcjgwMDQzMw==\",\"avatar_url\":\"https://avatars.githubusercontent.com/u/800433?v=4\",\"html_url\":\"https://github.com/atmaniak\",\"gravatar_id\":\"\",\"type\":\"User\",\"site_admin\":false,\"url\":\"https://api.github.com/users/atmaniak\",\"events_url\":\"https://api.github.com/users/atmaniak/events{/privacy}\",\"following_url\":\"https://api.github.com/users/atmaniak/following{/other_user}\",\"followers_url\":\"https://api.github.com/users/atmaniak/followers\",\"gists_url\":\"https://api.github.com/users/atmaniak/gists{/gist_id}\",\"organizations_url\":\"https://api.github.com/users/atmaniak/orgs\",\"received_events_url\":\"https://api.github.com/users/atmaniak/received_events\",\"repos_url\":\"https://api.github.com/users/atmaniak/repos\",\"starred_url\":\"https://api.github.com/users/atmaniak/starred{/owner}{/repo}\",\"subscriptions_url\":\"https://api.github.com/users/atmaniak/subscriptions\"},\"labels\":[{\"id\":817420428,\"url\":\"https://api.github.com/repos/apache/cloudstack/labels/type:improvement\",\"name\":\"type:improvement\",\"color\":\"a5f9ff\",\"description\":\"\",\"default\":false,\"node_id\":\"MDU6TGFiZWw4MTc0MjA0Mjg=\"}],\"comments\":5,\"created_at\":\"2022-08-24T16:23:19Z\",\"updated_at\":\"2026-04-24T11:42:51Z\",\"url\":\"https://api.github.com/repos/apache/cloudstack/issues/6672\",\"html_url\":\"https://github.com/apache/cloudstack/issues/6672\",\"comments_url\":\"https://api.github.com/repos/apache/cloudstack/issues/6672/comments\",\"events_url\":\"https://api.github.com/repos/apache/cloudstack/issues/6672/events\",\"labels_url\":\"https://api.github.com/repos/apache/cloudstack/issues/6672/labels{/name}\",\"repository_url\":\"https://api.github.com/repos/apache/cloudstack\",\"milestone\":{\"url\":\"https://api.github.com/repos/apache/cloudstack/milestones/46\",\"html_url\":\"https://github.com/apache/cloudstack/milestone/46\",\"labels_url\":\"https://api.github.com/repos/apache/cloudstack/milestones/46/labels\",\"id\":15514689,\"number\":46,\"state\":\"open\",\"title\":\"4.22.2\",\"description\":\"\",\"creator\":{\"login\":\"sureshanaparti\",\"id\":12028987,\"node_id\":\"MDQ6VXNlcjEyMDI4OTg3\",\"avatar_url\":\"https://avatars.githubusercontent.com/u/12028987?v=4\",\"html_url\":\"https://github.com/sureshanaparti\",\"gravatar_id\":\"\",\"type\":\"User\",\"site_admin\":false,\"url\":\"https://api.github.com/users/sureshanaparti\",\"events_url\":\"https://api.github.com/users/sureshanaparti/events{/privacy}\",\"following_url\":\"https://api.github.com/users/sureshanaparti/following{/other_user}\",\"followers_url\":\"https://api.github.com/users/sureshanaparti/followers\",\"gists_url\":\"https://api.github.com/users/sureshanaparti/gists{/gist_id}\",\"organizations_url\":\"https://api.github.com/users/sureshanaparti/orgs\",\"received_events_url\":\"https://api.github.com/users/sureshanaparti/received_events\",\"repos_url\":\"https://api.github.com/users/sureshanaparti/repos\",\"starred_url\":\"https://api.github.com/users/sureshanaparti/starred{/owner}{/repo}\",\"subscriptions_url\":\"https://api.github.com/users/sureshanaparti/subscriptions\"},\"open_issues\":253,\"closed_issues\":112,\"created_at\":\"2026-04-13T07:02:43Z\",\"updated_at\":\"2026-09-28T10:46:21Z\",\"node_id\":\"MI_kwDOAJTq2M4A7LxB\"},\"reactions\":{\"total_count\":0,\"+1\":0,\"-1\":0,\"laugh\":0,\"confused\":0,\"heart\":0,\"hooray\":0,\"rocket\":0,\"eyes\":0,\"url\":\"https://api.github.com/repos/apache/cloudstack/issues/6672/reactions\"},\"node_id\":\"I_kwDOAJTq2M5Qcx0x\",\"type\":{\"id\":93574,\"node_id\":\"IT_kwDNuP_OAAFthg\",\"name\":\"Feature\",\"description\":\"A request, idea, or new functionality\",\"color\":\"blue\",\"created_at\":\"2024-01-25T09:11:09Z\",\"updated_at\":\"2024-10-08T08:30:20Z\"}},{\"id\":1362269910,\"number\":6703,\"state\":\"open\",\"locked\":false,\"title\":\"Introduce a \\\"session timeout\\\" counter in GUI\",\"body\":\"\\u003c!--\\r\\nVerify first that your issue/request is not already reported on GitHub.\\r\\nAlso test if the latest release and main branch are affected too.\\r\\nAlways add information AFTER of these HTML comments, but no need to delete the comments.\\r\\n--\\u003e\\r\\n\\r\\n##### ISSUE TYPE\\r\\n\\u003c!-- Pick one below and delete the rest --\\u003e\\r\\n\\r\\n * Feature Idea\\r\\n\\r\\n\\r\\n##### COMPONENT NAME\\r\\n\\u003c!--\\r\\nCategorize the issue, e.g. API, VR, VPN, UI, etc.\\r\\n--\\u003e\\r\\n~~~\\r\\nUI\\r\\n~~~\\r\\n\\r\\n##### CLOUDSTACK VERSION\\r\\n\\u003c!--\\r\\nNew line separated list of affected versions, commit ID for issues on main branch.\\r\\n--\\u003e\\r\\n\\r\\n~~~\\r\\n4.17.0.1\\r\\n~~~\\r\\n\\r\\n##### CONFIGURATION\\r\\n\\u003c!--\\r\\nInformation about the configuration if relevant, e.g. basic network, advanced networking, etc.  N/A otherwise\\r\\n--\\u003e\\r\\nN/A\\r\\n\\r\\n##### OS / ENVIRONMENT\\r\\n\\u003c!--\\r\\nInformation about the environment if relevant, N/A otherwise\\r\\n--\\u003e\\r\\nN/A\\r\\n\\r\\n##### SUMMARY\\r\\n\\u003c!-- Explain the problem/feature briefly --\\u003e\\r\\nI would like to have a \\\"counter\\\" in the UI showing the time until the current session is closed and the user needs to authenticate again. In addition a button to \\\"refresh\\\" the session / restart the session time-out would be quite convenient.\\r\\nFor positioning i would suggest to place this in the top menue right beside the username and button for changeing the language-settings\\r\\n\\r\\n![Screenshot 2022-09-05 183408](https://user-images.githubusercontent.com/79725167/188490112-f261b42c-fa62-4957-add2-8583f245a643.jpg)\\r\\n\\r\\n\\r\\n##### STEPS TO REPRODUCE\\r\\n\\u003c!--\\r\\nFor bugs, show exactly how to reproduce the problem, using a minimal test-case. Use Screenshots if accurate.\\r\\n\\r\\nFor new features, show how the feature would be used.\\r\\n--\\u003e\\r\\n\\r\\n\\u003c!-- Paste example playbooks or commands between quotes below --\\u003e\\r\\n~~~\\r\\n\\r\\n~~~\\r\\n\\r\\n\\u003c!-- You can also paste gist.github.com links for larger files --\\u003e\\r\\n\\r\\n##### EXPECTED RESULTS\\r\\n\\u003c!-- What did you expect to happen when running the steps above? --\\u003e\\r\\n\\r\\n~~~\\r\\n\\r\\n~~~\\r\\n\\r\\n##### ACTUAL RESULTS\\r\\n\\u003c!-- What actually happened? --\\u003e\\r\\n\\r\\n\\u003c!-- Paste verbatim command output between quotes below --\\u003e\\r\\n~~~\\r\\n\\r\\n~~~\\r\\n\",\"author_association\":\"NONE\",\"user\":{\"login\":\"Hudratronium\",\"id\":79725167,\"node_id\":\"MDQ6VXNlcjc5NzI1MTY3\",\"avatar_url\":\"https://avatars.githubusercontent.com/u/79725167?v=4\",\"html_url\":\"https://github.com/Hudratronium\",\"gravatar_id\":\"\",\"type\":\"User\",\"site_admin\":false,\"url\":\"https://api.github.com/users/Hudratronium\",\"events_url\":\"https://api.github.com/users/Hudratronium/events{/privacy}\",\"following_url\":\"https://api.github.com/users/Hudratronium/following{/other_user}\",\"followers_url\":\"https://api.github.com/users/Hudratronium/followers\",\"gists_url\":\"https://api.github.com/users/Hudratronium/gists{/gist_id}\",\"organizations_url\":\"https://api.github.com/users/Hudratronium/orgs\",\"received_events_url\":\"https://api.github.com/users/Hudratronium/received_events\",\"repos_url\":\"https://api.github.com/users/Hudratronium/repos\",\"starred_url\":\"https://api.github.com/users/Hudratronium/starred{/owner}{/repo}\",\"subscriptions_url\":\"https://api.github.com/users/Hudratronium/subscriptions\"},\"labels\":[{\"id\":6890295339,\"url\":\"https://api.github.com/repos/apache/cloudstack/labels/status:stale\",\"name\":\"status:stale\",\"color\":\"E43179\",\"description\":\"\",\"default\":false,\"node_id\":\"LA_kwDOAJTq2M8AAAABmrGQKw\"}],\"comments\":9,\"created_at\":\"2022-09-05T16:35:54Z\",\"updated_at\":\"2026-05-26T10:57:21Z\",\"url\":\"https://api.github.com/repos/apache/cloudstack/issues/6703\",\"html_url\":\"https://github.com/apache/cloudstack/issues/6703\",\"comments_url\":\"https://api.github.com/repos/apache/cloudstack/issues/6703/comments\",\"events_url\":\"https://api.github.com/repos/apache/cloudstack/issues/6703/events\",\"labels_url\":\"https://api.github.com/repos/apache/cloudstack/issues/6703/labels{/name}\",\"repository_url\":\"https://api.github.com/repos/apache/cloudstack\",\"milestone\":{\"url\":\"https://api.github.com/repos/apache/cloudstack/milestones/19\",\"html_url\":\"https://github.com/apache/cloudstack/milestone/19\",\"labels_url\":\"https://api.github.com/repos/apache/cloudstack/milestones/19/labels\",\"id\":6265435,\"number\":19,\"state\":\"open\",\"title\":\"unplanned\",\"creator\":{\"login\":\"DaanHoogland\",\"id\":2486961,\"node_id\":\"MDQ6VXNlcjI0ODY5NjE=\",\"avatar_url\":\"https://avatars.githubusercontent.com/u/2486961?v=4\",\"html_url\":\"https://github.com/DaanHoogland\",\"gravatar_id\":\"\",\"type\":\"User\",\"site_admin\":false,\"url\":\"https://api.github.com/users/DaanHoogland\",\"events_url\":\"https://api.github.com/users/DaanHoogland/events{/privacy}\",\"following_url\":\"https://api.github.com/users/DaanHoogland/following{/other_user}\",\"followers_url\":\"https://api.github.com/users/DaanHoogland/followers\",\"gists_url\":\"https://api.github.com/users/DaanHoogland/gists{/gist_id}\",\"organizations_url\":\"https://api.github.com/users/DaanHoogland/orgs\",\"received_events_url\":\"https://api.github.com/users/DaanHoogland/received_events\",\"repos_url\":\"https://api.github.com/users/DaanHoogland/repos\",\"starred_url\":\"https://api.github.com/users/DaanHoogland/starred{/owner}{/repo}\",\"subscriptions_url\":\"https://api.github.com/users/DaanHoogland/subscriptions\"},\"open_issues\":185,\"closed_issues\":1302,\"created_at\":\"2021-01-04T09:07:50Z\",\"updated_at\":\"2026-09-24T11:01:33Z\",\"node_id\":\"MDk6TWlsZXN0b25lNjI2NTQzNQ==\"},\"reactions\":{\"total_count\":0,\"+1\":0,\"-1\":0,\"laugh\":0,\"confused\":0,\"heart\":0,\"hooray\":0,\"rocket\":0,\"eyes\":0,\"url\":\"https://api.github.com/repos/apache/cloudstack/issues/6703/reactions\"},\"node_id\":\"I_kwDOAJTq2M5RMpbW\"},{\"id\":1364832398,\"number\":6714,\"state\":\"open\",\"locked\":false,\"title\":\"Prometheus exporter - interpret ::1 as 0:0:0:0:0:0:0:1\",\"body\":\"Hi,\\r\\n\\r\\nIf I configure the Prometheus exporter to allow requests from ::1 (ipv6 localhost, short form) it doesn't actually honour requests.\\r\\n\\r\\nIn the logs you can see entries such as:\\r\\n```Prometheus exporter received client request from: 0:0:0:0:0:0:0:1```\\r\\n\\r\\nIndeed, once you add 0:0:0:0:0:0:0:1 (ipv6 localhost, medium form) it starts working.\\r\\n\\r\\nIt's a minor issue, but nice to get sorted as most people are used to ::1.\",\"author_association\":\"CONTRIBUTOR\",\"user\":{\"login\":\"NuxRo\",\"id\":2357012,\"node_id\":\"MDQ6VXNlcjIzNTcwMTI=\",\"avatar_url\":\"https://avatars.githubusercontent.com/u/2357012?v=4\",\"html_url\":\"https://github.com/NuxRo\",\"gravatar_id\":\"\",\"type\":\"User\",\"site_admin\":false,\"url\":\"https://api.github.com/users/NuxRo\",\"events_url\":\"https://api.github.com/users/NuxRo/events{/privacy}\",\"following_url\":\"https://api.github.com/users/NuxRo/following{/other_user}\",\"followers_url\":\"https://api.github.com/users/NuxRo/followers\",\"gists_url\":\"https://api.github.com/users/NuxRo/gists{/gist_id}\",\"organizations_url\":\"https://api.github.com/users/NuxRo/orgs\",\"received_events_url\":\"https://api.github.com/users/NuxRo/received_events\",\"repos_url\":\"https://api.github.com/users/NuxRo/repos\",\"starred_url\":\"https://api.github.com/users/NuxRo/starred{/owner}{/repo}\",\"subscriptions_url\":\"https://api.github.com/users/NuxRo/subscriptions\"},\"labels\":[{\"id\":37843364,\"url\":\"https://api.github.com/repos/apache/cloudstack/labels/type:bug\",\"name\":\"type:bug\",\"color\":\"fc2929\",\"description\":\"\",\"default\":false,\"node_id\":\"MDU6TGFiZWwzNzg0MzM2NA==\"},{\"id\":1391967979,\"url\":\"https://api.github.com/repos/apache/cloudstack/labels/Severity:Trivial\",\"name\":\"Severity:Trivial\",\"color\":\"e08888\",\"description\":\"\",\"default\":false,\"node_id\":\"MDU6TGFiZWwxMzkxOTY3OTc5\"},{\"id\":4507982790,\"url\":\"https://api.github.com/repos/apache/cloudstack/labels/ipv6\",\"name\":\"ipv6\",\"color\":\"C744C9\",\"description\":\"\",\"default\":false,\"node_id\":\"LA_kwDOAJTq2M8AAAABDLJbxg\"},{\"id\":5651870091,\"url\":\"https://api.github.com/repos/apache/cloudstack/labels/component:prometheus\",\"name\":\"component:prometheus\",\"color\":\"E265FC\",\"description\":\"\",\"default\":false,\"node_id\":\"LA_kwDOAJTq2M8AAAABUOCxiw\"},{\"id\":6890295339,\"url\":\"https://api.github.com/repos/apache/cloudstack/labels/status:stale\",\"name\":\"status:stale\",\"color\":\"E43179\",\"description\":\"\",\"default\":false,\"node_id\":\"LA_kwDOAJTq2M8AAAABmrGQKw\"}],\"comments\":3,\"created_at\":\"2022-09-07T15:18:25Z\",\"updated_at\":\"2026-06-29T08:38:57Z\",\"url\":\"https://api.github.com/repos/apache/cloudstack/issues/6714\",\"html_url\":\"https://github.com/apache/cloudstack/issues/6714\",\"comments_url\":\"https://api.github.com/repos/apache/cloudstack/issues/6714/comments\",\"events_url\":\"https://api.github.com/repos/apache/cloudstack/issues/6714/events\",\"labels_url\":\"https://api.github.com/repos/apache/cloudstack/issues/6714/labels{/name}\",\"repository_url\":\"https://api.github.com/repos/apache/cloudstack\",\"milestone\":{\"url\":\"https://api.github.com/repos/apache/cloudstack/milestones/46\",\"html_url\":\"https://github.com/apache/cloudstack/milestone/46\",\"labels_url\":\"https://api.github.com/repos/apache/cloudstack/milestones/46/labels\",\"id\":15514689,\"number\":46,\"state\":\"open\",\"title\":\"4.22.2\",\"description\":\"\",\"creator\":{\"login\":\"sureshanaparti\",\"id\":12028987,\"node_id\":\"MDQ6VXNlcjEyMDI4OTg3\",\"avatar_url\":\"https://avatars.githubusercontent.com/u/12028987?v=4\",\"html_url\":\"https://github.com/sureshanaparti\",\"gravatar_id\":\"\",\"type\":\"User\",\"site_admin\":false,\"url\":\"https://api.github.com/users/sureshanaparti\",\"events_url\":\"https://api.github.com/users/sureshanaparti/events{/privacy}\",\"following_url\":\"https://api.github.com/users/sureshanaparti/following{/other_user}\",\"followers_url\":\"https://api.github.com/users/sureshanaparti/followers\",\"gists_url\":\"https://api.github.com/users/sureshanaparti/gists{/gist_id}\",\"organizations_url\":\"https://api.github.com/users/sureshanaparti/orgs\",\"received_events_url\":\"https://api.github.com/users/sureshanaparti/received_events\",\"repos_url\":\"https://api.github.com/users/sureshanaparti/repos\",\"starred_url\":\"https://api.github.com/users/sureshanaparti/starred{/owner}{/repo}\",\"subscriptions_url\":\"https://api.github.com/users/sureshanaparti/subscriptions\"},\"open_issues\":253,\"closed_issues\":112,\"created_at\":\"2026-04-13T07:02:43Z\",\"updated_at\":\"2026-09-28T10:46:21Z\",\"node_id\":\"MI_kwDOAJTq2M4A7LxB\"},\"reactions\":{\"total_count\":0,\"+1\":0,\"-1\":0,\"laugh\":0,\"confused\":0,\"heart\":0,\"hooray\":0,\"rocket\":0,\"eyes\":0,\"url\":\"https://api.github.com/repos/apache/cloudstack/issues/6714/reactions\"},\"node_id\":\"I_kwDOAJTq2M5RWbCO\"},{\"id\":1365767365,\"number\":6715,\"state\":\"open\",\"locked\":false,\"title\":\"ControlNetworkGuru does not take into account custom CIDR when assigning System VM link local IP address\",\"body\":\"##### ISSUE TYPE\\r\\n * Bug Report\\r\\n\\r\\n##### COMPONENT NAME\\r\\n~~~\\r\\nManagement, Network, SystemVM\\r\\n~~~\\r\\n\\r\\n##### CLOUDSTACK VERSION\\r\\n~~~\\r\\n4.16.1\\r\\n~~~\\r\\n\\r\\n##### CONFIGURATION\\r\\nIn database:\\r\\n```\\r\\nMariaDB [cloud]\\u003e select name,value from configuration where name = 'control.cidr';\\r\\n+--------------+------------------+\\r\\n| name         | value            |\\r\\n+--------------+------------------+\\r\\n| control.cidr | 169.254.240.0/20 |\\r\\n+--------------+------------------+\\r\\nMariaDB [cloud]\\u003e select name,value from configuration where name = 'control.gateway';\\r\\n+-----------------+---------------+\\r\\n| name            | value         |\\r\\n+-----------------+---------------+\\r\\n| control.gateway | 169.254.240.1 |\\r\\n+-----------------+---------------+\\r\\nMariaDB [cloud]\\u003e select count(*) from op_dc_link_local_ip_address_alloc;\\r\\n+----------+\\r\\n| count(*) |\\r\\n+----------+\\r\\n|    65533 |\\r\\n+----------+\\r\\n```\\r\\nOn agent:\\r\\n```\\r\\nroot@hv-04-02-21:~# grep control.cidr /etc/cloudstack/agent/agent.properties\\r\\ncontrol.cidr=169.254.240.0/20\\r\\n```\\r\\n\\r\\n##### SUMMARY\\r\\nWhen having set a `control.cidr` different from the norm (`168.254.0.0/16`) and the database table `op_dc_link_local_ip_address_alloc` is already populated with all the addresses in the default CIDR, then allocating an IP to a System VM does not take into account the requested CIDR, thus allocating an IP address in the wrong range.\\r\\n\\r\\nhttps://github.com/apache/cloudstack/blob/main/engine/schema/src/main/java/com/cloud/dc/dao/DataCenterLinkLocalIpAddressDaoImpl.java#L52 should take this into account. This function is called in https://github.com/apache/cloudstack/blob/main/server/src/main/java/com/cloud/network/guru/ControlNetworkGuru.java#L134\\r\\n\\r\\n##### STEPS TO REPRODUCE\\r\\n- Install new management server\\r\\n- After kickstart, disable the zone to prevent any system vm deploys\\r\\n- In mysql database: `select count(*) from op_dc_link_local_ip_address_alloc;`, it would return `65533`\\r\\n- Connect agents\\r\\n- Configure `control.cidr` on the manager and agents, and `control.gateway` on the manager, ie:\\r\\n```\\r\\ncontrol.cidr=169.254.240.0/20\\r\\ncontrol.gateway=169.254.240.1\\r\\n```\\r\\n- Enable the zone, check the system vm link local address\\r\\n\\r\\n##### EXPECTED RESULTS\\r\\n- The System VMs should receive an IP address in the configured CIDR.\\r\\n- Additional expected: In mysql database: `select count(*) from op_dc_link_local_ip_address_alloc;`, it should return `4093`\\r\\n\\r\\n##### ACTUAL RESULTS\\r\\n- System VMs receive an IP address in the default `169.254.0.0/16` range\\r\\n```\\r\\n2022-09-07 22:45:35,338 DEBUG [o.a.c.e.o.NetworkOrchestrator] (Work-Job-Executor-3:ctx-b1c76634 job-149/job-150 ctx-224681ec) (logid:32608415) Network id=201 is already implemented\\r\\n2022-09-07 22:45:35,524 DEBUG [c.c.n.g.ControlNetworkGuru] (Work-Job-Executor-3:ctx-b1c76634 job-149/job-150 ctx-224681ec) (logid:32608415) Reserved NIC for v-18-VM [ipv4:169.254.167.69 netmask:255.255.240.0 gateway:169.254.240.1]\\r\\n```\\r\\n\",\"author_association\":\"CONTRIBUTOR\",\"user\":{\"login\":\"Rubueno\",\"id\":8641284,\"node_id\":\"MDQ6VXNlcjg2NDEyODQ=\",\"avatar_url\":\"https://avatars.githubusercontent.com/u/8641284?v=4\",\"html_url\":\"https://github.com/Rubueno\",\"gravatar_id\":\"\",\"type\":\"User\",\"site_admin\":false,\"url\":\"https://api.github.com/users/Rubueno\",\"events_url\":\"https://api.github.com/users/Rubueno/events{/privacy}\",\"following_url\":\"https://api.github.com/users/Rubueno/following{/other_user}\",\"followers_url\":\"https://api.github.com/users/Rubueno/followers\",\"gists_url\":\"https://api.github.com/users/Rubueno/gists{/gist_id}\",\"organizations_url\":\"https://api.github.com/users/Rubueno/orgs\",\"received_events_url\":\"https://api.github.com/users/Rubueno/received_events\",\"repos_url\":\"https://api.github.com/users/Rubueno/repos\",\"starred_url\":\"https://api.github.com/users/Rubueno/starred{/owner}{/repo}\",\"subscriptions_url\":\"https://api.github.com/users/Rubueno/subscriptions\"},\"labels\":[{\"id\":584072971,\"url\":\"https://api.github.com/repos/apache/cloudstack/labels/component:kvm\",\"name\":\"component:kvm\",\"color\":\"006b75\",\"description\":\"\",\"default\":false,\"node_id\":\"MDU6TGFiZWw1ODQwNzI5NzE=\"},{\"id\":592559219,\"url\":\"https://api.github.com/repos/apache/cloudstack/labels/component:networking\",\"name\":\"component:networking\",\"color\":\"f9d0c4\",\"description\":\"\",\"default\":false,\"node_id\":\"MDU6TGFiZWw1OTI1NTkyMTk=\"},{\"id\":1391968610,\"url\":\"https://api.github.com/repos/apache/cloudstack/labels/Severity:Minor\",\"name\":\"Severity:Minor\",\"color\":\"906666\",\"description\":\"\",\"default\":false,\"node_id\":\"MDU6TGFiZWwxMzkxOTY4NjEw\"},{\"id\":2694797573,\"url\":\"https://api.github.com/repos/apache/cloudstack/labels/status:needs-investigation\",\"name\":\"status:needs-investigation\",\"color\":\"906C28\",\"description\":\"\",\"default\":false,\"node_id\":\"MDU6TGFiZWwyNjk0Nzk3NTcz\"},{\"id\":6890295339,\"url\":\"https://api.github.com/repos/apache/cloudstack/labels/status:stale\",\"name\":\"status:stale\",\"color\":\"E43179\",\"description\":\"\",\"default\":false,\"node_id\":\"LA_kwDOAJTq2M8AAAABmrGQKw\"},{\"id\":9849008471,\"url\":\"https://api.github.com/repos/apache/cloudstack/labels/no-issue-activity\",\"name\":\"no-issue-activity\",\"color\":\"ededed\",\"default\":false,\"node_id\":\"LA_kwDOAJTq2M8AAAACSwvxVw\"}],\"comments\":2,\"created_at\":\"2022-09-08T08:18:52Z\",\"updated_at\":\"2026-05-23T02:17:23Z\",\"url\":\"https://api.github.com/repos/apache/cloudstack/issues/6715\",\"html_url\":\"https://github.com/apache/cloudstack/issues/6715\",\"comments_url\":\"https://api.github.com/repos/apache/cloudstack/issues/6715/comments\",\"events_url\":\"https://api.github.com/repos/apache/cloudstack/issues/6715/events\",\"labels_url\":\"https://api.github.com/repos/apache/cloudstack/issues/6715/labels{/name}\",\"repository_url\":\"https://api.github.com/repos/apache/cloudstack\",\"milestone\":{\"url\":\"https://api.github.com/repos/apache/cloudstack/milestones/19\",\"html_url\":\"https://github.com/apache/cloudstack/milestone/19\",\"labels_url\":\"https://api.github.com/repos/apache/cloudstack/milestones/19/labels\",\"id\":6265435,\"number\":19,\"state\":\"open\",\"title\":\"unplanned\",\"creator\":{\"login\":\"DaanHoogland\",\"id\":2486961,\"node_id\":\"MDQ6VXNlcjI0ODY5NjE=\",\"avatar_url\":\"https://avatars.githubusercontent.com/u/2486961?v=4\",\"html_url\":\"https://github.com/DaanHoogland\",\"gravatar_id\":\"\",\"type\":\"User\",\"site_admin\":false,\"url\":\"https://api.github.com/users/DaanHoogland\",\"events_url\":\"https://api.github.com/users/DaanHoogland/events{/privacy}\",\"following_url\":\"https://api.github.com/users/DaanHoogland/following{/other_user}\",\"followers_url\":\"https://api.github.com/users/DaanHoogland/followers\",\"gists_url\":\"https://api.github.com/users/DaanHoogland/gists{/gist_id}\",\"organizations_url\":\"https://api.github.com/users/DaanHoogland/orgs\",\"received_events_url\":\"https://api.github.com/users/DaanHoogland/received_events\",\"repos_url\":\"https://api.github.com/users/DaanHoogland/repos\",\"starred_url\":\"https://api.github.com/users/DaanHoogland/starred{/owner}{/repo}\",\"subscriptions_url\":\"https://api.github.com/users/DaanHoogland/subscriptions\"},\"open_issues\":185,\"closed_issues\":1302,\"created_at\":\"2021-01-04T09:07:50Z\",\"updated_at\":\"2026-09-24T11:01:33Z\",\"node_id\":\"MDk6TWlsZXN0b25lNjI2NTQzNQ==\"},\"reactions\":{\"total_count\":0,\"+1\":0,\"-1\":0,\"laugh\":0,\"confused\":0,\"heart\":0,\"hooray\":0,\"rocket\":0,\"eyes\":0,\"url\":\"https://api.github.com/repos/apache/cloudstack/issues/6715/reactions\"},\"node_id\":\"I_kwDOAJTq2M5RZ_TF\"},{\"id\":1367074379,\"number\":6718,\"state\":\"open\",\"locked\":false,\"title\":\"conntrackd filling up var\",\"body\":\"##### ISSUE TYPE\\r\\n * Bug Report\\r\\n\\r\\n##### COMPONENT NAME\\r\\n~~~\\r\\nVR\\r\\n~~~\\r\\n\\r\\n##### CLOUDSTACK VERSION\\r\\n~~~\\r\\nlatest\\r\\n~~~\\r\\n\\r\\n##### CONFIGURATION\\r\\n~~~\\r\\nN/A\\r\\n~~~\\r\\n\\r\\n##### OS / ENVIRONMENT\\r\\n~~~\\r\\nKVM\\r\\n~~~\\r\\n\\r\\n##### SUMMARY\\r\\n~~~\\r\\nWe have large customers with a lot of VR traffic traversing the VRs.  Logrotate cannot keep up and /var fills up to 100%, causing the VR to exhibit problems when attempting to start/restart instances in the VPC and/or traffic stops flowing.  Conntrackd is logging verbosely to daemon.log.\\r\\n~~~\\r\\n\\r\\n##### STEPS TO REPRODUCE\\r\\n~~~\\r\\n\\r\\n1. Construct a VPC with a redundant VR pair with a private gateway or tunnel\\r\\n2. Create a large amount of traffic to/from a VPC over gateway or tunnel\\r\\n\\r\\n~~~\\r\\n\\r\\n##### EXPECTED RESULTS\\r\\n~~~\\r\\n/var should not fill up regardless of traffic load\\r\\n~~~\\r\\n\\r\\n##### ACTUAL RESULTS\\r\\n~~~\\r\\n/var fills up\\r\\n~~~\",\"author_association\":\"NONE\",\"user\":{\"login\":\"ghost\",\"id\":10137,\"node_id\":\"MDQ6VXNlcjEwMTM3\",\"avatar_url\":\"https://avatars.githubusercontent.com/u/10137?v=4\",\"html_url\":\"https://github.com/ghost\",\"gravatar_id\":\"\",\"type\":\"User\",\"site_admin\":false,\"url\":\"https://api.github.com/users/ghost\",\"events_url\":\"https://api.github.com/users/ghost/events{/privacy}\",\"following_url\":\"https://api.github.com/users/ghost/following{/other_user}\",\"followers_url\":\"https://api.github.com/users/ghost/followers\",\"gists_url\":\"https://api.github.com/users/ghost/gists{/gist_id}\",\"organizations_url\":\"https://api.github.com/users/ghost/orgs\",\"received_events_url\":\"https://api.github.com/users/ghost/received_events\",\"repos_url\":\"https://api.github.com/users/ghost/repos\",\"starred_url\":\"https://api.github.com/users/ghost/starred{/owner}{/repo}\",\"subscriptions_url\":\"https://api.github.com/users/ghost/subscriptions\"},\"labels\":[{\"id\":37843364,\"url\":\"https://api.github.com/repos/apache/cloudstack/labels/type:bug\",\"name\":\"type:bug\",\"color\":\"fc2929\",\"description\":\"\",\"default\":false,\"node_id\":\"MDU6TGFiZWwzNzg0MzM2NA==\"},{\"id\":584073391,\"url\":\"https://api.github.com/repos/apache/cloudstack/labels/component:virtual-router\",\"name\":\"component:virtual-router\",\"color\":\"ffaaeb\",\"description\":\"\",\"default\":false,\"node_id\":\"MDU6TGFiZWw1ODQwNzMzOTE=\"},{\"id\":1082374171,\"url\":\"https://api.github.com/repos/apache/cloudstack/labels/component:logging\",\"name\":\"component:logging\",\"color\":\"eaa498\",\"description\":\"\",\"default\":false,\"node_id\":\"MDU6TGFiZWwxMDgyMzc0MTcx\"},{\"id\":1391968610,\"url\":\"https://api.github.com/repos/apache/cloudstack/labels/Severity:Minor\",\"name\":\"Severity:Minor\",\"color\":\"906666\",\"description\":\"\",\"default\":false,\"node_id\":\"MDU6TGFiZWwxMzkxOTY4NjEw\"},{\"id\":2694797573,\"url\":\"https://api.github.com/repos/apache/cloudstack/labels/status:needs-investigation\",\"name\":\"status:needs-investigation\",\"color\":\"906C28\",\"description\":\"\",\"default\":false,\"node_id\":\"MDU6TGFiZWwyNjk0Nzk3NTcz\"},{\"id\":6890295339,\"url\":\"https://api.github.com/repos/apache/cloudstack/labels/status:stale\",\"name\":\"status:stale\",\"color\":\"E43179\",\"description\":\"\",\"default\":false,\"node_id\":\"LA_kwDOAJTq2M8AAAABmrGQKw\"},{\"id\":9849008471,\"url\":\"https://api.github.com/repos/apache/cloudstack/labels/no-issue-activity\",\"name\":\"no-issue-activity\",\"color\":\"ededed\",\"default\":false,\"node_id\":\"LA_kwDOAJTq2M8AAAACSwvxVw\"}],\"comments\":3,\"created_at\":\"2022-09-08T22:58:16Z\",\"updated_at\":\"2026-05-27T02:18:45Z\",\"url\":\"https://api.github.com/repos/apache/cloudstack/issues/6718\",\"html_url\":\"https://github.com/apache/cloudstack/issues/6718\",\"comments_url\":\"https://api.github.com/repos/apache/cloudstack/issues/6718/comments\",\"events_url\":\"https://api.github.com/repos/apache/cloudstack/issues/6718/events\",\"labels_url\":\"https://api.github.com/repos/apache/cloudstack/issues/6718/labels{/name}\",\"repository_url\":\"https://api.github.com/repos/apache/cloudstack\",\"milestone\":{\"url\":\"https://api.github.com/repos/apache/cloudstack/milestones/19\",\"html_url\":\"https://github.com/apache/cloudstack/milestone/19\",\"labels_url\":\"https://api.github.com/repos/apache/cloudstack/milestones/19/labels\",\"id\":6265435,\"number\":19,\"state\":\"open\",\"title\":\"unplanned\",\"creator\":{\"login\":\"DaanHoogland\",\"id\":2486961,\"node_id\":\"MDQ6VXNlcjI0ODY5NjE=\",\"avatar_url\":\"https://avatars.githubusercontent.com/u/2486961?v=4\",\"html_url\":\"https://github.com/DaanHoogland\",\"gravatar_id\":\"\",\"type\":\"User\",\"site_admin\":false,\"url\":\"https://api.github.com/users/DaanHoogland\",\"events_url\":\"https://api.github.com/users/DaanHoogland/events{/privacy}\",\"following_url\":\"https://api.github.com/users/DaanHoogland/following{/other_user}\",\"followers_url\":\"https://api.github.com/users/DaanHoogland/followers\",\"gists_url\":\"https://api.github.com/users/DaanHoogland/gists{/gist_id}\",\"organizations_url\":\"https://api.github.com/users/DaanHoogland/orgs\",\"received_events_url\":\"https://api.github.com/users/DaanHoogland/received_events\",\"repos_url\":\"https://api.github.com/users/DaanHoogland/repos\",\"starred_url\":\"https://api.github.com/users/DaanHoogland/starred{/owner}{/repo}\",\"subscriptions_url\":\"https://api.github.com/users/DaanHoogland/subscriptions\"},\"open_issues\":185,\"closed_issues\":1302,\"created_at\":\"2021-01-04T09:07:50Z\",\"updated_at\":\"2026-09-24T11:01:33Z\",\"node_id\":\"MDk6TWlsZXN0b25lNjI2NTQzNQ==\"},\"reactions\":{\"total_count\":0,\"+1\":0,\"-1\":0,\"laugh\":0,\"confused\":0,\"heart\":0,\"hooray\":0,\"rocket\":0,\"eyes\":0,\"url\":\"https://api.github.com/repos/apache/cloudstack/issues/6718/reactions\"},\"node_id\":\"I_kwDOAJTq2M5Re-ZL\"},{\"id\":1368274307,\"number\":6726,\"state\":\"open\",\"locked\":false,\"title\":\"INSTALL.md is incomplete and/or outdated\",\"body\":\"\\u003c!--\\r\\nVerify first that your issue/request is not already reported on GitHub.\\r\\nAlso test if the latest release and main branch are affected too.\\r\\nAlways add information AFTER of these HTML comments, but no need to delete the comments.\\r\\n--\\u003e\\r\\n\\r\\n##### ISSUE TYPE\\r\\n\\u003c!-- Pick one below and delete the rest --\\u003e\\r\\n * Documentation Report\\r\\n\\r\\n##### COMPONENT NAME\\r\\n\\u003c!--\\r\\nCategorize the issue, e.g. API, VR, VPN, UI, etc.\\r\\n--\\u003e\\r\\n~~~\\r\\nBuild instructions\\r\\n~~~\\r\\n\\r\\n##### CLOUDSTACK VERSION\\r\\n\\u003c!--\\r\\nNew line separated list of affected versions, commit ID for issues on main branch.\\r\\n--\\u003e\\r\\n\\r\\n~~~\\r\\n4.16\\r\\n~~~\\r\\n\\r\\n##### CONFIGURATION\\r\\n\\u003c!--\\r\\nInformation about the configuration if relevant, e.g. basic network, advanced networking, etc.  N/A otherwise\\r\\n--\\u003e\\r\\n\\r\\n\\r\\n##### OS / ENVIRONMENT\\r\\n\\u003c!--\\r\\nInformation about the environment if relevant, N/A otherwise\\r\\n--\\u003e\\r\\n\\r\\nCentOS 7\\r\\n\\r\\n##### SUMMARY\\r\\n\\u003c!-- Explain the problem/feature briefly --\\u003e\\r\\nI tried to follow the steps in INSTALL.md to build CloudStack on CentOS 7.  The instructions aren't working.  They seem to be missing some steps, and I wonder if some of the dependency version numbers are outdated (e.g. Maven 3.6.3).\\r\\n\\r\\n##### STEPS TO REPRODUCE\\r\\n\\u003c!--\\r\\nFor bugs, show exactly how to reproduce the problem, using a minimal test-case. Use Screenshots if accurate.\\r\\n\\r\\nFor new features, show how the feature would be used.\\r\\n--\\u003e\\r\\n\\r\\n\\u003c!-- Paste example playbooks or commands between quotes below --\\u003e\\r\\n~~~\\r\\n\\r\\n~~~\\r\\n\\r\\n\\u003c!-- You can also paste gist.github.com links for larger files --\\u003e\\r\\n\\r\\n##### EXPECTED RESULTS\\r\\n\\u003c!-- What did you expect to happen when running the steps above? --\\u003e\\r\\n\\r\\n~~~\\r\\n\\r\\n~~~\\r\\n\\r\\n##### ACTUAL RESULTS\\r\\n\\u003c!-- What actually happened? --\\u003e\\r\\n\\r\\n\\u003c!-- Paste verbatim command output between quotes below --\\u003e\\r\\n~~~\\r\\nI had to add a MySQL repository before yum could install MySQL.  I didn't know which version to use, so I picked 7.5 because it's used in the quick installation guide.\\r\\n\\r\\n```\\r\\nwget http://repo.mysql.com/mysql-community-release-el7-5.noarch.rpm\\r\\nrpm -ivh mysql-community-release-el7-5.noarch.rpm\\r\\n```\\r\\n\\r\\nIn the `Install tools and dependencies` section, I needed to add bzip2 and python3 to the yum command.\\r\\n\\r\\nThe Maven download URL doesn't work.  You could change the domain name from www.us.apache.org to archive.apache.org.  That would work, but you'd still get an old version.  I found it was much easier to just use sdkman.io to install the latest version.\\r\\n\\r\\nThose changes were enough for the build to succeed.  But I couldn't create the DB schema.  I'm wondering if that part of the process needs an older version of MySQL.\\r\\n~~~\\r\\n\",\"author_association\":\"CONTRIBUTOR\",\"user\":{\"login\":\"mrog\",\"id\":4752942,\"node_id\":\"MDQ6VXNlcjQ3NTI5NDI=\",\"avatar_url\":\"https://avatars.githubusercontent.com/u/4752942?v=4\",\"html_url\":\"https://github.com/mrog\",\"gravatar_id\":\"\",\"type\":\"User\",\"site_admin\":false,\"url\":\"https://api.github.com/users/mrog\",\"events_url\":\"https://api.github.com/users/mrog/events{/privacy}\",\"following_url\":\"https://api.github.com/users/mrog/following{/other_user}\",\"followers_url\":\"https://api.github.com/users/mrog/followers\",\"gists_url\":\"https://api.github.com/users/mrog/gists{/gist_id}\",\"organizations_url\":\"https://api.github.com/users/mrog/orgs\",\"received_events_url\":\"https://api.github.com/users/mrog/received_events\",\"repos_url\":\"https://api.github.com/users/mrog/repos\",\"starred_url\":\"https://api.github.com/users/mrog/starred{/owner}{/repo}\",\"subscriptions_url\":\"https://api.github.com/users/mrog/subscriptions\"},\"labels\":[{\"id\":2479281588,\"url\":\"https://api.github.com/repos/apache/cloudstack/labels/component:documentation\",\"name\":\"component:documentation\",\"color\":\"8236aa\",\"description\":\"\",\"default\":false,\"node_id\":\"MDU6TGFiZWwyNDc5MjgxNTg4\"},{\"id\":6890295339,\"url\":\"https://api.github.com/repos/apache/cloudstack/labels/status:stale\",\"name\":\"status:stale\",\"color\":\"E43179\",\"description\":\"\",\"default\":false,\"node_id\":\"LA_kwDOAJTq2M8AAAABmrGQKw\"},{\"id\":9849008471,\"url\":\"https://api.github.com/repos/apache/cloudstack/labels/no-issue-activity\",\"name\":\"no-issue-activity\",\"color\":\"ededed\",\"default\":false,\"node_id\":\"LA_kwDOAJTq2M8AAAACSwvxVw\"}],\"assignee\":{\"login\":\"kiranchavala\",\"id\":1401014,\"node_id\":\"MDQ6VXNlcjE0MDEwMTQ=\",\"avatar_url\":\"https://avatars.githubusercontent.com/u/1401014?v=4\",\"html_url\":\"https://github.com/kiranchavala\",\"gravatar_id\":\"\",\"type\":\"User\",\"site_admin\":false,\"url\":\"https://api.github.com/users/kiranchavala\",\"events_url\":\"https://api.github.com/users/kiranchavala/events{/privacy}\",\"following_url\":\"https://api.github.com/users/kiranchavala/following{/other_user}\",\"followers_url\":\"https://api.github.com/users/kiranchavala/followers\",\"gists_url\":\"https://api.github.com/users/kiranchavala/gists{/gist_id}\",\"organizations_url\":\"https://api.github.com/users/kiranchavala/orgs\",\"received_events_url\":\"https://api.github.com/users/kiranchavala/received_events\",\"repos_url\":\"https://api.github.com/users/kiranchavala/repos\",\"starred_url\":\"https://api.github.com/users/kiranchavala/starred{/owner}{/repo}\",\"subscriptions_url\":\"https://api.github.com/users/kiranchavala/subscriptions\"},\"comments\":4,\"created_at\":\"2022-09-09T20:07:57Z\",\"updated_at\":\"2026-08-17T02:00:25Z\",\"url\":\"https://api.github.com/repos/apache/cloudstack/issues/6726\",\"html_url\":\"https://github.com/apache/cloudstack/issues/6726\",\"comments_url\":\"https://api.github.com/repos/apache/cloudstack/issues/6726/comments\",\"events_url\":\"https://api.github.com/repos/apache/cloudstack/issues/6726/events\",\"labels_url\":\"https://api.github.com/repos/apache/cloudstack/issues/6726/labels{/name}\",\"repository_url\":\"https://api.github.com/repos/apache/cloudstack\",\"milestone\":{\"url\":\"https://api.github.com/repos/apache/cloudstack/milestones/19\",\"html_url\":\"https://github.com/apache/cloudstack/milestone/19\",\"labels_url\":\"https://api.github.com/repos/apache/cloudstack/milestones/19/labels\",\"id\":6265435,\"number\":19,\"state\":\"open\",\"title\":\"unplanned\",\"creator\":{\"login\":\"DaanHoogland\",\"id\":2486961,\"node_id\":\"MDQ6VXNlcjI0ODY5NjE=\",\"avatar_url\":\"https://avatars.githubusercontent.com/u/2486961?v=4\",\"html_url\":\"https://github.com/DaanHoogland\",\"gravatar_id\":\"\",\"type\":\"User\",\"site_admin\":false,\"url\":\"https://api.github.com/users/DaanHoogland\",\"events_url\":\"https://api.github.com/users/DaanHoogland/events{/privacy}\",\"following_url\":\"https://api.github.com/users/DaanHoogland/following{/other_user}\",\"followers_url\":\"https://api.github.com/users/DaanHoogland/followers\",\"gists_url\":\"https://api.github.com/users/DaanHoogland/gists{/gist_id}\",\"organizations_url\":\"https://api.github.com/users/DaanHoogland/orgs\",\"received_events_url\":\"https://api.github.com/users/DaanHoogland/received_events\",\"repos_url\":\"https://api.github.com/users/DaanHoogland/repos\",\"starred_url\":\"https://api.github.com/users/DaanHoogland/starred{/owner}{/repo}\",\"subscriptions_url\":\"https://api.github.com/users/DaanHoogland/subscriptions\"},\"open_issues\":185,\"closed_issues\":1302,\"created_at\":\"2021-01-04T09:07:50Z\",\"updated_at\":\"2026-09-24T11:01:33Z\",\"node_id\":\"MDk6TWlsZXN0b25lNjI2NTQzNQ==\"},\"reactions\":{\"total_count\":0,\"+1\":0,\"-1\":0,\"laugh\":0,\"confused\":0,\"heart\":0,\"hooray\":0,\"rocket\":0,\"eyes\":0,\"url\":\"https://api.github.com/repos/apache/cloudstack/issues/6726/reactions\"},\"assignees\":[{\"login\":\"kiranchavala\",\"id\":1401014,\"node_id\":\"MDQ6VXNlcjE0MDEwMTQ=\",\"avatar_url\":\"https://avatars.githubusercontent.com/u/1401014?v=4\",\"html_url\":\"https://github.com/kiranchavala\",\"gravatar_id\":\"\",\"type\":\"User\",\"site_admin\":false,\"url\":\"https://api.github.com/users/kiranchavala\",\"events_url\":\"https://api.github.com/users/kiranchavala/events{/privacy}\",\"following_url\":\"https://api.github.com/users/kiranchavala/following{/other_user}\",\"followers_url\":\"https://api.github.com/users/kiranchavala/followers\",\"gists_url\":\"https://api.github.com/users/kiranchavala/gists{/gist_id}\",\"organizations_url\":\"https://api.github.com/users/kiranchavala/orgs\",\"received_events_url\":\"https://api.github.com/users/kiranchavala/received_events\",\"repos_url\":\"https://api.github.com/users/kiranchavala/repos\",\"starred_url\":\"https://api.github.com/users/kiranchavala/starred{/owner}{/repo}\",\"subscriptions_url\":\"https://api.github.com/users/kiranchavala/subscriptions\"}],\"node_id\":\"I_kwDOAJTq2M5RjjWD\"},{\"id\":1376117413,\"number\":6746,\"state\":\"open\",\"locked\":false,\"title\":\"Fix potential leaking of volume maps\",\"body\":\"\\u003c!--\\r\\nVerify first that your issue/request is not already reported on GitHub.\\r\\nAlso test if the latest release and main branch are affected too.\\r\\nAlways add information AFTER of these HTML comments, but no need to delete the comments.\\r\\n--\\u003e\\r\\n\\r\\n##### ISSUE TYPE\\r\\n * Enhancement Request\\r\\n \\r\\n##### COMPONENT NAME\\r\\n~~~\\r\\nStorage\\r\\n~~~\\r\\n\\r\\n##### CLOUDSTACK VERSION\\r\\n~~~\\r\\nAny\\r\\n~~~\\r\\n\\r\\n##### SUMMARY\\r\\nUnmapping volumes from a hypervisor host upon VM stop or migration is done on a best-effort basis. The VM is already stopped, or already migrated, we try to unmap, but if something goes wrong there is really no recourse or retry and a warning is logged.  This leaves a potential of leaking maps to hosts over time.\\r\\n\\r\\nIn code review I've also found edge cases where a VM is moved to \\\"Stopped\\\" state without necessarily cleaning up network or volume resources, these can also lead to leaked maps over time. Examples are force removing a hypervisor host with running VMs on it, and possibly any other code that just calls `vm.setState(State.Stopped)`.\\r\\n\\r\\nMy request is that we be more thorough during VM start in ensuring that our target host and *only* our target host has access to the volume.  Or at least call the storage plugin involved to let it decide how to do this. It should be as simple as calling the storage service to \\\"revoke all\\\" just before we grant access, or allowing for an exclusive grant in the storage API.\\r\\n\\r\\nFor example, with the PowerFlex/ScaleIO storage client there is an `unmapVolumeFromAllSdcs` that could be called just prior to granting access to volumes during VM start. \\r\\n\\r\\nWe may need to add a `revokeAllAccess()` method to the `PrimaryDataStoreDriver`, or add a flag to the existing `revokeAccess` to indicate that the storage driver should revoke all.  \\r\\n\\r\\nOr alternatively (I think I like this better), the `grantAccess()` call might gain a flag `boolean exclusive` so the storage driver can be instructed to ensure that only one mapping exists - the one requested.  This would be cleaner.\\r\\n\\r\\nCrucially - we need to avoid exclusive access during the live migration workflows. It seems safe to ensure exclusive access during VM start, however.\\r\\n\",\"author_association\":\"CONTRIBUTOR\",\"user\":{\"login\":\"mlsorensen\",\"id\":1047709,\"node_id\":\"MDQ6VXNlcjEwNDc3MDk=\",\"avatar_url\":\"https://avatars.githubusercontent.com/u/1047709?v=4\",\"html_url\":\"https://github.com/mlsorensen\",\"gravatar_id\":\"\",\"type\":\"User\",\"site_admin\":false,\"url\":\"https://api.github.com/users/mlsorensen\",\"events_url\":\"https://api.github.com/users/mlsorensen/events{/privacy}\",\"following_url\":\"https://api.github.com/users/mlsorensen/following{/other_user}\",\"followers_url\":\"https://api.github.com/users/mlsorensen/followers\",\"gists_url\":\"https://api.github.com/users/mlsorensen/gists{/gist_id}\",\"organizations_url\":\"https://api.github.com/users/mlsorensen/orgs\",\"received_events_url\":\"https://api.github.com/users/mlsorensen/received_events\",\"repos_url\":\"https://api.github.com/users/mlsorensen/repos\",\"starred_url\":\"https://api.github.com/users/mlsorensen/starred{/owner}{/repo}\",\"subscriptions_url\":\"https://api.github.com/users/mlsorensen/subscriptions\"},\"labels\":[{\"id\":37843366,\"url\":\"https://api.github.com/repos/apache/cloudstack/labels/type:enhancement\",\"name\":\"type:enhancement\",\"color\":\"84b6eb\",\"description\":\"\",\"default\":false,\"node_id\":\"MDU6TGFiZWwzNzg0MzM2Ng==\"},{\"id\":4006883948,\"url\":\"https://api.github.com/repos/apache/cloudstack/labels/component:storage\",\"name\":\"component:storage\",\"color\":\"1D76DB\",\"description\":\"\",\"default\":false,\"node_id\":\"LA_kwDOAJTq2M7u1DJs\"},{\"id\":6890295339,\"url\":\"https://api.github.com/repos/apache/cloudstack/labels/status:stale\",\"name\":\"status:stale\",\"color\":\"E43179\",\"description\":\"\",\"default\":false,\"node_id\":\"LA_kwDOAJTq2M8AAAABmrGQKw\"},{\"id\":9849008471,\"url\":\"https://api.github.com/repos/apache/cloudstack/labels/no-issue-activity\",\"name\":\"no-issue-activity\",\"color\":\"ededed\",\"default\":false,\"node_id\":\"LA_kwDOAJTq2M8AAAACSwvxVw\"}],\"comments\":3,\"created_at\":\"2022-09-16T15:38:14Z\",\"updated_at\":\"2026-05-27T02:18:43Z\",\"url\":\"https://api.github.com/repos/apache/cloudstack/issues/6746\",\"html_url\":\"https://github.com/apache/cloudstack/issues/6746\",\"comments_url\":\"https://api.github.com/repos/apache/cloudstack/issues/6746/comments\",\"events_url\":\"https://api.github.com/repos/apache/cloudstack/issues/6746/events\",\"labels_url\":\"https://api.github.com/repos/apache/cloudstack/issues/6746/labels{/name}\",\"repository_url\":\"https://api.github.com/repos/apache/cloudstack\",\"milestone\":{\"url\":\"https://api.github.com/repos/apache/cloudstack/milestones/19\",\"html_url\":\"https://github.com/apache/cloudstack/milestone/19\",\"labels_url\":\"https://api.github.com/repos/apache/cloudstack/milestones/19/labels\",\"id\":6265435,\"number\":19,\"state\":\"open\",\"title\":\"unplanned\",\"creator\":{\"login\":\"DaanHoogland\",\"id\":2486961,\"node_id\":\"MDQ6VXNlcjI0ODY5NjE=\",\"avatar_url\":\"https://avatars.githubusercontent.com/u/2486961?v=4\",\"html_url\":\"https://github.com/DaanHoogland\",\"gravatar_id\":\"\",\"type\":\"User\",\"site_admin\":false,\"url\":\"https://api.github.com/users/DaanHoogland\",\"events_url\":\"https://api.github.com/users/DaanHoogland/events{/privacy}\",\"following_url\":\"https://api.github.com/users/DaanHoogland/following{/other_user}\",\"followers_url\":\"https://api.github.com/users/DaanHoogland/followers\",\"gists_url\":\"https://api.github.com/users/DaanHoogland/gists{/gist_id}\",\"organizations_url\":\"https://api.github.com/users/DaanHoogland/orgs\",\"received_events_url\":\"https://api.github.com/users/DaanHoogland/received_events\",\"repos_url\":\"https://api.github.com/users/DaanHoogland/repos\",\"starred_url\":\"https://api.github.com/users/DaanHoogland/starred{/owner}{/repo}\",\"subscriptions_url\":\"https://api.github.com/users/DaanHoogland/subscriptions\"},\"open_issues\":185,\"closed_issues\":1302,\"created_at\":\"2021-01-04T09:07:50Z\",\"updated_at\":\"2026-09-24T11:01:33Z\",\"node_id\":\"MDk6TWlsZXN0b25lNjI2NTQzNQ==\"},\"reactions\":{\"total_count\":0,\"+1\":0,\"-1\":0,\"laugh\":0,\"confused\":0,\"heart\":0,\"hooray\":0,\"rocket\":0,\"eyes\":0,\"url\":\"https://api.github.com/repos/apache/cloudstack/issues/6746/reactions\"},\"node_id\":\"I_kwDOAJTq2M5SBeKl\"},{\"id\":1404260769,\"number\":6819,\"state\":\"open\",\"locked\":false,\"title\":\"Config.java contains a lot of ConfigKeys that are no longer referred to\",\"body\":\"\\u003c!--\\r\\nVerify first that your issue/request is not already reported on GitHub.\\r\\nAlso test if the latest release and main branch are affected too.\\r\\nAlways add information AFTER of these HTML comments, but no need to delete the comments.\\r\\n--\\u003e\\r\\n\\r\\n##### ISSUE TYPE\\r\\n\\u003c!-- Pick one below and delete the rest --\\u003e\\r\\n * Other\\r\\n\\r\\n##### COMPONENT NAME\\r\\n\\u003c!--\\r\\nCategorize the issue, e.g. API, VR, VPN, UI, etc.\\r\\n--\\u003e\\r\\n~~~\\r\\nConfig\\r\\n~~~\\r\\n\\r\\n##### CLOUDSTACK VERSION\\r\\n\\u003c!--\\r\\nNew line separated list of affected versions, commit ID for issues on main branch.\\r\\n--\\u003e\\r\\n\\r\\n~~~\\r\\n\\r\\n~~~\\r\\n\\r\\n##### CONFIGURATION\\r\\n\\u003c!--\\r\\nInformation about the configuration if relevant, e.g. basic network, advanced networking, etc.  N/A otherwise\\r\\n--\\u003e\\r\\n\\r\\n\\r\\n##### OS / ENVIRONMENT\\r\\n\\u003c!--\\r\\nInformation about the environment if relevant, N/A otherwise\\r\\n--\\u003e\\r\\n\\r\\n\\r\\n##### SUMMARY\\r\\n\\u003c!-- Explain the problem/feature briefly --\\u003e\\r\\n\\r\\n\\r\\n##### STEPS TO REPRODUCE\\r\\n\\u003c!--\\r\\nFor bugs, show exactly how to reproduce the problem, using a minimal test-case. Use Screenshots if accurate.\\r\\n\\r\\nFor new features, show how the feature would be used.\\r\\n--\\u003e\\r\\n\\r\\n\\u003c!-- Paste example playbooks or commands between quotes below --\\u003e\\r\\n~~~\\r\\n\\r\\n~~~\\r\\n\\r\\n\\u003c!-- You can also paste gist.github.com links for larger files --\\u003e\\r\\n\\r\\n##### EXPECTED RESULTS\\r\\n\\u003c!-- What did you expect to happen when running the steps above? --\\u003e\\r\\n\\r\\n~~~\\r\\n\\r\\n~~~\\r\\n\\r\\n##### ACTUAL RESULTS\\r\\n\\u003c!-- What actually happened? --\\u003e\\r\\n\\r\\n\\u003c!-- Paste verbatim command output between quotes below --\\u003e\\r\\n~~~\\r\\n\\r\\n~~~\\r\\n\",\"author_association\":\"CONTRIBUTOR\",\"user\":{\"login\":\"DaanHoogland\",\"id\":2486961,\"node_id\":\"MDQ6VXNlcjI0ODY5NjE=\",\"avatar_url\":\"https://avatars.githubusercontent.com/u/2486961?v=4\",\"html_url\":\"https://github.com/DaanHoogland\",\"gravatar_id\":\"\",\"type\":\"User\",\"site_admin\":false,\"url\":\"https://api.github.com/users/DaanHoogland\",\"events_url\":\"https://api.github.com/users/DaanHoogland/events{/privacy}\",\"following_url\":\"https://api.github.com/users/DaanHoogland/following{/other_user}\",\"followers_url\":\"https://api.github.com/users/DaanHoogland/followers\",\"gists_url\":\"https://api.github.com/users/DaanHoogland/gists{/gist_id}\",\"organizations_url\":\"https://api.github.com/users/DaanHoogland/orgs\",\"received_events_url\":\"https://api.github.com/users/DaanHoogland/received_events\",\"repos_url\":\"https://api.github.com/users/DaanHoogland/repos\",\"starred_url\":\"https://api.github.com/users/DaanHoogland/starred{/owner}{/repo}\",\"subscriptions_url\":\"https://api.github.com/users/DaanHoogland/subscriptions\"},\"labels\":[{\"id\":584073882,\"url\":\"https://api.github.com/repos/apache/cloudstack/labels/type:config\",\"name\":\"type:config\",\"color\":\"5319e7\",\"description\":\"\",\"default\":false,\"node_id\":\"MDU6TGFiZWw1ODQwNzM4ODI=\"},{\"id\":821716113,\"url\":\"https://api.github.com/repos/apache/cloudstack/labels/type:cleanup\",\"name\":\"type:cleanup\",\"color\":\"0e8a16\",\"description\":\"\",\"default\":false,\"node_id\":\"MDU6TGFiZWw4MjE3MTYxMTM=\"},{\"id\":2531619915,\"url\":\"https://api.github.com/repos/apache/cloudstack/labels/complexity:trivial\",\"name\":\"complexity:trivial\",\"color\":\"000066\",\"description\":\"10 minnutes to a few days at most\",\"default\":false,\"node_id\":\"MDU6TGFiZWwyNTMxNjE5OTE1\"},{\"id\":6890295339,\"url\":\"https://api.github.com/repos/apache/cloudstack/labels/status:stale\",\"name\":\"status:stale\",\"color\":\"E43179\",\"description\":\"\",\"default\":false,\"node_id\":\"LA_kwDOAJTq2M8AAAABmrGQKw\"},{\"id\":9849008471,\"url\":\"https://api.github.com/repos/apache/cloudstack/labels/no-issue-activity\",\"name\":\"no-issue-activity\",\"color\":\"ededed\",\"default\":false,\"node_id\":\"LA_kwDOAJTq2M8AAAACSwvxVw\"}],\"comments\":8,\"created_at\":\"2022-10-11T08:50:32Z\",\"updated_at\":\"2026-05-27T02:18:42Z\",\"url\":\"https://api.github.com/repos/apache/cloudstack/issues/6819\",\"html_url\":\"https://github.com/apache/cloudstack/issues/6819\",\"comments_url\":\"https://api.github.com/repos/apache/cloudstack/issues/6819/comments\",\"events_url\":\"https://api.github.com/repos/apache/cloudstack/issues/6819/events\",\"labels_url\":\"https://api.github.com/repos/apache/cloudstack/issues/6819/labels{/name}\",\"repository_url\":\"https://api.github.com/repos/apache/cloudstack\",\"milestone\":{\"url\":\"https://api.github.com/repos/apache/cloudstack/milestones/19\",\"html_url\":\"https://github.com/apache/cloudstack/milestone/19\",\"labels_url\":\"https://api.github.com/repos/apache/cloudstack/milestones/19/labels\",\"id\":6265435,\"number\":19,\"state\":\"open\",\"title\":\"unplanned\",\"creator\":{\"login\":\"DaanHoogland\",\"id\":2486961,\"node_id\":\"MDQ6VXNlcjI0ODY5NjE=\",\"avatar_url\":\"https://avatars.githubusercontent.com/u/2486961?v=4\",\"html_url\":\"https://github.com/DaanHoogland\",\"gravatar_id\":\"\",\"type\":\"User\",\"site_admin\":false,\"url\":\"https://api.github.com/users/DaanHoogland\",\"events_url\":\"https://api.github.com/users/DaanHoogland/events{/privacy}\",\"following_url\":\"https://api.github.com/users/DaanHoogland/following{/other_user}\",\"followers_url\":\"https://api.github.com/users/DaanHoogland/followers\",\"gists_url\":\"https://api.github.com/users/DaanHoogland/gists{/gist_id}\",\"organizations_url\":\"https://api.github.com/users/DaanHoogland/orgs\",\"received_events_url\":\"https://api.github.com/users/DaanHoogland/received_events\",\"repos_url\":\"https://api.github.com/users/DaanHoogland/repos\",\"starred_url\":\"https://api.github.com/users/DaanHoogland/starred{/owner}{/repo}\",\"subscriptions_url\":\"https://api.github.com/users/DaanHoogland/subscriptions\"},\"open_issues\":185,\"closed_issues\":1302,\"created_at\":\"2021-01-04T09:07:50Z\",\"updated_at\":\"2026-09-24T11:01:33Z\",\"node_id\":\"MDk6TWlsZXN0b25lNjI2NTQzNQ==\"},\"reactions\":{\"total_count\":0,\"+1\":0,\"-1\":0,\"laugh\":0,\"confused\":0,\"heart\":0,\"hooray\":0,\"rocket\":0,\"eyes\":0,\"url\":\"https://api.github.com/repos/apache/cloudstack/issues/6819/reactions\"},\"node_id\":\"I_kwDOAJTq2M5Ts1Gh\"},{\"id\":1408699817,\"number\":6827,\"state\":\"open\",\"locked\":false,\"title\":\"Zero size recurring snapshots piling up after server is shutdown\",\"body\":\"\\u003c!--\\r\\nVerify first that your issue/request is not already reported on GitHub.\\r\\nAlso test if the latest release and main branch are affected too.\\r\\nAlways add information AFTER of these HTML comments, but no need to delete the comments.\\r\\n--\\u003e\\r\\n\\r\\nSnapshot taking process should follow the following logic:\\r\\n\\r\\n1. If there are zero snapshots but there is a recurring schedule set, then it should still take the first snapshot for completion sake (regardless of whether Volume is detached or attached to a VM which is running or stopped).\\r\\n2. If there are existing snapshots, and the VM was up after the last snapshot, then take a snapshot (regardless of whether the VM is currently up or down or volume is detached since then)\\r\\n3. If there are existing snapshots, but the VM is currently down, AND the last snapshot was after the VM was shutdown, Skip the snapshot and then ADD EVENT - SKIPPING Snapshot for Volume ROOT-X/DATA-X indicating that it is skipped because VM is not running - this Event will help reduce future confusion when someone starts the server and thinks that bunch of days of snapshots are missing.\\r\\n\\r\\n\\r\\n##### ISSUE TYPE\\r\\n\\u003c!-- Pick one below and delete the rest --\\u003e\\r\\n  Bug Report \\r\\n\\r\\n##### COMPONENT NAME\\r\\n\\u003c!--\\r\\nCategorize the issue, e.g. API, VR, VPN, UI, etc.\\r\\nUI, Snapshot\\r\\n--\\u003e\\r\\n~~~\\r\\n\\r\\n~~~\\r\\n\\r\\n##### CLOUDSTACK VERSION\\r\\n\\u003c!--\\r\\nNew line separated list of affected versions, commit ID for issues on main branch.\\r\\n--\\u003e\\r\\n\\r\\n~~~\\r\\n4.17\\r\\n~~~\\r\\n\\r\\n##### CONFIGURATION\\r\\n\\u003c!--\\r\\nInformation about the configuration if relevant, e.g. basic network, advanced networking, etc.  N/A otherwise\\r\\n--\\u003e\\r\\nN/A\\r\\n\\r\\n##### OS / ENVIRONMENT\\r\\n\\u003c!--\\r\\nInformation about the environment if relevant, N/A otherwise\\r\\n--\\u003e\\r\\nN/A\\r\\n\\r\\n##### SUMMARY\\r\\n\\u003c!-- Explain the problem/feature briefly --\\u003e\\r\\n\\r\\n\\r\\nUser has recurring snapshots on a Volume with KEEP 5 setting. \\r\\nThere are snapshots present already and 5 are seen in UI. \\r\\nUser shuts down the VM and leaves it off for several days. \\r\\nEach day, there is a ZERO size snapshot entry made, but in backend it points to the same last snapshot (checked via SQL).\\r\\nBut on Display there are tens of snapshots present and this counts against the MAX 100 snapshots per account (I know I can increase this to higher number). \\r\\nUsers are confused why so many snapshots. \\r\\n\\r\\nNOTE  - as a technical person, I understand why having the Zero size snapshot entry makes sense - essentially shows that the process ran as expected. However from user perspective, it is confusing especially when the server is down for weeks, and they come back to Max snapshots exceeded errors. \\r\\n\\r\\n##### STEPS TO REPRODUCE\\r\\n\\u003c!--\\r\\nFor bugs, show exactly how to reproduce the problem, using a minimal test-case. Use Screenshots if accurate.\\r\\n\\r\\nFor new features, show how the feature would be used.\\r\\n--\\u003e\\r\\n\\r\\n\\u003c!-- Paste example playbooks or commands between quotes below --\\u003e\\r\\n~~~\\r\\nUser has recurring snapshots on a Volume with KEEP 5 setting. \\r\\nThere are snapshots present already and 5 are seen in UI. \\r\\nUser shuts down the VM and leaves it off for several days. \\r\\nEach day, there is a ZERO size snapshot entry made, but in backend it points to the same last snapshot (checked via SQL).\\r\\nBut on Display there are tens of snapshots present and this counts against the MAX 100 snapshots per account (I know I can increase this to higher number). \\r\\nUsers are confused why so many snapshots. \\r\\n~~~\\r\\n\\r\\n\\u003c!-- You can also paste gist.github.com links for larger files --\\u003e\\r\\n\\r\\n##### EXPECTED RESULTS\\r\\n\\u003c!-- What did you expect to happen when running the steps above? --\\u003e\\r\\n\\r\\n~~~\\r\\n\\r\\n1. Zero size snapshots should not show up in the UI, and should not form a dependency in the cloud database's snapshot table. \\r\\nOR Perhaps indicate zero size snapshot in the UI so users know without contacting Admins.\\r\\n\\r\\n4. The zero size snapshots should not count against the Max 100 limit. \\r\\n~~~\\r\\n\\r\\n##### ACTUAL RESULTS\\r\\n\\u003c!-- What actually happened? --\\u003e\\r\\n\\r\\n\\u003c!-- Paste verbatim command output between quotes below --\\u003e\\r\\n~~~\\r\\nzero size snapshots count against max snapshots.\\r\\nlarge number of snapshots in UI confuses the users\\r\\n~~~\\r\\n\",\"author_association\":\"NONE\",\"user\":{\"login\":\"nxsbi\",\"id\":71042351,\"node_id\":\"MDQ6VXNlcjcxMDQyMzUx\",\"avatar_url\":\"https://avatars.githubusercontent.com/u/71042351?v=4\",\"html_url\":\"https://github.com/nxsbi\",\"gravatar_id\":\"\",\"type\":\"User\",\"site_admin\":false,\"url\":\"https://api.github.com/users/nxsbi\",\"events_url\":\"https://api.github.com/users/nxsbi/events{/privacy}\",\"following_url\":\"https://api.github.com/users/nxsbi/following{/other_user}\",\"followers_url\":\"https://api.github.com/users/nxsbi/followers\",\"gists_url\":\"https://api.github.com/users/nxsbi/gists{/gist_id}\",\"organizations_url\":\"https://api.github.com/users/nxsbi/orgs\",\"received_events_url\":\"https://api.github.com/users/nxsbi/received_events\",\"repos_url\":\"https://api.github.com/users/nxsbi/repos\",\"starred_url\":\"https://api.github.com/users/nxsbi/starred{/owner}{/repo}\",\"subscriptions_url\":\"https://api.github.com/users/nxsbi/subscriptions\"},\"labels\":[{\"id\":37843366,\"url\":\"https://api.github.com/repos/apache/cloudstack/labels/type:enhancement\",\"name\":\"type:enhancement\",\"color\":\"84b6eb\",\"description\":\"\",\"default\":false,\"node_id\":\"MDU6TGFiZWwzNzg0MzM2Ng==\"},{\"id\":4006883948,\"url\":\"https://api.github.com/repos/apache/cloudstack/labels/component:storage\",\"name\":\"component:storage\",\"color\":\"1D76DB\",\"description\":\"\",\"default\":false,\"node_id\":\"LA_kwDOAJTq2M7u1DJs\"},{\"id\":6890295339,\"url\":\"https://api.github.com/repos/apache/cloudstack/labels/status:stale\",\"name\":\"status:stale\",\"color\":\"E43179\",\"description\":\"\",\"default\":false,\"node_id\":\"LA_kwDOAJTq2M8AAAABmrGQKw\"},{\"id\":9849008471,\"url\":\"https://api.github.com/repos/apache/cloudstack/labels/no-issue-activity\",\"name\":\"no-issue-activity\",\"color\":\"ededed\",\"default\":false,\"node_id\":\"LA_kwDOAJTq2M8AAAACSwvxVw\"}],\"comments\":7,\"created_at\":\"2022-10-14T03:23:24Z\",\"updated_at\":\"2026-08-19T07:08:50Z\",\"url\":\"https://api.github.com/repos/apache/cloudstack/issues/6827\",\"html_url\":\"https://github.com/apache/cloudstack/issues/6827\",\"comments_url\":\"https://api.github.com/repos/apache/cloudstack/issues/6827/comments\",\"events_url\":\"https://api.github.com/repos/apache/cloudstack/issues/6827/events\",\"labels_url\":\"https://api.github.com/repos/apache/cloudstack/issues/6827/labels{/name}\",\"repository_url\":\"https://api.github.com/repos/apache/cloudstack\",\"milestone\":{\"url\":\"https://api.github.com/repos/apache/cloudstack/milestones/47\",\"html_url\":\"https://github.com/apache/cloudstack/milestone/47\",\"labels_url\":\"https://api.github.com/repos/apache/cloudstack/milestones/47/labels\",\"id\":15843055,\"number\":47,\"state\":\"open\",\"title\":\"24.0\",\"description\":\"\",\"creator\":{\"login\":\"weizhouapache\",\"id\":57355700,\"node_id\":\"MDQ6VXNlcjU3MzU1NzAw\",\"avatar_url\":\"https://avatars.githubusercontent.com/u/57355700?v=4\",\"html_url\":\"https://github.com/weizhouapache\",\"gravatar_id\":\"\",\"type\":\"User\",\"site_admin\":false,\"url\":\"https://api.github.com/users/weizhouapache\",\"events_url\":\"https://api.github.com/users/weizhouapache/events{/privacy}\",\"following_url\":\"https://api.github.com/users/weizhouapache/following{/other_user}\",\"followers_url\":\"https://api.github.com/users/weizhouapache/followers\",\"gists_url\":\"https://api.github.com/users/weizhouapache/gists{/gist_id}\",\"organizations_url\":\"https://api.github.com/users/weizhouapache/orgs\",\"received_events_url\":\"https://api.github.com/users/weizhouapache/received_events\",\"repos_url\":\"https://api.github.com/users/weizhouapache/repos\",\"starred_url\":\"https://api.github.com/users/weizhouapache/starred{/owner}{/repo}\",\"subscriptions_url\":\"https://api.github.com/users/weizhouapache/subscriptions\"},\"open_issues\":271,\"closed_issues\":36,\"created_at\":\"2026-05-08T06:15:20Z\",\"updated_at\":\"2026-09-24T11:07:46Z\",\"node_id\":\"MI_kwDOAJTq2M4A8b7v\"},\"reactions\":{\"total_count\":0,\"+1\":0,\"-1\":0,\"laugh\":0,\"confused\":0,\"heart\":0,\"hooray\":0,\"rocket\":0,\"eyes\":0,\"url\":\"https://api.github.com/repos/apache/cloudstack/issues/6827/reactions\"},\"node_id\":\"I_kwDOAJTq2M5T9w2p\"}]}","type":"text"}]}} +1ms
guard:wasm tryCallWasmFunction: guard=github, func=<unknown>, inputSize=220010, outputSize=4194304 +1ms
guard:wasm Using guard allocator path: guard=github +399µs
guard:wasm [guard:github] DEBUG: >>> alloc(220010) +392µs
guard:wasm [guard:github] DEBUG: <<< alloc returning ptr=1107776 +344µs
guard:wasm wasmAlloc: guard=github, size=220010, ptr=1107776 +345µs
guard:wasm [guard:github] DEBUG: >>> alloc(4194304) +335µs
guard:wasm [guard:github] DEBUG: <<< alloc returning ptr=5302576 +346µs
guard:wasm wasmAlloc: guard=github, size=4194304, ptr=5302576 +366µs
guard:wasm [guard:github] INFO: >>> label_response called +365µs
guard:wasm [guard:github] INFO:     input_len=220010, output_size=4194304 +331µs
guard:wasm [guard:github] INFO:     input_preview={"capabilities":{},"tool_args":{"order":"asc","perPage":30,"query":"repo:apache/cloudstack is:open is:issue","sort":"created"},"tool_name":"search_issues","tool_result":{"content":[{"text":"{\"total_count\":650,\"incomplete_results\":false,\"items\":[{\"id\":364540980,\"number\":2865,\"state\":\"open\",\"locked\":false,\"title\":\"DNS records for additional local IP addresses\",\"body\":\"##### ISSUE TYPE\\r\\n * Feature Idea\\r\\n\\r\\n##### COMPONENT NAME\\r\\n* DNS\\r\\n\\r\\n##### CLOUDSTACK +367µs
guard:wasm [guard:github] INFO:     tool_name=search_issues +3ms
guard:wasm [guard:github] DEBUG: extract_mcp_response: top-level keys=["content"] +717µs
guard:wasm [guard:github] DEBUG: extract_mcp_response: found content array with 1 items +393µs
guard:wasm [guard:github] DEBUG: extract_mcp_response: found text field, len=203305 +401µs
guard:wasm [guard:github] DEBUG: extract_mcp_response: parsed content[0].text as JSON +5ms
guard:wasm [guard:github] DEBUG: Checking repo visibility for apache/cloudstack +464µs
guard:wasm [guard:github] INFO: >>> call_backend: tool=search_repositories +438µs
guard:wasm [guard:github] DEBUG:     args={"perPage":10,"query":"repo:apache/cloudstack"} +473µs
guard:wasm WASM guard calling backend: tool=search_repositories +351µs
server:unified [DIFC] Guard calling backend github tool search_repositories for metadata +1.0s
server:unified executeBackendToolCall: serverID=github, toolName=search_repositories +322µs
launcher:launcher Checking session pool: serverID=github, sessionID=gUzHgIR4XIg9fTU5L58cfhq5EVGKh7agQezXfd38OSpm515oZDB6sH8jl +1.0s
launcher:pool Reusing connection: backend=github, session=gUzHgIR4XIg9fTU5L58cfhq5EVGKh7agQezXfd38OSpm515oZDB6sH8jl, requests=15 +1.0s
mcp:connection Dispatching SDK method: tools/call, serverID=github +1.0s
mcp:connection callTool: parsed name=search_repositories, argumentCount=2 +401µs
guard:wasm Backend call failed: calling "tools/call": unknown tool "search_repositories" +6ms
guard:wasm [guard:github] ERROR: <<< call_backend FAILED with code -1 +357µs
guard:wasm [guard:github] WARN: Backend call search_repositories failed with code -1 +615µs
guard:wasm [guard:github] DEBUG: Checking repo visibility for apache/cloudstack +739µs
guard:wasm [guard:github] INFO: >>> call_backend: tool=search_repositories +402µs
guard:wasm [guard:github] DEBUG:     args={"perPage":10,"query":"repo:apache/cloudstack"} +364µs
guard:wasm WASM guard calling backend: tool=search_repositories +408µs
server:unified [DIFC] Guard calling backend github tool search_repositories for metadata +9ms
server:unified executeBackendToolCall: serverID=github, toolName=search_repositories +335µs
launcher:launcher Checking session pool: serverID=github, sessionID=gUzHgIR4XIg9fTU5L58cfhq5EVGKh7agQezXfd38OSpm515oZDB6sH8jl +30ms
launcher:pool Reusing connection: backend=github, session=gUzHgIR4XIg9fTU5L58cfhq5EVGKh7agQezXfd38OSpm515oZDB6sH8jl, requests=16 +30ms
mcp:connection Dispatching SDK method: tools/call, serverID=github +30ms
mcp:connection callTool: parsed name=search_repositories, argumentCount=2 +453µs
guard:wasm Backend call failed: calling "tools/call": unknown tool "search_repositories" +28ms
guard:wasm [guard:github] ERROR: <<< call_backend FAILED with code -1 +355µs
guard:wasm [guard:github] WARN: Backend call search_repositories failed with code -1 +729µs
guard:wasm [guard:github] DEBUG: [integrity] issue:apache/cloudstack#2865: author_association floor below writer (rank=2), checking collaborator permission for IngoJochim +652µs
guard:wasm [guard:github] DEBUG: get_collaborator_permission: fetching permission for apache/cloudstack user IngoJochim +407µs
guard:wasm [guard:github] INFO: >>> call_backend: tool=get_collaborator_permission +368µs
guard:wasm [guard:github] DEBUG:     args={"owner":"apache","repo":"cloudstack","username":"IngoJochim"} +318µs
guard:wasm WASM guard calling backend: tool=get_collaborator_permission +366µs
envutil:github Looking up GitHub token: checking 4 candidate env vars +34.9s
envutil:github GitHub token found: source=GITHUB_MCP_SERVER_TOKEN +303µs
envutil:github GitHub API URL using default:  +353µs
envutil:github Deriving API URL from server URL: https://github.com +318µs
envutil:github GitHub.com detected, using default API URL: https://api.github.com +304µs
envutil:github GitHub API URL derived from GITHUB_SERVER_URL=https://github.com: https://api.github.com +321µs
httputil:collaborator_permission FetchCollaboratorPermission: owner=apache, repo=cloudstack, username=IngoJochim, apiPath=/repos/apache/cloudstack/collaborators/IngoJochim/permission +34.9s
server:unified get_collaborator_permission: GET /repos/apache/cloudstack/collaborators/IngoJochim/permission (for apache/cloudstack user IngoJochim) +33ms
httputil:httputil GitHub GET: baseURL="https://api.github.com", path="/repos/apache/cloudstack/collaborators/IngoJochim/permission", hasAuth=true +30.1s
httputil:httputil Applying GitHub API headers: method="GET", path="/repos/apache/cloudstack/collaborators/IngoJochim/permission", hasAuth=true +329µs
httputil:httputil GitHub GET response: path="/repos/apache/cloudstack/collaborators/IngoJochim/permission", status=200 +341ms
httputil:collaborator_permission FetchCollaboratorPermission: response received: status=200, bodyLen=1111 +343ms
server:unified get_collaborator_permission: apache/cloudstack user IngoJochim → permission="read" (HTTP 200) +343ms
guard:wasm [guard:github] INFO: <<< call_backend returned 1248 bytes +346ms
guard:wasm [guard:github] DEBUG: extract_mcp_response: top-level keys=["content"] +416µs
guard:wasm [guard:github] DEBUG: extract_mcp_response: found content array with 1 items +455µs
guard:wasm [guard:github] DEBUG: extract_mcp_response: found text field, len=1111 +359µs
guard:wasm [guard:github] DEBUG: extract_mcp_response: parsed content[0].text as JSON +503µs
guard:wasm [guard:github] INFO: get_collaborator_permission: apache/cloudstack user IngoJochim → permission=Some("read") login=Some("IngoJochim") +337µs
guard:wasm [guard:github] DEBUG: [integrity] issue:apache/cloudstack#2865: collaborator permission=Some("read") → merged rank=2 +445µs
guard:wasm [guard:github] DEBUG: Checking repo visibility for apache/cloudstack +370µs
guard:wasm [guard:github] INFO: >>> call_backend: tool=search_repositories +402µs
guard:wasm [guard:github] DEBUG:     args={"perPage":10,"query":"repo:apache/cloudstack"} +311µs
guard:wasm WASM guard calling backend: tool=search_repositories +331µs
server:unified [DIFC] Guard calling backend github tool search_repositories for metadata +4ms
server:unified executeBackendToolCall: serverID=github, toolName=search_repositories +353µs
launcher:launcher Checking session pool: serverID=github, sessionID=gUzHgIR4XIg9fTU5L58cfhq5EVGKh7agQezXfd38OSpm515oZDB6sH8jl +360ms
launcher:pool Reusing connection: backend=github, session=gUzHgIR4XIg9fTU5L58cfhq5EVGKh7agQezXfd38OSpm515oZDB6sH8jl, requests=17 +360ms
mcp:connection Dispatching SDK method: tools/call, serverID=github +360ms
mcp:connection callTool: parsed name=search_repositories, argumentCount=2 +339µs
guard:wasm Backend call failed: calling "tools/call": unknown tool "search_repositories" +6ms
guard:wasm [guard:github] ERROR: <<< call_backend FAILED with code -1 +365µs
guard:wasm [guard:github] WARN: Backend call search_repositories failed with code -1 +707µs
guard:wasm [guard:github] DEBUG: Checking repo visibility for apache/cloudstack +764µs
guard:wasm [guard:github] INFO: >>> call_backend: tool=search_repositories +463µs
guard:wasm [guard:github] DEBUG:     args={"perPage":10,"query":"repo:apache/cloudstack"} +379µs
guard:wasm WASM guard calling backend: tool=search_repositories +361µs
server:unified [DIFC] Guard calling backend github tool search_repositories for metadata +9ms
server:unified executeBackendToolCall: serverID=github, toolName=search_repositories +341µs
launcher:launcher Checking session pool: serverID=github, sessionID=gUzHgIR4XIg9fTU5L58cfhq5EVGKh7agQezXfd38OSpm515oZDB6sH8jl +9ms
launcher:pool Reusing connection: backend=github, session=gUzHgIR4XIg9fTU5L58cfhq5EVGKh7agQezXfd38OSpm515oZDB6sH8jl, requests=18 +9ms
mcp:connection Dispatching SDK method: tools/call, serverID=github +9ms
mcp:connection callTool: parsed name=search_repositories, argumentCount=2 +382µs
guard:wasm Backend call failed: calling "tools/call": unknown tool "search_repositories" +6ms
guard:wasm [guard:github] ERROR: <<< call_backend FAILED with code -1 +368µs
guard:wasm [guard:github] WARN: Backend call search_repositories failed with code -1 +607µs
guard:wasm [guard:github] DEBUG: [integrity] issue:apache/cloudstack#3253: author_association floor below writer (rank=2), checking collaborator permission for DagSonsteboSB +601µs
guard:wasm [guard:github] DEBUG: get_collaborator_permission: fetching permission for apache/cloudstack user DagSonsteboSB +328µs
guard:wasm [guard:github] INFO: >>> call_backend: tool=get_collaborator_permission +361µs
guard:wasm [guard:github] DEBUG:     args={"owner":"apache","repo":"cloudstack","username":"DagSonsteboSB"} +303µs
guard:wasm WASM guard calling backend: tool=get_collaborator_permission +310µs
envutil:github Looking up GitHub token: checking 4 candidate env vars +367ms
envutil:github GitHub token found: source=GITHUB_MCP_SERVER_TOKEN +340µs
envutil:github GitHub API URL using default:  +342µs
envutil:github Deriving API URL from server URL: https://github.com +338µs
envutil:github GitHub.com detected, using default API URL: https://api.github.com +413µs
envutil:github GitHub API URL derived from GITHUB_SERVER_URL=https://github.com: https://api.github.com +331µs
httputil:collaborator_permission FetchCollaboratorPermission: owner=apache, repo=cloudstack, username=DagSonsteboSB, apiPath=/repos/apache/cloudstack/collaborators/DagSonsteboSB/permission +26ms
server:unified get_collaborator_permission: GET /repos/apache/cloudstack/collaborators/DagSonsteboSB/permission (for apache/cloudstack user DagSonsteboSB) +11ms
httputil:httputil GitHub GET: baseURL="https://api.github.com", path="/repos/apache/cloudstack/collaborators/DagSonsteboSB/permission", hasAuth=true +27ms
httputil:httputil Applying GitHub API headers: method="GET", path="/repos/apache/cloudstack/collaborators/DagSonsteboSB/permission", hasAuth=true +329µs
httputil:httputil GitHub GET response: path="/repos/apache/cloudstack/collaborators/DagSonsteboSB/permission", status=200 +182ms
httputil:collaborator_permission FetchCollaboratorPermission: response received: status=200, bodyLen=1147 +184ms
server:unified get_collaborator_permission: apache/cloudstack user DagSonsteboSB → permission="read" (HTTP 200) +184ms
guard:wasm [guard:github] INFO: <<< call_backend returned 1284 bytes +187ms
guard:wasm [guard:github] DEBUG: extract_mcp_response: top-level keys=["content"] +415µs
guard:wasm [guard:github] DEBUG: extract_mcp_response: found content array with 1 items +339µs
guard:wasm [guard:github] DEBUG: extract_mcp_response: found text field, len=1147 +324µs
guard:wasm [guard:github] DEBUG: extract_mcp_response: parsed content[0].text as JSON +471µs
guard:wasm [guard:github] INFO: get_collaborator_permission: apache/cloudstack user DagSonsteboSB → permission=Some("read") login=Some("DagSonsteboSB") +321µs
guard:wasm [guard:github] DEBUG: [integrity] issue:apache/cloudstack#3253: collaborator permission=Some("read") → merged rank=2 +333µs
guard:wasm [guard:github] DEBUG: Checking repo visibility for apache/cloudstack +367µs
guard:wasm [guard:github] INFO: >>> call_backend: tool=search_repositories +412µs
guard:wasm [guard:github] DEBUG:     args={"perPage":10,"query":"repo:apache/cloudstack"} +341µs
guard:wasm WASM guard calling backend: tool=search_repositories +353µs
server:unified [DIFC] Guard calling backend github tool search_repositories for metadata +4ms
server:unified executeBackendToolCall: serverID=github, toolName=search_repositories +346µs
launcher:launcher Checking session pool: serverID=github, sessionID=gUzHgIR4XIg9fTU5L58cfhq5EVGKh7agQezXfd38OSpm515oZDB6sH8jl +200ms
launcher:pool Reusing connection: backend=github, session=gUzHgIR4XIg9fTU5L58cfhq5EVGKh7agQezXfd38OSpm515oZDB6sH8jl, requests=19 +200ms
mcp:connection Dispatching SDK method: tools/call, serverID=github +199ms
mcp:connection callTool: parsed name=search_repositories, argumentCount=2 +376µs
guard:wasm Backend call failed: calling "tools/call": unknown tool "search_repositories" +6ms
guard:wasm [guard:github] ERROR: <<< call_backend FAILED with code -1 +357µs
guard:wasm [guard:github] WARN: Backend call search_repositories failed with code -1 +634µs
guard:wasm [guard:github] DEBUG: Checking repo visibility for apache/cloudstack +699µs
guard:wasm [guard:github] INFO: >>> call_backend: tool=search_repositories +487µs
guard:wasm [guard:github] DEBUG:     args={"perPage":10,"query":"repo:apache/cloudstack"} +415µs
guard:wasm WASM guard calling backend: tool=search_repositories +327µs
server:unified [DIFC] Guard calling backend github tool search_repositories for metadata +9ms
server:unified executeBackendToolCall: serverID=github, toolName=search_repositories +330µs
launcher:launcher Checking session pool: serverID=github, sessionID=gUzHgIR4XIg9fTU5L58cfhq5EVGKh7agQezXfd38OSpm515oZDB6sH8jl +9ms
launcher:pool Reusing connection: backend=github, session=gUzHgIR4XIg9fTU5L58cfhq5EVGKh7agQezXfd38OSpm515oZDB6sH8jl, requests=20 +9ms
mcp:connection Dispatching SDK method: tools/call, serverID=github +9ms
mcp:connection callTool: parsed name=search_repositories, argumentCount=2 +344µs
guard:wasm Backend call failed: calling "tools/call": unknown tool "search_repositories" +6ms
guard:wasm [guard:github] ERROR: <<< call_backend FAILED with code -1 +403µs
guard:wasm [guard:github] WARN: Backend call search_repositories failed with code -1 +685µs
guard:wasm [guard:github] DEBUG: [integrity] issue:apache/cloudstack#3360: author_association floor below writer (rank=2), checking collaborator permission for DaanHoogland +677µs
guard:wasm [guard:github] DEBUG: get_collaborator_permission: fetching permission for apache/cloudstack user DaanHoogland +396µs
guard:wasm [guard:github] INFO: >>> call_backend: tool=get_collaborator_permission +355µs
guard:wasm [guard:github] DEBUG:     args={"owner":"apache","repo":"cloudstack","username":"DaanHoogland"} +350µs
guard:wasm WASM guard calling backend: tool=get_collaborator_permission +316µs
envutil:github Looking up GitHub token: checking 4 candidate env vars +208ms
envutil:github GitHub token found: source=GITHUB_MCP_SERVER_TOKEN +345µs
envutil:github GitHub API URL using default:  +299µs
envutil:github Deriving API URL from server URL: https://github.com +325µs
envutil:github GitHub.com detected, using default API URL: https://api.github.com +399µs
envutil:github GitHub API URL derived from GITHUB_SERVER_URL=https://github.com: https://api.github.com +325µs
httputil:collaborator_permission FetchCollaboratorPermission: owner=apache, repo=cloudstack, username=DaanHoogland, apiPath=/repos/apache/cloudstack/collaborators/DaanHoogland/permission +25ms
server:unified get_collaborator_permission: GET /repos/apache/cloudstack/collaborators/DaanHoogland/permission (for apache/cloudstack user DaanHoogland) +11ms
httputil:httputil GitHub GET: baseURL="https://api.github.com", path="/repos/apache/cloudstack/collaborators/DaanHoogland/permission", hasAuth=true +27ms
httputil:httputil Applying GitHub API headers: method="GET", path="/repos/apache/cloudstack/collaborators/DaanHoogland/permission", hasAuth=true +320µs
httputil:httputil GitHub GET response: path="/repos/apache/cloudstack/collaborators/DaanHoogland/permission", status=200 +225ms
httputil:collaborator_permission FetchCollaboratorPermission: response received: status=200, bodyLen=1134 +227ms
server:unified get_collaborator_permission: apache/cloudstack user DaanHoogland → permission="write" (HTTP 200) +227ms
guard:wasm [guard:github] INFO: <<< call_backend returned 1271 bytes +230ms
guard:wasm [guard:github] DEBUG: extract_mcp_response: top-level keys=["content"] +484µs
guard:wasm [guard:github] DEBUG: extract_mcp_response: found content array with 1 items +384µs
guard:wasm [guard:github] DEBUG: extract_mcp_response: found text field, len=1134 +347µs
guard:wasm [guard:github] DEBUG: extract_mcp_response: parsed content[0].text as JSON +418µs
guard:wasm [guard:github] INFO: get_collaborator_permission: apache/cloudstack user DaanHoogland → permission=Some("write") login=Some("DaanHoogland") +334µs
guard:wasm [guard:github] DEBUG: [integrity] issue:apache/cloudstack#3360: collaborator permission=Some("write") → merged rank=3 +370µs
guard:wasm [guard:github] DEBUG: Checking repo visibility for apache/cloudstack +424µs
guard:wasm [guard:github] INFO: >>> call_backend: tool=search_repositories +419µs
guard:wasm [guard:github] DEBUG:     args={"perPage":10,"query":"repo:apache/cloudstack"} +330µs
guard:wasm WASM guard calling backend: tool=search_repositories +318µs
server:unified [DIFC] Guard calling backend github tool search_repositories for metadata +4ms
server:unified executeBackendToolCall: serverID=github, toolName=search_repositories +339µs
launcher:launcher Checking session pool: serverID=github, sessionID=gUzHgIR4XIg9fTU5L58cfhq5EVGKh7agQezXfd38OSpm515oZDB6sH8jl +244ms
launcher:pool Reusing connection: backend=github, session=gUzHgIR4XIg9fTU5L58cfhq5EVGKh7agQezXfd38OSpm515oZDB6sH8jl, requests=21 +244ms
mcp:connection Dispatching SDK method: tools/call, serverID=github +243ms
mcp:connection callTool: parsed name=search_repositories, argumentCount=2 +347µs
guard:wasm Backend call failed: calling "tools/call": unknown tool "search_repositories" +6ms
guard:wasm [guard:github] ERROR: <<< call_backend FAILED with code -1 +385µs
guard:wasm [guard:github] WARN: Backend call search_repositories failed with code -1 +657µs
guard:wasm [guard:github] DEBUG: Checking repo visibility for apache/cloudstack +692µs
guard:wasm [guard:github] INFO: >>> call_backend: tool=search_repositories +395µs
guard:wasm [guard:github] DEBUG:     args={"perPage":10,"query":"repo:apache/cloudstack"} +286µs
guard:wasm WASM guard calling backend: tool=search_repositories +341µs
server:unified [DIFC] Guard calling backend github tool search_repositories for metadata +8ms
server:unified executeBackendToolCall: serverID=github, toolName=search_repositories +321µs
launcher:launcher Checking session pool: serverID=github, sessionID=gUzHgIR4XIg9fTU5L58cfhq5EVGKh7agQezXfd38OSpm515oZDB6sH8jl +9ms
launcher:pool Reusing connection: backend=github, session=gUzHgIR4XIg9fTU5L58cfhq5EVGKh7agQezXfd38OSpm515oZDB6sH8jl, requests=22 +9ms
mcp:connection Dispatching SDK method: tools/call, serverID=github +9ms
mcp:connection callTool: parsed name=search_repositories, argumentCount=2 +334µs
guard:wasm Backend call failed: calling "tools/call": unknown tool "search_repositories" +6ms
guard:wasm [guard:github] ERROR: <<< call_backend FAILED with code -1 +332µs
guard:wasm [guard:github] WARN: Backend call search_repositories failed with code -1 +592µs
guard:wasm [guard:github] DEBUG: [integrity] issue:apache/cloudstack#3679: author_association floor below writer (rank=2), checking collaborator permission for DaanHoogland +855µs
guard:wasm [guard:github] DEBUG: get_collaborator_permission: cache hit for apache/cloudstack user DaanHoogland → permission=Some("write") +505µs
guard:wasm [guard:github] DEBUG: [integrity] issue:apache/cloudstack#3679: collaborator permission=Some("write") → merged rank=3 +439µs
guard:wasm [guard:github] DEBUG: Checking repo visibility for apache/cloudstack +865µs
guard:wasm [guard:github] INFO: >>> call_backend: tool=search_repositories +627µs
guard:wasm [guard:github] DEBUG:     args={"perPage":10,"query":"repo:apache/cloudstack"} +461µs
guard:wasm WASM guard calling backend: tool=search_repositories +480µs
server:unified [DIFC] Guard calling backend github tool search_repositories for metadata +11ms
server:unified executeBackendToolCall: serverID=github, toolName=search_repositories +447µs
launcher:launcher Checking session pool: serverID=github, sessionID=gUzHgIR4XIg9fTU5L58cfhq5EVGKh7agQezXfd38OSpm515oZDB6sH8jl +11ms
launcher:pool Reusing connection: backend=github, session=gUzHgIR4XIg9fTU5L58cfhq5EVGKh7agQezXfd38OSpm515oZDB6sH8jl, requests=23 +11ms
mcp:connection Dispatching SDK method: tools/call, serverID=github +12ms
mcp:connection callTool: parsed name=search_repositories, argumentCount=2 +411µs
guard:wasm Backend call failed: calling "tools/call": unknown tool "search_repositories" +8ms
guard:wasm [guard:github] ERROR: <<< call_backend FAILED with code -1 +480µs
guard:wasm [guard:github] WARN: Backend call search_repositories failed with code -1 +694µs
guard:wasm [guard:github] DEBUG: Checking repo visibility for apache/cloudstack +731µs
guard:wasm [guard:github] INFO: >>> call_backend: tool=search_repositories +380µs
guard:wasm [guard:github] DEBUG:     args={"perPage":10,"query":"repo:apache/cloudstack"} +317µs
guard:wasm WASM guard calling backend: tool=search_repositories +346µs
server:unified [DIFC] Guard calling backend github tool search_repositories for metadata +10ms
server:unified executeBackendToolCall: serverID=github, toolName=search_repositories +644µs
launcher:launcher Checking session pool: serverID=github, sessionID=gUzHgIR4XIg9fTU5L58cfhq5EVGKh7agQezXfd38OSpm515oZDB6sH8jl +11ms
launcher:pool Reusing connection: backend=github, session=gUzHgIR4XIg9fTU5L58cfhq5EVGKh7agQezXfd38OSpm515oZDB6sH8jl, requests=24 +11ms
mcp:connection Dispatching SDK method: tools/call, serverID=github +10ms
mcp:connection callTool: parsed name=search_repositories, argumentCount=2 +334µs
guard:wasm Backend call failed: calling "tools/call": unknown tool "search_repositories" +26ms
guard:wasm [guard:github] ERROR: <<< call_backend FAILED with code -1 +511µs
guard:wasm [guard:github] WARN: Backend call search_repositories failed with code -1 +846µs
guard:wasm [guard:github] DEBUG: [integrity] issue:apache/cloudstack#3687: author_association floor below writer (rank=2), checking collaborator permission for borisstoyanov +753µs
guard:wasm [guard:github] DEBUG: get_collaborator_permission: fetching permission for apache/cloudstack user borisstoyanov +382µs
guard:wasm [guard:github] INFO: >>> call_backend: tool=get_collaborator_permission +420µs
guard:wasm [guard:github] DEBUG:     args={"owner":"apache","repo":"cloudstack","username":"borisstoyanov"} +369µs
guard:wasm WASM guard calling backend: tool=get_collaborator_permission +315µs
envutil:github Looking up GitHub token: checking 4 candidate env vars +295ms
envutil:github GitHub token found: source=GITHUB_MCP_SERVER_TOKEN +350µs
envutil:github GitHub API URL using default:  +330µs
envutil:github Deriving API URL from server URL: https://github.com +333µs
envutil:github GitHub.com detected, using default API URL: https://api.github.com +521µs
envutil:github GitHub API URL derived from GITHUB_SERVER_URL=https://github.com: https://api.github.com +378µs
httputil:collaborator_permission FetchCollaboratorPermission: owner=apache, repo=cloudstack, username=borisstoyanov, apiPath=/repos/apache/cloudstack/collaborators/borisstoyanov/permission +69ms
server:unified get_collaborator_permission: GET /repos/apache/cloudstack/collaborators/borisstoyanov/permission (for apache/cloudstack user borisstoyanov) +32ms
httputil:httputil GitHub GET: baseURL="https://api.github.com", path="/repos/apache/cloudstack/collaborators/borisstoyanov/permission", hasAuth=true +71ms
httputil:httputil Applying GitHub API headers: method="GET", path="/repos/apache/cloudstack/collaborators/borisstoyanov/permission", hasAuth=true +350µs
httputil:httputil GitHub GET response: path="/repos/apache/cloudstack/collaborators/borisstoyanov/permission", status=200 +224ms
httputil:collaborator_permission FetchCollaboratorPermission: response received: status=200, bodyLen=1148 +225ms
server:unified get_collaborator_permission: apache/cloudstack user borisstoyanov → permission="write" (HTTP 200) +225ms
guard:wasm [guard:github] INFO: <<< call_backend returned 1285 bytes +229ms
guard:wasm [guard:github] DEBUG: extract_mcp_response: top-level keys=["content"] +425µs
guard:wasm [guard:github] DEBUG: extract_mcp_response: found content array with 1 items +348µs
guard:wasm [guard:github] DEBUG: extract_mcp_response: found text field, len=1148 +349µs
guard:wasm [guard:github] DEBUG: extract_mcp_response: parsed content[0].text as JSON +373µs
guard:wasm [guard:github] INFO: get_collaborator_permission: apache/cloudstack user borisstoyanov → permission=Some("write") login=Some("borisstoyanov") +369µs
guard:wasm [guard:github] DEBUG: [integrity] issue:apache/cloudstack#3687: collaborator permission=Some("write") → merged rank=3 +404µs
guard:wasm [guard:github] DEBUG: Checking repo visibility for apache/cloudstack +363µs
guard:wasm [guard:github] INFO: >>> call_backend: tool=search_repositories +388µs
guard:wasm [guard:github] DEBUG:     args={"perPage":10,"query":"repo:apache/cloudstack"} +322µs
guard:wasm WASM guard calling backend: tool=search_repositories +336µs
server:unified [DIFC] Guard calling backend github tool search_repositories for metadata +4ms
server:unified executeBackendToolCall: serverID=github, toolName=search_repositories +401µs
launcher:launcher Checking session pool: serverID=github, sessionID=gUzHgIR4XIg9fTU5L58cfhq5EVGKh7agQezXfd38OSpm515oZDB6sH8jl +262ms
launcher:pool Reusing connection: backend=github, session=gUzHgIR4XIg9fTU5L58cfhq5EVGKh7agQezXfd38OSpm515oZDB6sH8jl, requests=25 +262ms
mcp:connection Dispatching SDK method: tools/call, serverID=github +262ms
mcp:connection callTool: parsed name=search_repositories, argumentCount=2 +405µs
guard:wasm Backend call failed: calling "tools/call": unknown tool "search_repositories" +7ms
guard:wasm [guard:github] ERROR: <<< call_backend FAILED with code -1 +430µs
guard:wasm [guard:github] WARN: Backend call search_repositories failed with code -1 +799µs
guard:wasm [guard:github] DEBUG: Checking repo visibility for apache/cloudstack +782µs
guard:wasm [guard:github] INFO: >>> call_backend: tool=search_repositories +439µs
guard:wasm [guard:github] DEBUG:     args={"perPage":10,"query":"repo:apache/cloudstack"} +348µs
guard:wasm WASM guard calling backend: tool=search_repositories +379µs
server:unified [DIFC] Guard calling backend github tool search_repositories for metadata +10ms
server:unified executeBackendToolCall: serverID=github, toolName=search_repositories +342µs
launcher:launcher Checking session pool: serverID=github, sessionID=gUzHgIR4XIg9fTU5L58cfhq5EVGKh7agQezXfd38OSpm515oZDB6sH8jl +11ms
launcher:pool Reusing connection: backend=github, session=gUzHgIR4XIg9fTU5L58cfhq5EVGKh7agQezXfd38OSpm515oZDB6sH8jl, requests=26 +11ms
mcp:connection Dispatching SDK method: tools/call, serverID=github +10ms
mcp:connection callTool: parsed name=search_repositories, argumentCount=2 +352µs
guard:wasm Backend call failed: calling "tools/call": unknown tool "search_repositories" +6ms
guard:wasm [guard:github] ERROR: <<< call_backend FAILED with code -1 +322µs
guard:wasm [guard:github] WARN: Backend call search_repositories failed with code -1 +639µs
guard:wasm [guard:github] DEBUG: [integrity] issue:apache/cloudstack#3693: author_association floor below writer (rank=2), checking collaborator permission for DaanHoogland +706µs
guard:wasm [guard:github] DEBUG: get_collaborator_permission: cache hit for apache/cloudstack user DaanHoogland → permission=Some("write") +391µs
guard:wasm [guard:github] DEBUG: [integrity] issue:apache/cloudstack#3693: collaborator permission=Some("write") → merged rank=3 +390µs
guard:wasm [guard:github] DEBUG: Checking repo visibility for apache/cloudstack +390µs
guard:wasm [guard:github] INFO: >>> call_backend: tool=search_repositories +430µs
guard:wasm [guard:github] DEBUG:     args={"perPage":10,"query":"repo:apache/cloudstack"} +411µs
guard:wasm WASM guard calling backend: tool=search_repositories +349µs
server:unified [DIFC] Guard calling backend github tool search_repositories for metadata +10ms
server:unified executeBackendToolCall: serverID=github, toolName=search_repositories +348µs
launcher:launcher Checking session pool: serverID=github, sessionID=gUzHgIR4XIg9fTU5L58cfhq5EVGKh7agQezXfd38OSpm515oZDB6sH8jl +10ms
launcher:pool Reusing connection: backend=github, session=gUzHgIR4XIg9fTU5L58cfhq5EVGKh7agQezXfd38OSpm515oZDB6sH8jl, requests=27 +10ms
mcp:connection Dispatching SDK method: tools/call, serverID=github +10ms
mcp:connection callTool: parsed name=search_repositories, argumentCount=2 +349µs
guard:wasm Backend call failed: calling "tools/call": unknown tool "search_repositories" +6ms
guard:wasm [guard:github] ERROR: <<< call_backend FAILED with code -1 +344µs
guard:wasm [guard:github] WARN: Backend call search_repositories failed with code -1 +684µs
guard:wasm [guard:github] DEBUG: Checking repo visibility for apache/cloudstack +664µs
guard:wasm [guard:github] INFO: >>> call_backend: tool=search_repositories +383µs
guard:wasm [guard:github] DEBUG:     args={"perPage":10,"query":"repo:apache/cloudstack"} +304µs
guard:wasm WASM guard calling backend: tool=search_repositories +349µs
server:unified [DIFC] Guard calling backend github tool search_repositories for metadata +8ms
server:unified executeBackendToolCall: serverID=github, toolName=search_repositories +329µs
launcher:launcher Checking session pool: serverID=github, sessionID=gUzHgIR4XIg9fTU5L58cfhq5EVGKh7agQezXfd38OSpm515oZDB6sH8jl +9ms
launcher:pool Reusing connection: backend=github, session=gUzHgIR4XIg9fTU5L58cfhq5EVGKh7agQezXfd38OSpm515oZDB6sH8jl, requests=28 +9ms
mcp:connection Dispatching SDK method: tools/call, serverID=github +8ms
mcp:connection callTool: parsed name=search_repositories, argumentCount=2 +320µs
guard:wasm Backend call failed: calling "tools/call": unknown tool "search_repositories" +6ms
guard:wasm [guard:github] ERROR: <<< call_backend FAILED with code -1 +352µs
guard:wasm [guard:github] WARN: Backend call search_repositories failed with code -1 +755µs
guard:wasm [guard:github] DEBUG: [integrity] issue:apache/cloudstack#3751: author_association floor below writer (rank=2), checking collaborator permission for aleskxyz +672µs
guard:wasm [guard:github] DEBUG: get_collaborator_permission: fetching permission for apache/cloudstack user aleskxyz +363µs
guard:wasm [guard:github] INFO: >>> call_backend: tool=get_collaborator_permission +380µs
guard:wasm [guard:github] DEBUG:     args={"owner":"apache","repo":"cloudstack","username":"aleskxyz"} +348µs
guard:wasm WASM guard calling backend: tool=get_collaborator_permission +383µs
envutil:github Looking up GitHub token: checking 4 candidate env vars +271ms
envutil:github GitHub token found: source=GITHUB_MCP_SERVER_TOKEN +335µs
envutil:github GitHub API URL using default:  +317µs
envutil:github Deriving API URL from server URL: https://github.com +314µs
envutil:github GitHub.com detected, using default API URL: https://api.github.com +368µs
envutil:github GitHub API URL derived from GITHUB_SERVER_URL=https://github.com: https://api.github.com +328µs
httputil:collaborator_permission FetchCollaboratorPermission: owner=apache, repo=cloudstack, username=aleskxyz, apiPath=/repos/apache/cloudstack/collaborators/aleskxyz/permission +47ms
server:unified get_collaborator_permission: GET /repos/apache/cloudstack/collaborators/aleskxyz/permission (for apache/cloudstack user aleskxyz) +11ms
httputil:httputil GitHub GET: baseURL="https://api.github.com", path="/repos/apache/cloudstack/collaborators/aleskxyz/permission", hasAuth=true +48ms
httputil:httputil Applying GitHub API headers: method="GET", path="/repos/apache/cloudstack/collaborators/aleskxyz/permission", hasAuth=true +360µs
httputil:httputil GitHub GET response: path="/repos/apache/cloudstack/collaborators/aleskxyz/permission", status=200 +165ms
httputil:collaborator_permission FetchCollaboratorPermission: response received: status=200, bodyLen=1087 +167ms
server:unified get_collaborator_permission: apache/cloudstack user aleskxyz → permission="read" (HTTP 200) +167ms
guard:wasm [guard:github] INFO: <<< call_backend returned 1224 bytes +170ms
guard:wasm [guard:github] DEBUG: extract_mcp_response: top-level keys=["content"] +462µs
guard:wasm [guard:github] DEBUG: extract_mcp_response: found content array with 1 items +391µs
guard:wasm [guard:github] DEBUG: extract_mcp_response: found text field, len=1087 +405µs
guard:wasm [guard:github] DEBUG: extract_mcp_response: parsed content[0].text as JSON +434µs
guard:wasm [guard:github] INFO: get_collaborator_permission: apache/cloudstack user aleskxyz → permission=Some("read") login=Some("aleskxyz") +422µs
guard:wasm [guard:github] DEBUG: [integrity] issue:apache/cloudstack#3751: collaborator permission=Some("read") → merged rank=2 +373µs
guard:wasm [guard:github] DEBUG: Checking repo visibility for apache/cloudstack +469µs
guard:wasm [guard:github] INFO: >>> call_backend: tool=search_repositories +408µs
guard:wasm [guard:github] DEBUG:     args={"perPage":10,"query":"repo:apache/cloudstack"} +336µs
guard:wasm WASM guard calling backend: tool=search_repositories +393µs
server:unified [DIFC] Guard calling backend github tool search_repositories for metadata +4ms
server:unified executeBackendToolCall: serverID=github, toolName=search_repositories +340µs
launcher:launcher Checking session pool: serverID=github, sessionID=gUzHgIR4XIg9fTU5L58cfhq5EVGKh7agQezXfd38OSpm515oZDB6sH8jl +184ms
launcher:pool Reusing connection: backend=github, session=gUzHgIR4XIg9fTU5L58cfhq5EVGKh7agQezXfd38OSpm515oZDB6sH8jl, requests=29 +184ms
mcp:connection Dispatching SDK method: tools/call, serverID=github +184ms
mcp:connection callTool: parsed name=search_repositories, argumentCount=2 +349µs
guard:wasm Backend call failed: calling "tools/call": unknown tool "search_repositories" +6ms
guard:wasm [guard:github] ERROR: <<< call_backend FAILED with code -1 +401µs
guard:wasm [guard:github] WARN: Backend call search_repositories failed with code -1 +701µs
guard:wasm [guard:github] DEBUG: Checking repo visibility for apache/cloudstack +700µs
guard:wasm [guard:github] INFO: >>> call_backend: tool=search_repositories +387µs
guard:wasm [guard:github] DEBUG:     args={"perPage":10,"query":"repo:apache/cloudstack"} +345µs
guard:wasm WASM guard calling backend: tool=search_repositories +331µs
server:unified [DIFC] Guard calling backend github tool search_repositories for metadata +9ms
server:unified executeBackendToolCall: serverID=github, toolName=search_repositories +300µs
launcher:launcher Checking session pool: serverID=github, sessionID=gUzHgIR4XIg9fTU5L58cfhq5EVGKh7agQezXfd38OSpm515oZDB6sH8jl +9ms
launcher:pool Reusing connection: backend=github, session=gUzHgIR4XIg9fTU5L58cfhq5EVGKh7agQezXfd38OSpm515oZDB6sH8jl, requests=30 +9ms
mcp:connection Dispatching SDK method: tools/call, serverID=github +9ms
mcp:connection callTool: parsed name=search_repositories, argumentCount=2 +418µs
guard:wasm Backend call failed: calling "tools/call": unknown tool "search_repositories" +6ms
guard:wasm [guard:github] ERROR: <<< call_backend FAILED with code -1 +353µs
guard:wasm [guard:github] WARN: Backend call search_repositories failed with code -1 +741µs
guard:wasm [guard:github] DEBUG: [integrity] issue:apache/cloudstack#4370: author_association floor below writer (rank=2), checking collaborator permission for DaanHoogland +678µs
guard:wasm [guard:github] DEBUG: get_collaborator_permission: cache hit for apache/cloudstack user DaanHoogland → permission=Some("write") +376µs
guard:wasm [guard:github] DEBUG: [integrity] issue:apache/cloudstack#4370: collaborator permission=Some("write") → merged rank=3 +347µs
guard:wasm [guard:github] DEBUG: Checking repo visibility for apache/cloudstack +405µs
guard:wasm [guard:github] INFO: >>> call_backend: tool=search_repositories +362µs
guard:wasm [guard:github] DEBUG:     args={"perPage":10,"query":"repo:apache/cloudstack"} +338µs
guard:wasm WASM guard calling backend: tool=search_repositories +314µs
server:unified [DIFC] Guard calling backend github tool search_repositories for metadata +10ms
server:unified executeBackendToolCall: serverID=github, toolName=search_repositories +332µs
launcher:launcher Checking session pool: serverID=github, sessionID=gUzHgIR4XIg9fTU5L58cfhq5EVGKh7agQezXfd38OSpm515oZDB6sH8jl +10ms
launcher:pool Reusing connection: backend=github, session=gUzHgIR4XIg9fTU5L58cfhq5EVGKh7agQezXfd38OSpm515oZDB6sH8jl, requests=31 +10ms
mcp:connection Dispatching SDK method: tools/call, serverID=github +10ms
mcp:connection callTool: parsed name=search_repositories, argumentCount=2 +321µs
guard:wasm Backend call failed: calling "tools/call": unknown tool "search_repositories" +6ms
guard:wasm [guard:github] ERROR: <<< call_backend FAILED with code -1 +360µs
guard:wasm [guard:github] WARN: Backend call search_repositories failed with code -1 +633µs
guard:wasm [guard:github] DEBUG: Checking repo visibility for apache/cloudstack +693µs
guard:wasm [guard:github] INFO: >>> call_backend: tool=search_repositories +421µs
guard:wasm [guard:github] DEBUG:     args={"perPage":10,"query":"repo:apache/cloudstack"} +372µs
guard:wasm WASM guard calling backend: tool=search_repositories +449µs
server:unified [DIFC] Guard calling backend github tool search_repositories for metadata +9ms
server:unified executeBackendToolCall: serverID=github, toolName=search_repositories +320µs
launcher:launcher Checking session pool: serverID=github, sessionID=gUzHgIR4XIg9fTU5L58cfhq5EVGKh7agQezXfd38OSpm515oZDB6sH8jl +9ms
launcher:pool Reusing connection: backend=github, session=gUzHgIR4XIg9fTU5L58cfhq5EVGKh7agQezXfd38OSpm515oZDB6sH8jl, requests=32 +9ms
mcp:connection Dispatching SDK method: tools/call, serverID=github +9ms
mcp:connection callTool: parsed name=search_repositories, argumentCount=2 +369µs
guard:wasm Backend call failed: calling "tools/call": unknown tool "search_repositories" +7ms
guard:wasm [guard:github] ERROR: <<< call_backend FAILED with code -1 +408µs
guard:wasm [guard:github] WARN: Backend call search_repositories failed with code -1 +740µs
guard:wasm [guard:github] DEBUG: [integrity] issue:apache/cloudstack#4542: author_association floor below writer (rank=2), checking collaborator permission for aleskxyz +660µs
guard:wasm [guard:github] DEBUG: get_collaborator_permission: cache hit for apache/cloudstack user aleskxyz → permission=Some("read") +397µs
guard:wasm [guard:github] DEBUG: [integrity] issue:apache/cloudstack#4542: collaborator permission=Some("read") → merged rank=2 +329µs
guard:wasm [guard:github] DEBUG: Checking repo visibility for apache/cloudstack +328µs
guard:wasm [guard:github] INFO: >>> call_backend: tool=search_repositories +416µs
guard:wasm [guard:github] DEBUG:     args={"perPage":10,"query":"repo:apache/cloudstack"} +308µs
guard:wasm WASM guard calling backend: tool=search_repositories +309µs
server:unified [DIFC] Guard calling backend github tool search_repositories for metadata +10ms
server:unified executeBackendToolCall: serverID=github, toolName=search_repositories +314µs
launcher:launcher Checking session pool: serverID=github, sessionID=gUzHgIR4XIg9fTU5L58cfhq5EVGKh7agQezXfd38OSpm515oZDB6sH8jl +10ms
launcher:pool Reusing connection: backend=github, session=gUzHgIR4XIg9fTU5L58cfhq5EVGKh7agQezXfd38OSpm515oZDB6sH8jl, requests=33 +10ms
mcp:connection Dispatching SDK method: tools/call, serverID=github +10ms
mcp:connection callTool: parsed name=search_repositories, argumentCount=2 +378µs
guard:wasm Backend call failed: calling "tools/call": unknown tool "search_repositories" +6ms
guard:wasm [guard:github] ERROR: <<< call_backend FAILED with code -1 +379µs
guard:wasm [guard:github] WARN: Backend call search_repositories failed with code -1 +695µs
guard:wasm [guard:github] DEBUG: Checking repo visibility for apache/cloudstack +702µs
guard:wasm [guard:github] INFO: >>> call_backend: tool=search_repositories +402µs
guard:wasm [guard:github] DEBUG:     args={"perPage":10,"query":"repo:apache/cloudstack"} +369µs
guard:wasm WASM guard calling backend: tool=search_repositories +397µs
server:unified [DIFC] Guard calling backend github tool search_repositories for metadata +9ms
server:unified executeBackendToolCall: serverID=github, toolName=search_repositories +361µs
launcher:launcher Checking session pool: serverID=github, sessionID=gUzHgIR4XIg9fTU5L58cfhq5EVGKh7agQezXfd38OSpm515oZDB6sH8jl +9ms
launcher:pool Reusing connection: backend=github, session=gUzHgIR4XIg9fTU5L58cfhq5EVGKh7agQezXfd38OSpm515oZDB6sH8jl, requests=34 +9ms
mcp:connection Dispatching SDK method: tools/call, serverID=github +9ms
mcp:connection callTool: parsed name=search_repositories, argumentCount=2 +367µs
guard:wasm Backend call failed: calling "tools/call": unknown tool "search_repositories" +6ms
guard:wasm [guard:github] ERROR: <<< call_backend FAILED with code -1 +352µs
guard:wasm [guard:github] WARN: Backend call search_repositories failed with code -1 +636µs
guard:wasm [guard:github] DEBUG: [integrity] issue:apache/cloudstack#5174: author_association floor below writer (rank=2), checking collaborator permission for DaanHoogland +608µs
guard:wasm [guard:github] DEBUG: get_collaborator_permission: cache hit for apache/cloudstack user DaanHoogland → permission=Some("write") +334µs
guard:wasm [guard:github] DEBUG: [integrity] issue:apache/cloudstack#5174: collaborator permission=Some("write") → merged rank=3 +359µs
guard:wasm [guard:github] DEBUG: Checking repo visibility for apache/cloudstack +432µs
guard:wasm [guard:github] INFO: >>> call_backend: tool=search_repositories +364µs
guard:wasm [guard:github] DEBUG:     args={"perPage":10,"query":"repo:apache/cloudstack"} +330µs
guard:wasm WASM guard calling backend: tool=search_repositories +383µs
server:unified [DIFC] Guard calling backend github tool search_repositories for metadata +9ms
server:unified executeBackendToolCall: serverID=github, toolName=search_repositories +339µs
launcher:launcher Checking session pool: serverID=github, sessionID=gUzHgIR4XIg9fTU5L58cfhq5EVGKh7agQezXfd38OSpm515oZDB6sH8jl +10ms
launcher:pool Reusing connection: backend=github, session=gUzHgIR4XIg9fTU5L58cfhq5EVGKh7agQezXfd38OSpm515oZDB6sH8jl, requests=35 +10ms
mcp:connection Dispatching SDK method: tools/call, serverID=github +9ms
mcp:connection callTool: parsed name=search_repositories, argumentCount=2 +321µs
guard:wasm Backend call failed: calling "tools/call": unknown tool "search_repositories" +6ms
guard:wasm [guard:github] ERROR: <<< call_backend FAILED with code -1 +413µs
guard:wasm [guard:github] WARN: Backend call search_repositories failed with code -1 +648µs
guard:wasm [guard:github] DEBUG: Checking repo visibility for apache/cloudstack +781µs
guard:wasm [guard:github] INFO: >>> call_backend: tool=search_repositories +375µs
guard:wasm [guard:github] DEBUG:     args={"perPage":10,"query":"repo:apache/cloudstack"} +326µs
guard:wasm WASM guard calling backend: tool=search_repositories +357µs
server:unified [DIFC] Guard calling backend github tool search_repositories for metadata +9ms
server:unified executeBackendToolCall: serverID=github, toolName=search_repositories +311µs
launcher:launcher Checking session pool: serverID=github, sessionID=gUzHgIR4XIg9fTU5L58cfhq5EVGKh7agQezXfd38OSpm515oZDB6sH8jl +9ms
launcher:pool Reusing connection: backend=github, session=gUzHgIR4XIg9fTU5L58cfhq5EVGKh7agQezXfd38OSpm515oZDB6sH8jl, requests=36 +9ms
mcp:connection Dispatching SDK method: tools/call, serverID=github +8ms
mcp:connection callTool: parsed name=search_repositories, argumentCount=2 +438µs
guard:wasm Backend call failed: calling "tools/call": unknown tool "search_repositories" +6ms
guard:wasm [guard:github] ERROR: <<< call_backend FAILED with code -1 +328µs
guard:wasm [guard:github] WARN: Backend call search_repositories failed with code -1 +659µs
guard:wasm [guard:github] DEBUG: [integrity] issue:apache/cloudstack#5686: author_association floor below writer (rank=2), checking collaborator permission for ngrosc +719µs
guard:wasm [guard:github] DEBUG: get_collaborator_permission: fetching permission for apache/cloudstack user ngrosc +358µs
guard:wasm [guard:github] INFO: >>> call_backend: tool=get_collaborator_permission +390µs
guard:wasm [guard:github] DEBUG:     args={"owner":"apache","repo":"cloudstack","username":"ngrosc"} +411µs
guard:wasm WASM guard calling backend: tool=get_collaborator_permission +362µs
envutil:github Looking up GitHub token: checking 4 candidate env vars +252ms
envutil:github GitHub token found: source=GITHUB_MCP_SERVER_TOKEN +333µs
envutil:github GitHub API URL using default:  +295µs
envutil:github Deriving API URL from server URL: https://github.com +355µs
envutil:github GitHub.com detected, using default API URL: https://api.github.com +317µs
envutil:github GitHub API URL derived from GITHUB_SERVER_URL=https://github.com: https://api.github.com +329µs
httputil:collaborator_permission FetchCollaboratorPermission: owner=apache, repo=cloudstack, username=ngrosc, apiPath=/repos/apache/cloudstack/collaborators/ngrosc/permission +86ms
server:unified get_collaborator_permission: GET /repos/apache/cloudstack/collaborators/ngrosc/permission (for apache/cloudstack user ngrosc) +11ms
httputil:httputil GitHub GET: baseURL="https://api.github.com", path="/repos/apache/cloudstack/collaborators/ngrosc/permission", hasAuth=true +87ms
httputil:httputil Applying GitHub API headers: method="GET", path="/repos/apache/cloudstack/collaborators/ngrosc/permission", hasAuth=true +336µs
httputil:httputil GitHub GET response: path="/repos/apache/cloudstack/collaborators/ngrosc/permission", status=200 +182ms
httputil:collaborator_permission FetchCollaboratorPermission: response received: status=200, bodyLen=1063 +184ms
server:unified get_collaborator_permission: apache/cloudstack user ngrosc → permission="read" (HTTP 200) +184ms
guard:wasm [guard:github] INFO: <<< call_backend returned 1200 bytes +187ms
guard:wasm [guard:github] DEBUG: extract_mcp_response: top-level keys=["content"] +432µs
guard:wasm [guard:github] DEBUG: extract_mcp_response: found content array with 1 items +341µs
guard:wasm [guard:github] DEBUG: extract_mcp_response: found text field, len=1063 +424µs
guard:wasm [guard:github] DEBUG: extract_mcp_response: parsed content[0].text as JSON +385µs
guard:wasm [guard:github] INFO: get_collaborator_permission: apache/cloudstack user ngrosc → permission=Some("read") login=Some("ngrosc") +381µs
guard:wasm [guard:github] DEBUG: [integrity] issue:apache/cloudstack#5686: collaborator permission=Some("read") → merged rank=2 +443µs
guard:wasm [guard:github] DEBUG: Checking repo visibility for apache/cloudstack +362µs
guard:wasm [guard:github] INFO: >>> call_backend: tool=search_repositories +411µs
guard:wasm [guard:github] DEBUG:     args={"perPage":10,"query":"repo:apache/cloudstack"} +355µs
guard:wasm WASM guard calling backend: tool=search_repositories +318µs
server:unified [DIFC] Guard calling backend github tool search_repositories for metadata +4ms
server:unified executeBackendToolCall: serverID=github, toolName=search_repositories +359µs
launcher:launcher Checking session pool: serverID=github, sessionID=gUzHgIR4XIg9fTU5L58cfhq5EVGKh7agQezXfd38OSpm515oZDB6sH8jl +201ms
launcher:pool Reusing connection: backend=github, session=gUzHgIR4XIg9fTU5L58cfhq5EVGKh7agQezXfd38OSpm515oZDB6sH8jl, requests=37 +201ms
mcp:connection Dispatching SDK method: tools/call, serverID=github +200ms
mcp:connection callTool: parsed name=search_repositories, argumentCount=2 +369µs
guard:wasm Backend call failed: calling "tools/call": unknown tool "search_repositories" +6ms
guard:wasm [guard:github] ERROR: <<< call_backend FAILED with code -1 +424µs
guard:wasm [guard:github] WARN: Backend call search_repositories failed with code -1 +665µs
guard:wasm [guard:github] DEBUG: Checking repo visibility for apache/cloudstack +698µs
guard:wasm [guard:github] INFO: >>> call_backend: tool=search_repositories +428µs
guard:wasm [guard:github] DEBUG:     args={"perPage":10,"query":"repo:apache/cloudstack"} +361µs
guard:wasm WASM guard calling backend: tool=search_repositories +338µs
server:unified [DIFC] Guard calling backend github tool search_repositories for metadata +9ms
server:unified executeBackendToolCall: serverID=github, toolName=search_repositories +314µs
launcher:launcher Checking session pool: serverID=github, sessionID=gUzHgIR4XIg9fTU5L58cfhq5EVGKh7agQezXfd38OSpm515oZDB6sH8jl +9ms
launcher:pool Reusing connection: backend=github, session=gUzHgIR4XIg9fTU5L58cfhq5EVGKh7agQezXfd38OSpm515oZDB6sH8jl, requests=38 +9ms
mcp:connection Dispatching SDK method: tools/call, serverID=github +9ms
mcp:connection callTool: parsed name=search_repositories, argumentCount=2 +373µs
guard:wasm Backend call failed: calling "tools/call": unknown tool "search_repositories" +6ms
guard:wasm [guard:github] ERROR: <<< call_backend FAILED with code -1 +395µs
guard:wasm [guard:github] WARN: Backend call search_repositories failed with code -1 +656µs
guard:wasm [guard:github] DEBUG: [integrity] issue:apache/cloudstack#5697: author_association floor below writer (rank=2), checking collaborator permission for alexandru-bagu +729µs
guard:wasm [guard:github] DEBUG: get_collaborator_permission: fetching permission for apache/cloudstack user alexandru-bagu +347µs
guard:wasm [guard:github] INFO: >>> call_backend: tool=get_collaborator_permission +426µs
guard:wasm [guard:github] DEBUG:     args={"owner":"apache","repo":"cloudstack","username":"alexandru-bagu"} +354µs
guard:wasm WASM guard calling backend: tool=get_collaborator_permission +343µs
envutil:github Looking up GitHub token: checking 4 candidate env vars +209ms
envutil:github GitHub token found: source=GITHUB_MCP_SERVER_TOKEN +345µs
envutil:github GitHub API URL using default:  +339µs
envutil:github Deriving API URL from server URL: https://github.com +327µs
envutil:github GitHub.com detected, using default API URL: https://api.github.com +367µs
envutil:github GitHub API URL derived from GITHUB_SERVER_URL=https://github.com: https://api.github.com +310µs
httputil:collaborator_permission FetchCollaboratorPermission: owner=apache, repo=cloudstack, username=alexandru-bagu, apiPath=/repos/apache/cloudstack/collaborators/alexandru-bagu/permission +26ms
server:unified get_collaborator_permission: GET /repos/apache/cloudstack/collaborators/alexandru-bagu/permission (for apache/cloudstack user alexandru-bagu) +11ms
httputil:httputil GitHub GET: baseURL="https://api.github.com", path="/repos/apache/cloudstack/collaborators/alexandru-bagu/permission", hasAuth=true +28ms
httputil:httputil Applying GitHub API headers: method="GET", path="/repos/apache/cloudstack/collaborators/alexandru-bagu/permission", hasAuth=true +345µs
httputil:httputil GitHub GET response: path="/repos/apache/cloudstack/collaborators/alexandru-bagu/permission", status=200 +241ms
httputil:collaborator_permission FetchCollaboratorPermission: response received: status=200, bodyLen=1157 +242ms
server:unified get_collaborator_permission: apache/cloudstack user alexandru-bagu → permission="read" (HTTP 200) +243ms
guard:wasm [guard:github] INFO: <<< call_backend returned 1294 bytes +246ms
guard:wasm [guard:github] DEBUG: extract_mcp_response: top-level keys=["content"] +442µs
guard:wasm [guard:github] DEBUG: extract_mcp_response: found content array with 1 items +366µs
guard:wasm [guard:github] DEBUG: extract_mcp_response: found text field, len=1157 +367µs
guard:wasm [guard:github] DEBUG: extract_mcp_response: parsed content[0].text as JSON +467µs
guard:wasm [guard:github] INFO: get_collaborator_permission: apache/cloudstack user alexandru-bagu → permission=Some("read") login=Some("alexandru-bagu") +345µs
guard:wasm [guard:github] DEBUG: [integrity] issue:apache/cloudstack#5697: collaborator permission=Some("read") → merged rank=2 +380µs
guard:wasm [guard:github] DEBUG: Checking repo visibility for apache/cloudstack +355µs
guard:wasm [guard:github] INFO: >>> call_backend: tool=search_repositories +409µs
guard:wasm [guard:github] DEBUG:     args={"perPage":10,"query":"repo:apache/cloudstack"} +351µs
guard:wasm WASM guard calling backend: tool=search_repositories +306µs
server:unified [DIFC] Guard calling backend github tool search_repositories for metadata +4ms
server:unified executeBackendToolCall: serverID=github, toolName=search_repositories +392µs
launcher:launcher Checking session pool: serverID=github, sessionID=gUzHgIR4XIg9fTU5L58cfhq5EVGKh7agQezXfd38OSpm515oZDB6sH8jl +259ms
launcher:pool Reusing connection: backend=github, session=gUzHgIR4XIg9fTU5L58cfhq5EVGKh7agQezXfd38OSpm515oZDB6sH8jl, requests=39 +259ms
mcp:connection Dispatching SDK method: tools/call, serverID=github +259ms
mcp:connection callTool: parsed name=search_repositories, argumentCount=2 +341µs
guard:wasm Backend call failed: calling "tools/call": unknown tool "search_repositories" +6ms
guard:wasm [guard:github] ERROR: <<< call_backend FAILED with code -1 +360µs
guard:wasm [guard:github] WARN: Backend call search_repositories failed with code -1 +652µs
guard:wasm [guard:github] DEBUG: Checking repo visibility for apache/cloudstack +808µs
guard:wasm [guard:github] INFO: >>> call_backend: tool=search_repositories +433µs
guard:wasm [guard:github] DEBUG:     args={"perPage":10,"query":"repo:apache/cloudstack"} +342µs
guard:wasm WASM guard calling backend: tool=search_repositories +348µs
server:unified [DIFC] Guard calling backend github tool search_repositories for metadata +9ms
server:unified executeBackendToolCall: serverID=github, toolName=search_repositories +366µs
launcher:launcher Checking session pool: serverID=github, sessionID=gUzHgIR4XIg9fTU5L58cfhq5EVGKh7agQezXfd38OSpm515oZDB6sH8jl +9ms
launcher:pool Reusing connection: backend=github, session=gUzHgIR4XIg9fTU5L58cfhq5EVGKh7agQezXfd38OSpm515oZDB6sH8jl, requests=40 +9ms
mcp:connection Dispatching SDK method: tools/call, serverID=github +10ms
mcp:connection callTool: parsed name=search_repositories, argumentCount=2 +376µs
guard:wasm Backend call failed: calling "tools/call": unknown tool "search_repositories" +7ms
guard:wasm [guard:github] ERROR: <<< call_backend FAILED with code -1 +393µs
guard:wasm [guard:github] WARN: Backend call search_repositories failed with code -1 +739µs
guard:wasm [guard:github] DEBUG: Checking repo visibility for apache/cloudstack +748µs
guard:wasm [guard:github] INFO: >>> call_backend: tool=search_repositories +490µs
guard:wasm [guard:github] DEBUG:     args={"perPage":10,"query":"repo:apache/cloudstack"} +476µs
guard:wasm WASM guard calling backend: tool=search_repositories +445µs
server:unified [DIFC] Guard calling backend github tool search_repositories for metadata +10ms
server:unified executeBackendToolCall: serverID=github, toolName=search_repositories +451µs
launcher:launcher Checking session pool: serverID=github, sessionID=gUzHgIR4XIg9fTU5L58cfhq5EVGKh7agQezXfd38OSpm515oZDB6sH8jl +12ms
launcher:pool Reusing connection: backend=github, session=gUzHgIR4XIg9fTU5L58cfhq5EVGKh7agQezXfd38OSpm515oZDB6sH8jl, requests=41 +12ms
mcp:connection Dispatching SDK method: tools/call, serverID=github +11ms
mcp:connection callTool: parsed name=search_repositories, argumentCount=2 +441µs
guard:wasm Backend call failed: calling "tools/call": unknown tool "search_repositories" +8ms
guard:wasm [guard:github] ERROR: <<< call_backend FAILED with code -1 +329µs
guard:wasm [guard:github] WARN: Backend call search_repositories failed with code -1 +638µs
guard:wasm [guard:github] DEBUG: Checking repo visibility for apache/cloudstack +681µs
guard:wasm [guard:github] INFO: >>> call_backend: tool=search_repositories +363µs
guard:wasm [guard:github] DEBUG:     args={"perPage":10,"query":"repo:apache/cloudstack"} +311µs
guard:wasm WASM guard calling backend: tool=search_repositories +399µs
server:unified [DIFC] Guard calling backend github tool search_repositories for metadata +10ms
server:unified executeBackendToolCall: serverID=github, toolName=search_repositories +349µs
launcher:launcher Checking session pool: serverID=github, sessionID=gUzHgIR4XIg9fTU5L58cfhq5EVGKh7agQezXfd38OSpm515oZDB6sH8jl +9ms
launcher:pool Reusing connection: backend=github, session=gUzHgIR4XIg9fTU5L58cfhq5EVGKh7agQezXfd38OSpm515oZDB6sH8jl, requests=42 +9ms
mcp:connection Dispatching SDK method: tools/call, serverID=github +9ms
mcp:connection callTool: parsed name=search_repositories, argumentCount=2 +421µs
guard:wasm Backend call failed: calling "tools/call": unknown tool "search_repositories" +6ms
guard:wasm [guard:github] ERROR: <<< call_backend FAILED with code -1 +352µs
guard:wasm [guard:github] WARN: Backend call search_repositories failed with code -1 +664µs
guard:wasm [guard:github] DEBUG: [integrity] issue:apache/cloudstack#5756: author_association floor below writer (rank=2), checking collaborator permission for lukasmrtvy +642µs
guard:wasm [guard:github] DEBUG: get_collaborator_permission: fetching permission for apache/cloudstack user lukasmrtvy +315µs
guard:wasm [guard:github] INFO: >>> call_backend: tool=get_collaborator_permission +345µs
guard:wasm [guard:github] DEBUG:     args={"owner":"apache","repo":"cloudstack","username":"lukasmrtvy"} +282µs
guard:wasm WASM guard calling backend: tool=get_collaborator_permission +296µs
envutil:github Looking up GitHub token: checking 4 candidate env vars +289ms
envutil:github GitHub token found: source=GITHUB_MCP_SERVER_TOKEN +350µs
envutil:github GitHub API URL using default:  +338µs
envutil:github Deriving API URL from server URL: https://github.com +386µs
envutil:github GitHub.com detected, using default API URL: https://api.github.com +297µs
envutil:github GitHub API URL derived from GITHUB_SERVER_URL=https://github.com: https://api.github.com +375µs
httputil:collaborator_permission FetchCollaboratorPermission: owner=apache, repo=cloudstack, username=lukasmrtvy, apiPath=/repos/apache/cloudstack/collaborators/lukasmrtvy/permission +48ms
server:unified get_collaborator_permission: GET /repos/apache/cloudstack/collaborators/lukasmrtvy/permission (for apache/cloudstack user lukasmrtvy) +11ms
httputil:httputil GitHub GET: baseURL="https://api.github.com", path="/repos/apache/cloudstack/collaborators/lukasmrtvy/permission", hasAuth=true +50ms
httputil:httputil Applying GitHub API headers: method="GET", path="/repos/apache/cloudstack/collaborators/lukasmrtvy/permission", hasAuth=true +992µs
httputil:httputil GitHub GET response: path="/repos/apache/cloudstack/collaborators/lukasmrtvy/permission", status=200 +181ms
httputil:collaborator_permission FetchCollaboratorPermission: response received: status=200, bodyLen=1107 +183ms
server:unified get_collaborator_permission: apache/cloudstack user lukasmrtvy → permission="read" (HTTP 200) +183ms
guard:wasm [guard:github] INFO: <<< call_backend returned 1244 bytes +187ms
guard:wasm [guard:github] DEBUG: extract_mcp_response: top-level keys=["content"] +415µs
guard:wasm [guard:github] DEBUG: extract_mcp_response: found content array with 1 items +350µs
guard:wasm [guard:github] DEBUG: extract_mcp_response: found text field, len=1107 +376µs
guard:wasm [guard:github] DEBUG: extract_mcp_response: parsed content[0].text as JSON +451µs
guard:wasm [guard:github] INFO: get_collaborator_permission: apache/cloudstack user lukasmrtvy → permission=Some("read") login=Some("lukasmrtvy") +320µs
guard:wasm [guard:github] DEBUG: [integrity] issue:apache/cloudstack#5756: collaborator permission=Some("read") → merged rank=2 +380µs
guard:wasm [guard:github] DEBUG: Checking repo visibility for apache/cloudstack +356µs
guard:wasm [guard:github] INFO: >>> call_backend: tool=search_repositories +379µs
guard:wasm [guard:github] DEBUG:     args={"perPage":10,"query":"repo:apache/cloudstack"} +360µs
guard:wasm WASM guard calling backend: tool=search_repositories +367µs
server:unified [DIFC] Guard calling backend github tool search_repositories for metadata +4ms
server:unified executeBackendToolCall: serverID=github, toolName=search_repositories +342µs
launcher:launcher Checking session pool: serverID=github, sessionID=gUzHgIR4XIg9fTU5L58cfhq5EVGKh7agQezXfd38OSpm515oZDB6sH8jl +200ms
launcher:pool Reusing connection: backend=github, session=gUzHgIR4XIg9fTU5L58cfhq5EVGKh7agQezXfd38OSpm515oZDB6sH8jl, requests=43 +200ms
mcp:connection Dispatching SDK method: tools/call, serverID=github +200ms
mcp:connection callTool: parsed name=search_repositories, argumentCount=2 +345µs
guard:wasm Backend call failed: calling "tools/call": unknown tool "search_repositories" +6ms
guard:wasm [guard:github] ERROR: <<< call_backend FAILED with code -1 +396µs
guard:wasm [guard:github] WARN: Backend call search_repositories failed with code -1 +741µs
guard:wasm [guard:github] DEBUG: Checking repo visibility for apache/cloudstack +757µs
guard:wasm [guard:github] INFO: >>> call_backend: tool=search_repositories +517µs
guard:wasm [guard:github] DEBUG:     args={"perPage":10,"query":"repo:apache/cloudstack"} +352µs
guard:wasm WASM guard calling backend: tool=search_repositories +321µs
server:unified [DIFC] Guard calling backend github tool search_repositories for metadata +9ms
server:unified executeBackendToolCall: serverID=github, toolName=search_repositories +322µs
launcher:launcher Checking session pool: serverID=github, sessionID=gUzHgIR4XIg9fTU5L58cfhq5EVGKh7agQezXfd38OSpm515oZDB6sH8jl +9ms
launcher:pool Reusing connection: backend=github, session=gUzHgIR4XIg9fTU5L58cfhq5EVGKh7agQezXfd38OSpm515oZDB6sH8jl, requests=44 +9ms
mcp:connection Dispatching SDK method: tools/call, serverID=github +9ms
mcp:connection callTool: parsed name=search_repositories, argumentCount=2 +414µs
guard:wasm Backend call failed: calling "tools/call": unknown tool "search_repositories" +6ms
guard:wasm [guard:github] ERROR: <<< call_backend FAILED with code -1 +450µs
guard:wasm [guard:github] WARN: Backend call search_repositories failed with code -1 +693µs
guard:wasm [guard:github] DEBUG: [integrity] issue:apache/cloudstack#5803: author_association floor below writer (rank=2), checking collaborator permission for edikevich +684µs
guard:wasm [guard:github] DEBUG: get_collaborator_permission: fetching permission for apache/cloudstack user edikevich +348µs
guard:wasm [guard:github] INFO: >>> call_backend: tool=get_collaborator_permission +355µs
guard:wasm [guard:github] DEBUG:     args={"owner":"apache","repo":"cloudstack","username":"edikevich"} +339µs
guard:wasm WASM guard calling backend: tool=get_collaborator_permission +375µs
envutil:github Looking up GitHub token: checking 4 candidate env vars +208ms
envutil:github GitHub token found: source=GITHUB_MCP_SERVER_TOKEN +377µs
envutil:github GitHub API URL using default:  +337µs
envutil:github Deriving API URL from server URL: https://github.com +354µs
envutil:github GitHub.com detected, using default API URL: https://api.github.com +326µs
envutil:github GitHub API URL derived from GITHUB_SERVER_URL=https://github.com: https://api.github.com +311µs
httputil:collaborator_permission FetchCollaboratorPermission: owner=apache, repo=cloudstack, username=edikevich, apiPath=/repos/apache/cloudstack/collaborators/edikevich/permission +26ms
server:unified get_collaborator_permission: GET /repos/apache/cloudstack/collaborators/edikevich/permission (for apache/cloudstack user edikevich) +11ms
httputil:httputil GitHub GET: baseURL="https://api.github.com", path="/repos/apache/cloudstack/collaborators/edikevich/permission", hasAuth=true +28ms
httputil:httputil Applying GitHub API headers: method="GET", path="/repos/apache/cloudstack/collaborators/edikevich/permission", hasAuth=true +329µs
httputil:httputil GitHub GET response: path="/repos/apache/cloudstack/collaborators/edikevich/permission", status=200 +180ms
httputil:collaborator_permission FetchCollaboratorPermission: response received: status=200, bodyLen=1099 +182ms
server:unified get_collaborator_permission: apache/cloudstack user edikevich → permission="read" (HTTP 200) +182ms
guard:wasm [guard:github] INFO: <<< call_backend returned 1236 bytes +185ms
guard:wasm [guard:github] DEBUG: extract_mcp_response: top-level keys=["content"] +469µs
guard:wasm [guard:github] DEBUG: extract_mcp_response: found content array with 1 items +342µs
guard:wasm [guard:github] DEBUG: extract_mcp_response: found text field, len=1099 +367µs
guard:wasm [guard:github] DEBUG: extract_mcp_response: parsed content[0].text as JSON +423µs
guard:wasm [guard:github] INFO: get_collaborator_permission: apache/cloudstack user edikevich → permission=Some("read") login=Some("edikevich") +355µs
guard:wasm [guard:github] DEBUG: [integrity] issue:apache/cloudstack#5803: collaborator permission=Some("read") → merged rank=2 +376µs
guard:wasm [guard:github] DEBUG: Checking repo visibility for apache/cloudstack +351µs
guard:wasm [guard:github] INFO: >>> call_backend: tool=search_repositories +361µs
guard:wasm [guard:github] DEBUG:     args={"perPage":10,"query":"repo:apache/cloudstack"} +338µs
guard:wasm WASM guard calling backend: tool=search_repositories +317µs
server:unified [DIFC] Guard calling backend github tool search_repositories for metadata +4ms
server:unified executeBackendToolCall: serverID=github, toolName=search_repositories +330µs
launcher:launcher Checking session pool: serverID=github, sessionID=gUzHgIR4XIg9fTU5L58cfhq5EVGKh7agQezXfd38OSpm515oZDB6sH8jl +199ms
launcher:pool Reusing connection: backend=github, session=gUzHgIR4XIg9fTU5L58cfhq5EVGKh7agQezXfd38OSpm515oZDB6sH8jl, requests=45 +199ms
mcp:connection Dispatching SDK method: tools/call, serverID=github +198ms
mcp:connection callTool: parsed name=search_repositories, argumentCount=2 +341µs
guard:wasm Backend call failed: calling "tools/call": unknown tool "search_repositories" +6ms
guard:wasm [guard:github] ERROR: <<< call_backend FAILED with code -1 +379µs
guard:wasm [guard:github] WARN: Backend call search_repositories failed with code -1 +658µs
guard:wasm [guard:github] DEBUG: Checking repo visibility for apache/cloudstack +784µs
guard:wasm [guard:github] INFO: >>> call_backend: tool=search_repositories +389µs
guard:wasm [guard:github] DEBUG:     args={"perPage":10,"query":"repo:apache/cloudstack"} +350µs
guard:wasm WASM guard calling backend: tool=search_repositories +346µs
server:unified [DIFC] Guard calling backend github tool search_repositories for metadata +9ms
server:unified executeBackendToolCall: serverID=github, toolName=search_repositories +333µs
launcher:launcher Checking session pool: serverID=github, sessionID=gUzHgIR4XIg9fTU5L58cfhq5EVGKh7agQezXfd38OSpm515oZDB6sH8jl +9ms
launcher:pool Reusing connection: backend=github, session=gUzHgIR4XIg9fTU5L58cfhq5EVGKh7agQezXfd38OSpm515oZDB6sH8jl, requests=46 +9ms
mcp:connection Dispatching SDK method: tools/call, serverID=github +9ms
mcp:connection callTool: parsed name=search_repositories, argumentCount=2 +338µs
guard:wasm Backend call failed: calling "tools/call": unknown tool "search_repositories" +7ms
guard:wasm [guard:github] ERROR: <<< call_backend FAILED with code -1 +416µs
guard:wasm [guard:github] WARN: Backend call search_repositories failed with code -1 +767µs
guard:wasm [guard:github] DEBUG: [integrity] issue:apache/cloudstack#6163: author_association floor below writer (rank=2), checking collaborator permission for levindecaro +706µs
guard:wasm [guard:github] DEBUG: get_collaborator_permission: fetching permission for apache/cloudstack user levindecaro +328µs
guard:wasm [guard:github] INFO: >>> call_backend: tool=get_collaborator_permission +357µs
guard:wasm [guard:github] DEBUG:     args={"owner":"apache","repo":"cloudstack","username":"levindecaro"} +386µs
guard:wasm WASM guard calling backend: tool=get_collaborator_permission +353µs
envutil:github Looking up GitHub token: checking 4 candidate env vars +207ms
envutil:github GitHub token found: source=GITHUB_MCP_SERVER_TOKEN +330µs
envutil:github GitHub API URL using default:  +345µs
envutil:github Deriving API URL from server URL: https://github.com +345µs
envutil:github GitHub.com detected, using default API URL: https://api.github.com +338µs
envutil:github GitHub API URL derived from GITHUB_SERVER_URL=https://github.com: https://api.github.com +307µs
httputil:collaborator_permission FetchCollaboratorPermission: owner=apache, repo=cloudstack, username=levindecaro, apiPath=/repos/apache/cloudstack/collaborators/levindecaro/permission +26ms
server:unified get_collaborator_permission: GET /repos/apache/cloudstack/collaborators/levindecaro/permission (for apache/cloudstack user levindecaro) +12ms
httputil:httputil GitHub GET: baseURL="https://api.github.com", path="/repos/apache/cloudstack/collaborators/levindecaro/permission", hasAuth=true +28ms
httputil:httputil Applying GitHub API headers: method="GET", path="/repos/apache/cloudstack/collaborators/levindecaro/permission", hasAuth=true +349µs
httputil:httputil GitHub GET response: path="/repos/apache/cloudstack/collaborators/levindecaro/permission", status=200 +218ms
httputil:collaborator_permission FetchCollaboratorPermission: response received: status=200, bodyLen=1123 +220ms
server:unified get_collaborator_permission: apache/cloudstack user levindecaro → permission="read" (HTTP 200) +220ms
guard:wasm [guard:github] INFO: <<< call_backend returned 1260 bytes +223ms
guard:wasm [guard:github] DEBUG: extract_mcp_response: top-level keys=["content"] +427µs
guard:wasm [guard:github] DEBUG: extract_mcp_response: found content array with 1 items +394µs
guard:wasm [guard:github] DEBUG: extract_mcp_response: found text field, len=1123 +374µs
guard:wasm [guard:github] DEBUG: extract_mcp_response: parsed content[0].text as JSON +428µs
guard:wasm [guard:github] INFO: get_collaborator_permission: apache/cloudstack user levindecaro → permission=Some("read") login=Some("levindecaro") +413µs
guard:wasm [guard:github] DEBUG: [integrity] issue:apache/cloudstack#6163: collaborator permission=Some("read") → merged rank=2 +399µs
guard:wasm [guard:github] DEBUG: Checking repo visibility for apache/cloudstack +380µs
guard:wasm [guard:github] INFO: >>> call_backend: tool=search_repositories +409µs
guard:wasm [guard:github] DEBUG:     args={"perPage":10,"query":"repo:apache/cloudstack"} +339µs
guard:wasm WASM guard calling backend: tool=search_repositories +355µs
server:unified [DIFC] Guard calling backend github tool search_repositories for metadata +4ms
server:unified executeBackendToolCall: serverID=github, toolName=search_repositories +340µs
launcher:launcher Checking session pool: serverID=github, sessionID=gUzHgIR4XIg9fTU5L58cfhq5EVGKh7agQezXfd38OSpm515oZDB6sH8jl +238ms
launcher:pool Reusing connection: backend=github, session=gUzHgIR4XIg9fTU5L58cfhq5EVGKh7agQezXfd38OSpm515oZDB6sH8jl, requests=47 +238ms
mcp:connection Dispatching SDK method: tools/call, serverID=github +237ms
mcp:connection callTool: parsed name=search_repositories, argumentCount=2 +373µs
guard:wasm Backend call failed: calling "tools/call": unknown tool "search_repositories" +6ms
guard:wasm [guard:github] ERROR: <<< call_backend FAILED with code -1 +423µs
guard:wasm [guard:github] WARN: Backend call search_repositories failed with code -1 +816µs
guard:wasm [guard:github] DEBUG: Checking repo visibility for apache/cloudstack +798µs
guard:wasm [guard:github] INFO: >>> call_backend: tool=search_repositories +385µs
guard:wasm [guard:github] DEBUG:     args={"perPage":10,"query":"repo:apache/cloudstack"} +377µs
guard:wasm WASM guard calling backend: tool=search_repositories +344µs
server:unified [DIFC] Guard calling backend github tool search_repositories for metadata +9ms
server:unified executeBackendToolCall: serverID=github, toolName=search_repositories +328µs
launcher:launcher Checking session pool: serverID=github, sessionID=gUzHgIR4XIg9fTU5L58cfhq5EVGKh7agQezXfd38OSpm515oZDB6sH8jl +9ms
launcher:pool Reusing connection: backend=github, session=gUzHgIR4XIg9fTU5L58cfhq5EVGKh7agQezXfd38OSpm515oZDB6sH8jl, requests=48 +9ms
mcp:connection Dispatching SDK method: tools/call, serverID=github +9ms
mcp:connection callTool: parsed name=search_repositories, argumentCount=2 +338µs
guard:wasm Backend call failed: calling "tools/call": unknown tool "search_repositories" +6ms
guard:wasm [guard:github] ERROR: <<< call_backend FAILED with code -1 +367µs
guard:wasm [guard:github] WARN: Backend call search_repositories failed with code -1 +638µs
guard:wasm [guard:github] DEBUG: [integrity] issue:apache/cloudstack#6180: author_association floor below writer (rank=2), checking collaborator permission for wido +730µs
guard:wasm [guard:github] DEBUG: get_collaborator_permission: fetching permission for apache/cloudstack user wido +335µs
guard:wasm [guard:github] INFO: >>> call_backend: tool=get_collaborator_permission +376µs
guard:wasm [guard:github] DEBUG:     args={"owner":"apache","repo":"cloudstack","username":"wido"} +384µs
guard:wasm WASM guard calling backend: tool=get_collaborator_permission +339µs
envutil:github Looking up GitHub token: checking 4 candidate env vars +245ms
envutil:github GitHub token found: source=GITHUB_MCP_SERVER_TOKEN +316µs
envutil:github GitHub API URL using default:  +352µs
envutil:github Deriving API URL from server URL: https://github.com +324µs
envutil:github GitHub.com detected, using default API URL: https://api.github.com +337µs
envutil:github GitHub API URL derived from GITHUB_SERVER_URL=https://github.com: https://api.github.com +408µs
httputil:collaborator_permission FetchCollaboratorPermission: owner=apache, repo=cloudstack, username=wido, apiPath=/repos/apache/cloudstack/collaborators/wido/permission +26ms
server:unified get_collaborator_permission: GET /repos/apache/cloudstack/collaborators/wido/permission (for apache/cloudstack user wido) +11ms
httputil:httputil GitHub GET: baseURL="https://api.github.com", path="/repos/apache/cloudstack/collaborators/wido/permission", hasAuth=true +28ms
httputil:httputil Applying GitHub API headers: method="GET", path="/repos/apache/cloudstack/collaborators/wido/permission", hasAuth=true +310µs
httputil:httputil GitHub GET response: path="/repos/apache/cloudstack/collaborators/wido/permission", status=200 +182ms
httputil:collaborator_permission FetchCollaboratorPermission: response received: status=200, bodyLen=1036 +184ms
server:unified get_collaborator_permission: apache/cloudstack user wido → permission="write" (HTTP 200) +184ms
guard:wasm [guard:github] INFO: <<< call_backend returned 1173 bytes +187ms
guard:wasm [guard:github] DEBUG: extract_mcp_response: top-level keys=["content"] +454µs
guard:wasm [guard:github] DEBUG: extract_mcp_response: found content array with 1 items +389µs
guard:wasm [guard:github] DEBUG: extract_mcp_response: found text field, len=1036 +384µs
guard:wasm [guard:github] DEBUG: extract_mcp_response: parsed content[0].text as JSON +375µs
guard:wasm [guard:github] INFO: get_collaborator_permission: apache/cloudstack user wido → permission=Some("write") login=Some("wido") +417µs
guard:wasm [guard:github] DEBUG: [integrity] issue:apache/cloudstack#6180: collaborator permission=Some("write") → merged rank=3 +372µs
guard:wasm [guard:github] DEBUG: Checking repo visibility for apache/cloudstack +354µs
guard:wasm [guard:github] INFO: >>> call_backend: tool=search_repositories +397µs
guard:wasm [guard:github] DEBUG:     args={"perPage":10,"query":"repo:apache/cloudstack"} +396µs
guard:wasm WASM guard calling backend: tool=search_repositories +330µs
server:unified [DIFC] Guard calling backend github tool search_repositories for metadata +4ms
server:unified executeBackendToolCall: serverID=github, toolName=search_repositories +315µs
launcher:launcher Checking session pool: serverID=github, sessionID=gUzHgIR4XIg9fTU5L58cfhq5EVGKh7agQezXfd38OSpm515oZDB6sH8jl +201ms
launcher:pool Reusing connection: backend=github, session=gUzHgIR4XIg9fTU5L58cfhq5EVGKh7agQezXfd38OSpm515oZDB6sH8jl, requests=49 +201ms
mcp:connection Dispatching SDK method: tools/call, serverID=github +201ms
mcp:connection callTool: parsed name=search_repositories, argumentCount=2 +354µs
guard:wasm Backend call failed: calling "tools/call": unknown tool "search_repositories" +6ms
guard:wasm [guard:github] ERROR: <<< call_backend FAILED with code -1 +374µs
guard:wasm [guard:github] WARN: Backend call search_repositories failed with code -1 +633µs
guard:wasm [guard:github] DEBUG: Checking repo visibility for apache/cloudstack +675µs
guard:wasm [guard:github] INFO: >>> call_backend: tool=search_repositories +391µs
guard:wasm [guard:github] DEBUG:     args={"perPage":10,"query":"repo:apache/cloudstack"} +327µs
guard:wasm WASM guard calling backend: tool=search_repositories +357µs
server:unified [DIFC] Guard calling backend github tool search_repositories for metadata +9ms
server:unified executeBackendToolCall: serverID=github, toolName=search_repositories +338µs
launcher:launcher Checking session pool: serverID=github, sessionID=gUzHgIR4XIg9fTU5L58cfhq5EVGKh7agQezXfd38OSpm515oZDB6sH8jl +9ms
launcher:pool Reusing connection: backend=github, session=gUzHgIR4XIg9fTU5L58cfhq5EVGKh7agQezXfd38OSpm515oZDB6sH8jl, requests=50 +9ms
mcp:connection Dispatching SDK method: tools/call, serverID=github +9ms
mcp:connection callTool: parsed name=search_repositories, argumentCount=2 +335µs
guard:wasm Backend call failed: calling "tools/call": unknown tool "search_repositories" +6ms
guard:wasm [guard:github] ERROR: <<< call_backend FAILED with code -1 +367µs
guard:wasm [guard:github] WARN: Backend call search_repositories failed with code -1 +694µs
guard:wasm [guard:github] DEBUG: [integrity] issue:apache/cloudstack#6212: author_association floor below writer (rank=2), checking collaborator permission for joschi36 +717µs
guard:wasm [guard:github] DEBUG: get_collaborator_permission: fetching permission for apache/cloudstack user joschi36 +401µs
guard:wasm [guard:github] INFO: >>> call_backend: tool=get_collaborator_permission +380µs
guard:wasm [guard:github] DEBUG:     args={"owner":"apache","repo":"cloudstack","username":"joschi36"} +375µs
guard:wasm WASM guard calling backend: tool=get_collaborator_permission +350µs
envutil:github Looking up GitHub token: checking 4 candidate env vars +209ms
envutil:github GitHub token found: source=GITHUB_MCP_SERVER_TOKEN +339µs
envutil:github GitHub API URL using default:  +339µs
envutil:github Deriving API URL from server URL: https://github.com +412µs
envutil:github GitHub.com detected, using default API URL: https://api.github.com +315µs
envutil:github GitHub API URL derived from GITHUB_SERVER_URL=https://github.com: https://api.github.com +330µs
httputil:collaborator_permission FetchCollaboratorPermission: owner=apache, repo=cloudstack, username=joschi36, apiPath=/repos/apache/cloudstack/collaborators/joschi36/permission +26ms
server:unified get_collaborator_permission: GET /repos/apache/cloudstack/collaborators/joschi36/permission (for apache/cloudstack user joschi36) +11ms
httputil:httputil GitHub GET: baseURL="https://api.github.com", path="/repos/apache/cloudstack/collaborators/joschi36/permission", hasAuth=true +27ms
httputil:httputil Applying GitHub API headers: method="GET", path="/repos/apache/cloudstack/collaborators/joschi36/permission", hasAuth=true +385µs
httputil:httputil GitHub GET response: path="/repos/apache/cloudstack/collaborators/joschi36/permission", status=200 +210ms
httputil:collaborator_permission FetchCollaboratorPermission: response received: status=200, bodyLen=1085 +212ms
server:unified get_collaborator_permission: apache/cloudstack user joschi36 → permission="read" (HTTP 200) +212ms
guard:wasm [guard:github] INFO: <<< call_backend returned 1222 bytes +215ms
guard:wasm [guard:github] DEBUG: extract_mcp_response: top-level keys=["content"] +445µs
guard:wasm [guard:github] DEBUG: extract_mcp_response: found content array with 1 items +357µs
guard:wasm [guard:github] DEBUG: extract_mcp_response: found text field, len=1085 +453µs
guard:wasm [guard:github] DEBUG: extract_mcp_response: parsed content[0].text as JSON +461µs
guard:wasm [guard:github] INFO: get_collaborator_permission: apache/cloudstack user joschi36 → permission=Some("read") login=Some("joschi36") +404µs
guard:wasm [guard:github] DEBUG: [integrity] issue:apache/cloudstack#6212: collaborator permission=Some("read") → merged rank=2 +390µs
guard:wasm [guard:github] DEBUG: Checking repo visibility for apache/cloudstack +342µs
guard:wasm [guard:github] INFO: >>> call_backend: tool=search_repositories +416µs
guard:wasm [guard:github] DEBUG:     args={"perPage":10,"query":"repo:apache/cloudstack"} +332µs
guard:wasm WASM guard calling backend: tool=search_repositories +333µs
server:unified [DIFC] Guard calling backend github tool search_repositories for metadata +4ms
server:unified executeBackendToolCall: serverID=github, toolName=search_repositories +309µs
launcher:launcher Checking session pool: serverID=github, sessionID=gUzHgIR4XIg9fTU5L58cfhq5EVGKh7agQezXfd38OSpm515oZDB6sH8jl +229ms
launcher:pool Reusing connection: backend=github, session=gUzHgIR4XIg9fTU5L58cfhq5EVGKh7agQezXfd38OSpm515oZDB6sH8jl, requests=51 +229ms
mcp:connection Dispatching SDK method: tools/call, serverID=github +228ms
mcp:connection callTool: parsed name=search_repositories, argumentCount=2 +363µs
guard:wasm Backend call failed: calling "tools/call": unknown tool "search_repositories" +6ms
guard:wasm [guard:github] ERROR: <<< call_backend FAILED with code -1 +372µs
guard:wasm [guard:github] WARN: Backend call search_repositories failed with code -1 +684µs
guard:wasm [guard:github] DEBUG: Checking repo visibility for apache/cloudstack +693µs
guard:wasm [guard:github] INFO: >>> call_backend: tool=search_repositories +453µs
guard:wasm [guard:github] DEBUG:     args={"perPage":10,"query":"repo:apache/cloudstack"} +375µs
guard:wasm WASM guard calling backend: tool=search_repositories +376µs
server:unified [DIFC] Guard calling backend github tool search_repositories for metadata +9ms
server:unified executeBackendToolCall: serverID=github, toolName=search_repositories +332µs
launcher:launcher Checking session pool: serverID=github, sessionID=gUzHgIR4XIg9fTU5L58cfhq5EVGKh7agQezXfd38OSpm515oZDB6sH8jl +9ms
launcher:pool Reusing connection: backend=github, session=gUzHgIR4XIg9fTU5L58cfhq5EVGKh7agQezXfd38OSpm515oZDB6sH8jl, requests=52 +9ms
mcp:connection Dispatching SDK method: tools/call, serverID=github +8ms
mcp:connection callTool: parsed name=search_repositories, argumentCount=2 +349µs
guard:wasm Backend call failed: calling "tools/call": unknown tool "search_repositories" +6ms
guard:wasm [guard:github] ERROR: <<< call_backend FAILED with code -1 +362µs
guard:wasm [guard:github] WARN: Backend call search_repositories failed with code -1 +686µs
guard:wasm [guard:github] DEBUG: [integrity] issue:apache/cloudstack#6391: author_association floor below writer (rank=2), checking collaborator permission for DaanHoogland +812µs
guard:wasm [guard:github] DEBUG: get_collaborator_permission: cache hit for apache/cloudstack user DaanHoogland → permission=Some("write") +395µs
guard:wasm [guard:github] DEBUG: [integrity] issue:apache/cloudstack#6391: collaborator permission=Some("write") → merged rank=3 +353µs
guard:wasm [guard:github] DEBUG: Checking repo visibility for apache/cloudstack +366µs
guard:wasm [guard:github] INFO: >>> call_backend: tool=search_repositories +440µs
guard:wasm [guard:github] DEBUG:     args={"perPage":10,"query":"repo:apache/cloudstack"} +428µs
guard:wasm WASM guard calling backend: tool=search_repositories +338µs
server:unified [DIFC] Guard calling backend github tool search_repositories for metadata +10ms
server:unified executeBackendToolCall: serverID=github, toolName=search_repositories +344µs
launcher:launcher Checking session pool: serverID=github, sessionID=gUzHgIR4XIg9fTU5L58cfhq5EVGKh7agQezXfd38OSpm515oZDB6sH8jl +10ms
launcher:pool Reusing connection: backend=github, session=gUzHgIR4XIg9fTU5L58cfhq5EVGKh7agQezXfd38OSpm515oZDB6sH8jl, requests=53 +10ms
mcp:connection Dispatching SDK method: tools/call, serverID=github +9ms
mcp:connection callTool: parsed name=search_repositories, argumentCount=2 +304µs
guard:wasm Backend call failed: calling "tools/call": unknown tool "search_repositories" +5ms
guard:wasm [guard:github] ERROR: <<< call_backend FAILED with code -1 +369µs
guard:wasm [guard:github] WARN: Backend call search_repositories failed with code -1 +684µs
guard:wasm [guard:github] DEBUG: Checking repo visibility for apache/cloudstack +658µs
guard:wasm [guard:github] INFO: >>> call_backend: tool=search_repositories +434µs
guard:wasm [guard:github] DEBUG:     args={"perPage":10,"query":"repo:apache/cloudstack"} +329µs
guard:wasm WASM guard calling backend: tool=search_repositories +353µs
server:unified [DIFC] Guard calling backend github tool search_repositories for metadata +8ms
server:unified executeBackendToolCall: serverID=github, toolName=search_repositories +357µs
launcher:launcher Checking session pool: serverID=github, sessionID=gUzHgIR4XIg9fTU5L58cfhq5EVGKh7agQezXfd38OSpm515oZDB6sH8jl +8ms
launcher:pool Reusing connection: backend=github, session=gUzHgIR4XIg9fTU5L58cfhq5EVGKh7agQezXfd38OSpm515oZDB6sH8jl, requests=54 +9ms
mcp:connection Dispatching SDK method: tools/call, serverID=github +8ms
mcp:connection callTool: parsed name=search_repositories, argumentCount=2 +338µs
guard:wasm Backend call failed: calling "tools/call": unknown tool "search_repositories" +6ms
guard:wasm [guard:github] ERROR: <<< call_backend FAILED with code -1 +354µs
guard:wasm [guard:github] WARN: Backend call search_repositories failed with code -1 +624µs
guard:wasm [guard:github] DEBUG: [integrity] issue:apache/cloudstack#6424: author_association floor below writer (rank=2), checking collaborator permission for GutoVeronezi +649µs
guard:wasm [guard:github] DEBUG: get_collaborator_permission: fetching permission for apache/cloudstack user GutoVeronezi +366µs
guard:wasm [guard:github] INFO: >>> call_backend: tool=get_collaborator_permission +489µs
guard:wasm [guard:github] DEBUG:     args={"owner":"apache","repo":"cloudstack","username":"GutoVeronezi"} +336µs
guard:wasm WASM guard calling backend: tool=get_collaborator_permission +391µs
envutil:github Looking up GitHub token: checking 4 candidate env vars +256ms
envutil:github GitHub token found: source=GITHUB_MCP_SERVER_TOKEN +339µs
envutil:github GitHub API URL using default:  +329µs
envutil:github Deriving API URL from server URL: https://github.com +339µs
envutil:github GitHub.com detected, using default API URL: https://api.github.com +300µs
envutil:github GitHub API URL derived from GITHUB_SERVER_URL=https://github.com: https://api.github.com +284µs
httputil:collaborator_permission FetchCollaboratorPermission: owner=apache, repo=cloudstack, username=GutoVeronezi, apiPath=/repos/apache/cloudstack/collaborators/GutoVeronezi/permission +45ms
server:unified get_collaborator_permission: GET /repos/apache/cloudstack/collaborators/GutoVeronezi/permission (for apache/cloudstack user GutoVeronezi) +11ms
httputil:httputil GitHub GET: baseURL="https://api.github.com", path="/repos/apache/cloudstack/collaborators/GutoVeronezi/permission", hasAuth=true +47ms
httputil:httputil Applying GitHub API headers: method="GET", path="/repos/apache/cloudstack/collaborators/GutoVeronezi/permission", hasAuth=true +340µs
httputil:httputil GitHub GET response: path="/repos/apache/cloudstack/collaborators/GutoVeronezi/permission", status=200 +245ms
httputil:collaborator_permission FetchCollaboratorPermission: response received: status=200, bodyLen=1136 +247ms
server:unified get_collaborator_permission: apache/cloudstack user GutoVeronezi → permission="write" (HTTP 200) +247ms
guard:wasm [guard:github] INFO: <<< call_backend returned 1273 bytes +250ms
guard:wasm [guard:github] DEBUG: extract_mcp_response: top-level keys=["content"] +491µs
guard:wasm [guard:github] DEBUG: extract_mcp_response: found content array with 1 items +440µs
guard:wasm [guard:github] DEBUG: extract_mcp_response: found text field, len=1136 +583µs
guard:wasm [guard:github] DEBUG: extract_mcp_response: parsed content[0].text as JSON +427µs
guard:wasm [guard:github] INFO: get_collaborator_permission: apache/cloudstack user GutoVeronezi → permission=Some("write") login=Some("GutoVeronezi") +379µs
guard:wasm [guard:github] DEBUG: [integrity] issue:apache/cloudstack#6424: collaborator permission=Some("write") → merged rank=3 +390µs
guard:wasm [guard:github] DEBUG: Checking repo visibility for apache/cloudstack +447µs
guard:wasm [guard:github] INFO: >>> call_backend: tool=search_repositories +396µs
guard:wasm [guard:github] DEBUG:     args={"perPage":10,"query":"repo:apache/cloudstack"} +326µs
guard:wasm WASM guard calling backend: tool=search_repositories +360µs
server:unified [DIFC] Guard calling backend github tool search_repositories for metadata +5ms
server:unified executeBackendToolCall: serverID=github, toolName=search_repositories +319µs
launcher:launcher Checking session pool: serverID=github, sessionID=gUzHgIR4XIg9fTU5L58cfhq5EVGKh7agQezXfd38OSpm515oZDB6sH8jl +264ms
launcher:pool Reusing connection: backend=github, session=gUzHgIR4XIg9fTU5L58cfhq5EVGKh7agQezXfd38OSpm515oZDB6sH8jl, requests=55 +264ms
mcp:connection Dispatching SDK method: tools/call, serverID=github +277ms
mcp:connection callTool: parsed name=search_repositories, argumentCount=2 +363µs
guard:wasm Backend call failed: calling "tools/call": unknown tool "search_repositories" +19ms
guard:wasm [guard:github] ERROR: <<< call_backend FAILED with code -1 +439µs
guard:wasm [guard:github] WARN: Backend call search_repositories failed with code -1 +680µs
guard:wasm [guard:github] DEBUG: Checking repo visibility for apache/cloudstack +653µs
guard:wasm [guard:github] INFO: >>> call_backend: tool=search_repositories +396µs
guard:wasm [guard:github] DEBUG:     args={"perPage":10,"query":"repo:apache/cloudstack"} +359µs
guard:wasm WASM guard calling backend: tool=search_repositories +369µs
server:unified [DIFC] Guard calling backend github tool search_repositories for metadata +22ms
server:unified executeBackendToolCall: serverID=github, toolName=search_repositories +355µs
launcher:launcher Checking session pool: serverID=github, sessionID=gUzHgIR4XIg9fTU5L58cfhq5EVGKh7agQezXfd38OSpm515oZDB6sH8jl +22ms
launcher:pool Reusing connection: backend=github, session=gUzHgIR4XIg9fTU5L58cfhq5EVGKh7agQezXfd38OSpm515oZDB6sH8jl, requests=56 +22ms
mcp:connection Dispatching SDK method: tools/call, serverID=github +9ms
mcp:connection callTool: parsed name=search_repositories, argumentCount=2 +363µs
guard:wasm Backend call failed: calling "tools/call": unknown tool "search_repositories" +6ms
guard:wasm [guard:github] ERROR: <<< call_backend FAILED with code -1 +332µs
guard:wasm [guard:github] WARN: Backend call search_repositories failed with code -1 +660µs
guard:wasm [guard:github] DEBUG: [integrity] issue:apache/cloudstack#6647: author_association floor below writer (rank=2), checking collaborator permission for gg4126 +645µs
guard:wasm [guard:github] DEBUG: get_collaborator_permission: fetching permission for apache/cloudstack user gg4126 +315µs
guard:wasm [guard:github] INFO: >>> call_backend: tool=get_collaborator_permission +355µs
guard:wasm [guard:github] DEBUG:     args={"owner":"apache","repo":"cloudstack","username":"gg4126"} +321µs
guard:wasm WASM guard calling backend: tool=get_collaborator_permission +327µs
envutil:github Looking up GitHub token: checking 4 candidate env vars +285ms
envutil:github GitHub token found: source=GITHUB_MCP_SERVER_TOKEN +347µs
envutil:github GitHub API URL using default:  +346µs
envutil:github Deriving API URL from server URL: https://github.com +359µs
envutil:github GitHub.com detected, using default API URL: https://api.github.com +355µs
envutil:github GitHub API URL derived from GITHUB_SERVER_URL=https://github.com: https://api.github.com +337µs
httputil:collaborator_permission FetchCollaboratorPermission: owner=apache, repo=cloudstack, username=gg4126, apiPath=/repos/apache/cloudstack/collaborators/gg4126/permission +39ms
server:unified get_collaborator_permission: GET /repos/apache/cloudstack/collaborators/gg4126/permission (for apache/cloudstack user gg4126) +11ms
httputil:httputil GitHub GET: baseURL="https://api.github.com", path="/repos/apache/cloudstack/collaborators/gg4126/permission", hasAuth=true +41ms
httputil:httputil Applying GitHub API headers: method="GET", path="/repos/apache/cloudstack/collaborators/gg4126/permission", hasAuth=true +328µs
httputil:httputil GitHub GET response: path="/repos/apache/cloudstack/collaborators/gg4126/permission", status=200 +201ms
httputil:collaborator_permission FetchCollaboratorPermission: response received: status=200, bodyLen=1063 +203ms
server:unified get_collaborator_permission: apache/cloudstack user gg4126 → permission="read" (HTTP 200) +203ms
guard:wasm [guard:github] INFO: <<< call_backend returned 1200 bytes +206ms
guard:wasm [guard:github] DEBUG: extract_mcp_response: top-level keys=["content"] +494µs
guard:wasm [guard:github] DEBUG: extract_mcp_response: found content array with 1 items +382µs
guard:wasm [guard:github] DEBUG: extract_mcp_response: found text field, len=1063 +350µs
guard:wasm [guard:github] DEBUG: extract_mcp_response: parsed content[0].text as JSON +458µs
guard:wasm [guard:github] INFO: get_collaborator_permission: apache/cloudstack user gg4126 → permission=Some("read") login=Some("gg4126") +406µs
guard:wasm [guard:github] DEBUG: [integrity] issue:apache/cloudstack#6647: collaborator permission=Some("read") → merged rank=2 +502µs
guard:wasm [guard:github] DEBUG: Checking repo visibility for apache/cloudstack +366µs
guard:wasm [guard:github] INFO: >>> call_backend: tool=search_repositories +423µs
guard:wasm [guard:github] DEBUG:     args={"perPage":10,"query":"repo:apache/cloudstack"} +420µs
guard:wasm WASM guard calling backend: tool=search_repositories +566µs
server:unified [DIFC] Guard calling backend github tool search_repositories for metadata +5ms
server:unified executeBackendToolCall: serverID=github, toolName=search_repositories +395µs
launcher:launcher Checking session pool: serverID=github, sessionID=gUzHgIR4XIg9fTU5L58cfhq5EVGKh7agQezXfd38OSpm515oZDB6sH8jl +221ms
launcher:pool Reusing connection: backend=github, session=gUzHgIR4XIg9fTU5L58cfhq5EVGKh7agQezXfd38OSpm515oZDB6sH8jl, requests=57 +221ms
mcp:connection Dispatching SDK method: tools/call, serverID=github +220ms
mcp:connection callTool: parsed name=search_repositories, argumentCount=2 +386µs
guard:wasm Backend call failed: calling "tools/call": unknown tool "search_repositories" +7ms
guard:wasm [guard:github] ERROR: <<< call_backend FAILED with code -1 +377µs
guard:wasm [guard:github] WARN: Backend call search_repositories failed with code -1 +652µs
guard:wasm [guard:github] DEBUG: Checking repo visibility for apache/cloudstack +665µs
guard:wasm [guard:github] INFO: >>> call_backend: tool=search_repositories +366µs
guard:wasm [guard:github] DEBUG:     args={"perPage":10,"query":"repo:apache/cloudstack"} +321µs
guard:wasm WASM guard calling backend: tool=search_repositories +313µs
server:unified [DIFC] Guard calling backend github tool search_repositories for metadata +9ms
server:unified executeBackendToolCall: serverID=github, toolName=search_repositories +344µs
launcher:launcher Checking session pool: serverID=github, sessionID=gUzHgIR4XIg9fTU5L58cfhq5EVGKh7agQezXfd38OSpm515oZDB6sH8jl +9ms
launcher:pool Reusing connection: backend=github, session=gUzHgIR4XIg9fTU5L58cfhq5EVGKh7agQezXfd38OSpm515oZDB6sH8jl, requests=58 +9ms
mcp:connection Dispatching SDK method: tools/call, serverID=github +8ms
mcp:connection callTool: parsed name=search_repositories, argumentCount=2 +390µs
guard:wasm Backend call failed: calling "tools/call": unknown tool "search_repositories" +6ms
guard:wasm [guard:github] ERROR: <<< call_backend FAILED with code -1 +308µs
guard:wasm [guard:github] WARN: Backend call search_repositories failed with code -1 +745µs
guard:wasm [guard:github] DEBUG: [integrity] issue:apache/cloudstack#6672: author_association floor below writer (rank=2), checking collaborator permission for atmaniak +736µs
guard:wasm [guard:github] DEBUG: get_collaborator_permission: fetching permission for apache/cloudstack user atmaniak +365µs
guard:wasm [guard:github] INFO: >>> call_backend: tool=get_collaborator_permission +389µs
guard:wasm [guard:github] DEBUG:     args={"owner":"apache","repo":"cloudstack","username":"atmaniak"} +375µs
guard:wasm WASM guard calling backend: tool=get_collaborator_permission +352µs
envutil:github Looking up GitHub token: checking 4 candidate env vars +229ms
envutil:github GitHub token found: source=GITHUB_MCP_SERVER_TOKEN +322µs
envutil:github GitHub API URL using default:  +382µs
envutil:github Deriving API URL from server URL: https://github.com +346µs
envutil:github GitHub.com detected, using default API URL: https://api.github.com +312µs
envutil:github GitHub API URL derived from GITHUB_SERVER_URL=https://github.com: https://api.github.com +327µs
httputil:collaborator_permission FetchCollaboratorPermission: owner=apache, repo=cloudstack, username=atmaniak, apiPath=/repos/apache/cloudstack/collaborators/atmaniak/permission +27ms
server:unified get_collaborator_permission: GET /repos/apache/cloudstack/collaborators/atmaniak/permission (for apache/cloudstack user atmaniak) +11ms
httputil:httputil GitHub GET: baseURL="https://api.github.com", path="/repos/apache/cloudstack/collaborators/atmaniak/permission", hasAuth=true +28ms
httputil:httputil Applying GitHub API headers: method="GET", path="/repos/apache/cloudstack/collaborators/atmaniak/permission", hasAuth=true +301µs
httputil:httputil GitHub GET response: path="/repos/apache/cloudstack/collaborators/atmaniak/permission", status=200 +177ms
httputil:collaborator_permission FetchCollaboratorPermission: response received: status=200, bodyLen=1083 +192ms
server:unified get_collaborator_permission: apache/cloudstack user atmaniak → permission="read" (HTTP 200) +192ms
guard:wasm [guard:github] INFO: <<< call_backend returned 1220 bytes +195ms
guard:wasm [guard:github] DEBUG: extract_mcp_response: top-level keys=["content"] +467µs
guard:wasm [guard:github] DEBUG: extract_mcp_response: found content array with 1 items +382µs
guard:wasm [guard:github] DEBUG: extract_mcp_response: found text field, len=1083 +402µs
guard:wasm [guard:github] DEBUG: extract_mcp_response: parsed content[0].text as JSON +469µs
guard:wasm [guard:github] INFO: get_collaborator_permission: apache/cloudstack user atmaniak → permission=Some("read") login=Some("atmaniak") +347µs
guard:wasm [guard:github] DEBUG: [integrity] issue:apache/cloudstack#6672: collaborator permission=Some("read") → merged rank=2 +372µs
guard:wasm [guard:github] DEBUG: Checking repo visibility for apache/cloudstack +413µs
guard:wasm [guard:github] INFO: >>> call_backend: tool=search_repositories +396µs
guard:wasm [guard:github] DEBUG:     args={"perPage":10,"query":"repo:apache/cloudstack"} +384µs
guard:wasm WASM guard calling backend: tool=search_repositories +426µs
server:unified [DIFC] Guard calling backend github tool search_repositories for metadata +4ms
server:unified executeBackendToolCall: serverID=github, toolName=search_repositories +359µs
launcher:launcher Checking session pool: serverID=github, sessionID=gUzHgIR4XIg9fTU5L58cfhq5EVGKh7agQezXfd38OSpm515oZDB6sH8jl +209ms
launcher:pool Reusing connection: backend=github, session=gUzHgIR4XIg9fTU5L58cfhq5EVGKh7agQezXfd38OSpm515oZDB6sH8jl, requests=59 +209ms
mcp:connection Dispatching SDK method: tools/call, serverID=github +209ms
mcp:connection callTool: parsed name=search_repositories, argumentCount=2 +353µs
guard:wasm Backend call failed: calling "tools/call": unknown tool "search_repositories" +6ms
guard:wasm [guard:github] ERROR: <<< call_backend FAILED with code -1 +356µs
guard:wasm [guard:github] WARN: Backend call search_repositories failed with code -1 +712µs
guard:wasm [guard:github] DEBUG: Checking repo visibility for apache/cloudstack +685µs
guard:wasm [guard:github] INFO: >>> call_backend: tool=search_repositories +419µs
guard:wasm [guard:github] DEBUG:     args={"perPage":10,"query":"repo:apache/cloudstack"} +330µs
guard:wasm WASM guard calling backend: tool=search_repositories +392µs
server:unified [DIFC] Guard calling backend github tool search_repositories for metadata +9ms
server:unified executeBackendToolCall: serverID=github, toolName=search_repositories +447µs
launcher:launcher Checking session pool: serverID=github, sessionID=gUzHgIR4XIg9fTU5L58cfhq5EVGKh7agQezXfd38OSpm515oZDB6sH8jl +9ms
launcher:pool Reusing connection: backend=github, session=gUzHgIR4XIg9fTU5L58cfhq5EVGKh7agQezXfd38OSpm515oZDB6sH8jl, requests=60 +9ms
mcp:connection Dispatching SDK method: tools/call, serverID=github +9ms
mcp:connection callTool: parsed name=search_repositories, argumentCount=2 +340µs
guard:wasm Backend call failed: calling "tools/call": unknown tool "search_repositories" +7ms
guard:wasm [guard:github] ERROR: <<< call_backend FAILED with code -1 +378µs
guard:wasm [guard:github] WARN: Backend call search_repositories failed with code -1 +716µs
guard:wasm [guard:github] DEBUG: [integrity] issue:apache/cloudstack#6703: author_association floor below writer (rank=2), checking collaborator permission for Hudratronium +746µs
guard:wasm [guard:github] DEBUG: get_collaborator_permission: fetching permission for apache/cloudstack user Hudratronium +319µs
guard:wasm [guard:github] INFO: >>> call_backend: tool=get_collaborator_permission +395µs
guard:wasm [guard:github] DEBUG:     args={"owner":"apache","repo":"cloudstack","username":"Hudratronium"} +342µs
guard:wasm WASM guard calling backend: tool=get_collaborator_permission +327µs
envutil:github Looking up GitHub token: checking 4 candidate env vars +218ms
envutil:github GitHub token found: source=GITHUB_MCP_SERVER_TOKEN +378µs
envutil:github GitHub API URL using default:  +322µs
envutil:github Deriving API URL from server URL: https://github.com +322µs
envutil:github GitHub.com detected, using default API URL: https://api.github.com +302µs
envutil:github GitHub API URL derived from GITHUB_SERVER_URL=https://github.com: https://api.github.com +326µs
httputil:collaborator_permission FetchCollaboratorPermission: owner=apache, repo=cloudstack, username=Hudratronium, apiPath=/repos/apache/cloudstack/collaborators/Hudratronium/permission +27ms
server:unified get_collaborator_permission: GET /repos/apache/cloudstack/collaborators/Hudratronium/permission (for apache/cloudstack user Hudratronium) +12ms
httputil:httputil GitHub GET: baseURL="https://api.github.com", path="/repos/apache/cloudstack/collaborators/Hudratronium/permission", hasAuth=true +42ms
httputil:httputil Applying GitHub API headers: method="GET", path="/repos/apache/cloudstack/collaborators/Hudratronium/permission", hasAuth=true +331µs
httputil:httputil GitHub GET response: path="/repos/apache/cloudstack/collaborators/Hudratronium/permission", status=200 +226ms
httputil:collaborator_permission FetchCollaboratorPermission: response received: status=200, bodyLen=1135 +228ms
server:unified get_collaborator_permission: apache/cloudstack user Hudratronium → permission="read" (HTTP 200) +229ms
guard:wasm [guard:github] INFO: <<< call_backend returned 1272 bytes +232ms
guard:wasm [guard:github] DEBUG: extract_mcp_response: top-level keys=["content"] +422µs
guard:wasm [guard:github] DEBUG: extract_mcp_response: found content array with 1 items +420µs
guard:wasm [guard:github] DEBUG: extract_mcp_response: found text field, len=1135 +395µs
guard:wasm [guard:github] DEBUG: extract_mcp_response: parsed content[0].text as JSON +413µs
guard:wasm [guard:github] INFO: get_collaborator_permission: apache/cloudstack user Hudratronium → permission=Some("read") login=Some("Hudratronium") +350µs
guard:wasm [guard:github] DEBUG: [integrity] issue:apache/cloudstack#6703: collaborator permission=Some("read") → merged rank=2 +411µs
guard:wasm [guard:github] DEBUG: Checking repo visibility for apache/cloudstack +358µs
guard:wasm [guard:github] INFO: >>> call_backend: tool=search_repositories +411µs
guard:wasm [guard:github] DEBUG:     args={"perPage":10,"query":"repo:apache/cloudstack"} +333µs
guard:wasm WASM guard calling backend: tool=search_repositories +368µs
server:unified [DIFC] Guard calling backend github tool search_repositories for metadata +4ms
server:unified executeBackendToolCall: serverID=github, toolName=search_repositories +363µs
launcher:launcher Checking session pool: serverID=github, sessionID=gUzHgIR4XIg9fTU5L58cfhq5EVGKh7agQezXfd38OSpm515oZDB6sH8jl +246ms
launcher:pool Reusing connection: backend=github, session=gUzHgIR4XIg9fTU5L58cfhq5EVGKh7agQezXfd38OSpm515oZDB6sH8jl, requests=61 +246ms
mcp:connection Dispatching SDK method: tools/call, serverID=github +246ms
mcp:connection callTool: parsed name=search_repositories, argumentCount=2 +386µs
guard:wasm Backend call failed: calling "tools/call": unknown tool "search_repositories" +6ms
guard:wasm [guard:github] ERROR: <<< call_backend FAILED with code -1 +364µs
guard:wasm [guard:github] WARN: Backend call search_repositories failed with code -1 +600µs
guard:wasm [guard:github] DEBUG: Checking repo visibility for apache/cloudstack +641µs
guard:wasm [guard:github] INFO: >>> call_backend: tool=search_repositories +453µs
guard:wasm [guard:github] DEBUG:     args={"perPage":10,"query":"repo:apache/cloudstack"} +386µs
guard:wasm WASM guard calling backend: tool=search_repositories +384µs
server:unified [DIFC] Guard calling backend github tool search_repositories for metadata +8ms
server:unified executeBackendToolCall: serverID=github, toolName=search_repositories +322µs
launcher:launcher Checking session pool: serverID=github, sessionID=gUzHgIR4XIg9fTU5L58cfhq5EVGKh7agQezXfd38OSpm515oZDB6sH8jl +9ms
launcher:pool Reusing connection: backend=github, session=gUzHgIR4XIg9fTU5L58cfhq5EVGKh7agQezXfd38OSpm515oZDB6sH8jl, requests=62 +9ms
mcp:connection Dispatching SDK method: tools/call, serverID=github +9ms
mcp:connection callTool: parsed name=search_repositories, argumentCount=2 +366µs
guard:wasm Backend call failed: calling "tools/call": unknown tool "search_repositories" +6ms
guard:wasm [guard:github] ERROR: <<< call_backend FAILED with code -1 +362µs
guard:wasm [guard:github] WARN: Backend call search_repositories failed with code -1 +681µs
guard:wasm [guard:github] DEBUG: [integrity] issue:apache/cloudstack#6714: author_association floor below writer (rank=2), checking collaborator permission for NuxRo +654µs
guard:wasm [guard:github] DEBUG: get_collaborator_permission: fetching permission for apache/cloudstack user NuxRo +412µs
guard:wasm [guard:github] INFO: >>> call_backend: tool=get_collaborator_permission +384µs
guard:wasm [guard:github] DEBUG:     args={"owner":"apache","repo":"cloudstack","username":"NuxRo"} +346µs
guard:wasm WASM guard calling backend: tool=get_collaborator_permission +329µs
envutil:github Looking up GitHub token: checking 4 candidate env vars +253ms
envutil:github GitHub token found: source=GITHUB_MCP_SERVER_TOKEN +356µs
envutil:github GitHub API URL using default:  +319µs
envutil:github Deriving API URL from server URL: https://github.com +357µs
envutil:github GitHub.com detected, using default API URL: https://api.github.com +347µs
envutil:github GitHub API URL derived from GITHUB_SERVER_URL=https://github.com: https://api.github.com +317µs
httputil:collaborator_permission FetchCollaboratorPermission: owner=apache, repo=cloudstack, username=NuxRo, apiPath=/repos/apache/cloudstack/collaborators/NuxRo/permission +26ms
server:unified get_collaborator_permission: GET /repos/apache/cloudstack/collaborators/NuxRo/permission (for apache/cloudstack user NuxRo) +11ms
httputil:httputil GitHub GET: baseURL="https://api.github.com", path="/repos/apache/cloudstack/collaborators/NuxRo/permission", hasAuth=true +27ms
httputil:httputil Applying GitHub API headers: method="GET", path="/repos/apache/cloudstack/collaborators/NuxRo/permission", hasAuth=true +345µs
httputil:httputil GitHub GET response: path="/repos/apache/cloudstack/collaborators/NuxRo/permission", status=200 +222ms
httputil:collaborator_permission FetchCollaboratorPermission: response received: status=200, bodyLen=1050 +224ms
server:unified get_collaborator_permission: apache/cloudstack user NuxRo → permission="write" (HTTP 200) +224ms
guard:wasm [guard:github] INFO: <<< call_backend returned 1187 bytes +227ms
guard:wasm [guard:github] DEBUG: extract_mcp_response: top-level keys=["content"] +428µs
guard:wasm [guard:github] DEBUG: extract_mcp_response: found content array with 1 items +387µs
guard:wasm [guard:github] DEBUG: extract_mcp_response: found text field, len=1050 +403µs
guard:wasm [guard:github] DEBUG: extract_mcp_response: parsed content[0].text as JSON +399µs
guard:wasm [guard:github] INFO: get_collaborator_permission: apache/cloudstack user NuxRo → permission=Some("write") login=Some("NuxRo") +327µs
guard:wasm [guard:github] DEBUG: [integrity] issue:apache/cloudstack#6714: collaborator permission=Some("write") → merged rank=3 +369µs
guard:wasm [guard:github] DEBUG: Checking repo visibility for apache/cloudstack +360µs
guard:wasm [guard:github] INFO: >>> call_backend: tool=search_repositories +368µs
guard:wasm [guard:github] DEBUG:     args={"perPage":10,"query":"repo:apache/cloudstack"} +341µs
guard:wasm WASM guard calling backend: tool=search_repositories +327µs
server:unified [DIFC] Guard calling backend github tool search_repositories for metadata +4ms
server:unified executeBackendToolCall: serverID=github, toolName=search_repositories +336µs
launcher:launcher Checking session pool: serverID=github, sessionID=gUzHgIR4XIg9fTU5L58cfhq5EVGKh7agQezXfd38OSpm515oZDB6sH8jl +241ms
launcher:pool Reusing connection: backend=github, session=gUzHgIR4XIg9fTU5L58cfhq5EVGKh7agQezXfd38OSpm515oZDB6sH8jl, requests=63 +241ms
mcp:connection Dispatching SDK method: tools/call, serverID=github +240ms
mcp:connection callTool: parsed name=search_repositories, argumentCount=2 +345µs
guard:wasm Backend call failed: calling "tools/call": unknown tool "search_repositories" +6ms
guard:wasm [guard:github] ERROR: <<< call_backend FAILED with code -1 +372µs
guard:wasm [guard:github] WARN: Backend call search_repositories failed with code -1 +624µs
guard:wasm [guard:github] DEBUG: Checking repo visibility for apache/cloudstack +667µs
guard:wasm [guard:github] INFO: >>> call_backend: tool=search_repositories +393µs
guard:wasm [guard:github] DEBUG:     args={"perPage":10,"query":"repo:apache/cloudstack"} +339µs
guard:wasm WASM guard calling backend: tool=search_repositories +344µs
server:unified [DIFC] Guard calling backend github tool search_repositories for metadata +8ms
server:unified executeBackendToolCall: serverID=github, toolName=search_repositories +342µs
launcher:launcher Checking session pool: serverID=github, sessionID=gUzHgIR4XIg9fTU5L58cfhq5EVGKh7agQezXfd38OSpm515oZDB6sH8jl +9ms
launcher:pool Reusing connection: backend=github, session=gUzHgIR4XIg9fTU5L58cfhq5EVGKh7agQezXfd38OSpm515oZDB6sH8jl, requests=64 +9ms
mcp:connection Dispatching SDK method: tools/call, serverID=github +8ms
mcp:connection callTool: parsed name=search_repositories, argumentCount=2 +380µs
guard:wasm Backend call failed: calling "tools/call": unknown tool "search_repositories" +6ms
guard:wasm [guard:github] ERROR: <<< call_backend FAILED with code -1 +352µs
guard:wasm [guard:github] WARN: Backend call search_repositories failed with code -1 +631µs
guard:wasm [guard:github] DEBUG: [integrity] issue:apache/cloudstack#6715: author_association floor below writer (rank=2), checking collaborator permission for Rubueno +758µs
guard:wasm [guard:github] DEBUG: get_collaborator_permission: fetching permission for apache/cloudstack user Rubueno +341µs
guard:wasm [guard:github] INFO: >>> call_backend: tool=get_collaborator_permission +390µs
guard:wasm [guard:github] DEBUG:     args={"owner":"apache","repo":"cloudstack","username":"Rubueno"} +329µs
guard:wasm WASM guard calling backend: tool=get_collaborator_permission +379µs
envutil:github Looking up GitHub token: checking 4 candidate env vars +248ms
envutil:github GitHub token found: source=GITHUB_MCP_SERVER_TOKEN +312µs
envutil:github GitHub API URL using default:  +307µs
envutil:github Deriving API URL from server URL: https://github.com +311µs
envutil:github GitHub.com detected, using default API URL: https://api.github.com +313µs
envutil:github GitHub API URL derived from GITHUB_SERVER_URL=https://github.com: https://api.github.com +301µs
httputil:collaborator_permission FetchCollaboratorPermission: owner=apache, repo=cloudstack, username=Rubueno, apiPath=/repos/apache/cloudstack/collaborators/Rubueno/permission +25ms
server:unified get_collaborator_permission: GET /repos/apache/cloudstack/collaborators/Rubueno/permission (for apache/cloudstack user Rubueno) +11ms
httputil:httputil GitHub GET: baseURL="https://api.github.com", path="/repos/apache/cloudstack/collaborators/Rubueno/permission", hasAuth=true +27ms
httputil:httputil Applying GitHub API headers: method="GET", path="/repos/apache/cloudstack/collaborators/Rubueno/permission", hasAuth=true +316µs
httputil:httputil GitHub GET response: path="/repos/apache/cloudstack/collaborators/Rubueno/permission", status=200 +171ms
httputil:collaborator_permission FetchCollaboratorPermission: response received: status=200, bodyLen=1073 +173ms
server:unified get_collaborator_permission: apache/cloudstack user Rubueno → permission="read" (HTTP 200) +173ms
guard:wasm [guard:github] INFO: <<< call_backend returned 1210 bytes +176ms
guard:wasm [guard:github] DEBUG: extract_mcp_response: top-level keys=["content"] +427µs
guard:wasm [guard:github] DEBUG: extract_mcp_response: found content array with 1 items +396µs
guard:wasm [guard:github] DEBUG: extract_mcp_response: found text field, len=1073 +346µs
guard:wasm [guard:github] DEBUG: extract_mcp_response: parsed content[0].text as JSON +447µs
guard:wasm [guard:github] INFO: get_collaborator_permission: apache/cloudstack user Rubueno → permission=Some("read") login=Some("Rubueno") +449µs
guard:wasm [guard:github] DEBUG: [integrity] issue:apache/cloudstack#6715: collaborator permission=Some("read") → merged rank=2 +385µs
guard:wasm [guard:github] DEBUG: Checking repo visibility for apache/cloudstack +411µs
guard:wasm [guard:github] INFO: >>> call_backend: tool=search_repositories +423µs
guard:wasm [guard:github] DEBUG:     args={"perPage":10,"query":"repo:apache/cloudstack"} +381µs
guard:wasm WASM guard calling backend: tool=search_repositories +340µs
server:unified [DIFC] Guard calling backend github tool search_repositories for metadata +4ms
server:unified executeBackendToolCall: serverID=github, toolName=search_repositories +348µs
launcher:launcher Checking session pool: serverID=github, sessionID=gUzHgIR4XIg9fTU5L58cfhq5EVGKh7agQezXfd38OSpm515oZDB6sH8jl +189ms
launcher:pool Reusing connection: backend=github, session=gUzHgIR4XIg9fTU5L58cfhq5EVGKh7agQezXfd38OSpm515oZDB6sH8jl, requests=65 +190ms
mcp:connection Dispatching SDK method: tools/call, serverID=github +189ms
mcp:connection callTool: parsed name=search_repositories, argumentCount=2 +422µs
guard:wasm Backend call failed: calling "tools/call": unknown tool "search_repositories" +6ms
guard:wasm [guard:github] ERROR: <<< call_backend FAILED with code -1 +335µs
guard:wasm [guard:github] WARN: Backend call search_repositories failed with code -1 +662µs
guard:wasm [guard:github] DEBUG: Checking repo visibility for apache/cloudstack +701µs
guard:wasm [guard:github] INFO: >>> call_backend: tool=search_repositories +495µs
guard:wasm [guard:github] DEBUG:     args={"perPage":10,"query":"repo:apache/cloudstack"} +349µs
guard:wasm WASM guard calling backend: tool=search_repositories +405µs
server:unified [DIFC] Guard calling backend github tool search_repositories for metadata +9ms
server:unified executeBackendToolCall: serverID=github, toolName=search_repositories +362µs
launcher:launcher Checking session pool: serverID=github, sessionID=gUzHgIR4XIg9fTU5L58cfhq5EVGKh7agQezXfd38OSpm515oZDB6sH8jl +9ms
launcher:pool Reusing connection: backend=github, session=gUzHgIR4XIg9fTU5L58cfhq5EVGKh7agQezXfd38OSpm515oZDB6sH8jl, requests=66 +9ms
mcp:connection Dispatching SDK method: tools/call, serverID=github +9ms
mcp:connection callTool: parsed name=search_repositories, argumentCount=2 +417µs
guard:wasm Backend call failed: calling "tools/call": unknown tool "search_repositories" +6ms
guard:wasm [guard:github] ERROR: <<< call_backend FAILED with code -1 +423µs
guard:wasm [guard:github] WARN: Backend call search_repositories failed with code -1 +699µs
guard:wasm [guard:github] DEBUG: [integrity] issue:apache/cloudstack#6718: author_association floor below writer (rank=2), checking collaborator permission for ghost +717µs
guard:wasm [guard:github] DEBUG: get_collaborator_permission: fetching permission for apache/cloudstack user ghost +375µs
guard:wasm [guard:github] INFO: >>> call_backend: tool=get_collaborator_permission +379µs
guard:wasm [guard:github] DEBUG:     args={"owner":"apache","repo":"cloudstack","username":"ghost"} +370µs
guard:wasm WASM guard calling backend: tool=get_collaborator_permission +371µs
envutil:github Looking up GitHub token: checking 4 candidate env vars +198ms
envutil:github GitHub token found: source=GITHUB_MCP_SERVER_TOKEN +370µs
envutil:github GitHub API URL using default:  +299µs
envutil:github Deriving API URL from server URL: https://github.com +337µs
envutil:github GitHub.com detected, using default API URL: https://api.github.com +317µs
envutil:github GitHub API URL derived from GITHUB_SERVER_URL=https://github.com: https://api.github.com +336µs
httputil:collaborator_permission FetchCollaboratorPermission: owner=apache, repo=cloudstack, username=ghost, apiPath=/repos/apache/cloudstack/collaborators/ghost/permission +27ms
server:unified get_collaborator_permission: GET /repos/apache/cloudstack/collaborators/ghost/permission (for apache/cloudstack user ghost) +12ms
httputil:httputil GitHub GET: baseURL="https://api.github.com", path="/repos/apache/cloudstack/collaborators/ghost/permission", hasAuth=true +28ms
httputil:httputil Applying GitHub API headers: method="GET", path="/repos/apache/cloudstack/collaborators/ghost/permission", hasAuth=true +347µs
httputil:httputil GitHub GET response: path="/repos/apache/cloudstack/collaborators/ghost/permission", status=200 +250ms
httputil:collaborator_permission FetchCollaboratorPermission: response received: status=200, bodyLen=1041 +251ms
server:unified get_collaborator_permission: apache/cloudstack user ghost → permission="read" (HTTP 200) +252ms
guard:wasm [guard:github] INFO: <<< call_backend returned 1178 bytes +255ms
guard:wasm [guard:github] DEBUG: extract_mcp_response: top-level keys=["content"] +553µs
guard:wasm [guard:github] DEBUG: extract_mcp_response: found content array with 1 items +361µs
guard:wasm [guard:github] DEBUG: extract_mcp_response: found text field, len=1041 +380µs
guard:wasm [guard:github] DEBUG: extract_mcp_response: parsed content[0].text as JSON +410µs
guard:wasm [guard:github] INFO: get_collaborator_permission: apache/cloudstack user ghost → permission=Some("read") login=Some("ghost") +338µs
guard:wasm [guard:github] DEBUG: [integrity] issue:apache/cloudstack#6718: collaborator permission=Some("read") → merged rank=2 +410µs
guard:wasm [guard:github] DEBUG: Checking repo visibility for apache/cloudstack +364µs
guard:wasm [guard:github] INFO: >>> call_backend: tool=search_repositories +393µs
guard:wasm [guard:github] DEBUG:     args={"perPage":10,"query":"repo:apache/cloudstack"} +340µs
guard:wasm WASM guard calling backend: tool=search_repositories +345µs
server:unified [DIFC] Guard calling backend github tool search_repositories for metadata +4ms
server:unified executeBackendToolCall: serverID=github, toolName=search_repositories +389µs
launcher:launcher Checking session pool: serverID=github, sessionID=gUzHgIR4XIg9fTU5L58cfhq5EVGKh7agQezXfd38OSpm515oZDB6sH8jl +269ms
launcher:pool Reusing connection: backend=github, session=gUzHgIR4XIg9fTU5L58cfhq5EVGKh7agQezXfd38OSpm515oZDB6sH8jl, requests=67 +269ms
mcp:connection Dispatching SDK method: tools/call, serverID=github +268ms
mcp:connection callTool: parsed name=search_repositories, argumentCount=2 +347µs
guard:wasm Backend call failed: calling "tools/call": unknown tool "search_repositories" +6ms
guard:wasm [guard:github] ERROR: <<< call_backend FAILED with code -1 +344µs
guard:wasm [guard:github] WARN: Backend call search_repositories failed with code -1 +660µs
guard:wasm [guard:github] DEBUG: Checking repo visibility for apache/cloudstack +639µs
guard:wasm [guard:github] INFO: >>> call_backend: tool=search_repositories +386µs
guard:wasm [guard:github] DEBUG:     args={"perPage":10,"query":"repo:apache/cloudstack"} +414µs
guard:wasm WASM guard calling backend: tool=search_repositories +349µs
server:unified [DIFC] Guard calling backend github tool search_repositories for metadata +9ms
server:unified executeBackendToolCall: serverID=github, toolName=search_repositories +312µs
launcher:launcher Checking session pool: serverID=github, sessionID=gUzHgIR4XIg9fTU5L58cfhq5EVGKh7agQezXfd38OSpm515oZDB6sH8jl +9ms
launcher:pool Reusing connection: backend=github, session=gUzHgIR4XIg9fTU5L58cfhq5EVGKh7agQezXfd38OSpm515oZDB6sH8jl, requests=68 +9ms
mcp:connection Dispatching SDK method: tools/call, serverID=github +8ms
mcp:connection callTool: parsed name=search_repositories, argumentCount=2 +317µs
guard:wasm Backend call failed: calling "tools/call": unknown tool "search_repositories" +6ms
guard:wasm [guard:github] ERROR: <<< call_backend FAILED with code -1 +450µs
guard:wasm [guard:github] WARN: Backend call search_repositories failed with code -1 +662µs
guard:wasm [guard:github] DEBUG: [integrity] issue:apache/cloudstack#6726: author_association floor below writer (rank=2), checking collaborator permission for mrog +683µs
guard:wasm [guard:github] DEBUG: get_collaborator_permission: fetching permission for apache/cloudstack user mrog +369µs
guard:wasm [guard:github] INFO: >>> call_backend: tool=get_collaborator_permission +431µs
guard:wasm [guard:github] DEBUG:     args={"owner":"apache","repo":"cloudstack","username":"mrog"} +327µs
guard:wasm WASM guard calling backend: tool=get_collaborator_permission +357µs
envutil:github Looking up GitHub token: checking 4 candidate env vars +276ms
envutil:github GitHub token found: source=GITHUB_MCP_SERVER_TOKEN +312µs
envutil:github GitHub API URL using default:  +321µs
envutil:github Deriving API URL from server URL: https://github.com +328µs
envutil:github GitHub.com detected, using default API URL: https://api.github.com +348µs
envutil:github GitHub API URL derived from GITHUB_SERVER_URL=https://github.com: https://api.github.com +356µs
httputil:collaborator_permission FetchCollaboratorPermission: owner=apache, repo=cloudstack, username=mrog, apiPath=/repos/apache/cloudstack/collaborators/mrog/permission +26ms
server:unified get_collaborator_permission: GET /repos/apache/cloudstack/collaborators/mrog/permission (for apache/cloudstack user mrog) +11ms
httputil:httputil GitHub GET: baseURL="https://api.github.com", path="/repos/apache/cloudstack/collaborators/mrog/permission", hasAuth=true +27ms
httputil:httputil Applying GitHub API headers: method="GET", path="/repos/apache/cloudstack/collaborators/mrog/permission", hasAuth=true +408µs
httputil:httputil GitHub GET response: path="/repos/apache/cloudstack/collaborators/mrog/permission", status=200 +159ms
httputil:collaborator_permission FetchCollaboratorPermission: response received: status=200, bodyLen=1037 +160ms
server:unified get_collaborator_permission: apache/cloudstack user mrog → permission="read" (HTTP 200) +161ms
guard:wasm [guard:github] INFO: <<< call_backend returned 1174 bytes +164ms
guard:wasm [guard:github] DEBUG: extract_mcp_response: top-level keys=["content"] +468µs
guard:wasm [guard:github] DEBUG: extract_mcp_response: found content array with 1 items +401µs
guard:wasm [guard:github] DEBUG: extract_mcp_response: found text field, len=1037 +360µs
guard:wasm [guard:github] DEBUG: extract_mcp_response: parsed content[0].text as JSON +416µs
guard:wasm [guard:github] INFO: get_collaborator_permission: apache/cloudstack user mrog → permission=Some("read") login=Some("mrog") +422µs
guard:wasm [guard:github] DEBUG: [integrity] issue:apache/cloudstack#6726: collaborator permission=Some("read") → merged rank=2 +424µs
guard:wasm [guard:github] DEBUG: Checking repo visibility for apache/cloudstack +397µs
guard:wasm [guard:github] INFO: >>> call_backend: tool=search_repositories +395µs
guard:wasm [guard:github] DEBUG:     args={"perPage":10,"query":"repo:apache/cloudstack"} +365µs
guard:wasm WASM guard calling backend: tool=search_repositories +382µs
server:unified [DIFC] Guard calling backend github tool search_repositories for metadata +4ms
server:unified executeBackendToolCall: serverID=github, toolName=search_repositories +308µs
launcher:launcher Checking session pool: serverID=github, sessionID=gUzHgIR4XIg9fTU5L58cfhq5EVGKh7agQezXfd38OSpm515oZDB6sH8jl +177ms
launcher:pool Reusing connection: backend=github, session=gUzHgIR4XIg9fTU5L58cfhq5EVGKh7agQezXfd38OSpm515oZDB6sH8jl, requests=69 +177ms
mcp:connection Dispatching SDK method: tools/call, serverID=github +177ms
mcp:connection callTool: parsed name=search_repositories, argumentCount=2 +355µs
guard:wasm Backend call failed: calling "tools/call": unknown tool "search_repositories" +6ms
guard:wasm [guard:github] ERROR: <<< call_backend FAILED with code -1 +340µs
guard:wasm [guard:github] WARN: Backend call search_repositories failed with code -1 +675µs
guard:wasm [guard:github] DEBUG: Checking repo visibility for apache/cloudstack +698µs
guard:wasm [guard:github] INFO: >>> call_backend: tool=search_repositories +534µs
guard:wasm [guard:github] DEBUG:     args={"perPage":10,"query":"repo:apache/cloudstack"} +422µs
guard:wasm WASM guard calling backend: tool=search_repositories +381µs
server:unified [DIFC] Guard calling backend github tool search_repositories for metadata +9ms
server:unified executeBackendToolCall: serverID=github, toolName=search_repositories +327µs
launcher:launcher Checking session pool: serverID=github, sessionID=gUzHgIR4XIg9fTU5L58cfhq5EVGKh7agQezXfd38OSpm515oZDB6sH8jl +9ms
launcher:pool Reusing connection: backend=github, session=gUzHgIR4XIg9fTU5L58cfhq5EVGKh7agQezXfd38OSpm515oZDB6sH8jl, requests=70 +9ms
mcp:connection Dispatching SDK method: tools/call, serverID=github +9ms
mcp:connection callTool: parsed name=search_repositories, argumentCount=2 +349µs
guard:wasm Backend call failed: calling "tools/call": unknown tool "search_repositories" +6ms
guard:wasm [guard:github] ERROR: <<< call_backend FAILED with code -1 +352µs
guard:wasm [guard:github] WARN: Backend call search_repositories failed with code -1 +662µs
guard:wasm [guard:github] DEBUG: [integrity] issue:apache/cloudstack#6746: author_association floor below writer (rank=2), checking collaborator permission for mlsorensen +704µs
guard:wasm [guard:github] DEBUG: get_collaborator_permission: fetching permission for apache/cloudstack user mlsorensen +330µs
guard:wasm [guard:github] INFO: >>> call_backend: tool=get_collaborator_permission +382µs
guard:wasm [guard:github] DEBUG:     args={"owner":"apache","repo":"cloudstack","username":"mlsorensen"} +347µs
guard:wasm WASM guard calling backend: tool=get_collaborator_permission +362µs
envutil:github Looking up GitHub token: checking 4 candidate env vars +185ms
envutil:github GitHub token found: source=GITHUB_MCP_SERVER_TOKEN +357µs
envutil:github GitHub API URL using default:  +331µs
envutil:github Deriving API URL from server URL: https://github.com +354µs
envutil:github GitHub.com detected, using default API URL: https://api.github.com +314µs
envutil:github GitHub API URL derived from GITHUB_SERVER_URL=https://github.com: https://api.github.com +318µs
httputil:collaborator_permission FetchCollaboratorPermission: owner=apache, repo=cloudstack, username=mlsorensen, apiPath=/repos/apache/cloudstack/collaborators/mlsorensen/permission +26ms
server:unified get_collaborator_permission: GET /repos/apache/cloudstack/collaborators/mlsorensen/permission (for apache/cloudstack user mlsorensen) +11ms
httputil:httputil GitHub GET: baseURL="https://api.github.com", path="/repos/apache/cloudstack/collaborators/mlsorensen/permission", hasAuth=true +28ms
httputil:httputil Applying GitHub API headers: method="GET", path="/repos/apache/cloudstack/collaborators/mlsorensen/permission", hasAuth=true +307µs
httputil:httputil GitHub GET response: path="/repos/apache/cloudstack/collaborators/mlsorensen/permission", status=200 +221ms
httputil:collaborator_permission FetchCollaboratorPermission: response received: status=200, bodyLen=1110 +223ms
server:unified get_collaborator_permission: apache/cloudstack user mlsorensen → permission="write" (HTTP 200) +223ms
guard:wasm [guard:github] INFO: <<< call_backend returned 1247 bytes +226ms
guard:wasm [guard:github] DEBUG: extract_mcp_response: top-level keys=["content"] +409µs
guard:wasm [guard:github] DEBUG: extract_mcp_response: found content array with 1 items +352µs
guard:wasm [guard:github] DEBUG: extract_mcp_response: found text field, len=1110 +334µs
guard:wasm [guard:github] DEBUG: extract_mcp_response: parsed content[0].text as JSON +387µs
guard:wasm [guard:github] INFO: get_collaborator_permission: apache/cloudstack user mlsorensen → permission=Some("write") login=Some("mlsorensen") +356µs
guard:wasm [guard:github] DEBUG: [integrity] issue:apache/cloudstack#6746: collaborator permission=Some("write") → merged rank=3 +344µs
guard:wasm [guard:github] DEBUG: Checking repo visibility for apache/cloudstack +374µs
guard:wasm [guard:github] INFO: >>> call_backend: tool=search_repositories +383µs
guard:wasm [guard:github] DEBUG:     args={"perPage":10,"query":"repo:apache/cloudstack"} +332µs
guard:wasm WASM guard calling backend: tool=search_repositories +307µs
server:unified [DIFC] Guard calling backend github tool search_repositories for metadata +4ms
server:unified executeBackendToolCall: serverID=github, toolName=search_repositories +304µs
launcher:launcher Checking session pool: serverID=github, sessionID=gUzHgIR4XIg9fTU5L58cfhq5EVGKh7agQezXfd38OSpm515oZDB6sH8jl +239ms
launcher:pool Reusing connection: backend=github, session=gUzHgIR4XIg9fTU5L58cfhq5EVGKh7agQezXfd38OSpm515oZDB6sH8jl, requests=71 +239ms
mcp:connection Dispatching SDK method: tools/call, serverID=github +239ms
mcp:connection callTool: parsed name=search_repositories, argumentCount=2 +341µs
guard:wasm Backend call failed: calling "tools/call": unknown tool "search_repositories" +6ms
guard:wasm [guard:github] ERROR: <<< call_backend FAILED with code -1 +350µs
guard:wasm [guard:github] WARN: Backend call search_repositories failed with code -1 +770µs
guard:wasm [guard:github] DEBUG: Checking repo visibility for apache/cloudstack +680µs
guard:wasm [guard:github] INFO: >>> call_backend: tool=search_repositories +419µs
guard:wasm [guard:github] DEBUG:     args={"perPage":10,"query":"repo:apache/cloudstack"} +359µs
guard:wasm WASM guard calling backend: tool=search_repositories +331µs
server:unified [DIFC] Guard calling backend github tool search_repositories for metadata +8ms
server:unified executeBackendToolCall: serverID=github, toolName=search_repositories +323µs
launcher:launcher Checking session pool: serverID=github, sessionID=gUzHgIR4XIg9fTU5L58cfhq5EVGKh7agQezXfd38OSpm515oZDB6sH8jl +9ms
launcher:pool Reusing connection: backend=github, session=gUzHgIR4XIg9fTU5L58cfhq5EVGKh7agQezXfd38OSpm515oZDB6sH8jl, requests=72 +9ms
mcp:connection Dispatching SDK method: tools/call, serverID=github +8ms
mcp:connection callTool: parsed name=search_repositories, argumentCount=2 +333µs
guard:wasm Backend call failed: calling "tools/call": unknown tool "search_repositories" +6ms
guard:wasm [guard:github] ERROR: <<< call_backend FAILED with code -1 +376µs
guard:wasm [guard:github] WARN: Backend call search_repositories failed with code -1 +675µs
guard:wasm [guard:github] DEBUG: [integrity] issue:apache/cloudstack#6819: author_association floor below writer (rank=2), checking collaborator permission for DaanHoogland +666µs
guard:wasm [guard:github] DEBUG: get_collaborator_permission: cache hit for apache/cloudstack user DaanHoogland → permission=Some("write") +372µs
guard:wasm [guard:github] DEBUG: [integrity] issue:apache/cloudstack#6819: collaborator permission=Some("write") → merged rank=3 +344µs
guard:wasm [guard:github] DEBUG: Checking repo visibility for apache/cloudstack +372µs
guard:wasm [guard:github] INFO: >>> call_backend: tool=search_repositories +494µs
guard:wasm [guard:github] DEBUG:     args={"perPage":10,"query":"repo:apache/cloudstack"} +451µs
guard:wasm WASM guard calling backend: tool=search_repositories +373µs
server:unified [DIFC] Guard calling backend github tool search_repositories for metadata +9ms
server:unified executeBackendToolCall: serverID=github, toolName=search_repositories +363µs
launcher:launcher Checking session pool: serverID=github, sessionID=gUzHgIR4XIg9fTU5L58cfhq5EVGKh7agQezXfd38OSpm515oZDB6sH8jl +10ms
launcher:pool Reusing connection: backend=github, session=gUzHgIR4XIg9fTU5L58cfhq5EVGKh7agQezXfd38OSpm515oZDB6sH8jl, requests=73 +10ms
mcp:connection Dispatching SDK method: tools/call, serverID=github +10ms
mcp:connection callTool: parsed name=search_repositories, argumentCount=2 +359µs
guard:wasm Backend call failed: calling "tools/call": unknown tool "search_repositories" +6ms
guard:wasm [guard:github] ERROR: <<< call_backend FAILED with code -1 +338µs
guard:wasm [guard:github] WARN: Backend call search_repositories failed with code -1 +664µs
guard:wasm [guard:github] DEBUG: Checking repo visibility for apache/cloudstack +670µs
guard:wasm [guard:github] INFO: >>> call_backend: tool=search_repositories +400µs
guard:wasm [guard:github] DEBUG:     args={"perPage":10,"query":"repo:apache/cloudstack"} +313µs
guard:wasm WASM guard calling backend: tool=search_repositories +346µs
server:unified [DIFC] Guard calling backend github tool search_repositories for metadata +8ms
server:unified executeBackendToolCall: serverID=github, toolName=search_repositories +325µs
launcher:launcher Checking session pool: serverID=github, sessionID=gUzHgIR4XIg9fTU5L58cfhq5EVGKh7agQezXfd38OSpm515oZDB6sH8jl +9ms
launcher:pool Reusing connection: backend=github, session=gUzHgIR4XIg9fTU5L58cfhq5EVGKh7agQezXfd38OSpm515oZDB6sH8jl, requests=74 +9ms
mcp:connection Dispatching SDK method: tools/call, serverID=github +8ms
mcp:connection callTool: parsed name=search_repositories, argumentCount=2 +369µs
guard:wasm Backend call failed: calling "tools/call": unknown tool "search_repositories" +6ms
guard:wasm [guard:github] ERROR: <<< call_backend FAILED with code -1 +362µs
guard:wasm [guard:github] WARN: Backend call search_repositories failed with code -1 +705µs
guard:wasm [guard:github] DEBUG: [integrity] issue:apache/cloudstack#6827: author_association floor below writer (rank=2), checking collaborator permission for nxsbi +653µs
guard:wasm [guard:github] DEBUG: get_collaborator_permission: fetching permission for apache/cloudstack user nxsbi +420µs
guard:wasm [guard:github] INFO: >>> call_backend: tool=get_collaborator_permission +372µs
guard:wasm [guard:github] DEBUG:     args={"owner":"apache","repo":"cloudstack","username":"nxsbi"} +328µs
guard:wasm WASM guard calling backend: tool=get_collaborator_permission +357µs
envutil:github Looking up GitHub token: checking 4 candidate env vars +267ms
envutil:github GitHub token found: source=GITHUB_MCP_SERVER_TOKEN +321µs
envutil:github GitHub API URL using default:  +333µs
envutil:github Deriving API URL from server URL: https://github.com +342µs
envutil:github GitHub.com detected, using default API URL: https://api.github.com +321µs
envutil:github GitHub API URL derived from GITHUB_SERVER_URL=https://github.com: https://api.github.com +318µs
httputil:collaborator_permission FetchCollaboratorPermission: owner=apache, repo=cloudstack, username=nxsbi, apiPath=/repos/apache/cloudstack/collaborators/nxsbi/permission +45ms
server:unified get_collaborator_permission: GET /repos/apache/cloudstack/collaborators/nxsbi/permission (for apache/cloudstack user nxsbi) +12ms
httputil:httputil GitHub GET: baseURL="https://api.github.com", path="/repos/apache/cloudstack/collaborators/nxsbi/permission", hasAuth=true +46ms
httputil:httputil Applying GitHub API headers: method="GET", path="/repos/apache/cloudstack/collaborators/nxsbi/permission", hasAuth=true +348µs
httputil:httputil GitHub GET response: path="/repos/apache/cloudstack/collaborators/nxsbi/permission", status=200 +195ms
httputil:collaborator_permission FetchCollaboratorPermission: response received: status=200, bodyLen=1051 +196ms
server:unified get_collaborator_permission: apache/cloudstack user nxsbi → permission="read" (HTTP 200) +197ms
guard:wasm [guard:github] INFO: <<< call_backend returned 1188 bytes +200ms
guard:wasm [guard:github] DEBUG: extract_mcp_response: top-level keys=["content"] +504µs
guard:wasm [guard:github] DEBUG: extract_mcp_response: found content array with 1 items +436µs
guard:wasm [guard:github] DEBUG: extract_mcp_response: found text field, len=1051 +421µs
guard:wasm [guard:github] DEBUG: extract_mcp_response: parsed content[0].text as JSON +426µs
guard:wasm [guard:github] INFO: get_collaborator_permission: apache/cloudstack user nxsbi → permission=Some("read") login=Some("nxsbi") +401µs
guard:wasm [guard:github] DEBUG: [integrity] issue:apache/cloudstack#6827: collaborator permission=Some("read") → merged rank=2 +364µs
guard:wasm [guard:github] DEBUG: Checking repo visibility for apache/cloudstack +450µs
guard:wasm [guard:github] INFO: >>> call_backend: tool=search_repositories +406µs
guard:wasm [guard:github] DEBUG:     args={"perPage":10,"query":"repo:apache/cloudstack"} +344µs
guard:wasm WASM guard calling backend: tool=search_repositories +364µs
server:unified [DIFC] Guard calling backend github tool search_repositories for metadata +4ms
server:unified executeBackendToolCall: serverID=github, toolName=search_repositories +356µs
launcher:launcher Checking session pool: serverID=github, sessionID=gUzHgIR4XIg9fTU5L58cfhq5EVGKh7agQezXfd38OSpm515oZDB6sH8jl +214ms
launcher:pool Reusing connection: backend=github, session=gUzHgIR4XIg9fTU5L58cfhq5EVGKh7agQezXfd38OSpm515oZDB6sH8jl, requests=75 +214ms
mcp:connection Dispatching SDK method: tools/call, serverID=github +214ms
mcp:connection callTool: parsed name=search_repositories, argumentCount=2 +361µs
guard:wasm Backend call failed: calling "tools/call": unknown tool "search_repositories" +7ms
guard:wasm [guard:github] ERROR: <<< call_backend FAILED with code -1 +368µs
guard:wasm [guard:github] WARN: Backend call search_repositories failed with code -1 +731µs
guard:wasm [guard:github] INFO:     using path-based labeling with 30 paths +1ms
guard:wasm [guard:github] INFO:     path_output_preview={"labeled_paths":[{"path":"/items/0","labels":{"description":"issue:apache/cloudstack#2865","secrecy":[],"integrity":["none:all","unapproved:all"]}},{"path":"/items/1","labels":{"description":"issue:apache/cloudstack#3253","secrecy":[],"integrity":["none:all","unapproved:all"]}},{"path":"/items/2","labels":{"description":"issue:apache/cloudstack#3360","secrecy":[],"integrity":["none:all","unapproved:all","approved:all"]}},{"path":"/items/3","labels":{"description":"issue:apache/cloudstack#3679", +575µs
guard:wasm [guard:github] INFO: <<< label_response returning 4265 bytes (path-based) +363µs
guard:wasm [guard:github] DEBUG: >>> dealloc(ptr=5302576, size=4194304) +399µs
guard:wasm [guard:github] DEBUG: <<< dealloc complete +349µs
guard:wasm [guard:github] DEBUG: >>> dealloc(ptr=1107776, size=220010) +360µs
guard:wasm [guard:github] DEBUG: <<< dealloc complete +374µs
guard:wasm parsePathLabeledResponse: responseSize=4265 +475µs
difc:path_labels ParsePathLabels: parsing 4265 bytes +40.3s
difc:path_labels ParsePathLabels: parsed 30 labeled paths, hasDefaultLabels=true +438µs
guard:wasm parsePathLabeledResponse: parsed 30 path labels +1ms
difc:path_labels unwrapMCPResponse: detected MCP-wrapped response, unwrapping inner JSON +2ms
difc:path_labels NewPathLabeledData: isMCPWrapped=true, labeledPaths=30 +422µs
difc:path_labels getItems: navigating to items at path=/items +355µs
difc:path_labels getItems: found 30 items at path=/items +334µs
difc:path_labels resolve: resolving 30 items with 30 explicit path labels +374µs
guard:wasm parsePathLabeledResponse: converted to CollectionLabeledData successfully +4ms
difc:evaluator Filtering collection: operation=read, totalItems=30 +6.5s
difc:evaluator Evaluating access: operation=read, resource=issue:apache/cloudstack#2865 +345µs
difc:evaluator Evaluating read access (mode=filter): resource=issue:apache/cloudstack#2865, agentSecrecy=[], agentIntegrity=[none:all] +351µs
difc:evaluator Read access allowed: resource=issue:apache/cloudstack#2865 +374µs
difc:evaluator Evaluating access: operation=read, resource=issue:apache/cloudstack#3253 +372µs
difc:evaluator Evaluating read access (mode=filter): resource=issue:apache/cloudstack#3253, agentSecrecy=[], agentIntegrity=[none:all] +329µs
difc:evaluator Read access allowed: resource=issue:apache/cloudstack#3253 +323µs
difc:evaluator Evaluating access: operation=read, resource=issue:apache/cloudstack#3360 +341µs
difc:evaluator Evaluating read access (mode=filter): resource=issue:apache/cloudstack#3360, agentSecrecy=[], agentIntegrity=[none:all] +356µs
difc:evaluator Read access allowed: resource=issue:apache/cloudstack#3360 +377µs
difc:evaluator Evaluating access: operation=read, resource=issue:apache/cloudstack#3679 +365µs
difc:evaluator Evaluating read access (mode=filter): resource=issue:apache/cloudstack#3679, agentSecrecy=[], agentIntegrity=[none:all] +327µs
difc:evaluator Read access allowed: resource=issue:apache/cloudstack#3679 +352µs
difc:evaluator Evaluating access: operation=read, resource=issue:apache/cloudstack#3687 +311µs
difc:evaluator Evaluating read access (mode=filter): resource=issue:apache/cloudstack#3687, agentSecrecy=[], agentIntegrity=[none:all] +342µs
difc:evaluator Read access allowed: resource=issue:apache/cloudstack#3687 +348µs
difc:evaluator Evaluating access: operation=read, resource=issue:apache/cloudstack#3693 +323µs
difc:evaluator Evaluating read access (mode=filter): resource=issue:apache/cloudstack#3693, agentSecrecy=[], agentIntegrity=[none:all] +322µs
difc:evaluator Read access allowed: resource=issue:apache/cloudstack#3693 +338µs
difc:evaluator Evaluating access: operation=read, resource=issue:apache/cloudstack#3751 +324µs
difc:evaluator Evaluating read access (mode=filter): resource=issue:apache/cloudstack#3751, agentSecrecy=[], agentIntegrity=[none:all] +360µs
difc:evaluator Read access allowed: resource=issue:apache/cloudstack#3751 +321µs
difc:evaluator Evaluating access: operation=read, resource=issue:apache/cloudstack#4370 +326µs
difc:evaluator Evaluating read access (mode=filter): resource=issue:apache/cloudstack#4370, agentSecrecy=[], agentIntegrity=[none:all] +314µs
difc:evaluator Read access allowed: resource=issue:apache/cloudstack#4370 +314µs
difc:evaluator Evaluating access: operation=read, resource=issue:apache/cloudstack#4542 +309µs
difc:evaluator Evaluating read access (mode=filter): resource=issue:apache/cloudstack#4542, agentSecrecy=[], agentIntegrity=[none:all] +316µs
difc:evaluator Read access allowed: resource=issue:apache/cloudstack#4542 +311µs
difc:evaluator Evaluating access: operation=read, resource=issue:apache/cloudstack#5174 +326µs
difc:evaluator Evaluating read access (mode=filter): resource=issue:apache/cloudstack#5174, agentSecrecy=[], agentIntegrity=[none:all] +316µs
difc:evaluator Read access allowed: resource=issue:apache/cloudstack#5174 +358µs
difc:evaluator Evaluating access: operation=read, resource=issue:apache/cloudstack#5686 +381µs
difc:evaluator Evaluating read access (mode=filter): resource=issue:apache/cloudstack#5686, agentSecrecy=[], agentIntegrity=[none:all] +359µs
difc:evaluator Read access allowed: resource=issue:apache/cloudstack#5686 +333µs
difc:evaluator Evaluating access: operation=read, resource=issue:apache/cloudstack#5697 +368µs
difc:evaluator Evaluating read access (mode=filter): resource=issue:apache/cloudstack#5697, agentSecrecy=[], agentIntegrity=[none:all] +324µs
difc:evaluator Read access allowed: resource=issue:apache/cloudstack#5697 +327µs
difc:evaluator Evaluating access: operation=read, resource=issue:apache/cloudstack#5739 +343µs
difc:evaluator Evaluating read access (mode=filter): resource=issue:apache/cloudstack#5739, agentSecrecy=[], agentIntegrity=[none:all] +338µs
difc:evaluator Read access allowed: resource=issue:apache/cloudstack#5739 +340µs
difc:evaluator Evaluating access: operation=read, resource=issue:apache/cloudstack#5756 +326µs
difc:evaluator Evaluating read access (mode=filter): resource=issue:apache/cloudstack#5756, agentSecrecy=[], agentIntegrity=[none:all] +349µs
difc:evaluator Read access allowed: resource=issue:apache/cloudstack#5756 +342µs
difc:evaluator Evaluating access: operation=read, resource=issue:apache/cloudstack#5803 +327µs
difc:evaluator Evaluating read access (mode=filter): resource=issue:apache/cloudstack#5803, agentSecrecy=[], agentIntegrity=[none:all] +334µs
difc:evaluator Read access allowed: resource=issue:apache/cloudstack#5803 +348µs
difc:evaluator Evaluating access: operation=read, resource=issue:apache/cloudstack#6163 +315µs
difc:evaluator Evaluating read access (mode=filter): resource=issue:apache/cloudstack#6163, agentSecrecy=[], agentIntegrity=[none:all] +352µs
difc:evaluator Read access allowed: resource=issue:apache/cloudstack#6163 +338µs
difc:evaluator Evaluating access: operation=read, resource=issue:apache/cloudstack#6180 +316µs
difc:evaluator Evaluating read access (mode=filter): resource=issue:apache/cloudstack#6180, agentSecrecy=[], agentIntegrity=[none:all] +309µs
difc:evaluator Read access allowed: resource=issue:apache/cloudstack#6180 +334µs
difc:evaluator Evaluating access: operation=read, resource=issue:apache/cloudstack#6212 +324µs
difc:evaluator Evaluating read access (mode=filter): resource=issue:apache/cloudstack#6212, agentSecrecy=[], agentIntegrity=[none:all] +315µs
difc:evaluator Read access allowed: resource=issue:apache/cloudstack#6212 +369µs
difc:evaluator Evaluating access: operation=read, resource=issue:apache/cloudstack#6391 +329µs
difc:evaluator Evaluating read access (mode=filter): resource=issue:apache/cloudstack#6391, agentSecrecy=[], agentIntegrity=[none:all] +333µs
difc:evaluator Read access allowed: resource=issue:apache/cloudstack#6391 +308µs
difc:evaluator Evaluating access: operation=read, resource=issue:apache/cloudstack#6424 +300µs
difc:evaluator Evaluating read access (mode=filter): resource=issue:apache/cloudstack#6424, agentSecrecy=[], agentIntegrity=[none:all] +320µs
difc:evaluator Read access allowed: resource=issue:apache/cloudstack#6424 +317µs
difc:evaluator Evaluating access: operation=read, resource=issue:apache/cloudstack#6647 +395µs
difc:evaluator Evaluating read access (mode=filter): resource=issue:apache/cloudstack#6647, agentSecrecy=[], agentIntegrity=[none:all] +315µs
difc:evaluator Read access allowed: resource=issue:apache/cloudstack#6647 +314µs
difc:evaluator Evaluating access: operation=read, resource=issue:apache/cloudstack#6672 +309µs
difc:evaluator Evaluating read access (mode=filter): resource=issue:apache/cloudstack#6672, agentSecrecy=[], agentIntegrity=[none:all] +282µs
difc:evaluator Read access allowed: resource=issue:apache/cloudstack#6672 +299µs
difc:evaluator Evaluating access: operation=read, resource=issue:apache/cloudstack#6703 +319µs
difc:evaluator Evaluating read access (mode=filter): resource=issue:apache/cloudstack#6703, agentSecrecy=[], agentIntegrity=[none:all] +307µs
difc:evaluator Read access allowed: resource=issue:apache/cloudstack#6703 +327µs
difc:evaluator Evaluating access: operation=read, resource=issue:apache/cloudstack#6714 +323µs
difc:evaluator Evaluating read access (mode=filter): resource=issue:apache/cloudstack#6714, agentSecrecy=[], agentIntegrity=[none:all] +318µs
difc:evaluator Read access allowed: resource=issue:apache/cloudstack#6714 +308µs
difc:evaluator Evaluating access: operation=read, resource=issue:apache/cloudstack#6715 +324µs
difc:evaluator Evaluating read access (mode=filter): resource=issue:apache/cloudstack#6715, agentSecrecy=[], agentIntegrity=[none:all] +310µs
difc:evaluator Read access allowed: resource=issue:apache/cloudstack#6715 +321µs
difc:evaluator Evaluating access: operation=read, resource=issue:apache/cloudstack#6718 +304µs
difc:evaluator Evaluating read access (mode=filter): resource=issue:apache/cloudstack#6718, agentSecrecy=[], agentIntegrity=[none:all] +289µs
difc:evaluator Read access allowed: resource=issue:apache/cloudstack#6718 +334µs
difc:evaluator Evaluating access: operation=read, resource=issue:apache/cloudstack#6726 +407µs
difc:evaluator Evaluating read access (mode=filter): resource=issue:apache/cloudstack#6726, agentSecrecy=[], agentIntegrity=[none:all] +359µs
difc:evaluator Read access allowed: resource=issue:apache/cloudstack#6726 +328µs
difc:evaluator Evaluating access: operation=read, resource=issue:apache/cloudstack#6746 +385µs
difc:evaluator Evaluating read access (mode=filter): resource=issue:apache/cloudstack#6746, agentSecrecy=[], agentIntegrity=[none:all] +349µs
difc:evaluator Read access allowed: resource=issue:apache/cloudstack#6746 +333µs
difc:evaluator Evaluating access: operation=read, resource=issue:apache/cloudstack#6819 +420µs
difc:evaluator Evaluating read access (mode=filter): resource=issue:apache/cloudstack#6819, agentSecrecy=[], agentIntegrity=[none:all] +350µs
difc:evaluator Read access allowed: resource=issue:apache/cloudstack#6819 +342µs
difc:evaluator Evaluating access: operation=read, resource=issue:apache/cloudstack#6827 +314µs
difc:evaluator Evaluating read access (mode=filter): resource=issue:apache/cloudstack#6827, agentSecrecy=[], agentIntegrity=[none:all] +333µs
difc:evaluator Read access allowed: resource=issue:apache/cloudstack#6827 +364µs
difc:evaluator Collection filtered: accessible=30, filtered=0, total=30 +398µs
server:unified [DIFC] Filtered collection: 30/30 items accessible +48ms
difc:pipeline_decisions ShouldBlockFilteredResponse: mode=filter, filteredCount=0, block=false +5.5s
difc:resource FilteredCollectionLabeledData.ToResult: returning 30 accessible items (filter_reason=DIFC policy) +10.1s
difc:pipeline_decisions ShouldAccumulateReadLabels: operation=read, mode=filter, accumulate=false +694µs
mcp:tool_result Converting backend result to CallToolResult +6.6s
mcp:tool_result Backend returned array, wrapping as text +354µs
server:response_writer Writing response body: 219836 bytes +6.7s
server:response_writer Retrieving captured body: 219836 bytes +800µs
server:response_writer Retrieving captured status code: 200 +640µs
server:sdk-frontend <<< SDK Response [routed:github] status=200 duration=6.664107527s (non-JSON or stream) +6.7s
server:sdk-frontend     Raw response (truncated): event: message
data: {"jsonrpc":"2.0","id":6,"result":{"content":[{"type":"text","text":"[{\"author_association\":\"NONE\",\"body\":\"##### ISSUE TYPE\\r\\n * Feature Idea\\r\\n\\r\\n##### COMPONENT NAME\\r\\n* DNS\\r\\n\\r\\n##### CLOUDSTACK VERSION\\r\\n/\\r\\n\\r\\n##### CONFIGURATION\\r\\n* for customer isolated network\\r\\n\\r\\n##### OS / ENVIRONMENT\\r\\n/\\r\\n\\r\\n##### SUMMARY\\r\\nFor adaptive computing it's important to get use of additional application local IP addresses which you... +406µs
tracing:provider Handling request: span=gateway.request, method=POST, path=/mcp/github, remoteParent=false +20.4s
tracing:provider Span started: span=gateway.request, traceID=00000000000000000000000000000000 +1ms
server:auth Authenticating request: method=POST, path=/mcp/github, remote=172.30.0.20:33526 +20.4s
auth:header Extracting session ID from auth header: sanitized=gUzH... +20.4s
auth:header Using plain API key as session ID +372µs
server:sdk-frontend >>> SDK Request [routed:github] session=gUzHgIR4... mcp-session=D5TCRTMV... method=POST path=/mcp/github +13.8s
server:sdk-frontend     JSON-RPC Request: method=tools/call id=7 +364µs
server:response_writer Creating new response writer with default status 200 +13.8s
2026/09/28 13:38:59 [ROUTED] Calling unified handler for: search_issues
server:session Extracted session ID from context: gUzHgIR4... +20.4s
mcp:tool_result Parsing arguments for tool: search_issues +13.9s
mcp:tool_result Parsed 4 arguments +367µs
server:session Extracted session ID from context: gUzHgIR4... +1ms
server:session Extracted session ID from context: gUzHgIR4... +749µs
server:session Checking session: sessionID=gUzHgIR4... +295µs
server:session Session validated for ID: gUzHgIR4... +316µs
server:unified callBackendTool: serverID=github, toolName=search_issues, args=map[order:desc perPage:30 query:repo:apache/cloudstack is:open is:issue sort:created] +13.9s
guard:registry Getting guard for serverID=github +20.4s
guard:registry Found guard for serverID=github, guardName=github +334µs
server:session Extracted session ID from context: gUzHgIR4... +1ms
server:guard_init Resolving guard policy: serverID=github +20.4s
config:guard_policy ParseServerGuardPolicy: serverID=github, keyCount=1 +20.4s
config:guard_policy ParsePolicyMap: hasAllowOnly=true, hasWriteSink=false, keyCount=1 +333µs
config:guard_policy Parsing guard policy JSON: len=112 +483µs
config:guard_policy UnmarshalJSON: parsing guard policy, keys=1 +387µs
config:guard_policy UnmarshalJSON: parsing allow-only policy, fields=5 +383µs
config:guard_policy UnmarshalJSON: allow-only policy parsed, repos=string, minIntegrity=none +326µs
config:guard_policy UnmarshalJSON: guard policy type is allow-only +326µs
config:guard_policy ValidateGuardPolicy: delegating to allow-only normalization +320µs
config:guard_policy Normalizing guard policy: integrity=none, reposType=string +318µs
config:guard_policy Guard policy normalized: scopeKind=all, integrity=none +331µs
server:guard_init Using server-level guard policy: serverID=github +3ms
guard:wasm BuildLabelAgentPayload: trustedBots=0, trustedUsers=0 +13.9s
server:guard_init Guard session cache hit: server=github, session=gUzHgIR4XIg9fTU5L58cfhq5EVGKh7agQezXfd38OSpm515oZDB6sH8jl, mode=filter +693µs
guard:context Retrieved agent ID from context: gUzHgIR4XIg9fTU5L58cfhq5EVGKh7agQezXfd38OSpm515oZDB6sH8jl +19.4s
difc:agent GetOrCreate called for agentID=gUzHgIR4XIg9fTU5L58cfhq5EVGKh7agQezXfd38OSpm515oZDB6sH8jl +20.4s
server:unified [DIFC] Agent gUzHgIR4XIg9fTU5L58cfhq5EVGKh7agQezXfd38OSpm515oZDB6sH8jl | Secrecy: [] | Integrity: [none:all] +7ms
guard:context Setting request state in context +1ms
guard:wasm LabelResource called: toolName=search_issues, args=map[order:desc perPage:30 query:repo:apache/cloudstack is:open is:issue sort:created] +2ms
guard:wasm label_resource input JSON (156 bytes): {"capabilities":{},"tool_args":{"order":"desc","perPage":30,"query":"repo:apache/cloudstack is:open is:issue","sort":"created"},"tool_name":"search_issues"} +333µs
guard:wasm tryCallWasmFunction: guard=github, func=<unknown>, inputSize=156, outputSize=4194304 +332µs
guard:wasm Using guard allocator path: guard=github +318µs
guard:wasm [guard:github] DEBUG: >>> alloc(156) +345µs
guard:wasm [guard:github] DEBUG: <<< alloc returning ptr=2139552 +351µs
guard:wasm wasmAlloc: guard=github, size=156, ptr=2139552 +325µs
guard:wasm [guard:github] DEBUG: >>> alloc(4194304) +332µs
guard:wasm [guard:github] DEBUG: <<< alloc returning ptr=5302576 +383µs
guard:wasm wasmAlloc: guard=github, size=4194304, ptr=5302576 +349µs
guard:wasm [guard:github] INFO: >>> label_resource called +350µs
guard:wasm [guard:github] INFO:     input_len=156, output_size=4194304 +322µs
guard:wasm [guard:github] INFO:     tool_name=search_issues +352µs
guard:wasm [guard:github] DEBUG: Checking repo visibility for apache/cloudstack +355µs
guard:wasm [guard:github] INFO: >>> call_backend: tool=search_repositories +404µs
guard:wasm [guard:github] DEBUG:     args={"perPage":10,"query":"repo:apache/cloudstack"} +330µs
guard:wasm WASM guard calling backend: tool=search_repositories +344µs
server:unified [DIFC] Guard calling backend github tool search_repositories for metadata +6ms
server:unified executeBackendToolCall: serverID=github, toolName=search_repositories +379µs
launcher:launcher Checking session pool: serverID=github, sessionID=gUzHgIR4XIg9fTU5L58cfhq5EVGKh7agQezXfd38OSpm515oZDB6sH8jl +13.9s
launcher:pool Reusing connection: backend=github, session=gUzHgIR4XIg9fTU5L58cfhq5EVGKh7agQezXfd38OSpm515oZDB6sH8jl, requests=76 +13.9s
mcp:connection Dispatching SDK method: tools/call, serverID=github +13.9s
mcp:connection callTool: parsed name=search_repositories, argumentCount=2 +351µs
guard:wasm Backend call failed: calling "tools/call": unknown tool "search_repositories" +6ms
guard:wasm [guard:github] ERROR: <<< call_backend FAILED with code -1 +447µs
guard:wasm [guard:github] WARN: Backend call search_repositories failed with code -1 +693µs
guard:wasm [guard:github] DEBUG: Checking repo visibility for apache/cloudstack +697µs
guard:wasm [guard:github] INFO: >>> call_backend: tool=search_repositories +481µs
guard:wasm [guard:github] DEBUG:     args={"perPage":10,"query":"repo:apache/cloudstack"} +465µs
guard:wasm WASM guard calling backend: tool=search_repositories +378µs
server:unified [DIFC] Guard calling backend github tool search_repositories for metadata +9ms
server:unified executeBackendToolCall: serverID=github, toolName=search_repositories +315µs
launcher:launcher Checking session pool: serverID=github, sessionID=gUzHgIR4XIg9fTU5L58cfhq5EVGKh7agQezXfd38OSpm515oZDB6sH8jl +9ms
launcher:pool Reusing connection: backend=github, session=gUzHgIR4XIg9fTU5L58cfhq5EVGKh7agQezXfd38OSpm515oZDB6sH8jl, requests=77 +9ms
mcp:connection Dispatching SDK method: tools/call, serverID=github +9ms
mcp:connection callTool: parsed name=search_repositories, argumentCount=2 +337µs
guard:wasm Backend call failed: calling "tools/call": unknown tool "search_repositories" +6ms
guard:wasm [guard:github] ERROR: <<< call_backend FAILED with code -1 +388µs
guard:wasm [guard:github] WARN: Backend call search_repositories failed with code -1 +671µs
guard:wasm [guard:github] INFO:     desc=search_issues:apache/cloudstack +799µs
guard:wasm [guard:github] INFO:     secrecy=[] (public) +323µs
guard:wasm [guard:github] INFO:     integrity=["none:all"] +392µs
guard:wasm [guard:github] INFO:     operation=read +387µs
guard:wasm [guard:github] INFO: <<< label_resource returning 119 bytes +334µs
guard:wasm [guard:github] DEBUG: >>> dealloc(ptr=5302576, size=4194304) +370µs
guard:wasm [guard:github] DEBUG: <<< dealloc complete +361µs
guard:wasm [guard:github] DEBUG: >>> dealloc(ptr=2139552, size=156) +392µs
guard:wasm [guard:github] DEBUG: <<< dealloc complete +334µs
difc:labels Creating label with 0 initial tags: [] +20.4s
difc:labels Creating label with 1 initial tags: [none:all] +325µs
guard:wasm Parsed resource response: description="search_issues:apache/cloudstack", operation=read +1ms
server:unified [DIFC] Resource: search_issues:apache/cloudstack | Operation: read | Secrecy: [] | Integrity: [none:all] +11ms
difc:pipeline_decisions ShouldBypassCoarseDeny: operation=read, bypass=true +13.9s
difc:evaluator Evaluating access: operation=read, resource=search_issues:apache/cloudstack +13.9s
difc:evaluator Evaluating read access (mode=filter): resource=search_issues:apache/cloudstack, agentSecrecy=[], agentIntegrity=[none:all] +351µs
difc:evaluator Read access allowed: resource=search_issues:apache/cloudstack +325µs
server:unified [DIFC] Access ALLOWED for agent gUzHgIR4XIg9fTU5L58cfhq5EVGKh7agQezXfd38OSpm515oZDB6sH8jl to search_issues:apache/cloudstack +1ms
server:unified executeBackendToolCall: serverID=github, toolName=search_issues +325µs
launcher:launcher Checking session pool: serverID=github, sessionID=gUzHgIR4XIg9fTU5L58cfhq5EVGKh7agQezXfd38OSpm515oZDB6sH8jl +13ms
launcher:pool Reusing connection: backend=github, session=gUzHgIR4XIg9fTU5L58cfhq5EVGKh7agQezXfd38OSpm515oZDB6sH8jl, requests=78 +13ms
mcp:connection Dispatching SDK method: tools/call, serverID=github +13ms
mcp:connection callTool: parsed name=search_issues, argumentCount=4 +329µs
difc:pipeline_decisions ShouldCallLabelResponse: operation=read, mode=filter, result=true +1.0s
guard:wasm LabelResponse called: toolName=search_issues +1.0s
guard:context Retrieved request state from context +1.0s
guard:wasm label_response input JSON (291331 bytes): {"capabilities":{},"tool_args":{"order":"desc","perPage":30,"query":"repo:apache/cloudstack is:open is:issue","sort":"created"},"tool_name":"search_issues","tool_result":{"content":[{"text":"{\"total_count\":650,\"incomplete_results\":false,\"items\":[{\"id\":5612465324,\"number\":14251,\"state\":\"open\",\"locked\":false,\"title\":\"CKS Deployed with external ETCD is not secure\",\"body\":\"### problem\\n\\nWhen CKS provisions a Kubernetes cluster with external etcd, the generated\\nkubeadm configuration points the API server at etcd over plaintext HTTP with\\nno client-certificate authentication. The etcd client/peer endpoints are\\nserved as `http://` and the kubeadm `external` etcd block has empty\\n`caFile`, `certFile`, and `keyFile` values:\\n\\n    etcd:\\n      external:\\n        caFile: \\\"\\\"\\n        certFile: \\\"\\\"\\n        keyFile: \\\"\\\"\\n        endpoints:\\n        - http://10.x.x.x:2379\\n        - http://10.x.x.x:2379\\n        - http://10.x.x.x:2379\\n        httpEndpoints:\\n        - http://10.x.x.x:2379\\n        - http://10.x.x.x:2379\\n        - http://10.x.x.x:2379\\n\\nBecause etcd is the Kubernetes API server's unconditionally-trusted source of\\ntruth, any workload that can reach TCP 2379 can read and write cluster state\\nwithout authentication and over an unencrypted channel. This is effectively a\\nfull-cluster-compromise primitive: unauthenticated read of all Secrets and\\nunauthenticated write of arbitrary objects.\\nAs per Kubernetes Documentation here: https://kubernetes.io/docs/tasks/administer-cluster/configure-upgrade-etcd/#securing-etcd-clusters\\n\\n### versions\\n\\nCKS (CloudStack Kubernetes Service) — external etcd configuration \\n\\n### The steps to reproduce the bug\\n\\n# 1. Reachability to the etcd client port\\nnc -vz 10.x.x.x 2379\\n\\n# 2. etcd answers over cleartext HTTP (no TLS)\\ncurl -v http://10.x.x.x:2379/health\\n# -\\u003e {\\\"health\\\":\\\"true\\\"} over plain HTTP\\n\\n# 3. No client certificate required\\nETCDCTL_API=3 etcdctl \\\\\\n  --endpoints=http://10.x.x.x:2379,http://10.x.x.x:2379,http://10.x.x.x:2379 \\\\\\n  endpoint status --write-out=table\\nETCDCTL_API=3 etcdctl --endpoints=http://10.x.x.x:2379 member list --write-out=table\\n\\n# 4. Write access, proven non-destructively under a namespace k8s does not use,\\n#    then cleaned up (does NOT touch the /registry/ prefix):\\nETCDCTL_API=3 etcdctl --endpoints=http://10.x.x.x:2379 \\\\\\n  put /pentest/poc \\\"unauthenticated write proof\\\"\\nETCDCTL_API=3 etcdctl --endpoints=http://10.x.x.x:2379 get --prefix /pentest/\\nETCDCTL_API=3 etcdctl --endpoints=http://10.x.x.x:2379 del --prefix /pentest/\\n\\n# 5. Cleartext confirmation on the wire\\ntcpdump -i any -A -c 40 host 10.x.x.x and port 2379\\n\\n### What to do about it?\\n\\n**1. Immediate fix — mutual TLS on external etcd (this issue)**\\n\\nCKS should provision external etcd with TLS and client-certificate\\nauthentication, and populate the kubeadm `external` block with real key\\nmaterial instead of empty strings:\\n\\n    etcd:\\n      external:\\n        caFile: /etc/kubernetes/pki/etcd/ca.crt\\n        certFile: /etc/kubernetes/pki/apiserver-etcd-client.crt\\n        keyFile: /etc/kubernetes/pki/apiserver-etcd-client.key\\n        endpoints:\\n        - https://10.x.x.x:2379\\n        - https://10.x.x.x:2379\\n        - https://10.x.x.x:2379\\n\\n**2. Follow-up — automated certificate rotation (separate PR / issue)**\\n\\nIntroducing etcd mTLS adds certificates that expire, so the fix is only durable\\nif renewal is automated. Without it, clusters will silently drift toward an\\noutage when the etcd CA or the `apiserver-etcd-client` certificate lapses, and\\noperators may be tempted to revert to HTTP to \\\"make it work again\\\" — which would\\nreintroduce this exact vulnerability.\\n\",\"author_association\":\"NONE\",\"user\":{\"login\":\"mw-0\",\"id\":26769729,\"node_id\":\"MDQ6VXNlcjI2NzY5NzI5\",\"avatar_url\":\"https://avatars.githubusercontent.com/u/26769729?v=4\",\"html_url\":\"https://github.com/mw-0\",\"gravatar_id\":\"\",\"type\":\"User\",\"site_admin\":false,\"url\":\"https://api.github.com/users/mw-0\",\"events_url\":\"https://api.github.com/users/mw-0/events{/privacy}\",\"following_url\":\"https://api.github.com/users/mw-0/following{/other_user}\",\"followers_url\":\"https://api.github.com/users/mw-0/followers\",\"gists_url\":\"https://api.github.com/users/mw-0/gists{/gist_id}\",\"organizations_url\":\"https://api.github.com/users/mw-0/orgs\",\"received_events_url\":\"https://api.github.com/users/mw-0/received_events\",\"repos_url\":\"https://api.github.com/users/mw-0/repos\",\"starred_url\":\"https://api.github.com/users/mw-0/starred{/owner}{/repo}\",\"subscriptions_url\":\"https://api.github.com/users/mw-0/subscriptions\"},\"labels\":[{\"id\":11243221368,\"url\":\"https://api.github.com/repos/apache/cloudstack/labels/bug\",\"name\":\"bug\",\"color\":\"ededed\",\"default\":true,\"node_id\":\"LA_kwDOAJTq2M8AAAACniXxeA\"}],\"comments\":0,\"created_at\":\"2026-09-28T09:36:49Z\",\"updated_at\":\"2026-09-28T09:36:49Z\",\"url\":\"https://api.github.com/repos/apache/cloudstack/issues/14251\",\"html_url\":\"https://github.com/apache/cloudstack/issues/14251\",\"comments_url\":\"https://api.github.com/repos/apache/cloudstack/issues/14251/comments\",\"events_url\":\"https://api.github.com/repos/apache/cloudstack/issues/14251/events\",\"labels_url\":\"https://api.github.com/repos/apache/cloudstack/issues/14251/labels{/name}\",\"repository_url\":\"https://api.github.com/repos/apache/cloudstack\",\"reactions\":{\"total_count\":0,\"+1\":0,\"-1\":0,\"laugh\":0,\"confused\":0,\"heart\":0,\"hooray\":0,\"rocket\":0,\"eyes\":0,\"url\":\"https://api.github.com/repos/apache/cloudstack/issues/14251/reactions\"},\"node_id\":\"I_kwDOAJTq2M8AAAABTodsrA\"},{\"id\":5602620972,\"number\":14250,\"state\":\"open\",\"locked\":false,\"title\":\"[repo-status] CloudStack Weekly Status — 20–27 September 2026\",\"body\":\"## Weekly status: 20–27 September 2026 🌟\\n\\nCloudStack continues to make strong infrastructure progress this week, with a significant storage and migration capability merged into `main`.\\n\\n### Highlights\\n\\n- **VMware-to-KVM migration expanded:** commit [0a5bf30a](https://github.com/apache/cloudstack/commit/0a5bf30af32bdea5a209f3f993cbd6a43301d0f9) landed on 24 September, covering cold (VDDK) and warm (CBT) migration into **Ceph/RBD** and **Linstor**.\\n- **Import workflow improved:** `importVm` now adopts existing RBD root volumes and Linstor root/data volumes, reducing friction for migrations and existing-storage adoption.\\n- **Repository health:** the local `main` checkout is clean and aligned with `origin/main`.\\n\\n### Progress toward project goals\\n\\nThis work advances CloudStack’s interoperability and migration goals while broadening practical options for operators moving workloads from VMware to open storage backends. It also strengthens the path for incremental modernization without requiring every workload to be rebuilt from scratch.\\n\\n### Recommendations and next steps\\n\\n1. Exercise the cold and warm migration paths across representative Ceph/RBD and Linstor topologies, including failure and rollback scenarios.\\n2. Refresh migration and `importVm` documentation with prerequisites, supported combinations, and operator examples.\\n3. Track early adopter feedback and prioritize follow-up fixes for edge cases in volume adoption, networking, and post-migration validation.\\n4. Keep review and integration momentum high on related storage, hypervisor, and upgrade work.\\n\\n\\u003e Note: the GitHub issue/PR activity feed timed out during collection, so this report intentionally highlights only activity directly verified from the repository commit history and successfully retrieved metadata.\\n\\nThanks to everyone contributing to another productive week of CloudStack development! 🚀\\n\\n\\n\\n\\n\\u003e Generated by [Weekly Repo Status](https://github.com/apache/cloudstack/actions/runs/36318807044) · gpt56 196.9K · [◷](https://github.com/search?q=repo%3Aapache%2Fcloudstack+is%3Aissue+%22gh-aw-workflow-call-id%3A+apache%2Fcloudstack%2Fweekly-repo-status%22\\u0026type=issues)\\n\\u003e\\n\\u003cdetails\\u003e\\n\\u003csummary\\u003eAdd this agentic workflows to your repo\\u003c/summary\\u003e\\n\\nTo install this agentic workflow, run\\n\\n```\\ngh aw add githubnext/agentics/workflows/repo-status.md@main\\n```\\n\\u003c/details\\u003e\\n\\n\\n\\u003c!-- gh-aw-agentic-workflow: Weekly Repo Status, engine: copilot, version: 1.0.52, model: gpt-5.6-luna, id: 36318807044, workflow_id: weekly-repo-status, run: https://github.com/apache/cloudstack/actions/runs/36318807044 --\\u003e\\n\\n\\u003c!-- gh-aw-workflow-id: weekly-repo-status --\\u003e\\n\\u003c!-- gh-aw-workflow-call-id: apache/cloudstack/weekly-repo-status --\\u003e\",\"author_association\":\"NONE\",\"user\":{\"login\":\"github-actions[bot]\",\"id\":41898282,\"node_id\":\"MDM6Qm90NDE4OTgyODI=\",\"avatar_url\":\"https://avatars.githubusercontent.com/in/15368?v=4\",\"html_url\":\"https://github.com/apps/github-actions\",\"gravatar_id\":\"\",\"type\":\"Bot\",\"site_admin\":false,\"url\":\"https://api.github.com/users/github-actions%5Bbot%5D\",\"events_url\":\"https://api.github.com/users/github-actions%5Bbot%5D/events{/privacy}\",\"following_url\":\"https://api.github.com/users/github-actions%5Bbot%5D/following{/other_user}\",\"followers_url\":\"https://api.github.com/users/github-actions%5Bbot%5D/followers\",\"gists_url\":\"https://api.github.com/users/github-actions%5Bbot%5D/gists{/gist_id}\",\"organizations_url\":\"https://api.github.com/users/github-actions%5Bbot%5D/orgs\",\"received_events_url\":\"https://api.github.com/users/github-actions%5Bbot%5D/received_events\",\"repos_url\":\"https://api.github.com/users/github-actions%5Bbot%5D/repos\",\"starred_url\":\"https://api.github.com/users/github-actions%5Bbot%5D/starred{/owner}{/repo}\",\"subscriptions_url\":\"https://api.github.com/users/github-actions%5Bbot%5D/subscriptions\"},\"labels\":[{\"id\":11108839396,\"url\":\"https://api.github.com/repos/apache/cloudstack/labels/report\",\"name\":\"report\",\"color\":\"ededed\",\"default\":false,\"node_id\":\"LA_kwDOAJTq2M8AAAACliNv5A\"},{\"id\":11849802122,\"url\":\"https://api.github.com/repos/apache/cloudstack/labels/weekly-status\",\"name\":\"weekly-status\",\"color\":\"ededed\",\"default\":false,\"node_id\":\"LA_kwDOAJTq2M8AAAACwk2hig\"}],\"comments\":0,\"created_at\":\"2026-09-27T12:27:57Z\",\"updated_at\":\"2026-09-27T12:27:57Z\",\"url\":\"https://api.github.com/repos/apache/cloudstack/issues/14250\",\"html_url\":\"https://github.com/apache/cloudstack/issues/14250\",\"comments_url\":\"https://api.github.com/repos/apache/cloudstack/issues/14250/comments\",\"events_url\":\"https://api.github.com/repos/apache/cloudstack/issues/14250/events\",\"labels_url\":\"https://api.github.com/repos/apache/cloudstack/issues/14250/labels{/name}\",\"repository_url\":\"https://api.github.com/repos/apache/cloudstack\",\"reactions\":{\"total_count\":0,\"+1\":0,\"-1\":0,\"laugh\":0,\"confused\":0,\"heart\":0,\"hooray\":0,\"rocket\":0,\"eyes\":0,\"url\":\"https://api.github.com/repos/apache/cloudstack/issues/14250/reactions\"},\"node_id\":\"I_kwDOAJTq2M8AAAABTfE2LA\"},{\"id\":5582821606,\"number\":14248,\"state\":\"open\",\"locked\":false,\"title\":\"listPublicIpAddresses NullPointerException on shared networks with a VR (4.22)\",\"body\":\"### problem\\n\\nOn 4.22.1.0, listPublicIpAddresses with forvirtualnetwork=false sometimes fails with a 530:\\n\\n\\n```\\n2026-09-25 06:50:01,162 ERROR [c.c.a.ApiServer] (qtp2038105753-72330:[ctx-762cfe49, ctx-ac3b837a, ctx-e861c603]) (logid:e972f310) unhandled exception executing api command: [Ljava.lang.String;@4e95c7d5 java.lang.NullPointerException: Cannot invoke \\\"java.lang.Long.longValue()\\\" because \\\"this.instanceId\\\" is null\\n2026-09-25 06:50:01,165 INFO  [a.c.c.a.ApiServlet] (qtp2038105753-72330:[ctx-762cfe49, ctx-ac3b837a, ctx-e861c603]) (logid:e972f310) (userId=8 accountId=2 sessionId=null) 0:0:0:0:0:0:0:1 -- GET allocatedonly=false\\u0026apikey=\\u003credacted\\u003e\\u0026command=listPublicIpAddresses\\u0026forvirtualnetwork=false\\u0026listall=true\\u0026page=1\\u0026pagesize=500\\u0026response=json\\u0026signature=\\u003credacted\\u003e 530 Cannot invoke \\\"java.lang.Long.longValue()\\\" because \\\"this.instanceId\\\" is null\\n```\\nThe same request succeeds on some attempts and fails on others.\\n\\nIt looks like the DomainRouter branch added to ApiResponseHelper.showVmInfoForSharedNetworks() in #10458 is hitting the VR's placeholder NIC, which has a null instance_id. Our shared network has two NIC rows for the VR's IP (the placeholder and the real one), and the NIC lookup can return either, which would explain why it's intermittent. It seems to be the same or a similar problem as #8622, which #8624 fixed for the system VM branch.\\n\\n### versions\\n\\nACS 4.22.1.0, KVM, advanced zone. The shared network offering uses VirtualRouter for DHCP, DNS and UserData.\\n\\n### The steps to reproduce the bug\\n\\n1. Create a shared network whose offering uses VirtualRouter for DHCP/DNS, and deploy a VM on it so the VR starts.\\n2. As admin, call listPublicIpAddresses networkid=\\u003cnetwork\\u003e forvirtualnetwork=false a few times.\\n3. Some calls fail with the NPE above.\\n\\n### What to do about it?\\n\\nfindNonPlaceHolderByIp4AddressAndNetworkId() looks to skip placeholder IP addresses, so should be able to change this line in ApiResponseHelper.java:\\n\\nChange:\\n```\\n        if (!forVirtualNetworks) {\\n            NicVO nic = ApiDBUtils.findByIp4AddressAndNetworkId(ipAddr.getAddress().toString(), ipAddr.getNetworkId());\\n```\\n\\nTo:\\n```\\n        if (!forVirtualNetworks) {\\n            NicVO nic = ApiDBUtils.findNonPlaceHolderByIp4AddressAndNetworkId(ipAddr.getAddress().toString(), ipAddr.getNetworkId());\\n```\",\"author_association\":\"NONE\",\"user\":{\"login\":\"MitchDrage\",\"id\":25337396,\"node_id\":\"MDQ6VXNlcjI1MzM3Mzk2\",\"avatar_url\":\"https://avatars.githubusercontent.com/u/25337396?v=4\",\"html_url\":\"https://github.com/MitchDrage\",\"gravatar_id\":\"\",\"type\":\"User\",\"site_admin\":false,\"url\":\"https://api.github.com/users/MitchDrage\",\"events_url\":\"https://api.github.com/users/MitchDrage/events{/privacy}\",\"following_url\":\"https://api.github.com/users/MitchDrage/following{/other_user}\",\"followers_url\":\"https://api.github.com/users/MitchDrage/followers\",\"gists_url\":\"https://api.github.com/users/MitchDrage/gists{/gist_id}\",\"organizations_url\":\"https://api.github.com/users/MitchDrage/orgs\",\"received_events_url\":\"https://api.github.com/users/MitchDrage/received_events\",\"repos_url\":\"https://api.github.com/users/MitchDrage/repos\",\"starred_url\":\"https://api.github.com/users/MitchDrage/starred{/owner}{/repo}\",\"subscriptions_url\":\"https://api.github.com/users/MitchDrage/subscriptions\"},\"labels\":[{\"id\":11243221368,\"url\":\"https://api.github.com/repos/apache/cloudstack/labels/bug\",\"name\":\"bug\",\"color\":\"ededed\",\"default\":true,\"node_id\":\"LA_kwDOAJTq2M8AAAACniXxeA\"}],\"comments\":0,\"created_at\":\"2026-09-25T12:32:33Z\",\"updated_at\":\"2026-09-25T12:32:33Z\",\"url\":\"https://api.github.com/repos/apache/cloudstack/issues/14248\",\"html_url\":\"https://github.com/apache/cloudstack/issues/14248\",\"comments_url\":\"https://api.github.com/repos/apache/cloudstack/issues/14248/comments\",\"events_url\":\"https://api.github.com/repos/apache/cloudstack/issues/14248/events\",\"labels_url\":\"https://api.github.com/repos/apache/cloudstack/issues/14248/labels{/name}\",\"repository_url\":\"https://api.github.com/repos/apache/cloudstack\",\"reactions\":{\"total_count\":0,\"+1\":0,\"-1\":0,\"laugh\":0,\"confused\":0,\"heart\":0,\"hooray\":0,\"rocket\":0,\"eyes\":0,\"url\":\"https://api.github.com/repos/apache/cloudstack/issues/14248/reactions\"},\"node_id\":\"I_kwDOAJTq2M8AAAABTMMY5g\"},{\"id\":5571337921,\"number\":14244,\"state\":\"open\",\"locked\":false,\"title\":\"CKS: upgradeKubernetesCluster fails on control node when binaries ISO ships headlamp.yaml instead of dashboard.yaml\",\"body\":\"### problem\\n\\nSince 4.23, create-kubernetes-binaries-iso.sh packages the Headlamp dashboard as headlamp.yaml\\ninstead of dashboard.yaml. The cluster create path (k8s-control-node.yml) handles both files,\\nbut upgrade-kubernetes.sh still hardcodes:\\n\\n    /opt/bin/kubectl apply -f ${BINARIES_DIR}/dashboard.yaml\\n\\nThe script runs with bash -e, so on the first control node it exits non-zero after kubeadm\\nupgrade apply and the kubelet swap have already succeeded. The worker retries\\n(cloud.kubernetes.cluster.upgrade.retries) and then fails the job, leaving the control node\\non the new version but cordoned, the workers on the old version, the cluster in Alert,\\nand the DB still recording the old version.\\n\\nManagement server log:\\n  SSH execution of command sudo ./upgrade-kubernetes.sh\\u003crand\\u003e.sh 1.36.0 true false false true\\n  has an error status code in return. Result output: Installing binaries from /mnt/k8sdisk/\\n  Failed to upgrade Kubernetes cluster : single, unable to upgrade Kubernetes node on VM : single-control-...\\n\\nRunning the script by hand on the control node shows:\\n  error: the path \\\"/mnt/k8sdisk//dashboard.yaml\\\" does not exist\\n\\nISO contents:\\n  10-kubeadm.conf autoscaler.yaml cni cri-tools docker headlamp.yaml k8s kubelet.service\\n  manifest.yaml network.yaml provider.yaml snapshot-crds.yaml\\n\\n### versions\\n\\nACS 4.23.0.0 (also present on main at 0a5bf30)\\nKubernetes upgrade 1.35.8 -\\u003e 1.36.0, ISO built with the 4.23 create-kubernetes-binaries-iso.sh\\nHypervisor: kvm Network: isolated..\\n\\n### The steps to reproduce the bug\\n\\n1. Build and register a Kubernetes version ISO with the 4.23 create-kubernetes-binaries-iso.sh (contains headlamp.yaml)\\n2. Deploy a CKS cluster on the previous minor version\\n3. Call upgradeKubernetesCluster to the new version\\n4. Job fails on the first control node; kubectl get nodes shows control on new version, SchedulingDisabled\\n\\n### What to do about it?\\n\\nMake upgrade-kubernetes.sh use the same fallback as k8s-control-node.yml: apply headlamp.yaml\\nif present, else dashboard.yaml, else warn. I'll open a PR. Workaround: patch\\nscript/upgrade-kubernetes.sh inside the management server jar and restart.\\nI already have tested a fix and will put in a PR.\",\"author_association\":\"NONE\",\"user\":{\"login\":\"mw-0\",\"id\":26769729,\"node_id\":\"MDQ6VXNlcjI2NzY5NzI5\",\"avatar_url\":\"https://avatars.githubusercontent.com/u/26769729?v=4\",\"html_url\":\"https://github.com/mw-0\",\"gravatar_id\":\"\",\"type\":\"User\",\"site_admin\":false,\"url\":\"https://api.github.com/users/mw-0\",\"events_url\":\"https://api.github.com/users/mw-0/events{/privacy}\",\"following_url\":\"https://api.github.com/users/mw-0/following{/other_user}\",\"followers_url\":\"https://api.github.com/users/mw-0/followers\",\"gists_url\":\"https://api.github.com/users/mw-0/gists{/gist_id}\",\"organizations_url\":\"https://api.github.com/users/mw-0/orgs\",\"received_events_url\":\"https://api.github.com/users/mw-0/received_events\",\"repos_url\":\"https://api.github.com/users/mw-0/repos\",\"starred_url\":\"https://api.github.com/users/mw-0/starred{/owner}{/repo}\",\"subscriptions_url\":\"https://api.github.com/users/mw-0/subscriptions\"},\"labels\":[{\"id\":11243221368,\"url\":\"https://api.github.com/repos/apache/cloudstack/labels/bug\",\"name\":\"bug\",\"color\":\"ededed\",\"default\":true,\"node_id\":\"LA_kwDOAJTq2M8AAAACniXxeA\"}],\"comments\":1,\"created_at\":\"2026-09-24T16:23:46Z\",\"updated_at\":\"2026-09-24T16:23:50Z\",\"url\":\"https://api.github.com/repos/apache/cloudstack/issues/14244\",\"html_url\":\"https://github.com/apache/cloudstack/issues/14244\",\"comments_url\":\"https://api.github.com/repos/apache/cloudstack/issues/14244/comments\",\"events_url\":\"https://api.github.com/repos/apache/cloudstack/issues/14244/events\",\"labels_url\":\"https://api.github.com/repos/apache/cloudstack/issues/14244/labels{/name}\",\"repository_url\":\"https://api.github.com/repos/apache/cloudstack\",\"reactions\":{\"total_count\":0,\"+1\":0,\"-1\":0,\"laugh\":0,\"confused\":0,\"heart\":0,\"hooray\":0,\"rocket\":0,\"eyes\":0,\"url\":\"https://api.github.com/repos/apache/cloudstack/issues/14244/reactions\"},\"node_id\":\"I_kwDOAJTq2M8AAAABTBPewQ\"},{\"id\":5570090892,\"number\":14242,\"state\":\"open\",\"state_reason\":\"reopened\",\"locked\":false,\"title\":\"Automatic HTTP retries and 50-second timeouts\",\"body\":\"Hi Team,\\n\\nWe are observing an issue where long-running HTTP POST requests taking over 50 seconds are being terminated with an HTTP 499 status code and automatically retried every 50 seconds with the identical x_request_id.\\n\\nOur analysis shows that the 50-second timeout and retry loop are being triggered by the CloudStack Virtual Router's default HAProxy configuration (timeout server 50s and retries 3) on the Load Balancer service.\\n\\n\\n\\n**kv-dev logs --tail 100 -f  nginx-666b6675d8-m7qpt|grep \\\"POST /v2/cr\\\"\\n10.1.1.1 - - [24/Sep/2026:12:09:27 +0000] \\\"POST /v2/cr/tenants/b8d1dc4d-5961-4ff9-9eeb-a36d2f73f1bb/call_reports HTTP/1.1\\\" 499 0 \\\"https://vvstei.com/app/reports/callReports\\\" \\\"Mozilla/5.0 (Linux; Android 15; Pixel 9) AppleWebKit/537.36 (KHTML, like Gecko) Chrome/150.0.0.0 Mobile Safari/537.36\\\" x_forwarded_for=\\\"-\\\" x_request_id=\\\"534d2a13-15b6-46c0-ad9c-291f73c55053\\\" request_time=\\\"50.002\\\" upstream_addr=\\\"10.105.79.92:9080\\\" upstream_status=\\\"-\\\" upstream_response_time=\\\"50.002\\\"real_ip=\\\"-\\\" \\n10.1.1.1 - - [24/Sep/2026:12:10:17 +0000] \\\"POST /v2/cr/tenants/b8d1dc4d-5961-4ff9-9eeb-a36d2f73f1bb/call_reports HTTP/1.1\\\" 499 0 \\\"https://vvstei.comreports/callReports\\\" \\\"Mozilla/5.0 (Linux; Android 15; Pixel 9) AppleWebKit/537.36 (KHTML, like Gecko) Chrome/150.0.0.0 Mobile Safari/537.36\\\" x_forwarded_for=\\\"-\\\" x_request_id=\\\"534d2a13-15b6-46c0-ad9c-291f73c55053\\\" request_time=\\\"50.001\\\" upstream_addr=\\\"10.105.79.92:9080\\\" upstream_status=\\\"-\\\" upstream_response_time=\\\"50.001\\\"real_ip=\\\"-\\\" \\n10.1.1.1 - - [24/Sep/2026:12:11:07 +0000] \\\"POST /v2/cr/tenants/b8d1dc4d-5961-4ff9-9eeb-a36d2f73f1bb/call_reports HTTP/1.1\\\" 499 0 \\\"https://vvstei.com/reports/callReports\\\" \\\"Mozilla/5.0 (Linux; Android 15; Pixel 9) AppleWebKit/537.36 (KHTML, like Gecko) Chrome/150.0.0.0 Mobile Safari/537.36\\\" x_forwarded_for=\\\"-\\\" x_request_id=\\\"534d2a13-15b6-46c0-ad9c-291f73c55053\\\" request_time=\\\"50.003\\\" upstream_addr=\\\"10.105.79.92:9080\\\" upstream_status=\\\"-\\\" upstream_response_time=\\\"50.001\\\"real_ip=\\\"-\\\"** \\n\\n\\n\\nCould you please assist us with one of the following solutions?\\n\\nUpdate HAProxy settings on the Virtual Router:\\n\\nIncrease timeout server and timeout client to 900s (15 minutes).\\n\\nSet retries to 0.\\n\\nAlternatively:\\n\\nProvide guidance or update the CloudStack global parameters (haproxy.timeout.server) for the Virtual Router offering.\\n\\nPlease let us know if you need any additional logs or details.\\n\\nThanks,\",\"author_association\":\"NONE\",\"user\":{\"login\":\"vishnuvs369\",\"id\":54799446,\"node_id\":\"MDQ6VXNlcjU0Nzk5NDQ2\",\"avatar_url\":\"https://avatars.githubusercontent.com/u/54799446?v=4\",\"html_url\":\"https://github.com/vishnuvs369\",\"gravatar_id\":\"\",\"type\":\"User\",\"site_admin\":false,\"url\":\"https://api.github.com/users/vishnuvs369\",\"events_url\":\"https://api.github.com/users/vishnuvs369/events{/privacy}\",\"following_url\":\"https://api.github.com/users/vishnuvs369/following{/other_user}\",\"followers_url\":\"https://api.github.com/users/vishnuvs369/followers\",\"gists_url\":\"https://api.github.com/users/vishnuvs369/gists{/gist_id}\",\"organizations_url\":\"https://api.github.com/users/vishnuvs369/orgs\",\"received_events_url\":\"https://api.github.com/users/vishnuvs369/received_events\",\"repos_url\":\"https://api.github.com/users/vishnuvs369/repos\",\"starred_url\":\"https://api.github.com/users/vishnuvs369/starred{/owner}{/repo}\",\"subscriptions_url\":\"https://api.github.com/users/vishnuvs369/subscriptions\"},\"labels\":[{\"id\":37843366,\"url\":\"https://api.github.com/repos/apache/cloudstack/labels/type:enhancement\",\"name\":\"type:enhancement\",\"color\":\"84b6eb\",\"description\":\"\",\"default\":false,\"node_id\":\"MDU6TGFiZWwzNzg0MzM2Ng==\"},{\"id\":584073391,\"url\":\"https://api.github.com/repos/apache/cloudstack/labels/component:virtual-router\",\"name\":\"component:virtual-router\",\"color\":\"ffaaeb\",\"description\":\"\",\"default\":false,\"node_id\":\"MDU6TGFiZWw1ODQwNzMzOTE=\"},{\"id\":592559219,\"url\":\"https://api.github.com/repos/apache/cloudstack/labels/component:networking\",\"name\":\"component:networking\",\"color\":\"f9d0c4\",\"description\":\"\",\"default\":false,\"node_id\":\"MDU6TGFiZWw1OTI1NTkyMTk=\"}],\"comments\":2,\"created_at\":\"2026-09-24T14:44:28Z\",\"updated_at\":\"2026-09-28T13:03:09Z\",\"url\":\"https://api.github.com/repos/apache/cloudstack/issues/14242\",\"html_url\":\"https://github.com/apache/cloudstack/issues/14242\",\"comments_url\":\"https://api.github.com/repos/apache/cloudstack/issues/14242/comments\",\"events_url\":\"https://api.github.com/repos/apache/cloudstack/issues/14242/events\",\"labels_url\":\"https://api.github.com/repos/apache/cloudstack/issues/14242/labels{/name}\",\"repository_url\":\"https://api.github.com/repos/apache/cloudstack\",\"reactions\":{\"total_count\":0,\"+1\":0,\"-1\":0,\"laugh\":0,\"confused\":0,\"heart\":0,\"hooray\":0,\"rocket\":0,\"eyes\":0,\"url\":\"https://api.github.com/repos/apache/cloudstack/issues/14242/reactions\"},\"node_id\":\"I_kwDOAJTq2M8AAAABTADXjA\"},{\"id\":5567637365,\"number\":14241,\"state\":\"open\",\"locked\":false,\"title\":\"[JAVA] Move to JDK21\",\"body\":\"### The required feature described as a wish\\n\\nCloudStack now runs on JDK 17, strict requirement.\\n\\nJDK 17 is EoL this September (Oracle) and in less than a 1y with other \\\"providers\\\":\\n\\nVendor Support End Dates for OpenJDK 17\\n- Oracle JDK 17: Premier Support ends on September 30, 2026 (with Extended Support running through September 30, 2029).\\n- Microsoft Build of OpenJDK 17: Supported until September 30, 2027.\\n- Eclipse Temurin (Adoptium): Supported until at least October 31, 2027.\\n- Red Hat build of OpenJDK 17: Supported until December 31, 2027.\\n\\nJDK25 is too cutting-edge and has a narrow ecosystem, so the recommended LTS to switch to is  JDK 21.\",\"author_association\":\"CONTRIBUTOR\",\"user\":{\"login\":\"andrijapanicsb\",\"id\":45762285,\"node_id\":\"MDQ6VXNlcjQ1NzYyMjg1\",\"avatar_url\":\"https://avatars.githubusercontent.com/u/45762285?v=4\",\"html_url\":\"https://github.com/andrijapanicsb\",\"gravatar_id\":\"\",\"type\":\"User\",\"site_admin\":false,\"url\":\"https://api.github.com/users/andrijapanicsb\",\"events_url\":\"https://api.github.com/users/andrijapanicsb/events{/privacy}\",\"following_url\":\"https://api.github.com/users/andrijapanicsb/following{/other_user}\",\"followers_url\":\"https://api.github.com/users/andrijapanicsb/followers\",\"gists_url\":\"https://api.github.com/users/andrijapanicsb/gists{/gist_id}\",\"organizations_url\":\"https://api.github.com/users/andrijapanicsb/orgs\",\"received_events_url\":\"https://api.github.com/users/andrijapanicsb/received_events\",\"repos_url\":\"https://api.github.com/users/andrijapanicsb/repos\",\"starred_url\":\"https://api.github.com/users/andrijapanicsb/starred{/owner}{/repo}\",\"subscriptions_url\":\"https://api.github.com/users/andrijapanicsb/subscriptions\"},\"labels\":[{\"id\":4008138977,\"url\":\"https://api.github.com/repos/apache/cloudstack/labels/java\",\"name\":\"java\",\"color\":\"ffa221\",\"description\":\"Pull requests that update Java code\",\"default\":false,\"node_id\":\"LA_kwDOAJTq2M7u51jh\"}],\"assignee\":{\"login\":\"andrijapanicsb\",\"id\":45762285,\"node_id\":\"MDQ6VXNlcjQ1NzYyMjg1\",\"avatar_url\":\"https://avatars.githubusercontent.com/u/45762285?v=4\",\"html_url\":\"https://github.com/andrijapanicsb\",\"gravatar_id\":\"\",\"type\":\"User\",\"site_admin\":false,\"url\":\"https://api.github.com/users/andrijapanicsb\",\"events_url\":\"https://api.github.com/users/andrijapanicsb/events{/privacy}\",\"following_url\":\"https://api.github.com/users/andrijapanicsb/following{/other_user}\",\"followers_url\":\"https://api.github.com/users/andrijapanicsb/followers\",\"gists_url\":\"https://api.github.com/users/andrijapanicsb/gists{/gist_id}\",\"organizations_url\":\"https://api.github.com/users/andrijapanicsb/orgs\",\"received_events_url\":\"https://api.github.com/users/andrijapanicsb/received_events\",\"repos_url\":\"https://api.github.com/users/andrijapanicsb/repos\",\"starred_url\":\"https://api.github.com/users/andrijapanicsb/starred{/owner}{/repo}\",\"subscriptions_url\":\"https://api.github.com/users/andrijapanicsb/subscriptions\"},\"comments\":7,\"created_at\":\"2026-09-24T11:32:28Z\",\"updated_at\":\"2026-09-28T13:38:06Z\",\"url\":\"https://api.github.com/repos/apache/cloudstack/issues/14241\",\"html_url\":\"https://github.com/apache/cloudstack/issues/14241\",\"comments_url\":\"https://api.github.com/repos/apache/cloudstack/issues/14241/comments\",\"events_url\":\"https://api.github.com/repos/apache/cloudstack/issues/14241/events\",\"labels_url\":\"https://api.github.com/repos/apache/cloudstack/issues/14241/labels{/name}\",\"repository_url\":\"https://api.github.com/repos/apache/cloudstack\",\"milestone\":{\"url\":\"https://api.github.com/repos/apache/cloudstack/milestones/50\",\"html_url\":\"https://github.com/apache/cloudstack/milestone/50\",\"labels_url\":\"https://api.github.com/repos/apache/cloudstack/milestones/50/labels\",\"id\":17262972,\"number\":50,\"state\":\"open\",\"title\":\"25.0\",\"description\":\"\",\"creator\":{\"login\":\"DaanHoogland\",\"id\":2486961,\"node_id\":\"MDQ6VXNlcjI0ODY5NjE=\",\"avatar_url\":\"https://avatars.githubusercontent.com/u/2486961?v=4\",\"html_url\":\"https://github.com/DaanHoogland\",\"gravatar_id\":\"\",\"type\":\"User\",\"site_admin\":false,\"url\":\"https://api.github.com/users/DaanHoogland\",\"events_url\":\"https://api.github.com/users/DaanHoogland/events{/privacy}\",\"following_url\":\"https://api.github.com/users/DaanHoogland/following{/other_user}\",\"followers_url\":\"https://api.github.com/users/DaanHoogland/followers\",\"gists_url\":\"https://api.github.com/users/DaanHoogland/gists{/gist_id}\",\"organizations_url\":\"https://api.github.com/users/DaanHoogland/orgs\",\"received_events_url\":\"https://api.github.com/users/DaanHoogland/received_events\",\"repos_url\":\"https://api.github.com/users/DaanHoogland/repos\",\"starred_url\":\"https://api.github.com/users/DaanHoogland/starred{/owner}{/repo}\",\"subscriptions_url\":\"https://api.github.com/users/DaanHoogland/subscriptions\"},\"open_issues\":1,\"closed_issues\":0,\"created_at\":\"2026-08-12T14:21:17Z\",\"updated_at\":\"2026-09-24T11:33:42Z\",\"node_id\":\"MI_kwDOAJTq2M4BB2l8\"},\"reactions\":{\"total_count\":0,\"+1\":0,\"-1\":0,\"laugh\":0,\"confused\":0,\"heart\":0,\"hooray\":0,\"rocket\":0,\"eyes\":0,\"url\":\"https://api.github.com/repos/apache/cloudstack/issues/14241/reactions\"},\"assignees\":[{\"login\":\"DaanHoogland\",\"id\":2486961,\"node_id\":\"MDQ6VXNlcjI0ODY5NjE=\",\"avatar_url\":\"https://avatars.githubusercontent.com/u/2486961?v=4\",\"html_url\":\"https://github.com/DaanHoogland\",\"gravatar_id\":\"\",\"type\":\"User\",\"site_admin\":false,\"url\":\"https://api.github.com/users/DaanHoogland\",\"events_url\":\"https://api.github.com/users/DaanHoogland/events{/privacy}\",\"following_url\":\"https://api.github.com/users/DaanHoogland/following{/other_user}\",\"followers_url\":\"https://api.github.com/users/DaanHoogland/followers\",\"gists_url\":\"https://api.github.com/users/DaanHoogland/gists{/gist_id}\",\"organizations_url\":\"https://api.github.com/users/DaanHoogland/orgs\",\"received_events_url\":\"https://api.github.com/users/DaanHoogland/received_events\",\"repos_url\":\"https://api.github.com/users/DaanHoogland/repos\",\"starred_url\":\"https://api.github.com/users/DaanHoogland/starred{/owner}{/repo}\",\"subscriptions_url\":\"https://api.github.com/users/DaanHoogland/subscriptions\"},{\"login\":\"nvazquez\",\"id\":5295080,\"node_id\":\"MDQ6VXNlcjUyOTUwODA=\",\"avatar_url\":\"https://avatars.githubusercontent.com/u/5295080?v=4\",\"html_url\":\"https://github.com/nvazquez\",\"gravatar_id\":\"\",\"type\":\"User\",\"site_admin\":false,\"url\":\"https://api.github.com/users/nvazquez\",\"events_url\":\"https://api.github.com/users/nvazquez/events{/privacy}\",\"following_url\":\"https://api.github.com/users/nvazquez/following{/other_user}\",\"followers_url\":\"https://api.github.com/users/nvazquez/followers\",\"gists_url\":\"https://api.github.com/users/nvazquez/gists{/gist_id}\",\"organizations_url\":\"https://api.github.com/users/nvazquez/orgs\",\"received_events_url\":\"https://api.github.com/users/nvazquez/received_events\",\"repos_url\":\"https://api.github.com/users/nvazquez/repos\",\"starred_url\":\"https://api.github.com/users/nvazquez/starred{/owner}{/repo}\",\"subscriptions_url\":\"https://api.github.com/users/nvazquez/subscriptions\"},{\"login\":\"sureshanaparti\",\"id\":12028987,\"node_id\":\"MDQ6VXNlcjEyMDI4OTg3\",\"avatar_url\":\"https://avatars.githubusercontent.com/u/12028987?v=4\",\"html_url\":\"https://github.com/sureshanaparti\",\"gravatar_id\":\"\",\"type\":\"User\",\"site_admin\":false,\"url\":\"https://api.github.com/users/sureshanaparti\",\"events_url\":\"https://api.github.com/users/sureshanaparti/events{/privacy}\",\"following_url\":\"https://api.github.com/users/sureshanaparti/following{/other_user}\",\"followers_url\":\"https://api.github.com/users/sureshanaparti/followers\",\"gists_url\":\"https://api.github.com/users/sureshanaparti/gists{/gist_id}\",\"organizations_url\":\"https://api.github.com/users/sureshanaparti/orgs\",\"received_events_url\":\"https://api.github.com/users/sureshanaparti/received_events\",\"repos_url\":\"https://api.github.com/users/sureshanaparti/repos\",\"starred_url\":\"https://api.github.com/users/sureshanaparti/starred{/owner}{/repo}\",\"subscriptions_url\":\"https://api.github.com/users/sureshanaparti/subscriptions\"},{\"login\":\"andrijapanicsb\",\"id\":45762285,\"node_id\":\"MDQ6VXNlcjQ1NzYyMjg1\",\"avatar_url\":\"https://avatars.githubusercontent.com/u/45762285?v=4\",\"html_url\":\"https://github.com/andrijapanicsb\",\"gravatar_id\":\"\",\"type\":\"User\",\"site_admin\":false,\"url\":\"https://api.github.com/users/andrijapanicsb\",\"events_url\":\"https://api.github.com/users/andrijapanicsb/events{/privacy}\",\"following_url\":\"https://api.github.com/users/andrijapanicsb/following{/other_user}\",\"followers_url\":\"https://api.github.com/users/andrijapanicsb/followers\",\"gists_url\":\"https://api.github.com/users/andrijapanicsb/gists{/gist_id}\",\"organizations_url\":\"https://api.github.com/users/andrijapanicsb/orgs\",\"received_events_url\":\"https://api.github.com/users/andrijapanicsb/received_events\",\"repos_url\":\"https://api.github.com/users/andrijapanicsb/repos\",\"starred_url\":\"https://api.github.com/users/andrijapanicsb/starred{/owner}{/repo}\",\"subscriptions_url\":\"https://api.github.com/users/andrijapanicsb/subscriptions\"}],\"node_id\":\"I_kwDOAJTq2M8AAAABS9tndQ\"},{\"id\":5560838533,\"number\":14239,\"state\":\"open\",\"locked\":false,\"title\":\"ACS not compatible with ECC (Elliptic Curve Cryptography) certificates.\",\"body\":\"### problem\\n\\nApparently, ACS is only capable of loading RSA certificates/keys and fails when using the more modern ECC (Elliptic Curve Cryptography).\\n\\n\\u003cimg width=\\\"1120\\\" height=\\\"274\\\" alt=\\\"Image\\\" src=\\\"https://github.com/user-attachments/assets/8599f999-e4a0-458c-af20-e76dfeef32bd\\\" /\\u003e\\n\\nI hope this adds value to the project. Regards,\\n\\n### versions\\n\\nAll versions.\\n\\n### The steps to reproduce the bug\\n\\n1. Use CloudMonkey to upload a custom ECC certificate.\\n\\n### What to do about it?\\n\\nDowngraded my automation to issue an RSA certificate instead :-/\",\"author_association\":\"NONE\",\"user\":{\"login\":\"davift\",\"id\":73488542,\"node_id\":\"MDQ6VXNlcjczNDg4NTQy\",\"avatar_url\":\"https://avatars.githubusercontent.com/u/73488542?v=4\",\"html_url\":\"https://github.com/davift\",\"gravatar_id\":\"\",\"type\":\"User\",\"site_admin\":false,\"url\":\"https://api.github.com/users/davift\",\"events_url\":\"https://api.github.com/users/davift/events{/privacy}\",\"following_url\":\"https://api.github.com/users/davift/following{/other_user}\",\"followers_url\":\"https://api.github.com/users/davift/followers\",\"gists_url\":\"https://api.github.com/users/davift/gists{/gist_id}\",\"organizations_url\":\"https://api.github.com/users/davift/orgs\",\"received_events_url\":\"https://api.github.com/users/davift/received_events\",\"repos_url\":\"https://api.github.com/users/davift/repos\",\"starred_url\":\"https://api.github.com/users/davift/starred{/owner}{/repo}\",\"subscriptions_url\":\"https://api.github.com/users/davift/subscriptions\"},\"labels\":[{\"id\":11243221368,\"url\":\"https://api.github.com/repos/apache/cloudstack/labels/bug\",\"name\":\"bug\",\"color\":\"ededed\",\"default\":true,\"node_id\":\"LA_kwDOAJTq2M8AAAACniXxeA\"}],\"comments\":0,\"created_at\":\"2026-09-23T23:33:57Z\",\"updated_at\":\"2026-09-23T23:37:00Z\",\"url\":\"https://api.github.com/repos/apache/cloudstack/issues/14239\",\"html_url\":\"https://github.com/apache/cloudstack/issues/14239\",\"comments_url\":\"https://api.github.com/repos/apache/cloudstack/issues/14239/comments\",\"events_url\":\"https://api.github.com/repos/apache/cloudstack/issues/14239/events\",\"labels_url\":\"https://api.github.com/repos/apache/cloudstack/issues/14239/labels{/name}\",\"repository_url\":\"https://api.github.com/repos/apache/cloudstack\",\"reactions\":{\"total_count\":0,\"+1\":0,\"-1\":0,\"laugh\":0,\"confused\":0,\"heart\":0,\"hooray\":0,\"rocket\":0,\"eyes\":0,\"url\":\"https://api.github.com/repos/apache/cloudstack/issues/14239/reactions\"},\"node_id\":\"I_kwDOAJTq2M8AAAABS3OphQ\"},{\"id\":5558302746,\"number\":14235,\"state\":\"open\",\"locked\":false,\"title\":\"Multi-arch zone: system VM arch-fallback leaves an orphaned ROOT volume, making the system VM unstartable on every host\",\"body\":\"### problem\\n\\nIn a multi-arch zone (aarch64 + x86_64 clusters), if a system VM (SSVM/CPVM) cannot be\\ndeployed on the architecture chosen by `system.vm.preferred.architecture`, CloudStack retries\\nallocation using the other architecture's SystemVM template — logged as *\\\"Retrying with another\\ntemplate\\\"*. A ROOT volume has already been created for the first template at that point, and\\nafter the retry the VM has **two ROOT volumes, both at `device_id = 0`**, one per architecture.\\nNothing in the logs shows the first volume being released.\\n\\nEvery subsequent start attempt produces libvirt domain XML with two disks on target `vda`,\\nwhich libvirt rejects:\\n\\n```\\nXML error: target 'vda' duplicated for disk sources '\\u003cVOL_X86_UUID\\u003e' and '\\u003cVOL_AARCH64_UUID\\u003e'\\n```\\n\\nThe system VM therefore cannot start on **any** host of **either** architecture, and enters a\\npermanent create → fail → destroy → recreate loop.\\n\\n### Impact\\n\\nLosing all hosts of the preferred architecture in a mixed-arch zone leaves the zone unable to\\nrun system VMs at all — no SSVM (no template/ISO/snapshot operations) and no CPVM (no console\\naccess) — even though healthy hosts of the other architecture and a ready SystemVM template\\nfor that architecture are available. The zone does not self-heal.\\n\\n### Determinism\\n\\nReproduced on every recreation attempt (VM ids 235, 236, 241, 242, 243). Control cases confirm\\nthe inverse: VMs allocated without hitting the fallback path (239, 240, 244) each received\\nexactly one ROOT volume and started normally.\\n\\n### Setup\\n\\nMulti-arch zone, both architectures in the same zone:\\n\\n```\\nZONE1 (id 1)\\n├── POD_AARCH64 (id 1)\\n│   └── CLUSTER_AARCH64 (id 1)  arch=aarch64  → AARCH64_HOST01 (host id 1)\\n└── POD_X86 (id 3)\\n    ├── CLUSTER_X86_A (id 5)    arch=x86_64   → X86_HOST01 (host id 9)\\n    └── CLUSTER_X86_B (id 6)    arch=x86_64   → X86_HOST02 (host id 10), X86_HOST03 (host id 11)\\n```\\n\\nHost state during reproduction — the only aarch64 host is not schedulable, all x86_64 hosts\\nare healthy:\\n\\n```\\nAARCH64_HOST01  aarch64  Up / ErrorInMaintenance\\nX86_HOST01      x86_64   Up / Enabled\\nX86_HOST02      x86_64   Up / Enabled\\nX86_HOST03      x86_64   Up / Enabled\\n```\\n\\nBoth SystemVM templates are registered and `Ready`, so a valid x86_64 template is available:\\n\\n```sql\\nSELECT id, unique_name, name, type, hypervisor_type, arch, state FROM vm_template WHERE id IN (3,202);\\n+-----+-------------+-------------------------+--------+-----------------+---------+--------+\\n| id  | unique_name | name                    | type   | hypervisor_type | arch    | state  |\\n+-----+-------------+-------------------------+--------+-----------------+---------+--------+\\n|   3 | routing-3   | SystemVM Template (KVM) | SYSTEM | KVM             | x86_64  | Active |\\n| 202 | routing-202 | SystemVM Template (KVM) | SYSTEM | KVM             | aarch64 | Active |\\n+-----+-------------+-------------------------+--------+-----------------+---------+--------+\\n```\\n\\nBoth `isready=true`, both QCOW2, both `Debian GNU/Linux 12 (64-bit)`, both on the shared pool.\\n\\nRelevant configuration at reproduction time (`system.vm.preferred.architecture` is\\n**zone-scoped**; the value below is the effective zone value):\\n\\n```\\nsystem.vm.preferred.architecture  = aarch64     \\u003c- the trigger (zone-scoped)\\nmigrate.vm.across.clusters        = false\\nrecreate.systemvm.enabled         = false\\nsystemvm.root.disk.size           = -1\\nsystem.vm.default.hypervisor      = NULL\\n```\\n\\n### Evidence — two ROOT volumes on one VM, both `device_id = 0`\\n\\n```sql\\nSELECT v.id vol, v.name, v.instance_id, v.volume_type, v.device_id, v.template_id,\\n       t.unique_name, t.arch, v.pool_id, v.state, v.created\\nFROM volumes v LEFT JOIN vm_template t ON t.id = v.template_id\\nWHERE v.instance_id IN (240,241) AND v.removed IS NULL ORDER BY v.instance_id, v.id;\\n+-----+----------+-------------+-------------+-----------+-------------+-------------+---------+---------+-------+---------------------+\\n| vol | name     | instance_id | volume_type | device_id | template_id | unique_name | arch    | pool_id | state | created             |\\n+-----+----------+-------------+-------------+-----------+-------------+-------------+---------+---------+-------+---------------------+\\n| 262 | ROOT-240 |         240 | ROOT        |         0 |         202 | routing-202 | aarch64 |       1 | Ready | 2026-09-23 18:16:20 |\\n| 263 | ROOT-241 |         241 | ROOT        |         0 |         202 | routing-202 | aarch64 |       1 | Ready | 2026-09-23 18:18:44 |\\n| 264 | ROOT-241 |         241 | ROOT        |         0 |           3 | routing-3   | x86_64  |       1 | Ready | 2026-09-23 18:18:45 |\\n+-----+----------+-------------+-------------+-----------+-------------+-------------+---------+---------+-------+---------------------+\\n```\\n\\n- VM **240** (CPVM, allocated while the aarch64 host was still available) — 1 ROOT volume.\\n- VM **241** (SSVM, allocated after the aarch64 host became unschedulable) — 2 ROOT volumes,\\n  created one second apart, both at `device_id = 0`.\\n\\n```sql\\nSELECT vm.id, vm.instance_name, vm.type, vm.state, vm.vm_template_id, vm.host_id, vm.created\\nFROM vm_instance vm WHERE vm.id IN (240,241);\\n+-----+---------------+--------------------+----------+----------------+---------+---------------------+\\n| id  | instance_name | type               | state    | vm_template_id | host_id | created             |\\n+-----+---------------+--------------------+----------+----------------+---------+---------------------+\\n| 240 | v-240-VM      | ConsoleProxy       | Running  |            202 |       1 | 2026-09-23 18:16:19 |\\n| 241 | s-241-VM      | SecondaryStorageVm | Starting |              3 |      11 | 2026-09-23 18:18:44 |\\n+-----+---------------+--------------------+----------+----------------+---------+---------------------+\\n```\\n\\n`vm_instance.vm_template_id = 3` — the VM record was correctly re-templated to x86_64; only the\\naarch64 ROOT volume (263) from the abandoned first attempt was left behind.\\n\\nThe two volumes are backed by different-architecture templates:\\n\\n```\\n$ qemu-img info \\u003cPOOL_MOUNT\\u003e/\\u003cVOL_AARCH64_UUID\\u003e\\n  virtual size: 4.88 GiB   backing file: \\u003cPOOL_MOUNT\\u003e/\\u003cTMPL_AARCH64_UUID\\u003e   # aarch64 template (id 202)\\n$ qemu-img info \\u003cPOOL_MOUNT\\u003e/\\u003cVOL_X86_UUID\\u003e\\n  virtual size: 4.88 GiB   backing file: \\u003cPOOL_MOUNT\\u003e/\\u003cTMPL_X86_UUID\\u003e       # x86_64 template (id 3)\\n```\\n\\n### Evidence — the start failure\\n\\nManagement server, identical on every x86_64 host:\\n\\n```\\nUnable to start VM on Host {\\\"id\\\":10,\\\"name\\\":\\\"X86_HOST02\\\",\\\"type\\\":\\\"Routing\\\",\\\"uuid\\\":\\\"\\u003cHOST02_UUID\\u003e\\\"} due to XML error: target 'vda' duplicated for disk sources '\\u003cPOOL_MOUNT\\u003e/\\u003cVOL_X86_UUID\\u003e' and '\\u003cPOOL_MOUNT\\u003e/\\u003cVOL_AARCH64_UUID\\u003e'\\n\\nUnable to start VM on Host {\\\"id\\\":11,\\\"name\\\":\\\"X86_HOST03\\\",\\\"type\\\":\\\"Routing\\\",\\\"uuid\\\":\\\"\\u003cHOST03_UUID\\u003e\\\"} due to XML error: target 'vda' duplicated for disk sources '\\u003cPOOL_MOUNT\\u003e/\\u003cVOL_X86_UUID\\u003e' and '\\u003cPOOL_MOUNT\\u003e/\\u003cVOL_AARCH64_UUID\\u003e'\\n```\\n\\nAgent side (`/var/log/cloudstack/agent/agent.log`):\\n\\n```\\n2026-09-23 18:25:52,529 WARN  [resource.wrapper.LibvirtStartCommandWrapper] (AgentRequest-Handler-5:[]) (logid:62824aef) LibvirtException org.libvirt.LibvirtException: XML error: target 'vda' duplicated for disk sources '\\u003cPOOL_MOUNT\\u003e/\\u003cVOL_X86_UUID\\u003e' and '\\u003cPOOL_MOUNT\\u003e/\\u003cVOL_AARCH64_UUID\\u003e'\\n2026-09-23 18:26:22,295 WARN  [resource.wrapper.LibvirtStartCommandWrapper] (AgentRequest-Handler-3:[]) (logid:62824aef) LibvirtException ... (same)\\n2026-09-23 18:26:38,965 WARN  [resource.wrapper.LibvirtStartCommandWrapper] (AgentRequest-Handler-4:[]) (logid:62824aef) LibvirtException ... (same)\\n```\\n\\n### Full management-server trace of the failing allocation\\n\\nSingle allocation pass for `s-241-VM` — `logid:343a509f`, thread `secstorage-1`. Note the two\\n`Allocating Instance from Template` lines and the two `Adding disk object [ROOT-241]` lines\\nwithin ~450 ms.\\n\\n```\\n2026-09-23 18:18:44,716 INFO  [c.c.v.ClusteredVirtualMachineManagerImpl] (secstorage-1:[ctx-804dea2b]) (logid:343a509f) Allocating Instance from Template: Template {\\\"format\\\":\\\"QCOW2\\\",\\\"id\\\":202,\\\"name\\\":\\\"SystemVM Template (KVM)\\\",\\\"uniqueName\\\":\\\"routing-202\\\",\\\"uuid\\\":\\\"\\u003cTMPL_AARCH64_UUID\\u003e\\\"} with hostname: s-241-VM and 3 networks\\n\\n2026-09-23 18:18:44,976 INFO  [o.a.c.e.o.VolumeOrchestrator] (secstorage-1:[ctx-804dea2b, ctx-c112c21a]) (logid:343a509f) Adding disk object [ROOT-241] to VM [VM instance {\\\"id\\\":241,\\\"instanceName\\\":\\\"s-241-VM\\\",\\\"state\\\":\\\"Stopped\\\",\\\"type\\\":\\\"SecondaryStorageVm\\\",\\\"uuid\\\":\\\"\\u003cSSVM_UUID\\u003e\\\"}]\\n        ^-- creates volume 263 (template 202, aarch64)\\n\\n2026-09-23 18:18:45,037 DEBUG [c.c.d.DeploymentPlanningManagerImpl] (secstorage-1:[ctx-804dea2b]) (logid:343a509f) Excluding 2 clusters as they are x86_64 arch, conflicting with the requested arch aarch64\\n\\n2026-09-23 18:18:45,045 DEBUG [o.a.c.s.PremiumSecondaryStorageManagerImpl] (secstorage-1:[ctx-804dea2b]) (logid:343a509f) Unable to allocate secondary storage VM instance {\\\"id\\\":241,...} with Template {\\\"format\\\":\\\"QCOW2\\\",\\\"id\\\":202,...,\\\"uniqueName\\\":\\\"routing-202\\\",...} due to [Unable to create a deployment for VM instance {\\\"id\\\":241,...}]. Retrying with another template com.cloud.exception.InsufficientServerCapacityException: Unable to create a deployment for VM instance {\\\"id\\\":241,...}Scope=interface com.cloud.dc.DataCenter; id=1\\n        ^-- \\\"Retrying with another template\\\": no line shows volume 263 being released\\n\\n2026-09-23 18:18:45,074 INFO  [c.c.v.ClusteredVirtualMachineManagerImpl] (secstorage-1:[ctx-804dea2b]) (logid:343a509f) Allocating Instance from Template: Template {\\\"format\\\":\\\"QCOW2\\\",\\\"id\\\":3,\\\"name\\\":\\\"SystemVM Template (KVM)\\\",\\\"uniqueName\\\":\\\"routing-3\\\",\\\"uuid\\\":\\\"\\u003cTMPL_X86_UUID\\u003e\\\"} with hostname: s-241-VM and 3 networks\\n\\n2026-09-23 18:18:45,164 INFO  [o.a.c.e.o.VolumeOrchestrator] (secstorage-1:[ctx-804dea2b, ctx-70e344c6]) (logid:343a509f) Adding disk object [ROOT-241] to VM [VM instance {\\\"id\\\":241,...}]\\n        ^-- creates volume 264 (template 3, x86_64) — VM now has TWO ROOT volumes\\n\\n2026-09-23 18:18:45,239 DEBUG [c.c.d.DeploymentPlanningManagerImpl] (secstorage-1:[ctx-804dea2b]) (logid:343a509f) Excluding 1 clusters as they are aarch64 arch, conflicting with the requested arch x86_64\\n\\n2026-09-23 18:18:45,292 DEBUG [c.c.d.DeploymentPlanningManagerImpl] (secstorage-1:[ctx-804dea2b]) (logid:343a509f) Checking suitable pools for volume [Volume {\\\"id\\\":263,\\\"instanceId\\\":241,\\\"name\\\":\\\"ROOT-241\\\",\\\"uuid\\\":\\\"\\u003cVOL_AARCH64_UUID\\u003e\\\",\\\"volumeType\\\":\\\"ROOT\\\"}, ROOT] of VM [VM instance {\\\"id\\\":241,...}].\\n2026-09-23 18:18:45,349 DEBUG [c.c.d.DeploymentPlanningManagerImpl] (secstorage-1:[ctx-804dea2b]) (logid:343a509f) Checking suitable pools for volume [Volume {\\\"id\\\":264,\\\"instanceId\\\":241,\\\"name\\\":\\\"ROOT-241\\\",\\\"uuid\\\":\\\"\\u003cVOL_X86_UUID\\u003e\\\",\\\"volumeType\\\":\\\"ROOT\\\"}, ROOT] of VM [VM instance {\\\"id\\\":241,...}].\\n        ^-- the planner now carries BOTH ROOT volumes for the same VM\\n```\\n\\nEvery subsequent start attempt plans both volumes and is rejected by the agent:\\n\\n```\\n2026-09-23 18:19:26,965 DEBUG [c.c.d.DeploymentPlanningManagerImpl] (Work-Job-Executor-91:[ctx-8acced15, job-1069/job-2490, ctx-db3c7a5c]) (logid:62824aef) Excluding 1 clusters as they are aarch64 arch, conflicting with the requested arch x86_64\\n2026-09-23 18:19:27,025 DEBUG [c.c.d.DeploymentPlanningManagerImpl] (Work-Job-Executor-91:[...]) (logid:62824aef) Checking suitable pools for volume [Volume {\\\"id\\\":263,...,\\\"volumeType\\\":\\\"ROOT\\\"}, ROOT] of VM [VM instance {\\\"id\\\":241,...,\\\"state\\\":\\\"Starting\\\"}].\\n2026-09-23 18:19:27,030 DEBUG [c.c.d.DeploymentPlanningManagerImpl] (Work-Job-Executor-91:[...]) (logid:62824aef) Checking suitable pools for volume [Volume {\\\"id\\\":264,...,\\\"volumeType\\\":\\\"ROOT\\\"}, ROOT] of VM [VM instance {\\\"id\\\":241,...,\\\"state\\\":\\\"Starting\\\"}].\\n2026-09-23 18:19:33,557 DEBUG [c.c.d.DeploymentPlanningManagerImpl] (Work-Job-Executor-91:[...]) (logid:62824aef) Excluding 1 clusters as they are aarch64 arch, conflicting with the requested arch x86_64\\n2026-09-23 18:19:33,596 DEBUG [c.c.d.DeploymentPlanningManagerImpl] (Work-Job-Executor-91:[...]) (logid:62824aef) Checking suitable pools for volume [Volume {\\\"id\\\":263,...}] ...\\n2026-09-23 18:19:33,601 DEBUG [c.c.d.DeploymentPlanningManagerImpl] (Work-Job-Executor-91:[...]) (logid:62824aef) Checking suitable pools for volume [Volume {\\\"id\\\":264,...}] ...\\n```\\n\\n### Observations\\n\\nNo source was inspected; the following is only what the logs and database show.\\n\\n1. `PremiumSecondaryStorageManagerImpl` reports the preferred-arch attempt failing with\\n   `InsufficientServerCapacityException` and logs *\\\"Retrying with another template\\\"*. This\\n   occurs **after** `VolumeOrchestrator` has already logged `Adding disk object [ROOT-241]`\\n   for the first template.\\n2. Immediately after, `ClusteredVirtualMachineManagerImpl` logs a second `Allocating Instance\\n   from Template` — same VM instance id, different template id — and `VolumeOrchestrator` logs\\n   `Adding disk object [ROOT-241]` a second time.\\n3. Two ROOT volume rows are persisted for that VM, one per template/arch, both with\\n   `device_id = 0`. No log line indicates the first volume being released, detached or\\n   expunged between the two attempts.\\n4. From then on `DeploymentPlanningManagerImpl` evaluates **both** volumes on every start\\n   attempt, and the agent rejects the resulting domain XML with `target 'vda' duplicated`.\\n5. The condition does not clear by itself. Destroying the VM expunges both volumes, but the\\n   next recreation reproduces it identically as long as the fallback path is reached.\\n\\nThe observable defect: **the arch-fallback retry results in a second ROOT volume at the same\\n`device_id` on the same VM instance, and the volume from the abandoned attempt is never\\nremoved.** Whether the right fix is to clean up before retrying, reuse the existing volume, or\\nprevent a duplicate `device_id` is for maintainers to judge.\\n\\nPossibly related: #9981 (multi-arch zone — wrong-arch hosts offered for live migration),\\nanother case of incomplete arch handling. Multi-arch zones were introduced in #9619 (4.20).\\n\\n### Workaround (verified)\\n\\nSet the preferred architecture to one that actually has capacity, so the first allocation\\nattempt succeeds and the fallback retry is never reached.\\n\\n⚠️ `system.vm.preferred.architecture` is **zone-scoped**. Changing only the global value has no\\neffect while a zone-level override exists. Verified: the global was set to `x86_64` at\\n18:36:02, and a system VM created at 18:37:56 — 114 s later — still allocated the aarch64\\ntemplate first, because `data_center_details` still held `aarch64`.\\n\\n```sql\\n-- check for an overriding zone-scoped value first\\nSELECT dc_id, name, value FROM data_center_details\\nWHERE name = 'system.vm.preferred.architecture';\\n```\\n\\n```\\nupdate configuration name=system.vm.preferred.architecture value=x86_64 zoneid=\\u003cZONE_UUID\\u003e\\n```\\n\\nThen expunge the stuck system VM so it is recreated. After doing so, the next recreation\\n(`s-244-VM`) allocated exactly **one** ROOT volume from template 3 and reached `Running` on an\\nx86_64 host, with the aarch64 host still unavailable:\\n\\n```\\nv-240-VM  Running  tmpl=202  roots=1   (CPVM, on AARCH64_HOST01)\\ns-244-VM  Running  tmpl=3    roots=1   (SSVM, on X86_HOST03)\\n```\\n\\n*(Summarised from `vm_instance` / `volumes`; `roots` = count of non-removed ROOT volumes.)*\\n\\nThis isolates the defect to the fallback retry path — when the first allocation attempt\\nsucceeds, a system VM runs correctly on the non-preferred architecture with a single ROOT\\nvolume. It is not a general problem with x86_64 system VMs.\\n\\nThe reverse direction is untested: losing all x86_64 hosts while preferring `x86_64` would be\\nexpected to trigger the identical failure toward aarch64.\\n\\n### versions\\n\\n**Apache CloudStack:** 4.22.1.0 (3 management servers, all `Up`; agent 4.22.1.0)\\n\\n**Hypervisor:** KVM\\n- libvirt 8.0.0\\n- QEMU 6.2.0\\n- Host OS Ubuntu 22.04, kernel 5.15.0-191-generic\\n\\n**Storage:** NFS primary storage (`NetworkFilesystem`), single shared pool, reachable from all\\nhosts of both architectures. Secondary storage also NFS.\\n\\n**Network:** Advanced zone networking, single shared bridge per host (no per-traffic-type\\nseparation).\\n\\n### The steps to reproduce the bug\\n\\n```\\n1. Build a multi-arch zone containing at least one aarch64 cluster and one or more x86_64\\n   clusters, sharing primary storage.\\n\\n2. Register both the aarch64 and the x86_64 KVM SystemVM templates, and confirm both are\\n   Ready.\\n\\n3. Set system.vm.preferred.architecture = aarch64 at ZONE scope.\\n\\n4. Allow the SSVM and CPVM to start normally. They land on the aarch64 host, each with a\\n   single ROOT volume from the aarch64 template. This is correct behaviour.\\n\\n5. Make every aarch64 host unschedulable — putting the only aarch64 host into maintenance is\\n   sufficient.\\n\\n6. Destroy the SSVM and/or CPVM so that CloudStack must recreate them.\\n\\n7. Observe the recreated system VM:\\n     - the management log shows \\\"Retrying with another template\\\", with a second\\n       \\\"Allocating Instance from Template\\\" and a second \\\"Adding disk object [ROOT-\\u003cid\\u003e]\\\"\\n     - the VM now has TWO ROOT volumes, both device_id = 0, one per architecture:\\n         SELECT id, instance_id, volume_type, device_id, template_id\\n         FROM volumes WHERE instance_id = \\u003cvm id\\u003e AND removed IS NULL;\\n     - every start attempt fails on every host with:\\n         XML error: target 'vda' duplicated for disk sources '...' and '...'\\n     - the VM loops Starting -\\u003e Stopped indefinitely and never runs\\n\\nExpected: the system VM is recreated from the x86_64 template with exactly one ROOT volume and\\nstarts on an available x86_64 host.\\n```\\n\\n\\n### What to do about it?\\n\\nmake sure the change in template type is taken into account when the recreate happens due to a change in architecture\",\"author_association\":\"NONE\",\"user\":{\"login\":\"khumps\",\"id\":7849025,\"node_id\":\"MDQ6VXNlcjc4NDkwMjU=\",\"avatar_url\":\"https://avatars.githubusercontent.com/u/7849025?v=4\",\"html_url\":\"https://github.com/khumps\",\"gravatar_id\":\"\",\"type\":\"User\",\"site_admin\":false,\"url\":\"https://api.github.com/users/khumps\",\"events_url\":\"https://api.github.com/users/khumps/events{/privacy}\",\"following_url\":\"https://api.github.com/users/khumps/following{/other_user}\",\"followers_url\":\"https://api.github.com/users/khumps/followers\",\"gists_url\":\"https://api.github.com/users/khumps/gists{/gist_id}\",\"organizations_url\":\"https://api.github.com/users/khumps/orgs\",\"received_events_url\":\"https://api.github.com/users/khumps/received_events\",\"repos_url\":\"https://api.github.com/users/khumps/repos\",\"starred_url\":\"https://api.github.com/users/khumps/starred{/owner}{/repo}\",\"subscriptions_url\":\"https://api.github.com/users/khumps/subscriptions\"},\"labels\":[{\"id\":11243221368,\"url\":\"https://api.github.com/repos/apache/cloudstack/labels/bug\",\"name\":\"bug\",\"color\":\"ededed\",\"default\":true,\"node_id\":\"LA_kwDOAJTq2M8AAAACniXxeA\"}],\"comments\":0,\"created_at\":\"2026-09-23T19:18:53Z\",\"updated_at\":\"2026-09-23T19:27:51Z\",\"url\":\"https://api.github.com/repos/apache/cloudstack/issues/14235\",\"html_url\":\"https://github.com/apache/cloudstack/issues/14235\",\"comments_url\":\"https://api.github.com/repos/apache/cloudstack/issues/14235/comments\",\"events_url\":\"https://api.github.com/repos/apache/cloudstack/issues/14235/events\",\"labels_url\":\"https://api.github.com/repos/apache/cloudstack/issues/14235/labels{/name}\",\"repository_url\":\"https://api.github.com/repos/apache/cloudstack\",\"reactions\":{\"total_count\":0,\"+1\":0,\"-1\":0,\"laugh\":0,\"confused\":0,\"heart\":0,\"hooray\":0,\"rocket\":0,\"eyes\":0,\"url\":\"https://api.github.com/repos/apache/cloudstack/issues/14235/reactions\"},\"node_id\":\"I_kwDOAJTq2M8AAAABS0z4Gg\"},{\"id\":5557666054,\"number\":14232,\"state\":\"open\",\"locked\":false,\"title\":\"KVM: destroy with vm.destroy.forcestop leaves the instance running when its host is briefly disconnected\",\"body\":\"##### ISSUE TYPE\\n * Bug Report\\n\\n##### COMPONENT NAME\\n~~~\\nengine-orchestration, destroyVirtualMachine, KVM\\n~~~\\n\\n##### CLOUDSTACK VERSION\\n~~~\\n4.22\\n~~~\\n\\n##### CONFIGURATION\\n`vm.destroy.forcestop=true`. KVM hosts. Any rolling restart of the agents or the management servers while instances are being destroyed.\\n\\n##### OS / ENVIRONMENT\\nKVM / libvirt.\\n\\n##### SUMMARY\\n\\nWith `vm.destroy.forcestop=true`, destroying an instance whose host is briefly disconnected releases the instance's NICs, IP addresses and volumes without stopping it. The domain keeps running on the host with no record in CloudStack. Its IP is handed to the next instance, so two live instances answer for the same address, and its root volume stays in `Destroy` because the delete fails while the domain holds the image.\\n\\nSame end state as #14206, different trigger. #14206 is a stale power report during start; this one is the destroy path itself.\\n\\n##### STEPS TO REPRODUCE\\n\\n1. Set `vm.destroy.forcestop=true`.\\n2. Restart `cloudstack-agent` on a KVM host (or a management server, which disconnects the agents connected to it while they rebalance).\\n3. While the host is `Disconnected`, destroy a running instance on it with `expunge=true`.\\n\\nAny client that destroys instances routinely hits this on every rolling upgrade.\\n\\n##### EXPECTED RESULTS\\n\\nThe destroy fails, the instance stays `Running`, and the caller retries once the host is back. Or the destroy waits for the host.\\n\\n##### ACTUAL RESULTS\\n\\nFrom a real occurrence on 4.22, during a rolling package upgrade:\\n\\n~~~\\n13:39:02 WARN  Unable to stop VM instance {\\\"id\\\":3645123,...,\\\"state\\\":\\\"Stopping\\\"} due to [AgentUnavailableException:\\n               Resource [Host:110] is unreachable: Host 110: Host with specified id is not in the right state: Disconnected]\\n13:39:02 WARN  Unable to actually stop VM instance {\\\"id\\\":3645123,...} but continue with release because it's a force stop\\n13:39:02 DEBUG VM instance {\\\"id\\\":3645123,...} is stopped on the host.  Proceeding to release resource held.\\n13:39:02 DEBUG Successfully released network resources for the VM ...\\n13:39:15 DEBUG Expunged VM instance {\\\"id\\\":3645123,...}\\n13:41:58 WARN  Host reports 9 instance(s) that do not exist in CloudStack DB, they are running unmanaged. host: hv104, instances: [i-625-3645123-VM, ...]\\n~~~\\n\\nAcross two rolling upgrades, 31 instances on 6 hosts were left running this way, and new instances were given their addresses within hours.\\n\\n##### CAUSE\\n\\n`UserVmManagerImpl.destroyVm(DestroyVMCmd)`, `VirtualMachineManagerImpl.destroy()` and `VirtualMachineManagerImpl.advanceExpunge()` all stop the instance with `cleanUpEvenIfUnableToStop = vm.destroy.forcestop`. In `advanceStop()`, a forced stop that gets `AgentUnavailableException` or `OperationTimedoutException` releases the resources and marks the instance stopped:\\n\\n~~~java\\n} catch (AgentUnavailableException | OperationTimedoutException e) {\\n    logger.warn(\\\"Unable to stop {} due to [{}].\\\", ...);\\n} finally {\\n    if (!stopped) {\\n        if (!cleanUpEvenIfUnableToStop) { ... throw ... }\\n        else { logger.warn(\\\"Unable to actually stop {} but continue with release because it's a force stop\\\", vm); ... }\\n    }\\n}\\nreleaseVmResources(profile, cleanUpEvenIfUnableToStop);\\n~~~\\n\\nA forced stop means \\\"the host cannot tell us, treat the instance as stopped\\\". That is right when the host is gone (`Down`, `Removed`). It is wrong when the host is only unreachable for a while, whatever its status says: `Disconnected`, `Connecting`, `Alert` or `Rebalancing`, and also `Up` while a crashed management server's hosts have not yet been taken over or a disconnect investigation is inconclusive. Those hosts are expected back with their domains still running.\\n\\n`vm.destroy.forcestop` is a global setting applied to every destroy, not a statement by the caller that it knows the host is gone. It should not bypass that distinction.\\n\\n##### IMPACT\\n\\n- an instance runs unmanaged and invisible\\n- its IP is reassigned, giving an address conflict between two live instances\\n- its root volume stays in `Destroy` and the storage cleanup fails on it every run\\n\",\"author_association\":\"COLLABORATOR\",\"user\":{\"login\":\"bhouse-nexthop\",\"id\":201617817,\"node_id\":\"U_kgDODARxmQ\",\"avatar_url\":\"https://avatars.githubusercontent.com/u/201617817?v=4\",\"html_url\":\"https://github.com/bhouse-nexthop\",\"gravatar_id\":\"\",\"type\":\"User\",\"site_admin\":false,\"url\":\"https://api.github.com/users/bhouse-nexthop\",\"events_url\":\"https://api.github.com/users/bhouse-nexthop/events{/privacy}\",\"following_url\":\"https://api.github.com/users/bhouse-nexthop/following{/other_user}\",\"followers_url\":\"https://api.github.com/users/bhouse-nexthop/followers\",\"gists_url\":\"https://api.github.com/users/bhouse-nexthop/gists{/gist_id}\",\"organizations_url\":\"https://api.github.com/users/bhouse-nexthop/orgs\",\"received_events_url\":\"https://api.github.com/users/bhouse-nexthop/received_events\",\"repos_url\":\"https://api.github.com/users/bhouse-nexthop/repos\",\"starred_url\":\"https://api.github.com/users/bhouse-nexthop/starred{/owner}{/repo}\",\"subscriptions_url\":\"https://api.github.com/users/bhouse-nexthop/subscriptions\"},\"labels\":[{\"id\":37843364,\"url\":\"https://api.github.com/repos/apache/cloudstack/labels/type:bug\",\"name\":\"type:bug\",\"color\":\"fc2929\",\"description\":\"\",\"default\":false,\"node_id\":\"MDU6TGFiZWwzNzg0MzM2NA==\"},{\"id\":584072971,\"url\":\"https://api.github.com/repos/apache/cloudstack/labels/component:kvm\",\"name\":\"component:kvm\",\"color\":\"006b75\",\"description\":\"\",\"default\":false,\"node_id\":\"MDU6TGFiZWw1ODQwNzI5NzE=\"}],\"comments\":1,\"created_at\":\"2026-09-23T18:22:49Z\",\"updated_at\":\"2026-09-24T13:40:27Z\",\"url\":\"https://api.github.com/repos/apache/cloudstack/issues/14232\",\"html_url\":\"https://github.com/apache/cloudstack/issues/14232\",\"comments_url\":\"https://api.github.com/repos/apache/cloudstack/issues/14232/comments\",\"events_url\":\"https://api.github.com/repos/apache/cloudstack/issues/14232/events\",\"labels_url\":\"https://api.github.com/repos/apache/cloudstack/issues/14232/labels{/name}\",\"repository_url\":\"https://api.github.com/repos/apache/cloudstack\",\"reactions\":{\"total_count\":0,\"+1\":0,\"-1\":0,\"laugh\":0,\"confused\":0,\"heart\":0,\"hooray\":0,\"rocket\":0,\"eyes\":0,\"url\":\"https://api.github.com/repos/apache/cloudstack/issues/14232/reactions\"},\"node_id\":\"I_kwDOAJTq2M8AAAABS0NBBg\"},{\"id\":5551979835,\"number\":14230,\"state\":\"open\",\"locked\":false,\"title\":\"Restarting a KVM VMs after its host fails when the management server is also unreachable\",\"body\":\"### The required feature described as a wish\\n\\nToday if a KVM host fails and the management server and/or database is unreachable at the same moment (a **remote site outage**, a network partition, or the **management server** itself running as a guest on the **failing host**) CloudStack cannot restart the affected VMs. Every HA and DRS decision path runs inside the management server process and depends on the database. \\n\\nI propose to add a small, storage-aware cluster mechanism that can restart a VM on a surviving host using its own quorum and fencing, and hands control back cleanly once the management server returns. This might require the Agents to actually keep shadow copy of each of the VMs configuration (of just enough per-VM data to rebuild the libvirt domain: disk identifiers, NIC MACs, CPU/memory, bridge/VLAN mapping). Possibly the agents can exchange information with each other and in case one Agent looses connectivity to management server act as a proxy towards the management server?\\n\\nThis might be an addition/similar or even fix to the https://github.com/apache/cloudstack/pull/13589 , https://github.com/apache/cloudstack/issues/14206 , or rely on some other mechanisms as surviving hosts must agree \\\"host A (and possibly the management server) is gone\\\" without a central arbiter and must not false-positive on an ordinary network hiccup, \\n\\nOptions I see as viable: \\n- Generic - Corosync for membership, Pacemaker for orchestration, IPMI/BMC STONITH for fencing. \\n- Storage specific -  LINSTOR + drbd-reactor, CloudStack already ships a maintained LINSTOR primary storage plugin whose KVM-side driver talks straight to the LINSTOR controller, bypassing the management server for volume attach, and drbd quorum enforces split-brain protection, so it might be a nice addition.\",\"author_association\":\"NONE\",\"user\":{\"login\":\"durdin85\",\"id\":6603216,\"node_id\":\"MDQ6VXNlcjY2MDMyMTY=\",\"avatar_url\":\"https://avatars.githubusercontent.com/u/6603216?v=4\",\"html_url\":\"https://github.com/durdin85\",\"gravatar_id\":\"\",\"type\":\"User\",\"site_admin\":false,\"url\":\"https://api.github.com/users/durdin85\",\"events_url\":\"https://api.github.com/users/durdin85/events{/privacy}\",\"following_url\":\"https://api.github.com/users/durdin85/following{/other_user}\",\"followers_url\":\"https://api.github.com/users/durdin85/followers\",\"gists_url\":\"https://api.github.com/users/durdin85/gists{/gist_id}\",\"organizations_url\":\"https://api.github.com/users/durdin85/orgs\",\"received_events_url\":\"https://api.github.com/users/durdin85/received_events\",\"repos_url\":\"https://api.github.com/users/durdin85/repos\",\"starred_url\":\"https://api.github.com/users/durdin85/starred{/owner}{/repo}\",\"subscriptions_url\":\"https://api.github.com/users/durdin85/subscriptions\"},\"labels\":[{\"id\":584072971,\"url\":\"https://api.github.com/repos/apache/cloudstack/labels/component:kvm\",\"name\":\"component:kvm\",\"color\":\"006b75\",\"description\":\"\",\"default\":false,\"node_id\":\"MDU6TGFiZWw1ODQwNzI5NzE=\"},{\"id\":1150675549,\"url\":\"https://api.github.com/repos/apache/cloudstack/labels/type:new-feature\",\"name\":\"type:new-feature\",\"color\":\"4471c4\",\"description\":\"\",\"default\":false,\"node_id\":\"MDU6TGFiZWwxMTUwNjc1NTQ5\"}],\"comments\":1,\"created_at\":\"2026-09-23T10:19:57Z\",\"updated_at\":\"2026-09-23T16:49:16Z\",\"url\":\"https://api.github.com/repos/apache/cloudstack/issues/14230\",\"html_url\":\"https://github.com/apache/cloudstack/issues/14230\",\"comments_url\":\"https://api.github.com/repos/apache/cloudstack/issues/14230/comments\",\"events_url\":\"https://api.github.com/repos/apache/cloudstack/issues/14230/events\",\"labels_url\":\"https://api.github.com/repos/apache/cloudstack/issues/14230/labels{/name}\",\"repository_url\":\"https://api.github.com/repos/apache/cloudstack\",\"reactions\":{\"total_count\":0,\"+1\":0,\"-1\":0,\"laugh\":0,\"confused\":0,\"heart\":0,\"hooray\":0,\"rocket\":0,\"eyes\":0,\"url\":\"https://api.github.com/repos/apache/cloudstack/issues/14230/reactions\"},\"node_id\":\"I_kwDOAJTq2M8AAAABSux9Ow\"},{\"id\":5548464939,\"number\":14228,\"state\":\"open\",\"locked\":false,\"title\":\"KVM agent deletes externally-managed (netplan/networkd) bridges and VLAN interfaces it did not create\",\"body\":\"### problem\\n\\nWhen the last vif is unplugged from the public bridge, the agent deletes the bridge and its parent VLAN interface — even though CloudStack never created them.\\n\\nBridgeVifDriver.deleteVnetBr() decides whether a bridge is CloudStack-owned solely by matching its name against a regex:\\n\\n`Pattern brNameRegex = Pattern.compile(\\\"^br(\\\\\\\\S+)-(\\\\\\\\d+)$\\\");\\n`\\nThis is intended to match bridges the agent created via generateVnetBrName() (\\\"br\\\" + pifName + \\\"-\\\" + vnetId). But the pattern matches any similarly-named bridge. There is no provenance tracking — the naming convention is the only ownership test.\\n\\nA pre-existing, persistently-declared bridge named brbond0-103 (bond bond0, VLAN 103) matches exactly, so the agent treats it as its own and runs:\\n\\n`modifyvlan.sh -o delete -v 103 -p bond0 -b brbond0-103 -d true\\n`\\nwhich deletes both interfaces:\\n\\n```\\nip link delete $vlanDev type vlan    # → ip link delete bond0.103\\nip link set $vlanBr down\\nip link delete $vlanBr type bridge   # → ip link delete brbond0-103\\n\\n```\\nnetplan/networkd do not recreate these without netplan apply or a reboot, so the loss is permanent until manual intervention.\\n\\nThe failure is silent for as long as the agent keeps running. The public NIC is validated only as a one-time startup precondition in LibvirtComputingResource.configure():\\n\\n```\\nif (pifs.get(\\\"public\\\") == null) {\\n    LOGGER.error(\\\"Failed to get public nic name\\\");\\n    throw new ConfigurationException(\\\"Failed to get public nic name\\\");\\n}\\n```\\n\\nThere is no retry and no degraded mode. The running agent never re-checks — it merely logs, once per minute:\\n\\n```\\nWARN [kvm.resource.LibvirtComputingResource] Failed to read the rx_bytes for brbond0-103\\n  from /sys/class/net/brbond0-103/statistics/rx_bytes\\n  java.io.FileNotFoundException: File '/sys/class/net/brbond0-103/statistics/rx_bytes' does not exist\\n\\n```\\nso the host continues to report healthy. The damage only surfaces at the next agent restart — in our case 44 hours later — when the host fails to reconnect.\\n\\n### versions\\n\\nACS 4.22.1.0\\nUbuntu 24.04\\n\\nKVM hypervisor, Ubuntu 24.04, systemd-networkd + netplan.\\n\\nThe Public traffic type uses a persistently declared bridge, created at boot by netplan — not by CloudStack:\\n\\n```\\n# /etc/netplan/50-cloud-init.yaml (abridged)\\n  vlans:\\n    bond0.103:\\n      id: 103\\n      link: bond0\\n      mtu: 1500\\n  bridges:\\n    brbond0-103:\\n      interfaces: [bond0.103]\\n      mtu: 1500\\n      parameters: {stp: false, forward-delay: 0}\\n\\n```\\n# agent.properties\\n`public.network.device=brbond0-103\\n`\\n\\nZone config: Public traffic type has kvmnetworklabel=brbond0-103; public IP ranges are vlan://103.\\n\\nOS / ENVIRONMENT\\nUbuntu 24.04, kernel 6.11, systemd-networkd/netplan, bonded 802.3ad uplink\\n\\n### The steps to reproduce the bug\\n\\n1. On a KVM host, persistently declare (netplan/networkd/ifupdown) a VLAN interface\\n   and bridge whose name matches ^br(\\\\S+)-(\\\\d+)$ — e.g. bond0.103 enslaved to\\n   brbond0-103.\\n2. Set public.network.device=brbond0-103 and the zone's Public\\n   kvmnetworklabel=brbond0-103, with a vlan://103 public IP range.\\n3. Start the agent; create an isolated network so a VR is placed on this host with\\n   a nic on the public bridge. Confirm brbond0-103 has the VR vif as its only VM port.\\n4. Destroy that VR (or restart the network so the VR is recreated elsewhere), so the\\n   last vif leaves the bridge.\\n5. Observe: bond0.103 and brbond0-103 are deleted from the running kernel.\\n6. Restart cloudstack-agent.\\n\\n\\nEXPECTED RESULTS\\n\\nThe agent does not delete network interfaces it did not create. Bridges and VLAN\\ninterfaces that are persistently declared by the host's network configuration are\\nleft in place when the last vif is unplugged.\\n\\nACTUAL RESULTS\\n\\nStep 5 — kernel logs the interfaces being removed (note \\\"unregistering\\\", i.e.\\ndevice deletion rather than link-down):\\n\\n```\\n  kernel: brbond0-103: port 1(bond0.103) entered disabled state\\n  systemd-networkd: bond0.103: Link DOWN\\n  kernel: bond0.103 (unregistering): left promiscuous mode\\n  systemd-networkd: brbond0-103: Link DOWN\\n```\\n\\nStep 6 — the agent then refuses to start:\\n\\n```\\n  ERROR [kvm.resource.LibvirtComputingResource] Failed to get public nic name\\n  ERROR [cloud.agent.AgentShell] Unable to start agent:\\n    javax.naming.ConfigurationException: Failed to get public nic name\\n      at LibvirtComputingResource.configure(LibvirtComputingResource.java:1495)\\n      at com.cloud.agent.Agent.\\u003cinit\\u003e(Agent.java:239)\\n      ...\\n```\\n\\nThe host stays Disconnected until the interfaces are recreated by hand. Guest VMs\\nalready running are unaffected (libvirt and the data plane are independent of the\\nagent), which is part of why the fault goes unnoticed.\\n\\n\\n\\n### What to do about it?\\n\\nImpact is wider than it first appears. The trigger is \\\"the last vif leaves the public bridge\\\", not \\\"the host is idle\\\" — in our case the host had four VMs running throughout, none of them on the public bridge. Since only virtual routers attach to the public network, and VRs are among the most frequently destroyed/recreated VMs (network restart, offering change, VR upgrade, HA event), any host that transiently has no VR on the public network is exposed. The resulting breakage is invisible until the next agent restart, which in practice means it surfaces during a maintenance window.\\n\\nWhy \\\"just name it differently\\\" is not a workaround. The bridge name used at plug time is derived, not read from config — createVnetBr() → generateVnetBrName(_pifs.get(trafficLabel), vNetId) → \\\"br\\\" + \\\"bond0\\\" + \\\"-\\\" + \\\"103\\\". Renaming the declared bridge causes the agent to create a second bridge under the constructed name rather than using the renamed one. For a VLAN-tagged public network there is no configuration that avoids the matching name.\\n\\nSuggested fixes (in rough order of preference):\\n\\nTrack provenance — only delete bridges the agent itself created (e.g. a marker, or state recorded at creation time), rather than inferring ownership from a name.\\nFailing that, an opt-out agent property, e.g. network.bridge.externally.managed=brbond0-103,..., consulted by deleteVnetBr() before deletion.\\nAt minimum, never delete the parent VLAN interface. Even where the bridge is plausibly CloudStack's, bond0.103 belongs to the host's network configuration.\\nTwo related observations, filed separately to keep this report focused:\\n\\nmodifyvlan.sh sets no MTU when creating interfaces, so an agent-created VLAN inherits the parent's (9000 on a jumbo-frame bond) rather than the intended value.\\nThe ls /sys/class/net/\\u003cbr\\u003e/brif \\\"is the bridge in use?\\\" check is not atomic with the deletion, so a concurrent plug can race it.\\nHappy to test a patch.\",\"author_association\":\"CONTRIBUTOR\",\"user\":{\"login\":\"agronaught\",\"id\":544882,\"node_id\":\"MDQ6VXNlcjU0NDg4Mg==\",\"avatar_url\":\"https://avatars.githubusercontent.com/u/544882?v=4\",\"html_url\":\"https://github.com/agronaught\",\"gravatar_id\":\"\",\"type\":\"User\",\"site_admin\":false,\"url\":\"https://api.github.com/users/agronaught\",\"events_url\":\"https://api.github.com/users/agronaught/events{/privacy}\",\"following_url\":\"https://api.github.com/users/agronaught/following{/other_user}\",\"followers_url\":\"https://api.github.com/users/agronaught/followers\",\"gists_url\":\"https://api.github.com/users/agronaught/gists{/gist_id}\",\"organizations_url\":\"https://api.github.com/users/agronaught/orgs\",\"received_events_url\":\"https://api.github.com/users/agronaught/received_events\",\"repos_url\":\"https://api.github.com/users/agronaught/repos\",\"starred_url\":\"https://api.github.com/users/agronaught/starred{/owner}{/repo}\",\"subscriptions_url\":\"https://api.github.com/users/agronaught/subscriptions\"},\"labels\":[{\"id\":11243221368,\"url\":\"https://api.github.com/repos/apache/cloudstack/labels/bug\",\"name\":\"bug\",\"color\":\"ededed\",\"default\":true,\"node_id\":\"LA_kwDOAJTq2M8AAAACniXxeA\"}],\"assignee\":{\"login\":\"winterhazel\",\"id\":25729641,\"node_id\":\"MDQ6VXNlcjI1NzI5NjQx\",\"avatar_url\":\"https://avatars.githubusercontent.com/u/25729641?v=4\",\"html_url\":\"https://github.com/winterhazel\",\"gravatar_id\":\"\",\"type\":\"User\",\"site_admin\":false,\"url\":\"https://api.github.com/users/winterhazel\",\"events_url\":\"https://api.github.com/users/winterhazel/events{/privacy}\",\"following_url\":\"https://api.github.com/users/winterhazel/following{/other_user}\",\"followers_url\":\"https://api.github.com/users/winterhazel/followers\",\"gists_url\":\"https://api.github.com/users/winterhazel/gists{/gist_id}\",\"organizations_url\":\"https://api.github.com/users/winterhazel/orgs\",\"received_events_url\":\"https://api.github.com/users/winterhazel/received_events\",\"repos_url\":\"https://api.github.com/users/winterhazel/repos\",\"starred_url\":\"https://api.github.com/users/winterhazel/starred{/owner}{/repo}\",\"subscriptions_url\":\"https://api.github.com/users/winterhazel/subscriptions\"},\"comments\":0,\"created_at\":\"2026-09-23T03:53:20Z\",\"updated_at\":\"2026-09-23T14:46:24Z\",\"url\":\"https://api.github.com/repos/apache/cloudstack/issues/14228\",\"html_url\":\"https://github.com/apache/cloudstack/issues/14228\",\"comments_url\":\"https://api.github.com/repos/apache/cloudstack/issues/14228/comments\",\"events_url\":\"https://api.github.com/repos/apache/cloudstack/issues/14228/events\",\"labels_url\":\"https://api.github.com/repos/apache/cloudstack/issues/14228/labels{/name}\",\"repository_url\":\"https://api.github.com/repos/apache/cloudstack\",\"reactions\":{\"total_count\":0,\"+1\":0,\"-1\":0,\"laugh\":0,\"confused\":0,\"heart\":0,\"hooray\":0,\"rocket\":0,\"eyes\":0,\"url\":\"https://api.github.com/repos/apache/cloudstack/issues/14228/reactions\"},\"assignees\":[{\"login\":\"winterhazel\",\"id\":25729641,\"node_id\":\"MDQ6VXNlcjI1NzI5NjQx\",\"avatar_url\":\"https://avatars.githubusercontent.com/u/25729641?v=4\",\"html_url\":\"https://github.com/winterhazel\",\"gravatar_id\":\"\",\"type\":\"User\",\"site_admin\":false,\"url\":\"https://api.github.com/users/winterhazel\",\"events_url\":\"https://api.github.com/users/winterhazel/events{/privacy}\",\"following_url\":\"https://api.github.com/users/winterhazel/following{/other_user}\",\"followers_url\":\"https://api.github.com/users/winterhazel/followers\",\"gists_url\":\"https://api.github.com/users/winterhazel/gists{/gist_id}\",\"organizations_url\":\"https://api.github.com/users/winterhazel/orgs\",\"received_events_url\":\"https://api.github.com/users/winterhazel/received_events\",\"repos_url\":\"https://api.github.com/users/winterhazel/repos\",\"starred_url\":\"https://api.github.com/users/winterhazel/starred{/owner}{/repo}\",\"subscriptions_url\":\"https://api.github.com/users/winterhazel/subscriptions\"}],\"node_id\":\"I_kwDOAJTq2M8AAAABSrbbKw\"},{\"id\":5544935550,\"number\":14227,\"state\":\"open\",\"locked\":false,\"title\":\"Unable to snapshot Request failed. (530)\",\"body\":\"Issue:\\n\\ntrying to take a snapshot of VMs, some work, some do not.  The ones that do not report\\n\\nRequest failed. (530) \\n\\\"Failed to create Instance Snapshot: No strategy was able to handle requested snapshot for Instance {xxxxxx-xxxx-xxxx-xxxxxxxx\\\"\\n\\nTriage:\\n\\ni have gone though settings but everything looks as it should.  There is no pattern i can see why some would work and the others not.\\n\\nWorkaround:\\n\\nTo get the job done we can take volume snapshots which work ok on all VMs.\\n\\n\\n\\n\",\"author_association\":\"NONE\",\"user\":{\"login\":\"itobin\",\"id\":118967405,\"node_id\":\"U_kgDOBxdMbQ\",\"avatar_url\":\"https://avatars.githubusercontent.com/u/118967405?v=4\",\"html_url\":\"https://github.com/itobin\",\"gravatar_id\":\"\",\"type\":\"User\",\"site_admin\":false,\"url\":\"https://api.github.com/users/itobin\",\"events_url\":\"https://api.github.com/users/itobin/events{/privacy}\",\"following_url\":\"https://api.github.com/users/itobin/following{/other_user}\",\"followers_url\":\"https://api.github.com/users/itobin/followers\",\"gists_url\":\"https://api.github.com/users/itobin/gists{/gist_id}\",\"organizations_url\":\"https://api.github.com/users/itobin/orgs\",\"received_events_url\":\"https://api.github.com/users/itobin/received_events\",\"repos_url\":\"https://api.github.com/users/itobin/repos\",\"starred_url\":\"https://api.github.com/users/itobin/starred{/owner}{/repo}\",\"subscriptions_url\":\"https://api.github.com/users/itobin/subscriptions\"},\"labels\":[{\"id\":37843364,\"url\":\"https://api.github.com/repos/apache/cloudstack/labels/type:bug\",\"name\":\"type:bug\",\"color\":\"fc2929\",\"description\":\"\",\"default\":false,\"node_id\":\"MDU6TGFiZWwzNzg0MzM2NA==\"},{\"id\":584073278,\"url\":\"https://api.github.com/repos/apache/cloudstack/labels/component:primary-storage\",\"name\":\"component:primary-storage\",\"color\":\"5319e7\",\"description\":\"\",\"default\":false,\"node_id\":\"MDU6TGFiZWw1ODQwNzMyNzg=\"}],\"comments\":2,\"created_at\":\"2026-09-22T20:34:45Z\",\"updated_at\":\"2026-09-24T21:55:41Z\",\"url\":\"https://api.github.com/repos/apache/cloudstack/issues/14227\",\"html_url\":\"https://github.com/apache/cloudstack/issues/14227\",\"comments_url\":\"https://api.github.com/repos/apache/cloudstack/issues/14227/comments\",\"events_url\":\"https://api.github.com/repos/apache/cloudstack/issues/14227/events\",\"labels_url\":\"https://api.github.com/repos/apache/cloudstack/issues/14227/labels{/name}\",\"repository_url\":\"https://api.github.com/repos/apache/cloudstack\",\"reactions\":{\"total_count\":0,\"+1\":0,\"-1\":0,\"laugh\":0,\"confused\":0,\"heart\":0,\"hooray\":0,\"rocket\":0,\"eyes\":0,\"url\":\"https://api.github.com/repos/apache/cloudstack/issues/14227/reactions\"},\"node_id\":\"I_kwDOAJTq2M8AAAABSoEAfg\"},{\"id\":5535980762,\"number\":14222,\"state\":\"open\",\"locked\":false,\"title\":\"Resize volume API validation errors are not displayed in the UI\",\"body\":\"### problem\\n\\nWhen resizing a volume with an invalid value, such as a negative size, the backend returns a validation error, but the UI does not display it.\\nResizeVolume.vue expects the error under errorresponse. For known commands such as resizeVolume, CloudStack returns it under resizevolumeresponse. Accessing the wrong response key hides the original validation message.\\n\\n### versions\\n\\nThe versions of ACS, hypervisors, storage, network etc..\\n\\nchecked on 4.23\\n\\n### The steps to reproduce the bug\\n\\n1. Open the Volumes page.\\n2. Select a volume and choose Resize Volume.\\n3. Enter an invalid size, such as 2.5.\\n4. Submit the request.\\n5. Observe that the backend validation error is not displayed  in the UI at all.\\n\\n### What to do about it?\\n\\nReplace the hardcoded error-response lookup in ResizeVolume.vue with the common $notifyError(error) helper. This helper finds and displays errortext regardless of the command-specific response key.\\n\\neven after clicking on okay I see no error for it.\\n\\n\\u003cimg width=\\\"1645\\\" height=\\\"588\\\" alt=\\\"Image\\\" src=\\\"https://github.com/user-attachments/assets/bfa68236-72bf-4baa-bfb6-ea5ee73b33d1\\\" /\\u003e\\n\\n\\nafter the fix:\\n\\n\\u003cimg width=\\\"1472\\\" height=\\\"717\\\" alt=\\\"Image\\\" src=\\\"https://github.com/user-attachments/assets/268caa0c-50b7-45c9-89a2-2b671a1767e1\\\" /\\u003e\\n\\n\\u003cimg width=\\\"1474\\\" height=\\\"750\\\" alt=\\\"Image\\\" src=\\\"https://github.com/user-attachments/assets/0ae3edc0-48b2-42c2-bbf2-1ab131a4b77b\\\" /\\u003e\",\"author_association\":\"NONE\",\"user\":{\"login\":\"sathvikaragi\",\"id\":219960144,\"node_id\":\"U_kgDODRxTUA\",\"avatar_url\":\"https://avatars.githubusercontent.com/u/219960144?v=4\",\"html_url\":\"https://github.com/sathvikaragi\",\"gravatar_id\":\"\",\"type\":\"User\",\"site_admin\":false,\"url\":\"https://api.github.com/users/sathvikaragi\",\"events_url\":\"https://api.github.com/users/sathvikaragi/events{/privacy}\",\"following_url\":\"https://api.github.com/users/sathvikaragi/following{/other_user}\",\"followers_url\":\"https://api.github.com/users/sathvikaragi/followers\",\"gists_url\":\"https://api.github.com/users/sathvikaragi/gists{/gist_id}\",\"organizations_url\":\"https://api.github.com/users/sathvikaragi/orgs\",\"received_events_url\":\"https://api.github.com/users/sathvikaragi/received_events\",\"repos_url\":\"https://api.github.com/users/sathvikaragi/repos\",\"starred_url\":\"https://api.github.com/users/sathvikaragi/starred{/owner}{/repo}\",\"subscriptions_url\":\"https://api.github.com/users/sathvikaragi/subscriptions\"},\"labels\":[{\"id\":11243221368,\"url\":\"https://api.github.com/repos/apache/cloudstack/labels/bug\",\"name\":\"bug\",\"color\":\"ededed\",\"default\":true,\"node_id\":\"LA_kwDOAJTq2M8AAAACniXxeA\"}],\"comments\":0,\"created_at\":\"2026-09-22T06:17:16Z\",\"updated_at\":\"2026-09-22T06:17:16Z\",\"url\":\"https://api.github.com/repos/apache/cloudstack/issues/14222\",\"html_url\":\"https://github.com/apache/cloudstack/issues/14222\",\"comments_url\":\"https://api.github.com/repos/apache/cloudstack/issues/14222/comments\",\"events_url\":\"https://api.github.com/repos/apache/cloudstack/issues/14222/events\",\"labels_url\":\"https://api.github.com/repos/apache/cloudstack/issues/14222/labels{/name}\",\"repository_url\":\"https://api.github.com/repos/apache/cloudstack\",\"reactions\":{\"total_count\":0,\"+1\":0,\"-1\":0,\"laugh\":0,\"confused\":0,\"heart\":0,\"hooray\":0,\"rocket\":0,\"eyes\":0,\"url\":\"https://api.github.com/repos/apache/cloudstack/issues/14222/reactions\"},\"node_id\":\"I_kwDOAJTq2M8AAAABSfhc2g\"},{\"id\":5535908369,\"number\":14221,\"state\":\"open\",\"locked\":false,\"title\":\"the inputs for capacity bytes in edit option of  storage pool are not validated to be positive\",\"body\":\"### problem\\n\\nThe updateStoragePool API currently accepts zero or negative values for capacity-related parameters. Add positive-number validation so invalid values are rejected with Invalid parameter error. This prevents invalid storage pool capacity settings from reaching backend processing.\\n\\n\\n\\n### versions\\n\\nThe versions of ACS, hypervisors, storage, network etc..\\n\\nChecked on 4.23\\n\\n### The steps to reproduce the bug\\n\\n1. Click on edit option for storage pool\\n2. Input a negative number for capacity bytes \\n3.click on OK to edit it.\\n\\nyou see an error as : Unable to update on DB, due to: Data truncation: Out of range value for column 'capacity_bytes' at row 1\\n\\ninstead of throwing an error for invalid parameter.\\n...\\n\\n\\n### What to do about it?\\n\\n\\nBefore this fix :  When I tried to update a  default primary storage pool using a negative value\\n\\n\\u003cimg width=\\\"1449\\\" height=\\\"754\\\" alt=\\\"Image\\\" src=\\\"https://github.com/user-attachments/assets/eb85f8c2-d772-41a7-81a1-4ef87df58fe9\\\" /\\u003e\\n\\nwhen I tried to input 0 as capacity bytes for storage pool: It is updating it to 0\\n\\n\\u003cimg width=\\\"1285\\\" height=\\\"726\\\" alt=\\\"Image\\\" src=\\\"https://github.com/user-attachments/assets/5628dc7d-b927-43f7-9aab-86608bed761d\\\" /\\u003e\\n\\n\\nAdd positive-number validation to the capacity bytes parameter in the updateStoragePool API. If a user provides zero or a negative value, reject the request immediately with a clear invalid-parameter error instead of sending it for backend processing.\\n\\nAfter the fix:\\n\\n\\u003cimg width=\\\"1458\\\" height=\\\"803\\\" alt=\\\"Image\\\" src=\\\"https://github.com/user-attachments/assets/41533816-e374-449a-bf45-c3c5ae656ec1\\\" /\\u003e\\n\\u003cimg width=\\\"1466\\\" height=\\\"782\\\" alt=\\\"Image\\\" src=\\\"https://github.com/user-attachments/assets/e3c96952-2c61-44e8-a7a8-0cc5d717ada7\\\" /\\u003e\\n\\n\",\"author_association\":\"NONE\",\"user\":{\"login\":\"sathvikaragi\",\"id\":219960144,\"node_id\":\"U_kgDODRxTUA\",\"avatar_url\":\"https://avatars.githubusercontent.com/u/219960144?v=4\",\"html_url\":\"https://github.com/sathvikaragi\",\"gravatar_id\":\"\",\"type\":\"User\",\"site_admin\":false,\"url\":\"https://api.github.com/users/sathvikaragi\",\"events_url\":\"https://api.github.com/users/sathvikaragi/events{/privacy}\",\"following_url\":\"https://api.github.com/users/sathvikaragi/following{/other_user}\",\"followers_url\":\"https://api.github.com/users/sathvikaragi/followers\",\"gists_url\":\"https://api.github.com/users/sathvikaragi/gists{/gist_id}\",\"organizations_url\":\"https://api.github.com/users/sathvikaragi/orgs\",\"received_events_url\":\"https://api.github.com/users/sathvikaragi/received_events\",\"repos_url\":\"https://api.github.com/users/sathvikaragi/repos\",\"starred_url\":\"https://api.github.com/users/sathvikaragi/starred{/owner}{/repo}\",\"subscriptions_url\":\"https://api.github.com/users/sathvikaragi/subscriptions\"},\"labels\":[{\"id\":11243221368,\"url\":\"https://api.github.com/repos/apache/cloudstack/labels/bug\",\"name\":\"bug\",\"color\":\"ededed\",\"default\":true,\"node_id\":\"LA_kwDOAJTq2M8AAAACniXxeA\"}],\"comments\":1,\"created_at\":\"2026-09-22T06:07:44Z\",\"updated_at\":\"2026-09-22T06:24:01Z\",\"url\":\"https://api.github.com/repos/apache/cloudstack/issues/14221\",\"html_url\":\"https://github.com/apache/cloudstack/issues/14221\",\"comments_url\":\"https://api.github.com/repos/apache/cloudstack/issues/14221/comments\",\"events_url\":\"https://api.github.com/repos/apache/cloudstack/issues/14221/events\",\"labels_url\":\"https://api.github.com/repos/apache/cloudstack/issues/14221/labels{/name}\",\"repository_url\":\"https://api.github.com/repos/apache/cloudstack\",\"reactions\":{\"total_count\":0,\"+1\":0,\"-1\":0,\"laugh\":0,\"confused\":0,\"heart\":0,\"hooray\":0,\"rocket\":0,\"eyes\":0,\"url\":\"https://api.github.com/repos/apache/cloudstack/issues/14221/reactions\"},\"node_id\":\"I_kwDOAJTq2M8AAAABSfdCEQ\"},{\"id\":5535184791,\"number\":14218,\"state\":\"open\",\"locked\":false,\"title\":\"Multi-disk VM snapshot delete leaves DB inconsistent when one disk's merge times out after another disk's merge already succeeded\",\"body\":\"### problem\\n\\nDeleting a disk-only VM snapshot on a multi-disk VM can leave CloudStack's database permanently inconsistent with the actual state of primary storage if one disk's merge completes successfully while another disk's merge in the same operation times out. The disk that succeeded has its underlying file correctly committed and removed on the hypervisor, but the corresponding database update is never applied - because the whole operation is treated as a single all-or-nothing unit. The affected volume is left pointing at a file that no longer exists, and the VM cannot subsequently be started.\\n\\n### versions\\n\\n4.21.0.0+\\nKVM hypervisor, primary storage of type `Filesystem` / `NetworkFilesystem` / `SharedMountPoint`, VM with 2+ disks, disk-only VM snapshot (no memory).\\n\\n### The steps to reproduce the bug\\n\\n1. Create a VM with at least two disks on KVM/`SharedMountPoint` (or `Filesystem`/`NetworkFilesystem`) primary storage - one small disk, one large disk with enough real delta data that a commit takes noticeably longer than `qcow2.delta.merge.timeout` (or 1 hour, if using the running-VM/non-events path).\\n2. Take a disk-only VM snapshot.\\n3. Write enough data to the large disk that its subsequent commit will exceed the timeout.\\n4. Delete the VM snapshot.\\n5. Observe the small disk's merge completes and its delta file is deleted, while the large disk's commit is killed by the timeout.\\n\\n\\n\\n\\n### What to do about it?\\n\\n- The operation is fully atomic: no disk's file is deleted/merged unless *all* disks in the snapshot are confirmed to have completed successfully, and the operation cleanly fails/rolls back to a well-defined error state if any disk times out; or\\n- Per-disk completion is persisted incrementally as each disk finishes, so a disk that successfully merged is never left with a database record pointing at a deleted file, regardless of what happens to other disks in the same VM snapshot.\",\"author_association\":\"CONTRIBUTOR\",\"user\":{\"login\":\"Pearl1594\",\"id\":10495417,\"node_id\":\"MDQ6VXNlcjEwNDk1NDE3\",\"avatar_url\":\"https://avatars.githubusercontent.com/u/10495417?v=4\",\"html_url\":\"https://github.com/Pearl1594\",\"gravatar_id\":\"\",\"type\":\"User\",\"site_admin\":false,\"url\":\"https://api.github.com/users/Pearl1594\",\"events_url\":\"https://api.github.com/users/Pearl1594/events{/privacy}\",\"following_url\":\"https://api.github.com/users/Pearl1594/following{/other_user}\",\"followers_url\":\"https://api.github.com/users/Pearl1594/followers\",\"gists_url\":\"https://api.github.com/users/Pearl1594/gists{/gist_id}\",\"organizations_url\":\"https://api.github.com/users/Pearl1594/orgs\",\"received_events_url\":\"https://api.github.com/users/Pearl1594/received_events\",\"repos_url\":\"https://api.github.com/users/Pearl1594/repos\",\"starred_url\":\"https://api.github.com/users/Pearl1594/starred{/owner}{/repo}\",\"subscriptions_url\":\"https://api.github.com/users/Pearl1594/subscriptions\"},\"labels\":[{\"id\":11243221368,\"url\":\"https://api.github.com/repos/apache/cloudstack/labels/bug\",\"name\":\"bug\",\"color\":\"ededed\",\"default\":true,\"node_id\":\"LA_kwDOAJTq2M8AAAACniXxeA\"}],\"comments\":0,\"created_at\":\"2026-09-22T04:11:00Z\",\"updated_at\":\"2026-09-22T04:11:00Z\",\"url\":\"https://api.github.com/repos/apache/cloudstack/issues/14218\",\"html_url\":\"https://github.com/apache/cloudstack/issues/14218\",\"comments_url\":\"https://api.github.com/repos/apache/cloudstack/issues/14218/comments\",\"events_url\":\"https://api.github.com/repos/apache/cloudstack/issues/14218/events\",\"labels_url\":\"https://api.github.com/repos/apache/cloudstack/issues/14218/labels{/name}\",\"repository_url\":\"https://api.github.com/repos/apache/cloudstack\",\"reactions\":{\"total_count\":0,\"+1\":0,\"-1\":0,\"laugh\":0,\"confused\":0,\"heart\":0,\"hooray\":0,\"rocket\":0,\"eyes\":0,\"url\":\"https://api.github.com/repos/apache/cloudstack/issues/14218/reactions\"},\"node_id\":\"I_kwDOAJTq2M8AAAABSew3lw\"},{\"id\":5529846583,\"number\":14214,\"state\":\"open\",\"locked\":false,\"title\":\"Straggler DetachVolume job clears attachment state of a newer attach on another VM, leaving an orphaned disk in libvirt (KVM)\",\"body\":\"### problem\\n\\n\\u003cp style=\\\"box-sizing: border-box; border: 0px solid color(srgb 1 1 1 / 0.1); margin: 0px 0px 16px; padding: 0px; outline-color: rgb(85, 152, 231); scrollbar-width: thin; app-region: initial; text-rendering: optimizelegibility; color: rgb(240, 239, 236); font-family: anthropic-sans, system-ui, \\u0026quot;Segoe UI\\u0026quot;, Roboto, Helvetica, Arial, \\u0026quot;PingFang SC\\u0026quot;, \\u0026quot;PingFang TC\\u0026quot;, \\u0026quot;Hiragino Sans\\u0026quot;, \\u0026quot;Apple SD Gothic Neo\\u0026quot;, \\u0026quot;Kohinoor Devanagari\\u0026quot;, \\u0026quot;Kohinoor Bangla\\u0026quot;, \\u0026quot;Kohinoor Telugu\\u0026quot;, \\u0026quot;Tamil Sangam MN\\u0026quot;, \\u0026quot;Kohinoor Gujarati\\u0026quot;, \\u0026quot;Malayalam Sangam MN\\u0026quot;, \\u0026quot;Nirmala UI\\u0026quot;, \\u0026quot;Noto Sans Devanagari UI\\u0026quot;, \\u0026quot;Noto Sans Devanagari\\u0026quot;, \\u0026quot;Noto Sans Bengali UI\\u0026quot;, \\u0026quot;Noto Sans Bengali\\u0026quot;, \\u0026quot;Noto Sans Telugu UI\\u0026quot;, \\u0026quot;Noto Sans Telugu\\u0026quot;, \\u0026quot;Noto Sans Tamil UI\\u0026quot;, \\u0026quot;Noto Sans Tamil\\u0026quot;, \\u0026quot;Noto Sans Gujarati UI\\u0026quot;, \\u0026quot;Noto Sans Gujarati\\u0026quot;, \\u0026quot;Noto Sans Kannada UI\\u0026quot;, \\u0026quot;Noto Sans Kannada\\u0026quot;, \\u0026quot;Noto Sans Malayalam UI\\u0026quot;, \\u0026quot;Noto Sans Malayalam\\u0026quot;, Thonburi, \\u0026quot;Leelawadee UI\\u0026quot;, \\u0026quot;Noto Sans Thai UI\\u0026quot;, \\u0026quot;Noto Sans Thai\\u0026quot;, Kefa, Ebrima, \\u0026quot;Noto Sans Ethiopic\\u0026quot;, \\u0026quot;Abyssinica SIL\\u0026quot;, sans-serif, ui-sans-serif, system-ui, -apple-system, \\u0026quot;Segoe UI\\u0026quot;, Roboto, \\u0026quot;PingFang SC\\u0026quot;, \\u0026quot;PingFang TC\\u0026quot;, \\u0026quot;Hiragino Sans\\u0026quot;, \\u0026quot;Apple SD Gothic Neo\\u0026quot;, sans-serif; font-size: 13px; font-style: normal; font-variant-ligatures: normal; font-variant-caps: normal; font-weight: 400; letter-spacing: normal; orphans: 2; text-align: start; text-indent: 0px; text-transform: none; widows: 2; word-spacing: 0px; -webkit-text-stroke-width: 0px; white-space: normal; background-color: rgb(26, 26, 25); text-decoration-thickness: initial; text-decoration-style: initial; text-decoration-color: initial;\\\"\\u003eA stale\\u003cspan\\u003e \\u003c/span\\u003e\\u003ccode data-epitaxy-inline-code=\\\"\\\" style=\\\"box-sizing: border-box; border: 0px solid color(srgb 1 1 1 / 0.1); margin: 0px; padding: 0px; outline-color: rgb(85, 152, 231); scrollbar-width: thin; app-region: initial; font-family: anthropic-mono, ui-monospace, monospace, \\u0026quot;SF Mono\\u0026quot;, ui-monospace, Menlo, Consolas, monospace; font-feature-settings: \\u0026quot;calt\\u0026quot; 0, \\u0026quot;liga\\u0026quot; 0; font-variation-settings: normal; font-size: 12px; font-variant-ligatures: none; text-rendering: optimizelegibility; background: none 0% 0% / auto repeat scroll padding-box border-box color(srgb 1 1 1 / 0.05); color: rgb(240, 239, 236); border-radius: 4px; padding-block: 1px; padding-inline: 2px; line-height: 1.4;\\\"\\u003eDetachVolume\\u003c/code\\u003e\\u003cspan\\u003e \\u003c/span\\u003easync job that completes\\u003cspan\\u003e \\u003c/span\\u003e\\u003cstrong style=\\\"box-sizing: border-box; border: 0px solid color(srgb 1 1 1 / 0.1); margin: 0px; padding: 0px; outline-color: rgb(85, 152, 231); scrollbar-width: thin; app-region: initial; font-weight: 500; --cds-font-axis-wght: \\u0026quot;wght\\u0026quot; 560,; font-variation-settings: \\u0026quot;GRAD\\u0026quot; 0, \\u0026quot;wght\\u0026quot; 560; text-rendering: optimizelegibility;\\\"\\u003eafter\\u003c/strong\\u003e\\u003cspan\\u003e \\u003c/span\\u003ethe same volume has already been re-attached (to another VM) clears the volume's attachment state in the database unconditionally. The result is a persistent split-brain: the DB shows the volume detached while the hypervisor still has the disk plugged into the original guest. Every subsequent\\u003cspan\\u003e \\u003c/span\\u003e\\u003ccode data-epitaxy-inline-code=\\\"\\\" style=\\\"box-sizing: border-box; border: 0px solid color(srgb 1 1 1 / 0.1); margin: 0px; padding: 0px; outline-color: rgb(85, 152, 231); scrollbar-width: thin; app-region: initial; font-family: anthropic-mono, ui-monospace, monospace, \\u0026quot;SF Mono\\u0026quot;, ui-monospace, Menlo, Consolas, monospace; font-feature-settings: \\u0026quot;calt\\u0026quot; 0, \\u0026quot;liga\\u0026quot; 0; font-variation-settings: normal; font-size: 12px; font-variant-ligatures: none; text-rendering: optimizelegibility; background: none 0% 0% / auto repeat scroll padding-box border-box color(srgb 1 1 1 / 0.05); color: rgb(240, 239, 236); border-radius: 4px; padding-block: 1px; padding-inline: 2px; line-height: 1.4;\\\"\\u003eAttachVolume\\u003c/code\\u003e\\u003cspan\\u003e \\u003c/span\\u003eto that guest is then allocated the \\\"free\\\" device id and fails in libvirt with\\u003cspan\\u003e \\u003c/span\\u003e\\u003ccode data-epitaxy-inline-code=\\\"\\\" style=\\\"box-sizing: border-box; border: 0px solid color(srgb 1 1 1 / 0.1); margin: 0px; padding: 0px; outline-color: rgb(85, 152, 231); scrollbar-width: thin; app-region: initial; font-family: anthropic-mono, ui-monospace, monospace, \\u0026quot;SF Mono\\u0026quot;, ui-monospace, Menlo, Consolas, monospace; font-feature-settings: \\u0026quot;calt\\u0026quot; 0, \\u0026quot;liga\\u0026quot; 0; font-variation-settings: normal; font-size: 12px; font-variant-ligatures: none; text-rendering: optimizelegibility; background: none 0% 0% / auto repeat scroll padding-box border-box color(srgb 1 1 1 / 0.05); color: rgb(240, 239, 236); border-radius: 4px; padding-block: 1px; padding-inline: 2px; line-height: 1.4;\\\"\\u003eXML error: target 'vdX' duplicated\\u003c/code\\u003e, permanently rejecting all volume attaches to that VM until an operator manually runs\\u003cspan\\u003e \\u003c/span\\u003e\\u003ccode data-epitaxy-inline-code=\\\"\\\" style=\\\"box-sizing: border-box; border: 0px solid color(srgb 1 1 1 / 0.1); margin: 0px; padding: 0px; outline-color: rgb(85, 152, 231); scrollbar-width: thin; app-region: initial; font-family: anthropic-mono, ui-monospace, monospace, \\u0026quot;SF Mono\\u0026quot;, ui-monospace, Menlo, Consolas, monospace; font-feature-settings: \\u0026quot;calt\\u0026quot; 0, \\u0026quot;liga\\u0026quot; 0; font-variation-settings: normal; font-size: 12px; font-variant-ligatures: none; text-rendering: optimizelegibility; background: none 0% 0% / auto repeat scroll padding-box border-box color(srgb 1 1 1 / 0.05); color: rgb(240, 239, 236); border-radius: 4px; padding-block: 1px; padding-inline: 2px; line-height: 1.4;\\\"\\u003evirsh detach-disk\\u003c/code\\u003e.\\u003c/p\\u003e\\u003cp style=\\\"box-sizing: border-box; border: 0px solid color(srgb 1 1 1 / 0.1); margin: 0px 0px 16px; padding: 0px; outline-color: rgb(85, 152, 231); scrollbar-width: thin; app-region: initial; text-rendering: optimizelegibility; color: rgb(240, 239, 236); font-family: anthropic-sans, system-ui, \\u0026quot;Segoe UI\\u0026quot;, Roboto, Helvetica, Arial, \\u0026quot;PingFang SC\\u0026quot;, \\u0026quot;PingFang TC\\u0026quot;, \\u0026quot;Hiragino Sans\\u0026quot;, \\u0026quot;Apple SD Gothic Neo\\u0026quot;, \\u0026quot;Kohinoor Devanagari\\u0026quot;, \\u0026quot;Kohinoor Bangla\\u0026quot;, \\u0026quot;Kohinoor Telugu\\u0026quot;, \\u0026quot;Tamil Sangam MN\\u0026quot;, \\u0026quot;Kohinoor Gujarati\\u0026quot;, \\u0026quot;Malayalam Sangam MN\\u0026quot;, \\u0026quot;Nirmala UI\\u0026quot;, \\u0026quot;Noto Sans Devanagari UI\\u0026quot;, \\u0026quot;Noto Sans Devanagari\\u0026quot;, \\u0026quot;Noto Sans Bengali UI\\u0026quot;, \\u0026quot;Noto Sans Bengali\\u0026quot;, \\u0026quot;Noto Sans Telugu UI\\u0026quot;, \\u0026quot;Noto Sans Telugu\\u0026quot;, \\u0026quot;Noto Sans Tamil UI\\u0026quot;, \\u0026quot;Noto Sans Tamil\\u0026quot;, \\u0026quot;Noto Sans Gujarati UI\\u0026quot;, \\u0026quot;Noto Sans Gujarati\\u0026quot;, \\u0026quot;Noto Sans Kannada UI\\u0026quot;, \\u0026quot;Noto Sans Kannada\\u0026quot;, \\u0026quot;Noto Sans Malayalam UI\\u0026quot;, \\u0026quot;Noto Sans Malayalam\\u0026quot;, Thonburi, \\u0026quot;Leelawadee UI\\u0026quot;, \\u0026quot;Noto Sans Thai UI\\u0026quot;, \\u0026quot;Noto Sans Thai\\u0026quot;, Kefa, Ebrima, \\u0026quot;Noto Sans Ethiopic\\u0026quot;, \\u0026quot;Abyssinica SIL\\u0026quot;, sans-serif, ui-sans-serif, system-ui, -apple-system, \\u0026quot;Segoe UI\\u0026quot;, Roboto, \\u0026quot;PingFang SC\\u0026quot;, \\u0026quot;PingFang TC\\u0026quot;, \\u0026quot;Hiragino Sans\\u0026quot;, \\u0026quot;Apple SD Gothic Neo\\u0026quot;, sans-serif; font-size: 13px; font-style: normal; font-variant-ligatures: normal; font-variant-caps: normal; font-weight: 400; letter-spacing: normal; orphans: 2; text-align: start; text-indent: 0px; text-transform: none; widows: 2; word-spacing: 0px; -webkit-text-stroke-width: 0px; white-space: normal; background-color: rgb(26, 26, 25); text-decoration-thickness: initial; text-decoration-style: initial; text-decoration-color: initial;\\\"\\u003eRoot factors, as observed:\\u003c/p\\u003e\\u003col style=\\\"box-sizing: border-box; border: 0px solid color(srgb 1 1 1 / 0.1); margin: 0px 0px 16px; padding: 0px 0px 0px 20px; outline-color: rgb(85, 152, 231); scrollbar-width: thin; app-region: initial; list-style: decimal; text-rendering: optimizelegibility; gap: 6px; flex-direction: column; display: flex; color: rgb(240, 239, 236); font-family: anthropic-sans, system-ui, \\u0026quot;Segoe UI\\u0026quot;, Roboto, Helvetica, Arial, \\u0026quot;PingFang SC\\u0026quot;, \\u0026quot;PingFang TC\\u0026quot;, \\u0026quot;Hiragino Sans\\u0026quot;, \\u0026quot;Apple SD Gothic Neo\\u0026quot;, \\u0026quot;Kohinoor Devanagari\\u0026quot;, \\u0026quot;Kohinoor Bangla\\u0026quot;, \\u0026quot;Kohinoor Telugu\\u0026quot;, \\u0026quot;Tamil Sangam MN\\u0026quot;, \\u0026quot;Kohinoor Gujarati\\u0026quot;, \\u0026quot;Malayalam Sangam MN\\u0026quot;, \\u0026quot;Nirmala UI\\u0026quot;, \\u0026quot;Noto Sans Devanagari UI\\u0026quot;, \\u0026quot;Noto Sans Devanagari\\u0026quot;, \\u0026quot;Noto Sans Bengali UI\\u0026quot;, \\u0026quot;Noto Sans Bengali\\u0026quot;, \\u0026quot;Noto Sans Telugu UI\\u0026quot;, \\u0026quot;Noto Sans Telugu\\u0026quot;, \\u0026quot;Noto Sans Tamil UI\\u0026quot;, \\u0026quot;Noto Sans Tamil\\u0026quot;, \\u0026quot;Noto Sans Gujarati UI\\u0026quot;, \\u0026quot;Noto Sans Gujarati\\u0026quot;, \\u0026quot;Noto Sans Kannada UI\\u0026quot;, \\u0026quot;Noto Sans Kannada\\u0026quot;, \\u0026quot;Noto Sans Malayalam UI\\u0026quot;, \\u0026quot;Noto Sans Malayalam\\u0026quot;, Thonburi, \\u0026quot;Leelawadee UI\\u0026quot;, \\u0026quot;Noto Sans Thai UI\\u0026quot;, \\u0026quot;Noto Sans Thai\\u0026quot;, Kefa, Ebrima, \\u0026quot;Noto Sans Ethiopic\\u0026quot;, \\u0026quot;Abyssinica SIL\\u0026quot;, sans-serif, ui-sans-serif, system-ui, -apple-system, \\u0026quot;Segoe UI\\u0026quot;, Roboto, \\u0026quot;PingFang SC\\u0026quot;, \\u0026quot;PingFang TC\\u0026quot;, \\u0026quot;Hiragino Sans\\u0026quot;, \\u0026quot;Apple SD Gothic Neo\\u0026quot;, sans-serif; font-size: 13px; font-style: normal; font-variant-ligatures: normal; font-variant-caps: normal; font-weight: 400; letter-spacing: normal; orphans: 2; text-align: start; text-indent: 0px; text-transform: none; widows: 2; word-spacing: 0px; -webkit-text-stroke-width: 0px; white-space: normal; background-color: rgb(26, 26, 25); text-decoration-thickness: initial; text-decoration-style: initial; text-decoration-color: initial;\\\"\\u003e\\u003cli style=\\\"box-sizing: border-box; border: 0px solid color(srgb 1 1 1 / 0.1); margin: 0px; padding: 0px; outline-color: rgb(85, 152, 231); scrollbar-width: thin; app-region: initial; text-rendering: optimizelegibility;\\\"\\u003eVM work jobs are serialized\\u003cspan\\u003e \\u003c/span\\u003e\\u003cstrong style=\\\"box-sizing: border-box; border: 0px solid color(srgb 1 1 1 / 0.1); margin: 0px; padding: 0px; outline-color: rgb(85, 152, 231); scrollbar-width: thin; app-region: initial; font-weight: 500; --cds-font-axis-wght: \\u0026quot;wght\\u0026quot; 560,; font-variation-settings: \\u0026quot;GRAD\\u0026quot; 0, \\u0026quot;wght\\u0026quot; 560; text-rendering: optimizelegibility;\\\"\\u003eper VM, not per volume\\u003c/strong\\u003e\\u003cspan\\u003e \\u003c/span\\u003e— so a detach of volume V from VM-A and an attach of volume V to VM-B run on independent queues with no ordering guarantee.\\u003c/li\\u003e\\u003cli style=\\\"box-sizing: border-box; border: 0px solid color(srgb 1 1 1 / 0.1); margin: 0px; padding: 0px; outline-color: rgb(85, 152, 231); scrollbar-width: thin; app-region: initial; text-rendering: optimizelegibility;\\\"\\u003eClients that retry (Kubernetes CSI external-attacher, ~60 s retry) stack multiple identical\\u003cspan\\u003e \\u003c/span\\u003e\\u003ccode data-epitaxy-inline-code=\\\"\\\" style=\\\"box-sizing: border-box; border: 0px solid color(srgb 1 1 1 / 0.1); margin: 0px; padding: 0px; outline-color: rgb(85, 152, 231); scrollbar-width: thin; app-region: initial; font-family: anthropic-mono, ui-monospace, monospace, \\u0026quot;SF Mono\\u0026quot;, ui-monospace, Menlo, Consolas, monospace; font-feature-settings: \\u0026quot;calt\\u0026quot; 0, \\u0026quot;liga\\u0026quot; 0; font-variation-settings: normal; font-size: 12px; font-variant-ligatures: none; text-rendering: optimizelegibility; background: none 0% 0% / auto repeat scroll padding-box border-box color(srgb 1 1 1 / 0.05); color: rgb(240, 239, 236); border-radius: 4px; padding-block: 1px; padding-inline: 2px; line-height: 1.4;\\\"\\u003eDetachVolume\\u003c/code\\u003e\\u003cspan\\u003e \\u003c/span\\u003ejobs on the source VM's queue. The first succeeds; the stragglers also \\\"succeed\\\" later.\\u003c/li\\u003e\\u003cli style=\\\"box-sizing: border-box; border: 0px solid color(srgb 1 1 1 / 0.1); margin: 0px; padding: 0px; outline-color: rgb(85, 152, 231); scrollbar-width: thin; app-region: initial; text-rendering: optimizelegibility;\\\"\\u003eThe straggler's completion path clears\\u003cspan\\u003e \\u003c/span\\u003e\\u003ccode data-epitaxy-inline-code=\\\"\\\" style=\\\"box-sizing: border-box; border: 0px solid color(srgb 1 1 1 / 0.1); margin: 0px; padding: 0px; outline-color: rgb(85, 152, 231); scrollbar-width: thin; app-region: initial; font-family: anthropic-mono, ui-monospace, monospace, \\u0026quot;SF Mono\\u0026quot;, ui-monospace, Menlo, Consolas, monospace; font-feature-settings: \\u0026quot;calt\\u0026quot; 0, \\u0026quot;liga\\u0026quot; 0; font-variation-settings: normal; font-size: 12px; font-variant-ligatures: none; text-rendering: optimizelegibility; background: none 0% 0% / auto repeat scroll padding-box border-box color(srgb 1 1 1 / 0.05); color: rgb(240, 239, 236); border-radius: 4px; padding-block: 1px; padding-inline: 2px; line-height: 1.4;\\\"\\u003evolumes.instance_id\\u003c/code\\u003e\\u003cspan\\u003e \\u003c/span\\u003e/\\u003cspan\\u003e \\u003c/span\\u003e\\u003ccode data-epitaxy-inline-code=\\\"\\\" style=\\\"box-sizing: border-box; border: 0px solid color(srgb 1 1 1 / 0.1); margin: 0px; padding: 0px; outline-color: rgb(85, 152, 231); scrollbar-width: thin; app-region: initial; font-family: anthropic-mono, ui-monospace, monospace, \\u0026quot;SF Mono\\u0026quot;, ui-monospace, Menlo, Consolas, monospace; font-feature-settings: \\u0026quot;calt\\u0026quot; 0, \\u0026quot;liga\\u0026quot; 0; font-variation-settings: normal; font-size: 12px; font-variant-ligatures: none; text-rendering: optimizelegibility; background: none 0% 0% / auto repeat scroll padding-box border-box color(srgb 1 1 1 / 0.05); color: rgb(240, 239, 236); border-radius: 4px; padding-block: 1px; padding-inline: 2px; line-height: 1.4;\\\"\\u003edevice_id\\u003c/code\\u003e\\u003cspan\\u003e \\u003c/span\\u003e\\u003cstrong style=\\\"box-sizing: border-box; border: 0px solid color(srgb 1 1 1 / 0.1); margin: 0px; padding: 0px; outline-color: rgb(85, 152, 231); scrollbar-width: thin; app-region: initial; font-weight: 500; --cds-font-axis-wght: \\u0026quot;wght\\u0026quot; 560,; font-variation-settings: \\u0026quot;GRAD\\u0026quot; 0, \\u0026quot;wght\\u0026quot; 560; text-rendering: optimizelegibility;\\\"\\u003ewithout verifying the row still refers to the attachment it detached\\u003c/strong\\u003e\\u003cspan\\u003e \\u003c/span\\u003e— no compare-and-swap. If the volume was re-attached in the meantime, the\\u003cspan\\u003e \\u003c/span\\u003e\\u003cem style=\\\"box-sizing: border-box; border: 0px solid color(srgb 1 1 1 / 0.1); margin: 0px; padding: 0px; outline-color: rgb(85, 152, 231); scrollbar-width: thin; app-region: initial; text-rendering: optimizelegibility; font-style: italic;\\\"\\u003enew\\u003c/em\\u003e\\u003cspan\\u003e \\u003c/span\\u003eattachment's state is destroyed.\\u003c/li\\u003e\\u003cli style=\\\"box-sizing: border-box; border: 0px solid color(srgb 1 1 1 / 0.1); margin: 0px; padding: 0px; outline-color: rgb(85, 152, 231); scrollbar-width: thin; app-region: initial; text-rendering: optimizelegibility;\\\"\\u003eThe corrupting event logs at INFO level as a successful detach — nothing flags the inconsistency until a later attach collides.\\u003c/li\\u003e\\u003c/ol\\u003e\\u003ch3 style=\\\"box-sizing: border-box; border: 0px solid color(srgb 1 1 1 / 0.1); margin: 0px 0px 16px; padding: 0px; outline-color: rgb(85, 152, 231); scrollbar-width: thin; app-region: initial; font-size: 15px; font-weight: 580; text-rendering: optimizelegibility; font-variation-settings: \\u0026quot;wght\\u0026quot; 540; letter-spacing: -0.01em; margin-block: 20px 6px; padding-block: 0px; color: rgb(240, 239, 236); font-family: anthropic-sans, system-ui, \\u0026quot;Segoe UI\\u0026quot;, Roboto, Helvetica, Arial, \\u0026quot;PingFang SC\\u0026quot;, \\u0026quot;PingFang TC\\u0026quot;, \\u0026quot;Hiragino Sans\\u0026quot;, \\u0026quot;Apple SD Gothic Neo\\u0026quot;, \\u0026quot;Kohinoor Devanagari\\u0026quot;, \\u0026quot;Kohinoor Bangla\\u0026quot;, \\u0026quot;Kohinoor Telugu\\u0026quot;, \\u0026quot;Tamil Sangam MN\\u0026quot;, \\u0026quot;Kohinoor Gujarati\\u0026quot;, \\u0026quot;Malayalam Sangam MN\\u0026quot;, \\u0026quot;Nirmala UI\\u0026quot;, \\u0026quot;Noto Sans Devanagari UI\\u0026quot;, \\u0026quot;Noto Sans Devanagari\\u0026quot;, \\u0026quot;Noto Sans Bengali UI\\u0026quot;, \\u0026quot;Noto Sans Bengali\\u0026quot;, \\u0026quot;Noto Sans Telugu UI\\u0026quot;, \\u0026quot;Noto Sans Telugu\\u0026quot;, \\u0026quot;Noto Sans Tamil UI\\u0026quot;, \\u0026quot;Noto Sans Tamil\\u0026quot;, \\u0026quot;Noto Sans Gujarati UI\\u0026quot;, \\u0026quot;Noto Sans Gujarati\\u0026quot;, \\u0026quot;Noto Sans Kannada UI\\u0026quot;, \\u0026quot;Noto Sans Kannada\\u0026quot;, \\u0026quot;Noto Sans Malayalam UI\\u0026quot;, \\u0026quot;Noto Sans Malayalam\\u0026quot;, Thonburi, \\u0026quot;Leelawadee UI\\u0026quot;, \\u0026quot;Noto Sans Thai UI\\u0026quot;, \\u0026quot;Noto Sans Thai\\u0026quot;, Kefa, Ebrima, \\u0026quot;Noto Sans Ethiopic\\u0026quot;, \\u0026quot;Abyssinica SIL\\u0026quot;, sans-serif, ui-sans-serif, system-ui, -apple-system, \\u0026quot;Segoe UI\\u0026quot;, Roboto, \\u0026quot;PingFang SC\\u0026quot;, \\u0026quot;PingFang TC\\u0026quot;, \\u0026quot;Hiragino Sans\\u0026quot;, \\u0026quot;Apple SD Gothic Neo\\u0026quot;, sans-serif; font-style: normal; font-variant-ligatures: normal; font-variant-caps: normal; orphans: 2; text-align: start; text-indent: 0px; text-transform: none; widows: 2; word-spacing: 0px; -webkit-text-stroke-width: 0px; white-space: normal; background-color: rgb(26, 26, 25); text-decoration-thickness: initial; text-decoration-style: initial; text-decoration-color: initial;\\\"\\u003eObserved occurrences (four in 20 days, production; all on 4.22.1.0, KVM, RBD primary storage)\\u003c/h3\\u003e\\u003cp style=\\\"box-sizing: border-box; border: 0px solid color(srgb 1 1 1 / 0.1); margin: 0px 0px 16px; padding: 0px; outline-color: rgb(85, 152, 231); scrollbar-width: thin; app-region: initial; text-rendering: optimizelegibility; color: rgb(240, 239, 236); font-family: anthropic-sans, system-ui, \\u0026quot;Segoe UI\\u0026quot;, Roboto, Helvetica, Arial, \\u0026quot;PingFang SC\\u0026quot;, \\u0026quot;PingFang TC\\u0026quot;, \\u0026quot;Hiragino Sans\\u0026quot;, \\u0026quot;Apple SD Gothic Neo\\u0026quot;, \\u0026quot;Kohinoor Devanagari\\u0026quot;, \\u0026quot;Kohinoor Bangla\\u0026quot;, \\u0026quot;Kohinoor Telugu\\u0026quot;, \\u0026quot;Tamil Sangam MN\\u0026quot;, \\u0026quot;Kohinoor Gujarati\\u0026quot;, \\u0026quot;Malayalam Sangam MN\\u0026quot;, \\u0026quot;Nirmala UI\\u0026quot;, \\u0026quot;Noto Sans Devanagari UI\\u0026quot;, \\u0026quot;Noto Sans Devanagari\\u0026quot;, \\u0026quot;Noto Sans Bengali UI\\u0026quot;, \\u0026quot;Noto Sans Bengali\\u0026quot;, \\u0026quot;Noto Sans Telugu UI\\u0026quot;, \\u0026quot;Noto Sans Telugu\\u0026quot;, \\u0026quot;Noto Sans Tamil UI\\u0026quot;, \\u0026quot;Noto Sans Tamil\\u0026quot;, \\u0026quot;Noto Sans Gujarati UI\\u0026quot;, \\u0026quot;Noto Sans Gujarati\\u0026quot;, \\u0026quot;Noto Sans Kannada UI\\u0026quot;, \\u0026quot;Noto Sans Kannada\\u0026quot;, \\u0026quot;Noto Sans Malayalam UI\\u0026quot;, \\u0026quot;Noto Sans Malayalam\\u0026quot;, Thonburi, \\u0026quot;Leelawadee UI\\u0026quot;, \\u0026quot;Noto Sans Thai UI\\u0026quot;, \\u0026quot;Noto Sans Thai\\u0026quot;, Kefa, Ebrima, \\u0026quot;Noto Sans Ethiopic\\u0026quot;, \\u0026quot;Abyssinica SIL\\u0026quot;, sans-serif, ui-sans-serif, system-ui, -apple-system, \\u0026quot;Segoe UI\\u0026quot;, Roboto, \\u0026quot;PingFang SC\\u0026quot;, \\u0026quot;PingFang TC\\u0026quot;, \\u0026quot;Hiragino Sans\\u0026quot;, \\u0026quot;Apple SD Gothic Neo\\u0026quot;, sans-serif; font-size: 13px; font-style: normal; font-variant-ligatures: normal; font-variant-caps: normal; font-weight: 400; letter-spacing: normal; orphans: 2; text-align: start; text-indent: 0px; text-transform: none; widows: 2; word-spacing: 0px; -webkit-text-stroke-width: 0px; white-space: normal; background-color: rgb(26, 26, 25); text-decoration-thickness: initial; text-decoration-style: initial; text-decoration-color: initial;\\\"\\u003e\\u003cstrong style=\\\"box-sizing: border-box; border: 0px solid color(srgb 1 1 1 / 0.1); margin: 0px; padding: 0px; outline-color: rgb(85, 152, 231); scrollbar-width: thin; app-region: initial; font-weight: 500; --cds-font-axis-wght: \\u0026quot;wght\\u0026quot; 560,; font-variation-settings: \\u0026quot;GRAD\\u0026quot; 0, \\u0026quot;wght\\u0026quot; 560; text-rendering: optimizelegibility;\\\"\\u003eOccurrence 1 — 2026-08-27/28, \\\"worker7\\\":\\u003c/strong\\u003e\\u003cspan\\u003e \\u003c/span\\u003estraggler detach\\u003cspan\\u003e \\u003c/span\\u003e\\u003cstrong style=\\\"box-sizing: border-box; border: 0px solid color(srgb 1 1 1 / 0.1); margin: 0px; padding: 0px; outline-color: rgb(85, 152, 231); scrollbar-width: thin; app-region: initial; font-weight: 500; --cds-font-axis-wght: \\u0026quot;wght\\u0026quot; 560,; font-variation-settings: \\u0026quot;GRAD\\u0026quot; 0, \\u0026quot;wght\\u0026quot; 560; text-rendering: optimizelegibility;\\\"\\u003ejob-148750\\u003c/strong\\u003e\\u003cspan\\u003e \\u003c/span\\u003ecleared the state of an attachment established by job-148738; collisions observed via job-148762 et seq.\\u003c/p\\u003e\\u003cp style=\\\"box-sizing: border-box; border: 0px solid color(srgb 1 1 1 / 0.1); margin: 0px 0px 16px; padding: 0px; outline-color: rgb(85, 152, 231); scrollbar-width: thin; app-region: initial; text-rendering: optimizelegibility; color: rgb(240, 239, 236); font-family: anthropic-sans, system-ui, \\u0026quot;Segoe UI\\u0026quot;, Roboto, Helvetica, Arial, \\u0026quot;PingFang SC\\u0026quot;, \\u0026quot;PingFang TC\\u0026quot;, \\u0026quot;Hiragino Sans\\u0026quot;, \\u0026quot;Apple SD Gothic Neo\\u0026quot;, \\u0026quot;Kohinoor Devanagari\\u0026quot;, \\u0026quot;Kohinoor Bangla\\u0026quot;, \\u0026quot;Kohinoor Telugu\\u0026quot;, \\u0026quot;Tamil Sangam MN\\u0026quot;, \\u0026quot;Kohinoor Gujarati\\u0026quot;, \\u0026quot;Malayalam Sangam MN\\u0026quot;, \\u0026quot;Nirmala UI\\u0026quot;, \\u0026quot;Noto Sans Devanagari UI\\u0026quot;, \\u0026quot;Noto Sans Devanagari\\u0026quot;, \\u0026quot;Noto Sans Bengali UI\\u0026quot;, \\u0026quot;Noto Sans Bengali\\u0026quot;, \\u0026quot;Noto Sans Telugu UI\\u0026quot;, \\u0026quot;Noto Sans Telugu\\u0026quot;, \\u0026quot;Noto Sans Tamil UI\\u0026quot;, \\u0026quot;Noto Sans Tamil\\u0026quot;, \\u0026quot;Noto Sans Gujarati UI\\u0026quot;, \\u0026quot;Noto Sans Gujarati\\u0026quot;, \\u0026quot;Noto Sans Kannada UI\\u0026quot;, \\u0026quot;Noto Sans Kannada\\u0026quot;, \\u0026quot;Noto Sans Malayalam UI\\u0026quot;, \\u0026quot;Noto Sans Malayalam\\u0026quot;, Thonburi, \\u0026quot;Leelawadee UI\\u0026quot;, \\u0026quot;Noto Sans Thai UI\\u0026quot;, \\u0026quot;Noto Sans Thai\\u0026quot;, Kefa, Ebrima, \\u0026quot;Noto Sans Ethiopic\\u0026quot;, \\u0026quot;Abyssinica SIL\\u0026quot;, sans-serif, ui-sans-serif, system-ui, -apple-system, \\u0026quot;Segoe UI\\u0026quot;, Roboto, \\u0026quot;PingFang SC\\u0026quot;, \\u0026quot;PingFang TC\\u0026quot;, \\u0026quot;Hiragino Sans\\u0026quot;, \\u0026quot;Apple SD Gothic Neo\\u0026quot;, sans-serif; font-size: 13px; font-style: normal; font-variant-ligatures: normal; font-variant-caps: normal; font-weight: 400; letter-spacing: normal; orphans: 2; text-align: start; text-indent: 0px; text-transform: none; widows: 2; word-spacing: 0px; -webkit-text-stroke-width: 0px; white-space: normal; background-color: rgb(26, 26, 25); text-decoration-thickness: initial; text-decoration-style: initial; text-decoration-color: initial;\\\"\\u003e\\u003cstrong style=\\\"box-sizing: border-box; border: 0px solid color(srgb 1 1 1 / 0.1); margin: 0px; padding: 0px; outline-color: rgb(85, 152, 231); scrollbar-width: thin; app-region: initial; font-weight: 500; --cds-font-axis-wght: \\u0026quot;wght\\u0026quot; 560,; font-variation-settings: \\u0026quot;GRAD\\u0026quot; 0, \\u0026quot;wght\\u0026quot; 560; text-rendering: optimizelegibility;\\\"\\u003eOccurrence 2 — 2026-09-08, \\\"worker7\\\"/\\\"worker8\\\"\\u003c/strong\\u003e\\u003cspan\\u003e \\u003c/span\\u003e(management-server.log timeline, UTC):\\u003c/p\\u003e\\u003cdiv class=\\\"epitaxy-table-scroll\\\" style=\\\"box-sizing: border-box; border: 0px solid color(srgb 1 1 1 / 0.1); margin: 0px 0px 16px; padding: 0px; outline-color: rgb(85, 152, 231); scrollbar-width: auto; app-region: initial; text-rendering: optimizelegibility; scrollbar-color: auto; overflow-x: auto; color: rgb(240, 239, 236); font-family: anthropic-sans, system-ui, \\u0026quot;Segoe UI\\u0026quot;, Roboto, Helvetica, Arial, \\u0026quot;PingFang SC\\u0026quot;, \\u0026quot;PingFang TC\\u0026quot;, \\u0026quot;Hiragino Sans\\u0026quot;, \\u0026quot;Apple SD Gothic Neo\\u0026quot;, \\u0026quot;Kohinoor Devanagari\\u0026quot;, \\u0026quot;Kohinoor Bangla\\u0026quot;, \\u0026quot;Kohinoor Telugu\\u0026quot;, \\u0026quot;Tamil Sangam MN\\u0026quot;, \\u0026quot;Kohinoor Gujarati\\u0026quot;, \\u0026quot;Malayalam Sangam MN\\u0026quot;, \\u0026quot;Nirmala UI\\u0026quot;, \\u0026quot;Noto Sans Devanagari UI\\u0026quot;, \\u0026quot;Noto Sans Devanagari\\u0026quot;, \\u0026quot;Noto Sans Bengali UI\\u0026quot;, \\u0026quot;Noto Sans Bengali\\u0026quot;, \\u0026quot;Noto Sans Telugu UI\\u0026quot;, \\u0026quot;Noto Sans Telugu\\u0026quot;, \\u0026quot;Noto Sans Tamil UI\\u0026quot;, \\u0026quot;Noto Sans Tamil\\u0026quot;, \\u0026quot;Noto Sans Gujarati UI\\u0026quot;, \\u0026quot;Noto Sans Gujarati\\u0026quot;, \\u0026quot;Noto Sans Kannada UI\\u0026quot;, \\u0026quot;Noto Sans Kannada\\u0026quot;, \\u0026quot;Noto Sans Malayalam UI\\u0026quot;, \\u0026quot;Noto Sans Malayalam\\u0026quot;, Thonburi, \\u0026quot;Leelawadee UI\\u0026quot;, \\u0026quot;Noto Sans Thai UI\\u0026quot;, \\u0026quot;Noto Sans Thai\\u0026quot;, Kefa, Ebrima, \\u0026quot;Noto Sans Ethiopic\\u0026quot;, \\u0026quot;Abyssinica SIL\\u0026quot;, sans-serif, ui-sans-serif, system-ui, -apple-system, \\u0026quot;Segoe UI\\u0026quot;, Roboto, \\u0026quot;PingFang SC\\u0026quot;, \\u0026quot;PingFang TC\\u0026quot;, \\u0026quot;Hiragino Sans\\u0026quot;, \\u0026quot;Apple SD Gothic Neo\\u0026quot;, sans-serif; font-size: 13px; font-style: normal; font-variant-ligatures: normal; font-variant-caps: normal; font-weight: 400; letter-spacing: normal; orphans: 2; text-align: start; text-indent: 0px; text-transform: none; widows: 2; word-spacing: 0px; -webkit-text-stroke-width: 0px; white-space: normal; background-color: rgb(26, 26, 25); text-decoration-thickness: initial; text-decoration-style: initial; text-decoration-color: initial;\\\"\\u003e\\nTime | Job | Event\\n-- | -- | --\\n14:34:56 | job-210187 | DetachVolume #1 of volume e949a8c4 from worker1 (CSI-initiated)\\n14:35:56–14:37:57 | job-210205 / 210223 / 210235 | CSI ~60 s retries stack detaches #2–4 on worker1's queue\\n14:38:51 | job-210187 SUCCEEDED | real unplug from worker1\\n14:40:10→19 | job-210247 SUCCEEDED | volume attached to worker7, deviceid 2 (vdc), DB correct\\n14:42:40 | job-210235 SUCCEEDED | straggler completes 2m21s after the attach and clears the worker7 attachment row — orphan created; logged as a successful detach at INFO\\n14:43:04 onward | jobs 210253/210259/210265/210268/210277 FAILED 530 | attach collisions begin\\n\\n\\u003c/div\\u003e\\u003cp style=\\\"box-sizing: border-box; border: 0px solid color(srgb 1 1 1 / 0.1); margin: 0px 0px 16px; padding: 0px; outline-color: rgb(85, 152, 231); scrollbar-width: thin; app-region: initial; text-rendering: optimizelegibility; color: rgb(240, 239, 236); font-family: anthropic-sans, system-ui, \\u0026quot;Segoe UI\\u0026quot;, Roboto, Helvetica, Arial, \\u0026quot;PingFang SC\\u0026quot;, \\u0026quot;PingFang TC\\u0026quot;, \\u0026quot;Hiragino Sans\\u0026quot;, \\u0026quot;Apple SD Gothic Neo\\u0026quot;, \\u0026quot;Kohinoor Devanagari\\u0026quot;, \\u0026quot;Kohinoor Bangla\\u0026quot;, \\u0026quot;Kohinoor Telugu\\u0026quot;, \\u0026quot;Tamil Sangam MN\\u0026quot;, \\u0026quot;Kohinoor Gujarati\\u0026quot;, \\u0026quot;Malayalam Sangam MN\\u0026quot;, \\u0026quot;Nirmala UI\\u0026quot;, \\u0026quot;Noto Sans Devanagari UI\\u0026quot;, \\u0026quot;Noto Sans Devanagari\\u0026quot;, \\u0026quot;Noto Sans Bengali UI\\u0026quot;, \\u0026quot;Noto Sans Bengali\\u0026quot;, \\u0026quot;Noto Sans Telugu UI\\u0026quot;, \\u0026quot;Noto Sans Telugu\\u0026quot;, \\u0026quot;Noto Sans Tamil UI\\u0026quot;, \\u0026quot;Noto Sans Tamil\\u0026quot;, \\u0026quot;Noto Sans Gujarati UI\\u0026quot;, \\u0026quot;Noto Sans Gujarati\\u0026quot;, \\u0026quot;Noto Sans Kannada UI\\u0026quot;, \\u0026quot;Noto Sans Kannada\\u0026quot;, \\u0026quot;Noto Sans Malayalam UI\\u0026quot;, \\u0026quot;Noto Sans Malayalam\\u0026quot;, Thonburi, \\u0026quot;Leelawadee UI\\u0026quot;, \\u0026quot;Noto Sans Thai UI\\u0026quot;, \\u0026quot;Noto Sans Thai\\u0026quot;, Kefa, Ebrima, \\u0026quot;Noto Sans Ethiopic\\u0026quot;, \\u0026quot;Abyssinica SIL\\u0026quot;, sans-serif, ui-sans-serif, system-ui, -apple-system, \\u0026quot;Segoe UI\\u0026quot;, Roboto, \\u0026quot;PingFang SC\\u0026quot;, \\u0026quot;PingFang TC\\u0026quot;, \\u0026quot;Hiragino Sans\\u0026quot;, \\u0026quot;Apple SD Gothic Neo\\u0026quot;, sans-serif; font-size: 13px; font-style: normal; font-variant-ligatures: normal; font-variant-caps: normal; font-weight: 400; letter-spacing: normal; orphans: 2; text-align: start; text-indent: 0px; text-transform: none; widows: 2; word-spacing: 0px; -webkit-text-stroke-width: 0px; white-space: normal; background-color: rgb(26, 26, 25); text-decoration-thickness: initial; text-decoration-style: initial; text-decoration-color: initial;\\\"\\u003eTwo points specific to this occurrence:\\u003c/p\\u003e\\u003cul style=\\\"box-sizing: border-box; border: 0px solid color(srgb 1 1 1 / 0.1); margin: 0px 0px 16px; padding: 0px 0px 0px 20px; outline-color: rgb(85, 152, 231); scrollbar-width: thin; app-region: initial; list-style: outside; text-rendering: optimizelegibility; gap: 6px; flex-direction: column; display: flex; color: rgb(240, 239, 236); font-family: anthropic-sans, system-ui, \\u0026quot;Segoe UI\\u0026quot;, Roboto, Helvetica, Arial, \\u0026quot;PingFang SC\\u0026quot;, \\u0026quot;PingFang TC\\u0026quot;, \\u0026quot;Hiragino Sans\\u0026quot;, \\u0026quot;Apple SD Gothic Neo\\u0026quot;, \\u0026quot;Kohinoor Devanagari\\u0026quot;, \\u0026quot;Kohinoor Bangla\\u0026quot;, \\u0026quot;Kohinoor Telugu\\u0026quot;, \\u0026quot;Tamil Sangam MN\\u0026quot;, \\u0026quot;Kohinoor Gujarati\\u0026quot;, \\u0026quot;Malayalam Sangam MN\\u0026quot;, \\u0026quot;Nirmala UI\\u0026quot;, \\u0026quot;Noto Sans Devanagari UI\\u0026quot;, \\u0026quot;Noto Sans Devanagari\\u0026quot;, \\u0026quot;Noto Sans Bengali UI\\u0026quot;, \\u0026quot;Noto Sans Bengali\\u0026quot;, \\u0026quot;Noto Sans Telugu UI\\u0026quot;, \\u0026quot;Noto Sans Telugu\\u0026quot;, \\u0026quot;Noto Sans Tamil UI\\u0026quot;, \\u0026quot;Noto Sans Tamil\\u0026quot;, \\u0026quot;Noto Sans Gujarati UI\\u0026quot;, \\u0026quot;Noto Sans Gujarati\\u0026quot;, \\u0026quot;Noto Sans Kannada UI\\u0026quot;, \\u0026quot;Noto Sans Kannada\\u0026quot;, \\u0026quot;Noto Sans Malayalam UI\\u0026quot;, \\u0026quot;Noto Sans Malayalam\\u0026quot;, Thonburi, \\u0026quot;Leelawadee UI\\u0026quot;, \\u0026quot;Noto Sans Thai UI\\u0026quot;, \\u0026quot;Noto Sans Thai\\u0026quot;, Kefa, Ebrima, \\u0026quot;Noto Sans Ethiopic\\u0026quot;, \\u0026quot;Abyssinica SIL\\u0026quot;, sans-serif, ui-sans-serif, system-ui, -apple-system, \\u0026quot;Segoe UI\\u0026quot;, Roboto, \\u0026quot;PingFang SC\\u0026quot;, \\u0026quot;PingFang TC\\u0026quot;, \\u0026quot;Hiragino Sans\\u0026quot;, \\u0026quot;Apple SD Gothic Neo\\u0026quot;, sans-serif; font-size: 13px; font-style: normal; font-variant-ligatures: normal; font-variant-caps: normal; font-weight: 400; letter-spacing: normal; orphans: 2; text-align: start; text-indent: 0px; text-transform: none; widows: 2; word-spacing: 0px; -webkit-text-stroke-width: 0px; white-space: normal; background-color: rgb(26, 26, 25); text-decoration-thickness: initial; text-decoration-style: initial; text-decoration-color: initial;\\\"\\u003e\\u003cli style=\\\"box-sizing: border-box; border: 0px solid color(srgb 1 1 1 / 0.1); margin: 0px; padding: 0px; outline-color: rgb(85, 152, 231); scrollbar-width: thin; app-region: initial; text-rendering: optimizelegibility;\\\"\\u003eThe stale attachment's consumer\\u003cspan\\u003e \\u003c/span\\u003e\\u003cstrong style=\\\"box-sizing: border-box; border: 0px solid color(srgb 1 1 1 / 0.1); margin: 0px; padding: 0px; outline-color: rgb(85, 152, 231); scrollbar-width: thin; app-region: initial; font-weight: 500; --cds-font-axis-wght: \\u0026quot;wght\\u0026quot; 560,; font-variation-settings: \\u0026quot;GRAD\\u0026quot; 0, \\u0026quot;wght\\u0026quot; 560; text-rendering: optimizelegibility;\\\"\\u003ekept running and doing I/O on worker2 for five days\\u003c/strong\\u003e\\u003cspan\\u003e \\u003c/span\\u003ewhile the DB said the volume was detached — the DB lost track of a live, in-use attachment. That is a data-integrity hazard: the volume could have been offered to a second VM while mounted read-write in the first, and a live detach by an operator trusting the DB would have pulled a disk out from under a running workload.\\u003c/li\\u003e\\u003cli style=\\\"box-sizing: border-box; border: 0px solid color(srgb 1 1 1 / 0.1); margin: 0px; padding: 0px; outline-color: rgb(85, 152, 231); scrollbar-width: thin; app-region: initial; text-rendering: optimizelegibility;\\\"\\u003eA stale detach that reaches the hypervisor path fails with an NPE in\\u003cspan\\u003e \\u003c/span\\u003e\\u003ccode data-epitaxy-inline-code=\\\"\\\" style=\\\"box-sizing: border-box; border: 0px solid color(srgb 1 1 1 / 0.1); margin: 0px; padding: 0px; outline-color: rgb(85, 152, 231); scrollbar-width: thin; app-region: initial; font-family: anthropic-mono, ui-monospace, monospace, \\u0026quot;SF Mono\\u0026quot;, ui-monospace, Menlo, Consolas, monospace; font-feature-settings: \\u0026quot;calt\\u0026quot; 0, \\u0026quot;liga\\u0026quot; 0; font-variation-settings: normal; font-size: 12px; font-variant-ligatures: none; text-rendering: optimizelegibility; background: none 0% 0% / auto repeat scroll padding-box border-box color(srgb 1 1 1 / 0.05); color: rgb(240, 239, 236); border-radius: 4px; padding-block: 1px; padding-inline: 2px; line-height: 1.4;\\\"\\u003eDiskTO.getDiskSeq()\\u003c/code\\u003e\\u003cspan\\u003e \\u003c/span\\u003erather than a clean \\\"volume is not attached to this VM\\\" rejection; a stale detach that does\\u003cspan\\u003e \\u003c/span\\u003e\\u003cem style=\\\"box-sizing: border-box; border: 0px solid color(srgb 1 1 1 / 0.1); margin: 0px; padding: 0px; outline-color: rgb(85, 152, 231); scrollbar-width: thin; app-region: initial; text-rendering: optimizelegibility; font-style: italic;\\\"\\u003enot\\u003c/em\\u003e\\u003cspan\\u003e \\u003c/span\\u003ereach that path (job-185059) succeeds and clears state it does not own. Which one a straggler hits looks timing-dependent.\\u003c/li\\u003e\\u003c/ul\\u003e\\u003cp style=\\\"box-sizing: border-box; border: 0px solid color(srgb 1 1 1 / 0.1); margin: 0px 0px 16px; padding: 0px; outline-color: rgb(85, 152, 231); scrollbar-width: thin; app-region: initial; text-rendering: optimizelegibility; color: rgb(240, 239, 236); font-family: anthropic-sans, system-ui, \\u0026quot;Segoe UI\\u0026quot;, Roboto, Helvetica, Arial, \\u0026quot;PingFang SC\\u0026quot;, \\u0026quot;PingFang TC\\u0026quot;, \\u0026quot;Hiragino Sans\\u0026quot;, \\u0026quot;Apple SD Gothic Neo\\u0026quot;, \\u0026quot;Kohinoor Devanagari\\u0026quot;, \\u0026quot;Kohinoor Bangla\\u0026quot;, \\u0026quot;Kohinoor Telugu\\u0026quot;, \\u0026quot;Tamil Sangam MN\\u0026quot;, \\u0026quot;Kohinoor Gujarati\\u0026quot;, \\u0026quot;Malayalam Sangam MN\\u0026quot;, \\u0026quot;Nirmala UI\\u0026quot;, \\u0026quot;Noto Sans Devanagari UI\\u0026quot;, \\u0026quot;Noto Sans Devanagari\\u0026quot;, \\u0026quot;Noto Sans Bengali UI\\u0026quot;, \\u0026quot;Noto Sans Bengali\\u0026quot;, \\u0026quot;Noto Sans Telugu UI\\u0026quot;, \\u0026quot;Noto Sans Telugu\\u0026quot;, \\u0026quot;Noto Sans Tamil UI\\u0026quot;, \\u0026quot;Noto Sans Tamil\\u0026quot;, \\u0026quot;Noto Sans Gujarati UI\\u0026quot;, \\u0026quot;Noto Sans Gujarati\\u0026quot;, \\u0026quot;Noto Sans Kannada UI\\u0026quot;, \\u0026quot;Noto Sans Kannada\\u0026quot;, \\u0026quot;Noto Sans Malayalam UI\\u0026quot;, \\u0026quot;Noto Sans Malayalam\\u0026quot;, Thonburi, \\u0026quot;Leelawadee UI\\u0026quot;, \\u0026quot;Noto Sans Thai UI\\u0026quot;, \\u0026quot;Noto Sans Thai\\u0026quot;, Kefa, Ebrima, \\u0026quot;Noto Sans Ethiopic\\u0026quot;, \\u0026quot;Abyssinica SIL\\u0026quot;, sans-serif, ui-sans-serif, system-ui, -apple-system, \\u0026quot;Segoe UI\\u0026quot;, Roboto, \\u0026quot;PingFang SC\\u0026quot;, \\u0026quot;PingFang TC\\u0026quot;, \\u0026quot;Hiragino Sans\\u0026quot;, \\u0026quot;Apple SD Gothic Neo\\u0026quot;, sans-serif; font-size: 13px; font-style: normal; font-variant-ligatures: normal; font-variant-caps: normal; font-weight: 400; letter-spacing: normal; orphans: 2; text-align: start; text-indent: 0px; text-transform: none; widows: 2; word-spacing: 0px; -webkit-text-stroke-width: 0px; white-space: normal; background-color: rgb(26, 26, 25); text-decoration-thickness: initial; text-decoration-style: initial; text-decoration-color: initial;\\\"\\u003e\\u003cstrong style=\\\"box-sizing: border-box; border: 0px solid color(srgb 1 1 1 / 0.1); margin: 0px; padding: 0px; outline-color: rgb(85, 152, 231); scrollbar-width: thin; app-region: initial; font-weight: 500; --cds-font-axis-wght: \\u0026quot;wght\\u0026quot; 560,; font-variation-settings: \\u0026quot;GRAD\\u0026quot; 0, \\u0026quot;wght\\u0026quot; 560; text-rendering: optimizelegibility;\\\"\\u003eOccurrence 4 — attach-side variant, 2026-09-10 → 09-16, \\\"worker4\\\":\\u003c/strong\\u003e\\u003cspan\\u003e \\u003c/span\\u003ethe mirror image of the straggler-detach cases: here the DB lost a\\u003cspan\\u003e \\u003c/span\\u003e\\u003cstrong style=\\\"box-sizing: border-box; border: 0px solid color(srgb 1 1 1 / 0.1); margin: 0px; padding: 0px; outline-color: rgb(85, 152, 231); scrollbar-width: thin; app-region: initial; font-weight: 500; --cds-font-axis-wght: \\u0026quot;wght\\u0026quot; 560,; font-variation-settings: \\u0026quot;GRAD\\u0026quot; 0, \\u0026quot;wght\\u0026quot; 560; text-rendering: optimizelegibility;\\\"\\u003esuccessful attach\\u003c/strong\\u003e. Volume 1a6a7be4 (an RWO PVC backing a database StatefulSet member) was live at target vde / deviceid 4 on worker4 — libvirt and the Kubernetes VolumeAttachment both showed attached — while the volumes table showed it detached (state Ready, no instance). The corrupting job aged out of the async_job table before discovery (~6 days in), so the exact write-loss path is unrecovered, but the allocator consequence is identical: deviceid 4 is considered free, every subsequent AttachVolume to worker4 picks it, and fails\\u003cspan\\u003e \\u003c/span\\u003e\\u003ccode data-epitaxy-inline-code=\\\"\\\" style=\\\"box-sizing: border-box; border: 0px solid color(srgb 1 1 1 / 0.1); margin: 0px; padding: 0px; outline-color: rgb(85, 152, 231); scrollbar-width: thin; app-region: initial; font-family: anthropic-mono, ui-monospace, monospace, \\u0026quot;SF Mono\\u0026quot;, ui-monospace, Menlo, Consolas, monospace; font-feature-settings: \\u0026quot;calt\\u0026quot; 0, \\u0026quot;liga\\u0026quot; 0; font-variation-settings: normal; font-size: 12px; font-variant-ligatures: none; text-rendering: optimizelegibility; background: none 0% 0% / auto repeat scroll padding-box border-box color(srgb 1 1 1 / 0.05); color: rgb(240, 239, 236); border-radius: 4px; padding-block: 1px; padding-inline: 2px; line-height: 1.4;\\\"\\u003etarget 'vde' duplicated\\u003c/code\\u003e\\u003cspan\\u003e \\u003c/span\\u003e— measured\\u003cspan\\u003e \\u003c/span\\u003e\\u003cstrong style=\\\"box-sizing: border-box; border: 0px solid color(srgb 1 1 1 / 0.1); margin: 0px; padding: 0px; outline-color: rgb(85, 152, 231); scrollbar-width: thin; app-region: initial; font-weight: 500; --cds-font-axis-wght: \\u0026quot;wght\\u0026quot; 560,; font-variation-settings: \\u0026quot;GRAD\\u0026quot; 0, \\u0026quot;wght\\u0026quot; 560; text-rendering: optimizelegibility;\\\"\\u003e~3,700 failed attach events/day for six days\\u003c/strong\\u003e, with four unrelated PVCs unable to schedule onto the VM.\\u003c/p\\u003e\\u003cp style=\\\"box-sizing: border-box; border: 0px solid color(srgb 1 1 1 / 0.1); margin: 0px 0px 16px; padding: 0px; outline-color: rgb(85, 152, 231); scrollbar-width: thin; app-region: initial; text-rendering: optimizelegibility; color: rgb(240, 239, 236); font-family: anthropic-sans, system-ui, \\u0026quot;Segoe UI\\u0026quot;, Roboto, Helvetica, Arial, \\u0026quot;PingFang SC\\u0026quot;, \\u0026quot;PingFang TC\\u0026quot;, \\u0026quot;Hiragino Sans\\u0026quot;, \\u0026quot;Apple SD Gothic Neo\\u0026quot;, \\u0026quot;Kohinoor Devanagari\\u0026quot;, \\u0026quot;Kohinoor Bangla\\u0026quot;, \\u0026quot;Kohinoor Telugu\\u0026quot;, \\u0026quot;Tamil Sangam MN\\u0026quot;, \\u0026quot;Kohinoor Gujarati\\u0026quot;, \\u0026quot;Malayalam Sangam MN\\u0026quot;, \\u0026quot;Nirmala UI\\u0026quot;, \\u0026quot;Noto Sans Devanagari UI\\u0026quot;, \\u0026quot;Noto Sans Devanagari\\u0026quot;, \\u0026quot;Noto Sans Bengali UI\\u0026quot;, \\u0026quot;Noto Sans Bengali\\u0026quot;, \\u0026quot;Noto Sans Telugu UI\\u0026quot;, \\u0026quot;Noto Sans Telugu\\u0026quot;, \\u0026quot;Noto Sans Tamil UI\\u0026quot;, \\u0026quot;Noto Sans Tamil\\u0026quot;, \\u0026quot;Noto Sans Gujarati UI\\u0026quot;, \\u0026quot;Noto Sans Gujarati\\u0026quot;, \\u0026quot;Noto Sans Kannada UI\\u0026quot;, \\u0026quot;Noto Sans Kannada\\u0026quot;, \\u0026quot;Noto Sans Malayalam UI\\u0026quot;, \\u0026quot;Noto Sans Malayalam\\u0026quot;, Thonburi, \\u0026quot;Leelawadee UI\\u0026quot;, \\u0026quot;Noto Sans Thai UI\\u0026quot;, \\u0026quot;Noto Sans Thai\\u0026quot;, Kefa, Ebrima, \\u0026quot;Noto Sans Ethiopic\\u0026quot;, \\u0026quot;Abyssinica SIL\\u0026quot;, sans-serif, ui-sans-serif, system-ui, -apple-system, \\u0026quot;Segoe UI\\u0026quot;, Roboto, \\u0026quot;PingFang SC\\u0026quot;, \\u0026quot;PingFang TC\\u0026quot;, \\u0026quot;Hiragino Sans\\u0026quot;, \\u0026quot;Apple SD Gothic Neo\\u0026quot;, sans-serif; font-size: 13px; font-style: normal; font-variant-ligatures: normal; font-variant-caps: normal; font-weight: 400; letter-spacing: normal; orphans: 2; text-align: start; text-indent: 0px; text-transform: none; widows: 2; word-spacing: 0px; -webkit-text-stroke-width: 0px; white-space: normal; background-color: rgb(26, 26, 25); text-decoration-thickness: initial; text-decoration-style: initial; text-decoration-color: initial;\\\"\\u003eThis occurrence also\\u003cspan\\u003e \\u003c/span\\u003e\\u003cem style=\\\"box-sizing: border-box; border: 0px solid color(srgb 1 1 1 / 0.1); margin: 0px; padding: 0px; outline-color: rgb(85, 152, 231); scrollbar-width: thin; app-region: initial; text-rendering: optimizelegibility; font-style: italic;\\\"\\u003enearly realized\\u003c/em\\u003e\\u003cspan\\u003e \\u003c/span\\u003ethe data-integrity hazard flagged in occurrence 3: when the consuming pod was later evicted, the CSI ControllerUnpublish \\\"succeeded\\\" as a no-op (the DB already said detached), and CloudStack then\\u003cspan\\u003e \\u003c/span\\u003e\\u003cstrong style=\\\"box-sizing: border-box; border: 0px solid color(srgb 1 1 1 / 0.1); margin: 0px; padding: 0px; outline-color: rgb(85, 152, 231); scrollbar-width: thin; app-region: initial; font-weight: 500; --cds-font-axis-wght: \\u0026quot;wght\\u0026quot; 560,; font-variation-settings: \\u0026quot;GRAD\\u0026quot; 0, \\u0026quot;wght\\u0026quot; 560; text-rendering: optimizelegibility;\\\"\\u003eattached the volume to a second VM while the original guest's qemu still held the RBD image open read-write\\u003c/strong\\u003e\\u003cspan\\u003e \\u003c/span\\u003e— a silent double-open of a database volume across two hypervisors, with no error or warning anywhere in the API path. No corruption resulted only because the first guest had unmounted the filesystem before the re-attach.\\u003c/p\\u003e\\u003ch3 style=\\\"box-sizing: border-box; border: 0px solid color(srgb 1 1 1 / 0.1); margin: 0px 0px 16px; padding: 0px; outline-color: rgb(85, 152, 231); scrollbar-width: thin; app-region: initial; font-size: 15px; font-weight: 580; text-rendering: optimizelegibility; font-variation-settings: \\u0026quot;wght\\u0026quot; 540; letter-spacing: -0.01em; margin-block: 20px 6px; padding-block: 0px; color: rgb(240, 239, 236); font-family: anthropic-sans, system-ui, \\u0026quot;Segoe UI\\u0026quot;, Roboto, Helvetica, Arial, \\u0026quot;PingFang SC\\u0026quot;, \\u0026quot;PingFang TC\\u0026quot;, \\u0026quot;Hiragino Sans\\u0026quot;, \\u0026quot;Apple SD Gothic Neo\\u0026quot;, \\u0026quot;Kohinoor Devanagari\\u0026quot;, \\u0026quot;Kohinoor Bangla\\u0026quot;, \\u0026quot;Kohinoor Telugu\\u0026quot;, \\u0026quot;Tamil Sangam MN\\u0026quot;, \\u0026quot;Kohinoor Gujarati\\u0026quot;, \\u0026quot;Malayalam Sangam MN\\u0026quot;, \\u0026quot;Nirmala UI\\u0026quot;, \\u0026quot;Noto Sans Devanagari UI\\u0026quot;, \\u0026quot;Noto Sans Devanagari\\u0026quot;, \\u0026quot;Noto Sans Bengali UI\\u0026quot;, \\u0026quot;Noto Sans Bengali\\u0026quot;, \\u0026quot;Noto Sans Telugu UI\\u0026quot;, \\u0026quot;Noto Sans Telugu\\u0026quot;, \\u0026quot;Noto Sans Tamil UI\\u0026quot;, \\u0026quot;Noto Sans Tamil\\u0026quot;, \\u0026quot;Noto Sans Gujarati UI\\u0026quot;, \\u0026quot;Noto Sans Gujarati\\u0026quot;, \\u0026quot;Noto Sans Kannada UI\\u0026quot;, \\u0026quot;Noto Sans Kannada\\u0026quot;, \\u0026quot;Noto Sans Malayalam UI\\u0026quot;, \\u0026quot;Noto Sans Malayalam\\u0026quot;, Thonburi, \\u0026quot;Leelawadee UI\\u0026quot;, \\u0026quot;Noto Sans Thai UI\\u0026quot;, \\u0026quot;Noto Sans Thai\\u0026quot;, Kefa, Ebrima, \\u0026quot;Noto Sans Ethiopic\\u0026quot;, \\u0026quot;Abyssinica SIL\\u0026quot;, sans-serif, ui-sans-serif, system-ui, -apple-system, \\u0026quot;Segoe UI\\u0026quot;, Roboto, \\u0026quot;PingFang SC\\u0026quot;, \\u0026quot;PingFang TC\\u0026quot;, \\u0026quot;Hiragino Sans\\u0026quot;, \\u0026quot;Apple SD Gothic Neo\\u0026quot;, sans-serif; font-style: normal; font-variant-ligatures: normal; font-variant-caps: normal; orphans: 2; text-align: start; text-indent: 0px; text-transform: none; widows: 2; word-spacing: 0px; -webkit-text-stroke-width: 0px; white-space: normal; background-color: rgb(26, 26, 25); text-decoration-thickness: initial; text-decoration-style: initial; text-decoration-color: initial;\\\"\\u003eActual results\\u003c/h3\\u003e\\u003cp style=\\\"box-sizing: border-box; border: 0px solid color(srgb 1 1 1 / 0.1); margin: 0px 0px 16px; padding: 0px; outline-color: rgb(85, 152, 231); scrollbar-width: thin; app-region: initial; text-rendering: optimizelegibility; color: rgb(240, 239, 236); font-family: anthropic-sans, system-ui, \\u0026quot;Segoe UI\\u0026quot;, Roboto, Helvetica, Arial, \\u0026quot;PingFang SC\\u0026quot;, \\u0026quot;PingFang TC\\u0026quot;, \\u0026quot;Hiragino Sans\\u0026quot;, \\u0026quot;Apple SD Gothic Neo\\u0026quot;, \\u0026quot;Kohinoor Devanagari\\u0026quot;, \\u0026quot;Kohinoor Bangla\\u0026quot;, \\u0026quot;Kohinoor Telugu\\u0026quot;, \\u0026quot;Tamil Sangam MN\\u0026quot;, \\u0026quot;Kohinoor Gujarati\\u0026quot;, \\u0026quot;Malayalam Sangam MN\\u0026quot;, \\u0026quot;Nirmala UI\\u0026quot;, \\u0026quot;Noto Sans Devanagari UI\\u0026quot;, \\u0026quot;Noto Sans Devanagari\\u0026quot;, \\u0026quot;Noto Sans Bengali UI\\u0026quot;, \\u0026quot;Noto Sans Bengali\\u0026quot;, \\u0026quot;Noto Sans Telugu UI\\u0026quot;, \\u0026quot;Noto Sans Telugu\\u0026quot;, \\u0026quot;Noto Sans Tamil UI\\u0026quot;, \\u0026quot;Noto Sans Tamil\\u0026quot;, \\u0026quot;Noto Sans Gujarati UI\\u0026quot;, \\u0026quot;Noto Sans Gujarati\\u0026quot;, \\u0026quot;Noto Sans Kannada UI\\u0026quot;, \\u0026quot;Noto Sans Kannada\\u0026quot;, \\u0026quot;Noto Sans Malayalam UI\\u0026quot;, \\u0026quot;Noto Sans Malayalam\\u0026quot;, Thonburi, \\u0026quot;Leelawadee UI\\u0026quot;, \\u0026quot;Noto Sans Thai UI\\u0026quot;, \\u0026quot;Noto Sans Thai\\u0026quot;, Kefa, Ebrima, \\u0026quot;Noto Sans Ethiopic\\u0026quot;, \\u0026quot;Abyssinica SIL\\u0026quot;, sans-serif, ui-sans-serif, system-ui, -apple-system, \\u0026quot;Segoe UI\\u0026quot;, Roboto, \\u0026quot;PingFang SC\\u0026quot;, \\u0026quot;PingFang TC\\u0026quot;, \\u0026quot;Hiragino Sans\\u0026quot;, \\u0026quot;Apple SD Gothic Neo\\u0026quot;, sans-serif; font-size: 13px; font-style: normal; font-variant-ligatures: normal; font-variant-caps: normal; font-weight: 400; letter-spacing: normal; orphans: 2; text-align: start; text-indent: 0px; text-transform: none; widows: 2; word-spacing: 0px; -webkit-text-stroke-width: 0px; white-space: normal; background-color: rgb(26, 26, 25); text-decoration-thickness: initial; text-decoration-style: initial; text-decoration-color: initial;\\\"\\u003eUnconditional clear of the attachment row; persistent DB↔libvirt divergence; all subsequent attaches to the affected VM fail with libvirt duplicated-target errors (530) until manual operator intervention (\\u003ccode data-epitaxy-inline-code=\\\"\\\" style=\\\"box-sizing: border-box; border: 0px solid color(srgb 1 1 1 / 0.1); margin: 0px; padding: 0px; outline-color: rgb(85, 152, 231); scrollbar-width: thin; app-region: initial; font-family: anthropic-mono, ui-monospace, monospace, \\u0026quot;SF Mono\\u0026quot;, ui-monospace, Menlo, Consolas, monospace; font-feature-settings: \\u0026quot;calt\\u0026quot; 0, \\u0026quot;liga\\u0026quot; 0; font-variation-settings: normal; font-size: 12px; font-variant-ligatures: none; text-rendering: optimizelegibility; background: none 0% 0% / auto repeat scroll padding-box border-box color(srgb 1 1 1 / 0.05); color: rgb(240, 239, 236); border-radius: 4px; padding-block: 1px; padding-inline: 2px; line-height: 1.4;\\\"\\u003evirsh detach-disk \\u0026lt;vm\\u0026gt; \\u0026lt;target\\u0026gt; --live\\u003c/code\\u003e\\u003cspan\\u003e \\u003c/span\\u003eon the host).\\u003c/p\\u003e\\n\\n### versions\\n\\n4.22.1.0 (KVM on Ubuntu, Ceph RBD primary storage, advanced networking)\\n\\nAlso reviewed 4.23.0 (2026-09-17): no change to the DetachVolume completion / volume-attachment state path that would address this behavior, and no existing upstream issue or PR describing it that we could find.\\n\\nComponent: Volume lifecycle / async job orchestration (DetachVolume completion), KVM Kubernetes CSI driver (csi.cloudstack.apache.org) drives the volume attach/detach traffic.\\n\\n### The steps to reproduce the bug\\n\\nEnvironment: CloudStack 4.22.1.0, KVM, Ceph RBD primary storage, a Kubernetes cluster using the CloudStack CSI driver (csi.cloudstack.apache.org), where pod rescheduling moves an RWO PVC between worker VMs.\\n\\n1. Have a data volume attached to worker VM-A.\\n2. Trigger rapid relocation of the volume (e.g. reschedule the consuming pod to VM-B). The CSI external-attacher submits DetachVolume; under load its ~60 s retries enqueue several duplicate detach jobs on VM-A's work queue.\\n3. First detach job completes (real unplug from VM-A); CSI attaches the volume to VM-B; DB is briefly correct (volume → VM-B, deviceid N).\\n4. A straggler detach job from step 2 completes minutes later and clears the volume's attachment row.\\n5. DB now: volume \\\"Ready\\\"/detached. Hypervisor: disk still defined in VM-B's domain at target vdN. (In one occurrence the stale disk remained in the previous VM's domain instead — both variants observed.)\\n6. Any subsequent AttachVolume to the affected VM picks deviceid N and fails: org.libvirt.LibvirtException: XML error: target 'vdN' duplicated for disk sources '\\u003cstale-uuid\\u003e' and '\\u003cnew-uuid\\u003e' (API errorcode 530). The VM rejects all further volume attaches.\\n\\n\\n### What to do about it?\\n\\nExpected behavior / suggested fix:\\n\\nDetachVolume completion should only clear the volume's attachment state if it still refers to the attachment the job actually detached — i.e. a conditional update / compare-and-swap on (volume_id, instance_id[, device_id]) against the job's source VM. A stale detach whose volume has since been re-attached elsewhere should complete as a no-op (or fail), leaving the newer attachment state intact. Ideally, duplicate detach jobs for the same volume would also be coalesced, or volume-level serialization applied.\\n\\nWorkaround:\\n\\nManual: compare virsh domblklist against the volumes table per VM; live detach the orphaned target. For the attach-side variant (occurrence 4), a gentler remediation avoids touching a possibly-live disk: drain the guest's workloads, then stop/start the VM through CloudStack — on start the domain XML is rebuilt from the (now-consistent) DB and the stale target disappears. Mitigations deployed on our side: reconciliation alerting between libvirt and the DB, and increasing the CSI external-attacher retry backoff to reduce detach-job stacking\",\"author_association\":\"NONE\",\"user\":{\"login\":\"dloszewski-cni\",\"id\":198112634,\"node_id\":\"U_kgDOC871eg\",\"avatar_url\":\"https://avatars.githubusercontent.com/u/198112634?v=4\",\"html_url\":\"https://github.com/dloszewski-cni\",\"gravatar_id\":\"\",\"type\":\"User\",\"site_admin\":false,\"url\":\"https://api.github.com/users/dloszewski-cni\",\"events_url\":\"https://api.github.com/users/dloszewski-cni/events{/privacy}\",\"following_url\":\"https://api.github.com/users/dloszewski-cni/following{/other_user}\",\"followers_url\":\"https://api.github.com/users/dloszewski-cni/followers\",\"gists_url\":\"https://api.github.com/users/dloszewski-cni/gists{/gist_id}\",\"organizations_url\":\"https://api.github.com/users/dloszewski-cni/orgs\",\"received_events_url\":\"https://api.github.com/users/dloszewski-cni/received_events\",\"repos_url\":\"https://api.github.com/users/dloszewski-cni/repos\",\"starred_url\":\"https://api.github.com/users/dloszewski-cni/starred{/owner}{/repo}\",\"subscriptions_url\":\"https://api.github.com/users/dloszewski-cni/subscriptions\"},\"labels\":[{\"id\":11243221368,\"url\":\"https://api.github.com/repos/apache/cloudstack/labels/bug\",\"name\":\"bug\",\"color\":\"ededed\",\"default\":true,\"node_id\":\"LA_kwDOAJTq2M8AAAACniXxeA\"}],\"comments\":1,\"created_at\":\"2026-09-21T16:41:16Z\",\"updated_at\":\"2026-09-21T16:41:19Z\",\"url\":\"https://api.github.com/repos/apache/cloudstack/issues/14214\",\"html_url\":\"https://github.com/apache/cloudstack/issues/14214\",\"comments_url\":\"https://api.github.com/repos/apache/cloudstack/issues/14214/comments\",\"events_url\":\"https://api.github.com/repos/apache/cloudstack/issues/14214/events\",\"labels_url\":\"https://api.github.com/repos/apache/cloudstack/issues/14214/labels{/name}\",\"repository_url\":\"https://api.github.com/repos/apache/cloudstack\",\"reactions\":{\"total_count\":0,\"+1\":0,\"-1\":0,\"laugh\":0,\"confused\":0,\"heart\":0,\"hooray\":0,\"rocket\":0,\"eyes\":0,\"url\":\"https://api.github.com/repos/apache/cloudstack/issues/14214/reactions\"},\"node_id\":\"I_kwDOAJTq2M8AAAABSZrDNw\"},{\"id\":5528026519,\"number\":14213,\"state\":\"open\",\"locked\":false,\"title\":\"CKS: reconcile Kubernetes node capacity after live CPU or memory scaling\",\"body\":\"## Context\\r\\n\\r\\n[PR #13226](https://github.com/apache/cloudstack/pull/13226) removed the remaining CKS restriction that prevented changing node compute offerings while a KVM cluster was running. Its implementation calls the CloudStack VM upgrade workflow for each CKS VM, and its validation covered the KVM/libvirt domain definition.\\r\\n\\r\\nFollow-up discussion confirmed that the PR scope ends at the KVM/hypervisor layer and that Kubernetes-specific steps may still be required.\\r\\n\\r\\nThe Kubernetes documentation explicitly states that, for CPU and/or memory updates, calling the kubelet allocatable-resources endpoint is not sufficient and the kubelet must be restarted so that resource `capacity` and `allocatable` are correct:\\r\\n\\r\\nhttps://kubernetes.io/docs/concepts/extend-kubernetes/compute-storage-net/device-plugins/#monitoring-device-plugin-resources\\r\\n\\r\\nRelated upstream Kubernetes reports:\\r\\n\\r\\n- https://github.com/kubernetes/kubernetes/issues/124650\\r\\n- https://github.com/kubernetes/enhancements/issues/4609\\r\\n\\r\\n## Problem\\r\\n\\r\\n`KubernetesClusterScaleWorker.scaleKubernetesClusterOffering()` currently performs, for each CKS VM:\\r\\n\\r\\n```java\\r\\nuserVmManager.upgradeVirtualMachine(userVM.getId(), serviceOffering.getId(), ...);\\r\\n```\\r\\n\\r\\nAfter a successful live KVM resize, CloudStack can report the new offering and libvirt can expose the additional vCPU/RAM to the VM, while Kubernetes still advertises the node's old values in:\\r\\n\\r\\n```text\\r\\n.status.capacity.cpu\\r\\n.status.capacity.memory\\r\\n.status.allocatable.cpu\\r\\n.status.allocatable.memory\\r\\n```\\r\\n\\r\\nThat leaves three potentially different views of the same node:\\r\\n\\r\\n1. CloudStack service offering / VM metadata;\\r\\n2. resources visible in the guest OS;\\r\\n3. resources advertised by the Kubernetes Node object and used by the scheduler.\\r\\n\\r\\nThe current workflow neither verifies the guest OS nor refreshes and verifies the Kubernetes view. A successful CKS scale job can therefore report success even though the Kubernetes scheduler cannot use the newly added resources.\\r\\n\\r\\n## Proposed behavior\\r\\n\\r\\nFor a running Cloud-managed CKS cluster, when a node offering change increases the CPU count and/or RAM, reconcile each Kubernetes node sequentially:\\r\\n\\r\\n1. Read and record the node's current schedulability, Kubernetes capacity, and allocatable values.\\r\\n2. If it was schedulable, run `kubectl cordon \\u003cnode\\u003e`.\\r\\n3. Live-resize the VM through the existing CloudStack VM upgrade workflow.\\r\\n4. Verify inside the guest OS that the expected online CPU count and memory are visible.\\r\\n5. Restart `kubelet` on that node.\\r\\n6. Wait for `systemctl is-active kubelet`, Kubernetes Node `Ready=True`, and updated `capacity` / `allocatable` values.\\r\\n7. Restore schedulability only if CKS cordoned the node; preserve a node that was already cordoned by the operator.\\r\\n8. Continue with the next node only after the current node is healthy and verified.\\r\\n\\r\\nThis must be a rolling operation. Do not resize all nodes first and restart all kubelets afterwards.\\r\\n\\r\\n## Cordon versus drain\\r\\n\\r\\nA kubelet service restart does not power off the VM and does not itself require workload eviction. For this live-resize path, `cordon` is the default safety mechanism: it blocks new scheduling while the node is being resized and while Kubernetes still has stale capacity, but leaves existing Pods running.\\r\\n\\r\\n`drain` should not be added unconditionally because it evicts workloads, is subject to PodDisruptionBudgets, and materially changes the impact of a live operation. Drain remains appropriate for a workflow that will stop/reboot the VM or for a future explicit operator policy.\\r\\n\\r\\nThe Kubernetes node documentation describes `cordon` / unschedulable as a preparatory maintenance step that prevents new Pods without affecting existing Pods:\\r\\n\\r\\nhttps://kubernetes.io/docs/concepts/architecture/nodes/#manual-node-administration\\r\\n\\r\\nThe drain documentation describes drain as the operation used before bringing down/deleting a machine:\\r\\n\\r\\nhttps://kubernetes.io/docs/tasks/administer-cluster/safely-drain-node/\\r\\n\\r\\n## When no extra kubelet restart is needed\\r\\n\\r\\n- A `Created` cluster has no running node to reconcile.\\r\\n- For a `Stopped` cluster, the normal VM start also starts kubelet, which discovers the new resources; verify after cluster start rather than adding a second restart.\\r\\n- An offering change that modifies only CPU cap/speed or another non-capacity attribute, while CPU count and RAM remain unchanged, does not need a kubelet capacity refresh.\\r\\n- Dedicated external etcd VMs are not Kubernetes Node objects and do not run kubelet in the CKS image. Verify guest resources, but do not run `kubectl cordon` or restart kubelet for those VMs.\\r\\n\\r\\n## Verification requirements\\r\\n\\r\\nThe scale job must not succeed based only on the CloudStack VM record or libvirt XML.\\r\\n\\r\\nFor worker and control-plane Kubernetes nodes:\\r\\n\\r\\n- guest online CPU count equals the target offering's CPU count;\\r\\n- guest total memory increased and is consistent with the target offering, allowing normal kernel/virtualization overhead;\\r\\n- kubelet is active after restart;\\r\\n- the Node is `Ready=True`;\\r\\n- `.status.capacity.cpu` equals the online guest CPU count;\\r\\n- `.status.capacity.memory` is consistent with guest total memory;\\r\\n- `.status.allocatable.cpu` and/or `.status.allocatable.memory` increased when the corresponding capacity increased;\\r\\n- the node returns to its original schedulability state.\\r\\n\\r\\nUse Kubernetes resource-quantity parsing or structured JSON/JSONPath output. Do not compare formatted `kubectl describe` text.\\r\\n\\r\\n## Failure behavior\\r\\n\\r\\n- If cordon fails, do not resize that node.\\r\\n- If the VM resize succeeds but guest verification fails, fail the CKS scale operation with the node and observed/expected values.\\r\\n- If kubelet restart or Kubernetes verification fails, leave the node cordoned when that is safer, report the exact recovery action, and do not proceed to the next node.\\r\\n- Always best-effort restore a node that CKS itself cordoned when verification proves it is healthy.\\r\\n- Never uncordon a node that was already unschedulable before this operation.\\r\\n- A retry must recognize a VM that already has the target offering and continue the missing guest/Kubernetes reconciliation rather than treating it as fully complete.\\r\\n\\r\\n## Suggested implementation\\r\\n\\r\\nAdd a focused orchestration helper used by `KubernetesClusterScaleWorker`, for example `KubernetesClusterNodeCapacityReconciler`, responsible for:\\r\\n\\r\\n- reading Node status through the control-plane SSH/kubectl path;\\r\\n- resolving the target node's SSH endpoint for isolated, VPC, and direct-access networks;\\r\\n- cordon/preserve-schedulability handling;\\r\\n- guest CPU/RAM verification;\\r\\n- kubelet restart;\\r\\n- Ready/capacity/allocatable verification;\\r\\n- bounded retries and actionable diagnostics.\\r\\n\\r\\nThe scale worker should compare the old and target offering before changing each VM and invoke this reconciler only for a running Kubernetes node whose CPU count or RAM changes.\\r\\n\\r\\n## Acceptance criteria\\r\\n\\r\\n1. A live CPU increase on a running KVM CKS worker finishes only after guest CPU and Node `capacity`/`allocatable` reflect the increase.\\r\\n2. A live RAM increase finishes only after guest memory and Node `capacity`/`allocatable` reflect the increase.\\r\\n3. Kubelet is restarted exactly once per affected Kubernetes node during a successful attempt.\\r\\n4. Nodes are processed sequentially and are cordoned during the inconsistent window.\\r\\n5. A previously schedulable node is uncordoned after successful verification.\\r\\n6. A previously cordoned node remains cordoned.\\r\\n7. Existing Pods are not drained/evicted merely to restart kubelet.\\r\\n8. Control-plane nodes are reconciled sequentially; external etcd-only VMs are not treated as Kubernetes Nodes.\\r\\n9. Stopped/Created clusters do not receive an unnecessary kubelet restart.\\r\\n10. Cap-only offering changes do not receive an unnecessary kubelet restart.\\r\\n11. Failures show which of CloudStack, guest OS, kubelet, Node readiness, capacity, or allocatable verification failed.\\r\\n12. Unit and integration tests verify the complete CloudStack → guest → Kubernetes state transition, not only libvirt XML.\\r\\n\\r\\n## Suggested labels\\r\\n\\r\\n- `component:cks`\\r\\n- `component:kubernetes`\\r\\n- `type:bug`\\r\\n\\r\\n\",\"author_association\":\"CONTRIBUTOR\",\"user\":{\"login\":\"andrijapanicsb\",\"id\":45762285,\"node_id\":\"MDQ6VXNlcjQ1NzYyMjg1\",\"avatar_url\":\"https://avatars.githubusercontent.com/u/45762285?v=4\",\"html_url\":\"https://github.com/andrijapanicsb\",\"gravatar_id\":\"\",\"type\":\"User\",\"site_admin\":false,\"url\":\"https://api.github.com/users/andrijapanicsb\",\"events_url\":\"https://api.github.com/users/andrijapanicsb/events{/privacy}\",\"following_url\":\"https://api.github.com/users/andrijapanicsb/following{/other_user}\",\"followers_url\":\"https://api.github.com/users/andrijapanicsb/followers\",\"gists_url\":\"https://api.github.com/users/andrijapanicsb/gists{/gist_id}\",\"organizations_url\":\"https://api.github.com/users/andrijapanicsb/orgs\",\"received_events_url\":\"https://api.github.com/users/andrijapanicsb/received_events\",\"repos_url\":\"https://api.github.com/users/andrijapanicsb/repos\",\"starred_url\":\"https://api.github.com/users/andrijapanicsb/starred{/owner}{/repo}\",\"subscriptions_url\":\"https://api.github.com/users/andrijapanicsb/subscriptions\"},\"labels\":[{\"id\":37843364,\"url\":\"https://api.github.com/repos/apache/cloudstack/labels/type:bug\",\"name\":\"type:bug\",\"color\":\"fc2929\",\"description\":\"\",\"default\":false,\"node_id\":\"MDU6TGFiZWwzNzg0MzM2NA==\"},{\"id\":1700119912,\"url\":\"https://api.github.com/repos/apache/cloudstack/labels/component:kubernetes\",\"name\":\"component:kubernetes\",\"color\":\"0db7ed\",\"description\":\"\",\"default\":false,\"node_id\":\"MDU6TGFiZWwxNzAwMTE5OTEy\"},{\"id\":2446472117,\"url\":\"https://api.github.com/repos/apache/cloudstack/labels/component:cks\",\"name\":\"component:cks\",\"color\":\"11930d\",\"description\":\"\",\"default\":false,\"node_id\":\"MDU6TGFiZWwyNDQ2NDcyMTE3\"}],\"comments\":0,\"created_at\":\"2026-09-21T14:03:09Z\",\"updated_at\":\"2026-09-21T14:15:39Z\",\"url\":\"https://api.github.com/repos/apache/cloudstack/issues/14213\",\"html_url\":\"https://github.com/apache/cloudstack/issues/14213\",\"comments_url\":\"https://api.github.com/repos/apache/cloudstack/issues/14213/comments\",\"events_url\":\"https://api.github.com/repos/apache/cloudstack/issues/14213/events\",\"labels_url\":\"https://api.github.com/repos/apache/cloudstack/issues/14213/labels{/name}\",\"repository_url\":\"https://api.github.com/repos/apache/cloudstack\",\"milestone\":{\"url\":\"https://api.github.com/repos/apache/cloudstack/milestones/47\",\"html_url\":\"https://github.com/apache/cloudstack/milestone/47\",\"labels_url\":\"https://api.github.com/repos/apache/cloudstack/milestones/47/labels\",\"id\":15843055,\"number\":47,\"state\":\"open\",\"title\":\"24.0\",\"description\":\"\",\"creator\":{\"login\":\"weizhouapache\",\"id\":57355700,\"node_id\":\"MDQ6VXNlcjU3MzU1NzAw\",\"avatar_url\":\"https://avatars.githubusercontent.com/u/57355700?v=4\",\"html_url\":\"https://github.com/weizhouapache\",\"gravatar_id\":\"\",\"type\":\"User\",\"site_admin\":false,\"url\":\"https://api.github.com/users/weizhouapache\",\"events_url\":\"https://api.github.com/users/weizhouapache/events{/privacy}\",\"following_url\":\"https://api.github.com/users/weizhouapache/following{/other_user}\",\"followers_url\":\"https://api.github.com/users/weizhouapache/followers\",\"gists_url\":\"https://api.github.com/users/weizhouapache/gists{/gist_id}\",\"organizations_url\":\"https://api.github.com/users/weizhouapache/orgs\",\"received_events_url\":\"https://api.github.com/users/weizhouapache/received_events\",\"repos_url\":\"https://api.github.com/users/weizhouapache/repos\",\"starred_url\":\"https://api.github.com/users/weizhouapache/starred{/owner}{/repo}\",\"subscriptions_url\":\"https://api.github.com/users/weizhouapache/subscriptions\"},\"open_issues\":271,\"closed_issues\":36,\"created_at\":\"2026-05-08T06:15:20Z\",\"updated_at\":\"2026-09-24T11:07:46Z\",\"node_id\":\"MI_kwDOAJTq2M4A8b7v\"},\"reactions\":{\"total_count\":0,\"+1\":0,\"-1\":0,\"laugh\":0,\"confused\":0,\"heart\":0,\"hooray\":0,\"rocket\":0,\"eyes\":0,\"url\":\"https://api.github.com/repos/apache/cloudstack/issues/14213/reactions\"},\"node_id\":\"I_kwDOAJTq2M8AAAABSX79lw\"},{\"id\":5527399887,\"number\":14212,\"state\":\"open\",\"locked\":false,\"title\":\"CKS: add an editable per-cluster management-access CIDR policy\",\"body\":\"## Relationship to existing issue\\n\\nFollow-up to #13970.\\n\\n#13970 correctly tracks the hard-coded `0.0.0.0/0` source used by CKS for node SSH and also identifies the Kubernetes API and VPC ACL variants. This follow-up defines the cluster-level API/UI contract, lifecycle reconciliation, network-mode behavior, and rule ownership needed to solve the problem consistently rather than only replacing one constant.\\n\\n## Problem\\n\\nCKS-managed ingress to cluster management endpoints cannot be configured per cluster:\\n\\n- node SSH firewall rules are created with `0.0.0.0/0`;\\n- the TCP/6443 Kubernetes API firewall path is also unrestricted;\\n- VPC ACL rules are created without an explicit `cidrlist`, so the API default is used;\\n- SG-enabled zones use one account-wide `CKSSecurityGroup-\\u003caccount UUID\\u003e` with unrestricted SSH and 6443 ingress;\\n- create/list APIs and the UI have no cluster property representing the desired policy.\\n\\nManual narrowing is not a supported workaround. `KubernetesClusterScaleWorker.scaleKubernetesClusterIsolatedNetworkRules()` calls `removeSshFirewallRule()`, which identifies a rule mainly by its public port / related PF destination. It then calls `setupKubernetesClusterIsolatedNetworkRules()`, which recreates the rule with `0.0.0.0/0`. Node-add follows the same unrestricted provisioning path. Since an existing firewall rule's CIDR list is immutable, the fix needs a controlled rule replacement workflow.\\n\\nThe current removal helpers also risk selecting unrelated user-managed rules that happen to use the same public IP and ports.\\n\\nObserved on current `main` at analysis time: `602d9ec3e03e6350b55dd1349118ea2ccb766cca`.\\n\\n## Proposed feature\\n\\nAdd an editable Cloud-managed CKS cluster property:\\n\\n```text\\nmanagementaccesscidrlist=10.20.0.0/16,192.0.2.40/32,2001:db8:1200::/48\\n```\\n\\nIn the first version, the same list controls source access to:\\n\\n- node SSH, including the public SSH port-forward range;\\n- the Kubernetes API on TCP/6443.\\n\\nRequired API/UI behavior:\\n\\n- add `managementaccesscidrlist` to `createKubernetesCluster`;\\n- add an async `updateKubernetesClusterAccess` API;\\n- return the canonical list and its enforcement mode in `KubernetesClusterResponse`;\\n- add **Management access networks** to the create form and an edit action in cluster details;\\n- validate IPv4/IPv6 CIDRs, trim, deduplicate, and reject malformed or empty lists;\\n- show an explicit warning for `0.0.0.0/0` and `::/0`;\\n- warn that the policy must permit the source address used by the Management Server for CKS SSH lifecycle operations.\\n\\nAdd an inherited account-scoped CSV configuration such as:\\n\\n```text\\ncloud.kubernetes.cluster.management.access.cidrs\\n```\\n\\nIt should default to `0.0.0.0/0` for compatibility. When the create parameter is omitted, resolve the owner account's inherited account/domain/global value and snapshot it on the new cluster. Later configuration changes should affect new clusters only.\\n\\nExisting clusters without a stored value should retain the legacy effective value `0.0.0.0/0` until explicitly updated.\\n\\n## Network-specific behavior\\n\\n### Isolated network\\n\\nApply the list to CKS-owned ingress firewall rules on the cluster public/source-NAT IP for the SSH public ports and TCP/6443. Port-forwarding and load-balancer rules remain translation/backend objects; the firewall is the source-policy layer.\\n\\n### VPC isolated tier\\n\\nApply the list to the CKS-created ingress ACL entries for TCP/22 and TCP/6443.\\n\\nA restricted policy cannot be enforced with the immutable default-allow ACL. In that case, reject create/update with a clear request to use a custom ACL. Preserve the existing default-deny validation.\\n\\n### SG-enabled zone\\n\\nUse a deterministic per-cluster security group with ingress TCP/22 and TCP/6443 from the configured CIDRs. Do not edit the current account-wide group for one cluster, because that would change every CKS cluster in the account.\\n\\nExisting clusters using the account-wide group need a safe stopped-cluster migration to a per-cluster group, or a clear rejection if the VM security-group associations cannot be changed safely.\\n\\nThis branch is conditional on the zone actually being security-group-enabled; a shared network must not be assumed to have security-group enforcement merely because it is shared.\\n\\n### Shared/routed direct-access network without enforcement\\n\\nIf CKS has no SG, firewall, or ACL layer that can enforce the list, report enforcement as external and reject a restricted create/update request. Do not claim that a stored CIDR list is enforced.\\n\\n## Lifecycle and ownership requirements\\n\\nPersist the desired policy as cluster state (the existing `kubernetes_cluster_details` table is sufficient for the list). Do not infer desired CIDRs from currently installed rules.\\n\\nTrack CKS-created firewall, ACL, PF, and LB resources by explicit cluster ownership/identity. Port-only matching is not ownership.\\n\\nCreate/update and every lifecycle path must use the stored list:\\n\\n- create and start;\\n- stop/start;\\n- scale up/down;\\n- add/remove node;\\n- upgrade when rules are recreated;\\n- delete cleanup.\\n\\nCIDR update must be idempotent and retryable. Because firewall/ACL CIDR lists are immutable, it should replace only the old CKS-owned rules, verify the new rules, then persist the new desired policy. A failed update must not silently leave the persisted policy different from the effective network rules.\\n\\n## Acceptance criteria\\n\\n1. A user can set one or more CIDRs when creating a Cloud-managed CKS cluster.\\n2. An authorized user can edit the list later via API and UI.\\n3. List/get APIs return the canonical list and enforcement mode (`FIREWALL`, `VPC_ACL`, `SECURITY_GROUP`, or `EXTERNAL`).\\n4. Isolated-network SSH and API firewall rules use the exact stored list.\\n5. Custom VPC ACL entries for SSH and API use the exact stored list.\\n6. New SG-enabled clusters in the same account can have different policies.\\n7. Restricted policies are rejected when the selected network cannot enforce them.\\n8. Scale and add/remove-node preserve the exact list and never restore `0.0.0.0/0`.\\n9. Unrelated user-created rules on the same ports are never revoked by CKS.\\n10. Existing clusters remain backward compatible until explicitly updated.\\n11. Unit/integration tests cover isolated, VPC, SG-enabled, and unenforceable direct-access modes.\\n\\n## Scope clarification\\n\\nThis controls only management ingress created by CKS for SSH and the Kubernetes API. It does not replace `Service.spec.loadBalancerSourceRanges` or the CloudStack Kubernetes provider's source-CIDR annotation for arbitrary Kubernetes `Service` objects.\\n\",\"author_association\":\"CONTRIBUTOR\",\"user\":{\"login\":\"andrijapanicsb\",\"id\":45762285,\"node_id\":\"MDQ6VXNlcjQ1NzYyMjg1\",\"avatar_url\":\"https://avatars.githubusercontent.com/u/45762285?v=4\",\"html_url\":\"https://github.com/andrijapanicsb\",\"gravatar_id\":\"\",\"type\":\"User\",\"site_admin\":false,\"url\":\"https://api.github.com/users/andrijapanicsb\",\"events_url\":\"https://api.github.com/users/andrijapanicsb/events{/privacy}\",\"following_url\":\"https://api.github.com/users/andrijapanicsb/following{/other_user}\",\"followers_url\":\"https://api.github.com/users/andrijapanicsb/followers\",\"gists_url\":\"https://api.github.com/users/andrijapanicsb/gists{/gist_id}\",\"organizations_url\":\"https://api.github.com/users/andrijapanicsb/orgs\",\"received_events_url\":\"https://api.github.com/users/andrijapanicsb/received_events\",\"repos_url\":\"https://api.github.com/users/andrijapanicsb/repos\",\"starred_url\":\"https://api.github.com/users/andrijapanicsb/starred{/owner}{/repo}\",\"subscriptions_url\":\"https://api.github.com/users/andrijapanicsb/subscriptions\"},\"labels\":[{\"id\":592559219,\"url\":\"https://api.github.com/repos/apache/cloudstack/labels/component:networking\",\"name\":\"component:networking\",\"color\":\"f9d0c4\",\"description\":\"\",\"default\":false,\"node_id\":\"MDU6TGFiZWw1OTI1NTkyMTk=\"},{\"id\":2446472117,\"url\":\"https://api.github.com/repos/apache/cloudstack/labels/component:cks\",\"name\":\"component:cks\",\"color\":\"11930d\",\"description\":\"\",\"default\":false,\"node_id\":\"MDU6TGFiZWwyNDQ2NDcyMTE3\"}],\"comments\":0,\"created_at\":\"2026-09-21T13:08:28Z\",\"updated_at\":\"2026-09-21T13:58:38Z\",\"url\":\"https://api.github.com/repos/apache/cloudstack/issues/14212\",\"html_url\":\"https://github.com/apache/cloudstack/issues/14212\",\"comments_url\":\"https://api.github.com/repos/apache/cloudstack/issues/14212/comments\",\"events_url\":\"https://api.github.com/repos/apache/cloudstack/issues/14212/events\",\"labels_url\":\"https://api.github.com/repos/apache/cloudstack/issues/14212/labels{/name}\",\"repository_url\":\"https://api.github.com/repos/apache/cloudstack\",\"milestone\":{\"url\":\"https://api.github.com/repos/apache/cloudstack/milestones/47\",\"html_url\":\"https://github.com/apache/cloudstack/milestone/47\",\"labels_url\":\"https://api.github.com/repos/apache/cloudstack/milestones/47/labels\",\"id\":15843055,\"number\":47,\"state\":\"open\",\"title\":\"24.0\",\"description\":\"\",\"creator\":{\"login\":\"weizhouapache\",\"id\":57355700,\"node_id\":\"MDQ6VXNlcjU3MzU1NzAw\",\"avatar_url\":\"https://avatars.githubusercontent.com/u/57355700?v=4\",\"html_url\":\"https://github.com/weizhouapache\",\"gravatar_id\":\"\",\"type\":\"User\",\"site_admin\":false,\"url\":\"https://api.github.com/users/weizhouapache\",\"events_url\":\"https://api.github.com/users/weizhouapache/events{/privacy}\",\"following_url\":\"https://api.github.com/users/weizhouapache/following{/other_user}\",\"followers_url\":\"https://api.github.com/users/weizhouapache/followers\",\"gists_url\":\"https://api.github.com/users/weizhouapache/gists{/gist_id}\",\"organizations_url\":\"https://api.github.com/users/weizhouapache/orgs\",\"received_events_url\":\"https://api.github.com/users/weizhouapache/received_events\",\"repos_url\":\"https://api.github.com/users/weizhouapache/repos\",\"starred_url\":\"https://api.github.com/users/weizhouapache/starred{/owner}{/repo}\",\"subscriptions_url\":\"https://api.github.com/users/weizhouapache/subscriptions\"},\"open_issues\":271,\"closed_issues\":36,\"created_at\":\"2026-05-08T06:15:20Z\",\"updated_at\":\"2026-09-24T11:07:46Z\",\"node_id\":\"MI_kwDOAJTq2M4A8b7v\"},\"reactions\":{\"total_count\":0,\"+1\":0,\"-1\":0,\"laugh\":0,\"confused\":0,\"heart\":0,\"hooray\":0,\"rocket\":0,\"eyes\":0,\"url\":\"https://api.github.com/repos/apache/cloudstack/issues/14212/reactions\"},\"node_id\":\"I_kwDOAJTq2M8AAAABSXVtzw\"},{\"id\":5502818488,\"number\":14206,\"state\":\"open\",\"locked\":false,\"title\":\"KVM: instance left running on the host with no record in CloudStack after an out-of-band power report during start\",\"body\":\"##### ISSUE TYPE\\n * Bug Report\\n\\n##### COMPONENT NAME\\n~~~\\nengine-orchestration, VM power state sync, KVM\\n~~~\\n\\n##### CLOUDSTACK VERSION\\n~~~\\n4.22\\n~~~\\n\\n##### CONFIGURATION\\nKVM hosts. Any host where instances stop or crash while another instance is being deployed.\\n\\n##### OS / ENVIRONMENT\\nKVM / libvirt.\\n\\n##### SUMMARY\\n\\nAn instance can end up running on a KVM host with no record in CloudStack. Its IP address is released and later handed to another instance, so two instances answer for the same address. The root volume is marked for deletion but cannot be deleted while the domain holds it, so the storage is stranded too.\\n\\nThe trigger is the out-of-band ping the KVM agent sends when **another** instance on the same host shuts down or crashes.\\n\\n##### STEPS TO REPRODUCE\\n\\nNeeds a host with instance churn during a deploy.\\n\\n1. Deploy an instance on a KVM host.\\n2. While the `StartCommand` is still in flight, have another instance on the same host shut itself down or crash.\\n3. That fires `LibvirtDomainListener.onLifecycleChange`, which calls `Agent.triggerUpdate()` and sends a `PingCommand` with `outOfBand=true`.\\n4. Repeat as needed. On a busy host these pings can arrive every few seconds.\\n\\nThe window that does the damage is small: the report has to be collected before the new domain exists but processed after the start job finishes. It does not fire on every deploy, but it recurs.\\n\\n##### EXPECTED RESULTS\\n\\nThe deploy succeeds, or it fails and the host is told to stop the instance.\\n\\nAn instance absent from a report collected before it started is not treated as missing.\\n\\n##### ACTUAL RESULTS\\n\\nSequence, from a real occurrence (times shortened):\\n\\n| time     | what happens                                                                   |\\n|----------|--------------------------------------------------------------------------------|\\n| 20:23:5x | DeployVM starts, instance -\\u003e Starting, `StartCommand` sent                      |\\n| 20:25:14 | another instance crashes; agent collects a report and sends it with `force`     |\\n| 20:25:16 | the new domain is created on the host                                           |\\n| 20:25:17 | `StartAnswer` arrives, instance -\\u003e Running                                      |\\n| 20:25:18 | the 20:25:14 report is processed; instance is not in it -\\u003e `PowerReportMissing` |\\n|          | NICs and IP released, instance -\\u003e Stopped. **No StopCommand is sent**           |\\n| 20:25:19 | the deploy job finds it Stopped, logs an error, instance -\\u003e Error, job fails    |\\n| 20:25:28 | user expunges it; `advanceStop()` returns at once because state is Error        |\\n| 20:25:39 | expunged and removed. **No StopCommand was ever sent**                          |\\n| 20:25:40 | every later report: `Unable to find matched VM in CloudStack DB. name: i-2-3-VM`|\\n\\nThe domain is still running the whole time.\\n\\n##### CAUSE\\n\\nFive separate things line up.\\n\\n**1. `force` skips the graceful period for a *missing* instance.**\\n\\n`VirtualMachinePowerStateSyncImpl.processMissingVmReport()`:\\n\\n~~~java\\nif (!force) {\\n    vmsThatAreMissingReport = filterOutdatedFromMissingVmReport(vmsThatAreMissingReport);\\n}\\n...\\nif (force || (milliSecondsSinceLastStateUpdate \\u003e milliSecondsGracefulPeriod)) {\\n~~~\\n\\n`force` comes from `PingCommand.outOfBand`, set only by `Agent.triggerUpdate()`, called only from `LibvirtDomainListener` on a self-shutdown or crash. It was added so a *reported* stop takes effect immediately. Applying it to the *absence* of a report is the defect: a report says nothing about an instance that did not exist yet when it was collected.\\n\\nThe KVM report lists only powered-on domains, so an instance that is still starting is simply absent.\\n\\nThe log line makes this hard to see. It prints \\\"has passed graceful period\\\" even when `force` short-circuited the check, so it reports an elapsed time far below the graceful period as having passed it.\\n\\n**2. The missing-report branch releases resources without stopping anything.**\\n\\n`VirtualMachineManagerImpl.handlePowerOffReportWithNoPendingJobsOnVM()`:\\n\\n~~~java\\nif (PowerState.PowerOff.equals(vm.getPowerState())) {\\n    ...\\n    Pair\\u003cBoolean, String\\u003e result = sendStop(vmGuru, profile, true, true);\\n    if (!result.first()) { return; } else { releaseVmResources(profile, true); }\\n} else if (PowerState.PowerReportMissing.equals(vm.getPowerState())) {\\n    releaseVmResources(profile, true);   // no StopCommand\\n}\\n~~~\\n\\nThe IP is freed while the instance is still using it.\\n\\n**3. Expunge never contacts the host for an instance in Error or Stopped.**\\n\\n`advanceStop()` returns before it looks at the host id:\\n\\n~~~java\\nif (state == State.Stopped) return;\\nif (state == State.Destroyed || state == State.Expunging || state == State.Error) return;\\n~~~\\n\\n`vm.destroy.forcestop` does not help, the early return happens first.\\n\\n**4. A power-on report for a destroyed instance is only logged.**\\n\\n`handlePowerOnReportWithNoPendingJobsOnVM()` has `case Destroyed: case Expunging:` log and `break`. CloudStack knows the host and the instance name at that moment and does nothing with them.\\n\\n**5. Unknown instances are only logged at debug.**\\n\\n`convertVmStateReport()` writes one debug line per unknown instance per report and nothing acts on it, so the condition can persist unnoticed indefinitely.\\n\\n##### IMPACT\\n\\n- an instance runs unmanaged and invisible\\n- its IP is reassigned, giving an address conflict between two live instances\\n- its root volume stays in `Destroy` and cannot be deleted while the domain holds it, so primary storage is stranded\\n- for RBD the delete fails on the image watcher, which is the only reason the disk is not deleted underneath a running guest\\n\",\"author_association\":\"COLLABORATOR\",\"user\":{\"login\":\"bhouse-nexthop\",\"id\":201617817,\"node_id\":\"U_kgDODARxmQ\",\"avatar_url\":\"https://avatars.githubusercontent.com/u/201617817?v=4\",\"html_url\":\"https://github.com/bhouse-nexthop\",\"gravatar_id\":\"\",\"type\":\"User\",\"site_admin\":false,\"url\":\"https://api.github.com/users/bhouse-nexthop\",\"events_url\":\"https://api.github.com/users/bhouse-nexthop/events{/privacy}\",\"following_url\":\"https://api.github.com/users/bhouse-nexthop/following{/other_user}\",\"followers_url\":\"https://api.github.com/users/bhouse-nexthop/followers\",\"gists_url\":\"https://api.github.com/users/bhouse-nexthop/gists{/gist_id}\",\"organizations_url\":\"https://api.github.com/users/bhouse-nexthop/orgs\",\"received_events_url\":\"https://api.github.com/users/bhouse-nexthop/received_events\",\"repos_url\":\"https://api.github.com/users/bhouse-nexthop/repos\",\"starred_url\":\"https://api.github.com/users/bhouse-nexthop/starred{/owner}{/repo}\",\"subscriptions_url\":\"https://api.github.com/users/bhouse-nexthop/subscriptions\"},\"labels\":[{\"id\":37843364,\"url\":\"https://api.github.com/repos/apache/cloudstack/labels/type:bug\",\"name\":\"type:bug\",\"color\":\"fc2929\",\"description\":\"\",\"default\":false,\"node_id\":\"MDU6TGFiZWwzNzg0MzM2NA==\"},{\"id\":584072971,\"url\":\"https://api.github.com/repos/apache/cloudstack/labels/component:kvm\",\"name\":\"component:kvm\",\"color\":\"006b75\",\"description\":\"\",\"default\":false,\"node_id\":\"MDU6TGFiZWw1ODQwNzI5NzE=\"},{\"id\":1663969521,\"url\":\"https://api.github.com/repos/apache/cloudstack/labels/Severity:Major\",\"name\":\"Severity:Major\",\"color\":\"903636\",\"description\":\"\",\"default\":false,\"node_id\":\"MDU6TGFiZWwxNjYzOTY5NTIx\"}],\"comments\":1,\"created_at\":\"2026-09-18T17:49:30Z\",\"updated_at\":\"2026-09-22T17:17:20Z\",\"url\":\"https://api.github.com/repos/apache/cloudstack/issues/14206\",\"html_url\":\"https://github.com/apache/cloudstack/issues/14206\",\"comments_url\":\"https://api.github.com/repos/apache/cloudstack/issues/14206/comments\",\"events_url\":\"https://api.github.com/repos/apache/cloudstack/issues/14206/events\",\"labels_url\":\"https://api.github.com/repos/apache/cloudstack/issues/14206/labels{/name}\",\"repository_url\":\"https://api.github.com/repos/apache/cloudstack\",\"reactions\":{\"total_count\":0,\"+1\":0,\"-1\":0,\"laugh\":0,\"confused\":0,\"heart\":0,\"hooray\":0,\"rocket\":0,\"eyes\":0,\"url\":\"https://api.github.com/repos/apache/cloudstack/issues/14206/reactions\"},\"node_id\":\"I_kwDOAJTq2M8AAAABR_5YuA\"},{\"id\":5501162585,\"number\":14204,\"state\":\"open\",\"locked\":false,\"title\":\"Not able to delete CLVM_NG primary storage (Failed to delete storage pool on host)\",\"body\":\"**Description:**\\n\\nNot able to delete CLVM_NG primary storage. I am getting \\\"Failed to delete storage pool on host\\\" error message.\\n\\nAll VMs and associated volumes, templates, etc were deleted from primary storage and it was put under maintenance state. \\n\\nThis may be related to: [https://github.com/apache/cloudstack/discussions/13392](url)\\n\\n\\u003cimg width=\\\"580\\\" height=\\\"254\\\" alt=\\\"Image\\\" src=\\\"https://github.com/user-attachments/assets/fb4dc6a0-6b91-4409-a99d-c39b2e68759e\\\" /\\u003e\\n\\n```\\n# vgs\\n  VG\\t\\t\\t  #PV #LV #SN Attr   VSize    VFree\\n  hdd_raid6_vg    1   1   0 wz--n-   \\u003c4.37t       0\\n  rhel_vg         1   6   0 wz--n- \\u003c444.61g \\u003c100.61g\\n  ssd_raid1_vg    1   1   0 wz--n-    3.49t       0\\n  ds_test_01_vg   1   0   0 wz--ns   \\u003c4.00t   \\u003c4.00t\\n  ds_test_02_vg   1   0   0 wz--ns   \\u003c4.00t   \\u003c4.00t\\n  ds_test_03_vg   1   0   0 wz--ns   \\u003c4.00t   \\u003c4.00t\\n  ds_test_04_vg   1   0   0 wz--ns   \\u003c4.00t   \\u003c4.00t\\n  ds_test_05_vg   1   0   0 wz--ns   \\u003c4.00t   \\u003c4.00t\\n#\\n```\\n\\n**Workaround:**\\n\\nRemoved all shared VGs and restarted agent service on all nodes\\n\\n```\\n# vgs\\n  VG           #PV #LV #SN Attr   VSize    VFree\\n  hdd_raid6_vg   1   1   0 wz--n-   \\u003c4.37t       0\\n  rhel_vg        1   6   0 wz--n- \\u003c444.61g \\u003c100.61g\\n  ssd_raid1_vg   1   1   0 wz--n-    3.49t       0\\n\\n# /usr/bin/systemctl restart cloudstack-agent.service\\n#\\n```\\n**Logs from ACS server:**\\n\\n```\\n2026-09-18 13:40:56,985 DEBUG [c.c.a.ApiServlet] (qtp1390913202-47871:[ctx-90bdde62]) (logid:ac4f0fba) ===START===  108.145.117.211 -- POST\\ncommand=deleteStoragePool\\nresponse=json\\nid=0b35ce6c-7826-3188-b0bb-1150c455a5a3\\nforced=true\\nsessionkey=Ln4wx0lPZhcXCec2jVuN6FNC5Sk\\n2026-09-18 13:40:56,985 DEBUG [c.c.a.ApiServlet] (qtp1390913202-47871:[ctx-90bdde62]) (logid:ac4f0fba) Two factor authentication is already verified for the user 2, so skipping\\n2026-09-18 13:40:56,988 DEBUG [c.c.a.ApiServer] (qtp1390913202-47871:[ctx-90bdde62, ctx-9aa46af6]) (logid:ac4f0fba) CIDRs from which account 'Account [{\\\"accountName\\\":\\\"admin\\\",\\\"id\\\":2,\\\"uuid\\\":\\\"1b4fa8b0-8f51-11f1-ba8c-525400083ffc\\\"}]' is allowed to perform API calls: 0.0.0.0/0,::/0\\n2026-09-18 13:40:56,989 INFO  [o.a.c.a.DynamicRoleBasedAPIAccessChecker] (qtp1390913202-47871:[ctx-90bdde62, ctx-9aa46af6]) (logid:ac4f0fba) Account [Account [{\\\"accountName\\\":\\\"admin\\\",\\\"id\\\":2,\\\"uuid\\\":\\\"1b4fa8b0-8f51-11f1-ba8c-525400083ffc\\\"}]] is Root Admin and there aren't any API key pair permissions involved, thus, all APIs are allowed.\\n2026-09-18 13:40:56,989 DEBUG [o.a.c.a.StaticRoleBasedAPIAccessChecker] (qtp1390913202-47871:[ctx-90bdde62, ctx-9aa46af6]) (logid:ac4f0fba) RoleService is enabled. We will use it instead of StaticRoleBasedAPIAccessChecker.\\n2026-09-18 13:40:56,989 DEBUG [o.a.c.r.ApiRateLimitServiceImpl] (qtp1390913202-47871:[ctx-90bdde62, ctx-9aa46af6]) (logid:ac4f0fba) API rate limiting is disabled. We will not use ApiRateLimitService.\\n2026-09-18 13:40:57,003 DEBUG [c.c.a.m.ClusteredAgentManagerImpl] (qtp1390913202-47871:[ctx-90bdde62, ctx-9aa46af6]) (logid:ac4f0fba) Wait time setting on com.cloud.agent.api.DeleteStoragePoolCommand is 1800 seconds\\n2026-09-18 13:40:57,004 DEBUG [c.c.a.m.ClusteredAgentAttache] (qtp1390913202-47871:[ctx-90bdde62, ctx-9aa46af6]) (logid:ac4f0fba) Seq 61-5210101818914280197: Routed from 90520734213782\\n2026-09-18 13:40:57,004 DEBUG [c.c.a.t.Request] (qtp1390913202-47871:[ctx-90bdde62, ctx-9aa46af6]) (logid:ac4f0fba) Seq 21-5210101818914280197: Sending  { Cmd , MgmtId: 90520734213782, via: 21(esx0101), Ver: v1, Flags: 100011, [{\\\"com.cloud.agent.api.DeleteStoragePoolCommand\\\":{\\\"_pool\\\":{\\\"id\\\":\\\"74\\\",\\\"uuid\\\":\\\"0b35ce6c-7826-3188-b0bb-1150c455a5a3\\\",\\\"host\\\":\\\"localhost\\\",\\\"path\\\":\\\"ds_test_01_vg\\\",\\\"port\\\":\\\"0\\\",\\\"type\\\":\\\"CLVM_NG\\\"},\\\"_localPath\\\":\\\"/mnt//4df4b702-17ad-35ae-8003-1286a2ffb702\\\",\\\"_removeDatastore\\\":\\\"false\\\",\\\"wait\\\":\\\"0\\\",\\\"bypassHostMaintenance\\\":\\\"false\\\"}}] }\\n2026-09-18 13:40:57,047 DEBUG [c.c.a.t.Request] (qtp1390913202-47871:[ctx-90bdde62, ctx-9aa46af6]) (logid:ac4f0fba) Seq 21-5210101818914280197: Received:  { Ans: , MgmtId: 90520734213782, via: 21(esx0101), Ver: v1, Flags: 10, { Answer } }\\n2026-09-18 13:40:57,047 DEBUG [c.c.a.m.ClusteredAgentManagerImpl] (qtp1390913202-47871:[ctx-90bdde62, ctx-9aa46af6]) (logid:ac4f0fba) Details from executing class com.cloud.agent.api.DeleteStoragePoolCommand: com.cloud.utils.exception.CloudRuntimeException: org.libvirt.LibvirtException: Requested operation is not valid: storage pool 'ds_test_01_vg' is not active\\n2026-09-18 13:40:57,047 DEBUG [o.a.c.s.d.l.CloudStackPrimaryDataStoreLifeCycleImpl] (qtp1390913202-47871:[ctx-90bdde62, ctx-9aa46af6]) (logid:ac4f0fba) Failed to delete storage pool: false\\n2026-09-18 13:40:57,047 DEBUG [c.c.a.m.ClusteredAgentManagerImpl] (qtp1390913202-47871:[ctx-90bdde62, ctx-9aa46af6]) (logid:ac4f0fba) Wait time setting on com.cloud.agent.api.DeleteStoragePoolCommand is 1800 seconds\\n2026-09-18 13:40:57,048 DEBUG [c.c.a.m.ClusteredAgentAttache] (qtp1390913202-47871:[ctx-90bdde62, ctx-9aa46af6]) (logid:ac4f0fba) Seq 61-1204994375298338227: Routed from 90520734213782\\n2026-09-18 13:40:57,048 DEBUG [c.c.a.t.Request] (qtp1390913202-47871:[ctx-90bdde62, ctx-9aa46af6]) (logid:ac4f0fba) Seq 22-1204994375298338227: Sending  { Cmd , MgmtId: 90520734213782, via: 22(esx0102), Ver: v1, Flags: 100011, [{\\\"com.cloud.agent.api.DeleteStoragePoolCommand\\\":{\\\"_pool\\\":{\\\"id\\\":\\\"74\\\",\\\"uuid\\\":\\\"0b35ce6c-7826-3188-b0bb-1150c455a5a3\\\",\\\"host\\\":\\\"localhost\\\",\\\"path\\\":\\\"ds_test_01_vg\\\",\\\"port\\\":\\\"0\\\",\\\"type\\\":\\\"CLVM_NG\\\"},\\\"_localPath\\\":\\\"/mnt//4df4b702-17ad-35ae-8003-1286a2ffb702\\\",\\\"_removeDatastore\\\":\\\"false\\\",\\\"wait\\\":\\\"0\\\",\\\"bypassHostMaintenance\\\":\\\"false\\\"}}] }\\n2026-09-18 13:40:57,050 DEBUG [c.c.a.t.Request] (qtp1390913202-47871:[ctx-90bdde62, ctx-9aa46af6]) (logid:ac4f0fba) Seq 22-1204994375298338227: Received:  { Ans: , MgmtId: 90520734213782, via: 22(esx0102), Ver: v1, Flags: 10, { Answer } }\\n2026-09-18 13:40:57,050 DEBUG [c.c.a.m.ClusteredAgentManagerImpl] (qtp1390913202-47871:[ctx-90bdde62, ctx-9aa46af6]) (logid:ac4f0fba) Details from executing class com.cloud.agent.api.DeleteStoragePoolCommand: com.cloud.utils.exception.CloudRuntimeException: org.libvirt.LibvirtException: Requested operation is not valid: storage pool 'ds_test_01_vg' is not active\\n2026-09-18 13:40:57,050 DEBUG [o.a.c.s.d.l.CloudStackPrimaryDataStoreLifeCycleImpl] (qtp1390913202-47871:[ctx-90bdde62, ctx-9aa46af6]) (logid:ac4f0fba) Failed to delete storage pool: false\\n2026-09-18 13:40:57,051 DEBUG [c.c.a.m.ClusteredAgentManagerImpl] (qtp1390913202-47871:[ctx-90bdde62, ctx-9aa46af6]) (logid:ac4f0fba) Wait time setting on com.cloud.agent.api.DeleteStoragePoolCommand is 1800 seconds\\n2026-09-18 13:40:57,051 DEBUG [c.c.a.m.ClusteredAgentAttache] (qtp1390913202-47871:[ctx-90bdde62, ctx-9aa46af6]) (logid:ac4f0fba) Seq 61-6906832978526096897: Routed from 90520734213782\\n2026-09-18 13:40:57,051 DEBUG [c.c.a.t.Request] (qtp1390913202-47871:[ctx-90bdde62, ctx-9aa46af6]) (logid:ac4f0fba) Seq 23-6906832978526096897: Sending  { Cmd , MgmtId: 90520734213782, via: 23(esx0103), Ver: v1, Flags: 100011, [{\\\"com.cloud.agent.api.DeleteStoragePoolCommand\\\":{\\\"_pool\\\":{\\\"id\\\":\\\"74\\\",\\\"uuid\\\":\\\"0b35ce6c-7826-3188-b0bb-1150c455a5a3\\\",\\\"host\\\":\\\"localhost\\\",\\\"path\\\":\\\"ds_test_01_vg\\\",\\\"port\\\":\\\"0\\\",\\\"type\\\":\\\"CLVM_NG\\\"},\\\"_localPath\\\":\\\"/mnt//4df4b702-17ad-35ae-8003-1286a2ffb702\\\",\\\"_removeDatastore\\\":\\\"false\\\",\\\"wait\\\":\\\"0\\\",\\\"bypassHostMaintenance\\\":\\\"false\\\"}}] }\\n2026-09-18 13:40:57,054 DEBUG [c.c.a.t.Request] (qtp1390913202-47871:[ctx-90bdde62, ctx-9aa46af6]) (logid:ac4f0fba) Seq 23-6906832978526096897: Received:  { Ans: , MgmtId: 90520734213782, via: 23(esx0103), Ver: v1, Flags: 10, { Answer } }\\n2026-09-18 13:40:57,054 DEBUG [c.c.a.m.ClusteredAgentManagerImpl] (qtp1390913202-47871:[ctx-90bdde62, ctx-9aa46af6]) (logid:ac4f0fba) Details from executing class com.cloud.agent.api.DeleteStoragePoolCommand: com.cloud.utils.exception.CloudRuntimeException: org.libvirt.LibvirtException: Requested operation is not valid: storage pool 'ds_test_01_vg' is not active\\n2026-09-18 13:40:57,054 DEBUG [o.a.c.s.d.l.CloudStackPrimaryDataStoreLifeCycleImpl] (qtp1390913202-47871:[ctx-90bdde62, ctx-9aa46af6]) (logid:ac4f0fba) Failed to delete storage pool: false\\n2026-09-18 13:40:57,054 DEBUG [c.c.a.m.ClusteredAgentManagerImpl] (qtp1390913202-47871:[ctx-90bdde62, ctx-9aa46af6]) (logid:ac4f0fba) Wait time setting on com.cloud.agent.api.DeleteStoragePoolCommand is 1800 seconds\\n2026-09-18 13:40:57,055 DEBUG [c.c.a.m.ClusteredAgentAttache] (qtp1390913202-47871:[ctx-90bdde62, ctx-9aa46af6]) (logid:ac4f0fba) Seq 61-5033617008516681232: Routed from 90520734213782\\n2026-09-18 13:40:57,055 DEBUG [c.c.a.t.Request] (qtp1390913202-47871:[ctx-90bdde62, ctx-9aa46af6]) (logid:ac4f0fba) Seq 24-5033617008516681232: Sending  { Cmd , MgmtId: 90520734213782, via: 24(esx0104), Ver: v1, Flags: 100011, [{\\\"com.cloud.agent.api.DeleteStoragePoolCommand\\\":{\\\"_pool\\\":{\\\"id\\\":\\\"74\\\",\\\"uuid\\\":\\\"0b35ce6c-7826-3188-b0bb-1150c455a5a3\\\",\\\"host\\\":\\\"localhost\\\",\\\"path\\\":\\\"ds_test_01_vg\\\",\\\"port\\\":\\\"0\\\",\\\"type\\\":\\\"CLVM_NG\\\"},\\\"_localPath\\\":\\\"/mnt//4df4b702-17ad-35ae-8003-1286a2ffb702\\\",\\\"_removeDatastore\\\":\\\"false\\\",\\\"wait\\\":\\\"0\\\",\\\"bypassHostMaintenance\\\":\\\"false\\\"}}] }\\n2026-09-18 13:40:57,057 DEBUG [c.c.a.t.Request] (qtp1390913202-47871:[ctx-90bdde62, ctx-9aa46af6]) (logid:ac4f0fba) Seq 24-5033617008516681232: Received:  { Ans: , MgmtId: 90520734213782, via: 24(esx0104), Ver: v1, Flags: 10, { Answer } }\\n2026-09-18 13:40:57,057 DEBUG [c.c.a.m.ClusteredAgentManagerImpl] (qtp1390913202-47871:[ctx-90bdde62, ctx-9aa46af6]) (logid:ac4f0fba) Details from executing class com.cloud.agent.api.DeleteStoragePoolCommand: com.cloud.utils.exception.CloudRuntimeException: org.libvirt.LibvirtException: Requested operation is not valid: storage pool 'ds_test_01_vg' is not active\\n2026-09-18 13:40:57,057 DEBUG [o.a.c.s.d.l.CloudStackPrimaryDataStoreLifeCycleImpl] (qtp1390913202-47871:[ctx-90bdde62, ctx-9aa46af6]) (logid:ac4f0fba) Failed to delete storage pool: false\\n2026-09-18 13:40:57,058 DEBUG [c.c.a.m.ClusteredAgentManagerImpl] (qtp1390913202-47871:[ctx-90bdde62, ctx-9aa46af6]) (logid:ac4f0fba) Wait time setting on com.cloud.agent.api.DeleteStoragePoolCommand is 1800 seconds\\n2026-09-18 13:40:57,058 DEBUG [c.c.a.m.ClusteredAgentAttache] (qtp1390913202-47871:[ctx-90bdde62, ctx-9aa46af6]) (logid:ac4f0fba) Seq 61-1866460570568379857: Routed from 90520734213782\\n2026-09-18 13:40:57,058 DEBUG [c.c.a.t.Request] (qtp1390913202-47871:[ctx-90bdde62, ctx-9aa46af6]) (logid:ac4f0fba) Seq 25-1866460570568379857: Sending  { Cmd , MgmtId: 90520734213782, via: 25(esx0307), Ver: v1, Flags: 100011, [{\\\"com.cloud.agent.api.DeleteStoragePoolCommand\\\":{\\\"_pool\\\":{\\\"id\\\":\\\"74\\\",\\\"uuid\\\":\\\"0b35ce6c-7826-3188-b0bb-1150c455a5a3\\\",\\\"host\\\":\\\"localhost\\\",\\\"path\\\":\\\"ds_test_01_vg\\\",\\\"port\\\":\\\"0\\\",\\\"type\\\":\\\"CLVM_NG\\\"},\\\"_localPath\\\":\\\"/mnt//4df4b702-17ad-35ae-8003-1286a2ffb702\\\",\\\"_removeDatastore\\\":\\\"false\\\",\\\"wait\\\":\\\"0\\\",\\\"bypassHostMaintenance\\\":\\\"false\\\"}}] }\\n2026-09-18 13:40:57,101 DEBUG [c.c.a.t.Request] (qtp1390913202-47871:[ctx-90bdde62, ctx-9aa46af6]) (logid:ac4f0fba) Seq 25-1866460570568379857: Received:  { Ans: , MgmtId: 90520734213782, via: 25(esx0307), Ver: v1, Flags: 10, { Answer } }\\n2026-09-18 13:40:57,101 DEBUG [c.c.a.m.ClusteredAgentManagerImpl] (qtp1390913202-47871:[ctx-90bdde62, ctx-9aa46af6]) (logid:ac4f0fba) Details from executing class com.cloud.agent.api.DeleteStoragePoolCommand: com.cloud.utils.exception.CloudRuntimeException: org.libvirt.LibvirtException: Requested operation is not valid: storage pool 'ds_test_01_vg' is not active\\n2026-09-18 13:40:57,101 DEBUG [o.a.c.s.d.l.CloudStackPrimaryDataStoreLifeCycleImpl] (qtp1390913202-47871:[ctx-90bdde62, ctx-9aa46af6]) (logid:ac4f0fba) Failed to delete storage pool: false\\n2026-09-18 13:40:57,101 DEBUG [c.c.a.m.ClusteredAgentManagerImpl] (qtp1390913202-47871:[ctx-90bdde62, ctx-9aa46af6]) (logid:ac4f0fba) Wait time setting on com.cloud.agent.api.DeleteStoragePoolCommand is 1800 seconds\\n2026-09-18 13:40:57,101 DEBUG [c.c.a.m.ClusteredAgentAttache] (qtp1390913202-47871:[ctx-90bdde62, ctx-9aa46af6]) (logid:ac4f0fba) Seq 61-971088669651783173: Routed from 90520734213782\\n2026-09-18 13:40:57,102 DEBUG [c.c.a.t.Request] (qtp1390913202-47871:[ctx-90bdde62, ctx-9aa46af6]) (logid:ac4f0fba) Seq 26-971088669651783173: Sending  { Cmd , MgmtId: 90520734213782, via: 26(esx0308), Ver: v1, Flags: 100011, [{\\\"com.cloud.agent.api.DeleteStoragePoolCommand\\\":{\\\"_pool\\\":{\\\"id\\\":\\\"74\\\",\\\"uuid\\\":\\\"0b35ce6c-7826-3188-b0bb-1150c455a5a3\\\",\\\"host\\\":\\\"localhost\\\",\\\"path\\\":\\\"ds_test_01_vg\\\",\\\"port\\\":\\\"0\\\",\\\"type\\\":\\\"CLVM_NG\\\"},\\\"_localPath\\\":\\\"/mnt//4df4b702-17ad-35ae-8003-1286a2ffb702\\\",\\\"_removeDatastore\\\":\\\"false\\\",\\\"wait\\\":\\\"0\\\",\\\"bypassHostMaintenance\\\":\\\"false\\\"}}] }\\n2026-09-18 13:40:57,145 DEBUG [c.c.a.t.Request] (qtp1390913202-47871:[ctx-90bdde62, ctx-9aa46af6]) (logid:ac4f0fba) Seq 26-971088669651783173: Received:  { Ans: , MgmtId: 90520734213782, via: 26(esx0308), Ver: v1, Flags: 10, { Answer } }\\n2026-09-18 13:40:57,145 DEBUG [c.c.a.m.ClusteredAgentManagerImpl] (qtp1390913202-47871:[ctx-90bdde62, ctx-9aa46af6]) (logid:ac4f0fba) Details from executing class com.cloud.agent.api.DeleteStoragePoolCommand: com.cloud.utils.exception.CloudRuntimeException: org.libvirt.LibvirtException: Requested operation is not valid: storage pool 'ds_test_01_vg' is not active\\n2026-09-18 13:40:57,145 DEBUG [o.a.c.s.d.l.CloudStackPrimaryDataStoreLifeCycleImpl] (qtp1390913202-47871:[ctx-90bdde62, ctx-9aa46af6]) (logid:ac4f0fba) Failed to delete storage pool: false\\n2026-09-18 13:40:57,145 DEBUG [c.c.a.m.ClusteredAgentManagerImpl] (qtp1390913202-47871:[ctx-90bdde62, ctx-9aa46af6]) (logid:ac4f0fba) Wait time setting on com.cloud.agent.api.DeleteStoragePoolCommand is 1800 seconds\\n2026-09-18 13:40:57,146 DEBUG [c.c.a.m.ClusteredAgentAttache] (qtp1390913202-47871:[ctx-90bdde62, ctx-9aa46af6]) (logid:ac4f0fba) Seq 61-3703084793605410297: Routed from 90520734213782\\n2026-09-18 13:40:57,146 DEBUG [c.c.a.t.Request] (qtp1390913202-47871:[ctx-90bdde62, ctx-9aa46af6]) (logid:ac4f0fba) Seq 27-3703084793605410297: Sending  { Cmd , MgmtId: 90520734213782, via: 27(esx0401), Ver: v1, Flags: 100011, [{\\\"com.cloud.agent.api.DeleteStoragePoolCommand\\\":{\\\"_pool\\\":{\\\"id\\\":\\\"74\\\",\\\"uuid\\\":\\\"0b35ce6c-7826-3188-b0bb-1150c455a5a3\\\",\\\"host\\\":\\\"localhost\\\",\\\"path\\\":\\\"ds_test_01_vg\\\",\\\"port\\\":\\\"0\\\",\\\"type\\\":\\\"CLVM_NG\\\"},\\\"_localPath\\\":\\\"/mnt//4df4b702-17ad-35ae-8003-1286a2ffb702\\\",\\\"_removeDatastore\\\":\\\"false\\\",\\\"wait\\\":\\\"0\\\",\\\"bypassHostMaintenance\\\":\\\"false\\\"}}] }\\n2026-09-18 13:40:57,148 DEBUG [c.c.a.t.Request] (qtp1390913202-47871:[ctx-90bdde62, ctx-9aa46af6]) (logid:ac4f0fba) Seq 27-3703084793605410297: Received:  { Ans: , MgmtId: 90520734213782, via: 27(esx0401), Ver: v1, Flags: 10, { Answer } }\\n2026-09-18 13:40:57,148 DEBUG [c.c.a.m.ClusteredAgentManagerImpl] (qtp1390913202-47871:[ctx-90bdde62, ctx-9aa46af6]) (logid:ac4f0fba) Details from executing class com.cloud.agent.api.DeleteStoragePoolCommand: com.cloud.utils.exception.CloudRuntimeException: org.libvirt.LibvirtException: Requested operation is not valid: storage pool 'ds_test_01_vg' is not active\\n2026-09-18 13:40:57,148 DEBUG [o.a.c.s.d.l.CloudStackPrimaryDataStoreLifeCycleImpl] (qtp1390913202-47871:[ctx-90bdde62, ctx-9aa46af6]) (logid:ac4f0fba) Failed to delete storage pool: false\\n2026-09-18 13:40:57,149 DEBUG [c.c.a.m.ClusteredAgentManagerImpl] (qtp1390913202-47871:[ctx-90bdde62, ctx-9aa46af6]) (logid:ac4f0fba) Wait time setting on com.cloud.agent.api.DeleteStoragePoolCommand is 1800 seconds\\n2026-09-18 13:40:57,149 DEBUG [c.c.a.m.ClusteredAgentAttache] (qtp1390913202-47871:[ctx-90bdde62, ctx-9aa46af6]) (logid:ac4f0fba) Seq 61-385902193070329372: Routed from 90520734213782\\n2026-09-18 13:40:57,149 DEBUG [c.c.a.t.Request] (qtp1390913202-47871:[ctx-90bdde62, ctx-9aa46af6]) (logid:ac4f0fba) Seq 28-385902193070329372: Sending  { Cmd , MgmtId: 90520734213782, via: 28(esx0402), Ver: v1, Flags: 100011, [{\\\"com.cloud.agent.api.DeleteStoragePoolCommand\\\":{\\\"_pool\\\":{\\\"id\\\":\\\"74\\\",\\\"uuid\\\":\\\"0b35ce6c-7826-3188-b0bb-1150c455a5a3\\\",\\\"host\\\":\\\"localhost\\\",\\\"path\\\":\\\"ds_test_01_vg\\\",\\\"port\\\":\\\"0\\\",\\\"type\\\":\\\"CLVM_NG\\\"},\\\"_localPath\\\":\\\"/mnt//4df4b702-17ad-35ae-8003-1286a2ffb702\\\",\\\"_removeDatastore\\\":\\\"false\\\",\\\"wait\\\":\\\"0\\\",\\\"bypassHostMaintenance\\\":\\\"false\\\"}}] }\\n2026-09-18 13:40:57,193 DEBUG [c.c.a.t.Request] (qtp1390913202-47871:[ctx-90bdde62, ctx-9aa46af6]) (logid:ac4f0fba) Seq 28-385902193070329372: Received:  { Ans: , MgmtId: 90520734213782, via: 28(esx0402), Ver: v1, Flags: 10, { Answer } }\\n2026-09-18 13:40:57,193 DEBUG [c.c.a.m.ClusteredAgentManagerImpl] (qtp1390913202-47871:[ctx-90bdde62, ctx-9aa46af6]) (logid:ac4f0fba) Details from executing class com.cloud.agent.api.DeleteStoragePoolCommand: com.cloud.utils.exception.CloudRuntimeException: org.libvirt.LibvirtException: Requested operation is not valid: storage pool 'ds_test_01_vg' is not active\\n2026-09-18 13:40:57,193 DEBUG [o.a.c.s.d.l.CloudStackPrimaryDataStoreLifeCycleImpl] (qtp1390913202-47871:[ctx-90bdde62, ctx-9aa46af6]) (logid:ac4f0fba) Failed to delete storage pool: false\\n2026-09-18 13:40:57,193 DEBUG [c.c.a.m.ClusteredAgentManagerImpl] (qtp1390913202-47871:[ctx-90bdde62, ctx-9aa46af6]) (logid:ac4f0fba) Wait time setting on com.cloud.agent.api.DeleteStoragePoolCommand is 1800 seconds\\n2026-09-18 13:40:57,194 DEBUG [c.c.a.m.ClusteredAgentAttache] (qtp1390913202-47871:[ctx-90bdde62, ctx-9aa46af6]) (logid:ac4f0fba) Seq 61-4814910951612501578: Routed from 90520734213782\\n2026-09-18 13:40:57,194 DEBUG [c.c.a.t.Request] (qtp1390913202-47871:[ctx-90bdde62, ctx-9aa46af6]) (logid:ac4f0fba) Seq 29-4814910951612501578: Sending  { Cmd , MgmtId: 90520734213782, via: 29(esx0403), Ver: v1, Flags: 100011, [{\\\"com.cloud.agent.api.DeleteStoragePoolCommand\\\":{\\\"_pool\\\":{\\\"id\\\":\\\"74\\\",\\\"uuid\\\":\\\"0b35ce6c-7826-3188-b0bb-1150c455a5a3\\\",\\\"host\\\":\\\"localhost\\\",\\\"path\\\":\\\"ds_test_01_vg\\\",\\\"port\\\":\\\"0\\\",\\\"type\\\":\\\"CLVM_NG\\\"},\\\"_localPath\\\":\\\"/mnt//4df4b702-17ad-35ae-8003-1286a2ffb702\\\",\\\"_removeDatastore\\\":\\\"false\\\",\\\"wait\\\":\\\"0\\\",\\\"bypassHostMaintenance\\\":\\\"false\\\"}}] }\\n2026-09-18 13:40:57,237 DEBUG [c.c.a.t.Request] (qtp1390913202-47871:[ctx-90bdde62, ctx-9aa46af6]) (logid:ac4f0fba) Seq 29-4814910951612501578: Received:  { Ans: , MgmtId: 90520734213782, via: 29(esx0403), Ver: v1, Flags: 10, { Answer } }\\n2026-09-18 13:40:57,237 DEBUG [c.c.a.m.ClusteredAgentManagerImpl] (qtp1390913202-47871:[ctx-90bdde62, ctx-9aa46af6]) (logid:ac4f0fba) Details from executing class com.cloud.agent.api.DeleteStoragePoolCommand: com.cloud.utils.exception.CloudRuntimeException: org.libvirt.LibvirtException: Requested operation is not valid: storage pool 'ds_test_01_vg' is not active\\n2026-09-18 13:40:57,237 DEBUG [o.a.c.s.d.l.CloudStackPrimaryDataStoreLifeCycleImpl] (qtp1390913202-47871:[ctx-90bdde62, ctx-9aa46af6]) (logid:ac4f0fba) Failed to delete storage pool: false\\n2026-09-18 13:40:57,237 ERROR [c.c.a.ApiServer] (qtp1390913202-47871:[ctx-90bdde62, ctx-9aa46af6]) (logid:ac4f0fba) unhandled exception executing api command: [Ljava.lang.String;@112cb1cd com.cloud.utils.exception.CloudRuntimeException: Failed to delete storage pool on host\\n        at org.apache.cloudstack.storage.datastore.lifecycle.CloudStackPrimaryDataStoreLifeCycleImpl.deleteDataStore(CloudStackPrimaryDataStoreLifeCycleImpl.java:520)\\n        at com.cloud.storage.StorageManagerImpl.deleteDataStoreInternal(StorageManagerImpl.java:1808)\\n        at com.cloud.storage.StorageManagerImpl.deletePool(StorageManagerImpl.java:1711)\\n        at java.base/jdk.internal.reflect.NativeMethodAccessorImpl.invoke0(Native Method)\\n        at java.base/jdk.internal.reflect.NativeMethodAccessorImpl.invoke(NativeMethodAccessorImpl.java:77)\\n        at java.base/jdk.internal.reflect.DelegatingMethodAccessorImpl.invoke(DelegatingMethodAccessorImpl.java:43)\\n        at java.base/java.lang.reflect.Method.invoke(Method.java:569)\\n        at org.springframework.aop.support.AopUtils.invokeJoinpointUsingReflection(AopUtils.java:344)\\n        at org.springframework.aop.framework.ReflectiveMethodInvocation.invokeJoinpoint(ReflectiveMethodInvocation.java:198)\\n        at org.springframework.aop.framework.ReflectiveMethodInvocation.proceed(ReflectiveMethodInvocation.java:163)\\n        at org.springframework.aop.interceptor.ExposeInvocationInterceptor.invoke(ExposeInvocationInterceptor.java:97)\\n        at org.springframework.aop.framework.ReflectiveMethodInvocation.proceed(ReflectiveMethodInvocation.java:186)\\n        at org.springframework.aop.framework.JdkDynamicAopProxy.invoke(JdkDynamicAopProxy.java:215)\\n        at jdk.proxy3/jdk.proxy3.$Proxy140.deletePool(Unknown Source)\\n        at org.apache.cloudstack.api.command.admin.storage.DeletePoolCmd.execute(DeletePoolCmd.java:71)\\n        at com.cloud.api.ApiDispatcher.dispatch(ApiDispatcher.java:173)\\n        at com.cloud.api.ApiServer.queueCommand(ApiServer.java:820)\\n        at com.cloud.api.ApiServer.handleRequest(ApiServer.java:705)\\n        at com.cloud.api.ApiServlet.processRequestInContext(ApiServlet.java:414)\\n        at com.cloud.api.ApiServlet$1.run(ApiServlet.java:191)\\n        at org.apache.cloudstack.managed.context.impl.DefaultManagedContext$1.call(DefaultManagedContext.java:56)\\n        at org.apache.cloudstack.managed.context.impl.DefaultManagedContext.callWithContext(DefaultManagedContext.java:103)\\n        at org.apache.cloudstack.managed.context.impl.DefaultManagedContext.runWithContext(DefaultManagedContext.java:53)\\n        at com.cloud.api.ApiServlet.processRequest(ApiServlet.java:188)\\n        at com.cloud.api.ApiServlet.doPost(ApiServlet.java:147)\\n        at javax.servlet.http.HttpServlet.service(HttpServlet.java:665)\\n        at javax.servlet.http.HttpServlet.service(HttpServlet.java:750)\\n        at org.eclipse.jetty.servlet.ServletHolder$NotAsync.service(ServletHolder.java:1450)\\n        at org.eclipse.jetty.servlet.ServletHolder.handle(ServletHolder.java:799)\\n        at org.eclipse.jetty.servlet.ServletHandler.doHandle(ServletHandler.java:554)\\n        at org.eclipse.jetty.server.handler.ScopedHandler.handle(ScopedHandler.java:143)\\n        at org.eclipse.jetty.security.SecurityHandler.handle(SecurityHandler.java:600)\\n        at org.eclipse.jetty.server.handler.HandlerWrapper.handle(HandlerWrapper.java:127)\\n        at org.eclipse.jetty.server.handler.ScopedHandler.nextHandle(ScopedHandler.java:235)\\n        at org.eclipse.jetty.server.session.SessionHandler.doHandle(SessionHandler.java:1624)\\n        at org.eclipse.jetty.server.handler.ScopedHandler.nextHandle(ScopedHandler.java:233)\\n        at org.eclipse.jetty.server.handler.ContextHandler.doHandle(ContextHandler.java:1440)\\n        at org.eclipse.jetty.server.handler.ScopedHandler.nextScope(ScopedHandler.java:188)\\n        at org.eclipse.jetty.servlet.ServletHandler.doScope(ServletHandler.java:505)\\n        at org.eclipse.jetty.server.session.SessionHandler.doScope(SessionHandler.java:1594)\\n        at org.eclipse.jetty.server.handler.ScopedHandler.nextScope(ScopedHandler.java:186)\\n        at org.eclipse.jetty.server.handler.ContextHandler.doScope(ContextHandler.java:1355)\\n        at org.eclipse.jetty.server.handler.ScopedHandler.handle(ScopedHandler.java:141)\\n        at org.eclipse.jetty.server.handler.gzip.GzipHandler.handle(GzipHandler.java:772)\\n        at org.eclipse.jetty.server.handler.HandlerCollection.handle(HandlerCollection.java:146)\\n        at org.eclipse.jetty.server.handler.HandlerWrapper.handle(HandlerWrapper.java:127)\\n        at org.eclipse.jetty.server.Server.handle(Server.java:516)\\n        at org.eclipse.jetty.server.HttpChannel.lambda$handle$1(HttpChannel.java:487)\\n        at org.eclipse.jetty.server.HttpChannel.dispatch(HttpChannel.java:732)\\n        at org.eclipse.jetty.server.HttpChannel.handle(HttpChannel.java:479)\\n        at org.eclipse.jetty.server.HttpConnection.onFillable(HttpConnection.java:277)\\n        at org.eclipse.jetty.io.AbstractConnection$ReadCallback.succeeded(AbstractConnection.java:311)\\n        at org.eclipse.jetty.io.FillInterest.fillable(FillInterest.java:105)\\n        at org.eclipse.jetty.io.ChannelEndPoint$1.run(ChannelEndPoint.java:104)\\n        at org.eclipse.jetty.util.thread.strategy.EatWhatYouKill.runTask(EatWhatYouKill.java:338)\\n        at org.eclipse.jetty.util.thread.strategy.EatWhatYouKill.doProduce(EatWhatYouKill.java:315)\\n        at org.eclipse.jetty.util.thread.strategy.EatWhatYouKill.tryProduce(EatWhatYouKill.java:173)\\n        at org.eclipse.jetty.util.thread.strategy.EatWhatYouKill.run(EatWhatYouKill.java:131)\\n        at org.eclipse.jetty.util.thread.ReservedThreadExecutor$ReservedThread.run(ReservedThreadExecutor.java:409)\\n        at org.eclipse.jetty.util.thread.QueuedThreadPool.runJob(QueuedThreadPool.java:883)\\n        at org.eclipse.jetty.util.thread.QueuedThreadPool$Runner.run(QueuedThreadPool.java:1034)\\n        at java.base/java.lang.Thread.run(Thread.java:840)\\n2026-09-18 13:40:57,238 DEBUG [c.c.a.ApiServlet] (qtp1390913202-47871:[ctx-90bdde62, ctx-9aa46af6]) (logid:ac4f0fba) ===END===  108.145.117.211 -- POST\\ncommand=deleteStoragePool\\nresponse=json\\nid=0b35ce6c-7826-3188-b0bb-1150c455a5a3\\nforced=true\\nsessionkey=Ln4wx0lPZhcXCec2jVuN6FNC5Sk\\n2026-09-18 13:40:57,701 INFO  [c.c.c.ClusterManagerImpl] (Cluster-Heartbeat-1:[ctx-5d77e301]) (logid:c0016586) Found 1 inactive management server node based on timestamp\\n\\n```\\n\\n**Logs from agent:**\\n\\n```\\n2026-09-18 14:08:38,906 DEBUG [cloud.agent.Agent] (AgentRequest-Handler-5:[]) (logid:f7ddf00d) Request:Seq 21-5210101818914280260:  { Cmd , MgmtId: 90520734213782, via: 21, Ver: v1, Flags: 100011, [{\\\"com.cloud.agent.api.DeleteStoragePoolCommand\\\":{\\\"_pool\\\":{\\\"id\\\":\\\"74\\\",\\\"uuid\\\":\\\"0b35ce6c-7826-3188-b0bb-1150c455a5a3\\\",\\\"host\\\":\\\"localhost\\\",\\\"path\\\":\\\"ds_test_01_vg\\\",\\\"port\\\":\\\"0\\\",\\\"type\\\":\\\"CLVM_NG\\\"},\\\"_localPath\\\":\\\"/mnt//4df4b702-17ad-35ae-8003-1286a2ffb702\\\",\\\"_removeDatastore\\\":\\\"false\\\",\\\"wait\\\":\\\"0\\\",\\\"bypassHostMaintenance\\\":\\\"false\\\"}}] }\\n2026-09-18 14:08:38,906 DEBUG [cloud.agent.Agent] (AgentRequest-Handler-5:[]) (logid:f7ddf00d) Processing command: com.cloud.agent.api.DeleteStoragePoolCommand\\n2026-09-18 14:08:38,906 INFO  [kvm.storage.ClvmStorageAdaptor] (AgentRequest-Handler-5:[]) (logid:f7ddf00d) Attempting to remove storage pool 0b35ce6c-7826-3188-b0bb-1150c455a5a3 from libvirt\\n2026-09-18 14:08:38,906 DEBUG [kvm.resource.LibvirtConnection] (AgentRequest-Handler-5:[]) (logid:f7ddf00d) Looking for libvirtd connection at: qemu:///system\\n2026-09-18 14:08:38,907 INFO  [kvm.storage.ClvmStorageAdaptor] (AgentRequest-Handler-5:[]) (logid:f7ddf00d) Storage pool 0b35ce6c-7826-3188-b0bb-1150c455a5a3 has no corresponding secret. Not removing any secret.\\n```\\n\\n### versions\\n\\nACS 4.23\\nKVM hosts\\nCLVM_NG primary storage\\n\\n\",\"author_association\":\"NONE\",\"user\":{\"login\":\"mbertolina\",\"id\":11450387,\"node_id\":\"MDQ6VXNlcjExNDUwMzg3\",\"avatar_url\":\"https://avatars.githubusercontent.com/u/11450387?v=4\",\"html_url\":\"https://github.com/mbertolina\",\"gravatar_id\":\"\",\"type\":\"User\",\"site_admin\":false,\"url\":\"https://api.github.com/users/mbertolina\",\"events_url\":\"https://api.github.com/users/mbertolina/events{/privacy}\",\"following_url\":\"https://api.github.com/users/mbertolina/following{/other_user}\",\"followers_url\":\"https://api.github.com/users/mbertolina/followers\",\"gists_url\":\"https://api.github.com/users/mbertolina/gists{/gist_id}\",\"organizations_url\":\"https://api.github.com/users/mbertolina/orgs\",\"received_events_url\":\"https://api.github.com/users/mbertolina/received_events\",\"repos_url\":\"https://api.github.com/users/mbertolina/repos\",\"starred_url\":\"https://api.github.com/users/mbertolina/starred{/owner}{/repo}\",\"subscriptions_url\":\"https://api.github.com/users/mbertolina/subscriptions\"},\"labels\":[{\"id\":11243221368,\"url\":\"https://api.github.com/repos/apache/cloudstack/labels/bug\",\"name\":\"bug\",\"color\":\"ededed\",\"default\":true,\"node_id\":\"LA_kwDOAJTq2M8AAAACniXxeA\"}],\"comments\":0,\"created_at\":\"2026-09-18T15:07:20Z\",\"updated_at\":\"2026-09-18T15:11:50Z\",\"url\":\"https://api.github.com/repos/apache/cloudstack/issues/14204\",\"html_url\":\"https://github.com/apache/cloudstack/issues/14204\",\"comments_url\":\"https://api.github.com/repos/apache/cloudstack/issues/14204/comments\",\"events_url\":\"https://api.github.com/repos/apache/cloudstack/issues/14204/events\",\"labels_url\":\"https://api.github.com/repos/apache/cloudstack/issues/14204/labels{/name}\",\"repository_url\":\"https://api.github.com/repos/apache/cloudstack\",\"reactions\":{\"total_count\":0,\"+1\":0,\"-1\":0,\"laugh\":0,\"confused\":0,\"heart\":0,\"hooray\":0,\"rocket\":0,\"eyes\":0,\"url\":\"https://api.github.com/repos/apache/cloudstack/issues/14204/reactions\"},\"node_id\":\"I_kwDOAJTq2M8AAAABR-UUWQ\"},{\"id\":5495844873,\"number\":14197,\"state\":\"open\",\"locked\":false,\"title\":\"DNS auto-registration on shared networks fires on VM deploy and NIC attach, but not on start of an existing stopped VM\",\"body\":\"### problem\\n\\nThe DNS framework introduced in 4.23.0.0 (PR #12737) auto-registers VM DNS records on shared networks associated with a DNS zone. The registration hook fires when a VM is deployed and when a NIC is attached/detached, but does not fire when an existing stopped VM is simply started via startVirtualMachine — the record never gets created.\\n\\n### versions\\n\\n- Apache CloudStack 4.23.0.0 (upgraded from 4.22.1.1), KVM\\n- Shared network with zone associated via associateDnsZoneToNetwork\\n- PowerDNS auth 4.9 as provider (API integration)\\n\\n### The steps to reproduce the bug\\n\\n1. Associate a DNS zone with a shared network\\n2. Deploy a VM on it → record created (works)\\n3. Stop the VM, delete the resulting record\\n4. Start the VM with startVirtualMachine\\n5. No DNS record created; nic_dns_view.nic_dns_name stays NULL for that NIC\\n\\nNote: If there is an existing shared network with existing VM nics attached before the DNS framework was installed/configured for auto-registration, existing VM will also not auto register its IP, but new VM does.\\n\\n\\n### What to do about it?\\n\\nExpected\\nStarting an existing stopped VM on a network with an associated zone should register its A/AAAA record, same as fresh deploy.\\n\\nActual\\nNo record. VM starts fine, gets DHCP IP, DNS registration silently skipped.\\n\\nRoot cause (from source, 4.23.0.0)\\nThe subscriber in DnsProviderManagerImpl is wired to vm.lifecycle.state and handles case Running: handleVmCreateEvent(...) for any transition — intent is clearly to cover start of existing VMs. But the publisher UserVmManagerImpl.publishVmLifecycleMessageBus(...) is only called from the fresh-deploy path and the destroy path. A plain start of an existing Stopped VM never publishes, so the subscriber never fires.\\n\\nVerified workaround\\nNIC detach + re-attach fires NIC lifecycle events (handleNicPlug) and registers the record correctly — registration logic is healthy, only the start trigger is missing.\\n\\nAdditional observations\\n- Smoke test test_dns_framework_powerdns.py covers API CRUD only; zero coverage for VM auto-registration (any path) — which is why this ships unnoticed.\\n- Fix directions: publish VM_LIFECYCLE_STATE from the generic Stopped→Running transition, or subscribe to vm.powerstate.\",\"author_association\":\"CONTRIBUTOR\",\"user\":{\"login\":\"chunkyen\",\"id\":25654000,\"node_id\":\"MDQ6VXNlcjI1NjU0MDAw\",\"avatar_url\":\"https://avatars.githubusercontent.com/u/25654000?v=4\",\"html_url\":\"https://github.com/chunkyen\",\"gravatar_id\":\"\",\"type\":\"User\",\"site_admin\":false,\"url\":\"https://api.github.com/users/chunkyen\",\"events_url\":\"https://api.github.com/users/chunkyen/events{/privacy}\",\"following_url\":\"https://api.github.com/users/chunkyen/following{/other_user}\",\"followers_url\":\"https://api.github.com/users/chunkyen/followers\",\"gists_url\":\"https://api.github.com/users/chunkyen/gists{/gist_id}\",\"organizations_url\":\"https://api.github.com/users/chunkyen/orgs\",\"received_events_url\":\"https://api.github.com/users/chunkyen/received_events\",\"repos_url\":\"https://api.github.com/users/chunkyen/repos\",\"starred_url\":\"https://api.github.com/users/chunkyen/starred{/owner}{/repo}\",\"subscriptions_url\":\"https://api.github.com/users/chunkyen/subscriptions\"},\"labels\":[{\"id\":11243221368,\"url\":\"https://api.github.com/repos/apache/cloudstack/labels/bug\",\"name\":\"bug\",\"color\":\"ededed\",\"default\":true,\"node_id\":\"LA_kwDOAJTq2M8AAAACniXxeA\"}],\"comments\":0,\"created_at\":\"2026-09-18T04:59:45Z\",\"updated_at\":\"2026-09-20T01:34:18Z\",\"url\":\"https://api.github.com/repos/apache/cloudstack/issues/14197\",\"html_url\":\"https://github.com/apache/cloudstack/issues/14197\",\"comments_url\":\"https://api.github.com/repos/apache/cloudstack/issues/14197/comments\",\"events_url\":\"https://api.github.com/repos/apache/cloudstack/issues/14197/events\",\"labels_url\":\"https://api.github.com/repos/apache/cloudstack/issues/14197/labels{/name}\",\"repository_url\":\"https://api.github.com/repos/apache/cloudstack\",\"reactions\":{\"total_count\":0,\"+1\":0,\"-1\":0,\"laugh\":0,\"confused\":0,\"heart\":0,\"hooray\":0,\"rocket\":0,\"eyes\":0,\"url\":\"https://api.github.com/repos/apache/cloudstack/issues/14197/reactions\"},\"node_id\":\"I_kwDOAJTq2M8AAAABR5PwCQ\"},{\"id\":5486028667,\"number\":14191,\"state\":\"open\",\"locked\":false,\"title\":\"CKS: clusters never become Ready on default KVM guest CPU model — Calico binaries (3.32.2) require x86-64-v2, failure is undiscoverable\",\"body\":\"### problem\\n\\nA CKS cluster deployed on KVM hosts using CloudStack's **default guest CPU configuration** comes up with\\nevery node `NotReady` and no CNI. The cause is that the CNI's binaries refuse to execute on the CPU\\nCloudStack exposes to the guest, but nothing in CloudStack surfaces this — the only evidence is in the log\\nof an init container three levels down.\\n\\n### versions\\n\\n- ACS: 4.23 \\n- Hypervisor: KVM on Oracle Linux 8 , Ubuntu 24\\n- Kubernetes: v1.37.0\\n- CNI: Calico v3.32.2 (`quay.io/calico/cni:v3.32.2`, `quay.io/calico/node:v3.32.2`)\\n- Guest CPU: `guest.cpu.mode` unset in `/etc/cloudstack/agent/agent.properties` (CloudStack default)\\n\\n### The steps to reproduce the bug\\n\\n1. Build a CKS binaries ISO with Calico as the CNI**\\n\\n```bash\\n./create-kubernetes-binaries-iso.sh /var/www/html 1.37.0 1.9.1 1.37.0 \\\\\\n  https://raw.githubusercontent.com/projectcalico/calico/v3.32.2/manifests/calico.yaml \\\\\\n  0.45.0 setup-v1.37.0 amd64 3.7.0\\n```\\n\\n\\n\\n2. Register it and create a cluster\\n\\n```bash\\ncmk add kubernetessupportedversion name=cks-1.37.0 semanticversion=1.37.0 \\\\\\n  url=http://\\u003chost\\u003e/setup-v1.37.0-x86_64.iso zoneid=\\u003czone\\u003e mincpunumber=2 minmemory=2048\\n\\ncmk create kubernetescluster name=cks-test zoneid=\\u003czone\\u003e \\\\\\n  kubernetesversionid=\\u003cid\\u003e serviceofferingid=\\u003cso\\u003e size=1\\n```\\n\\n3. Confirm the guest CPU model is the default\\n\\nOn a KVM host, before deploying:\\n\\n```bash\\ngrep -n \\\"^guest.cpu\\\" /etc/cloudstack/agent/agent.properties    # expect: no output\\n```\\n\\n\\n\\nObserved on the cluster nodes:\\n\\n```\\n$ kubectl get nodes\\nNAME                            STATUS     ROLES           AGE     VERSION\\ntest-cks-control-1a0a9b3c3cb    NotReady   control-plane   5m38s   v1.37.0\\ntest-cks-node-1a0a9b420dc       NotReady   \\u003cnone\\u003e          5m27s   v1.37.0\\n\\n$ kubectl get pods -A\\nNAMESPACE     NAME                                      READY   STATUS       RESTARTS   AGE\\nkube-system   calico-kube-controllers-db57f7644-m6kln   0/1     Pending      0          6m49s\\nkube-system   calico-node-s8xs2                         0/1     Init:Error   6          6m45s\\nkube-system   calico-node-sqxp9                         0/1     Init:Error   6          6m49s\\nkube-system   coredns-559f6c778d-v8l2m                  0/1     Pending      0          6m50s\\nkube-system   coredns-559f6c778d-wdr4l                  0/1     Pending      0          6m50s\\nkube-system   headlamp-65978d54db-psb98                 0/1     Pending      0          6m48s\\nkube-system   kube-apiserver-test-cks-control-...       1/1     Running      0          6m56s\\nkube-system   kube-controller-manager-...               1/1     Running      0          6m56s\\nkube-system   kube-proxy-srbqg                          1/1     Running      0          6m45s\\nkube-system   kube-scheduler-...                        1/1     Running      0          6m56s\\n```\\n\\nThe control plane is healthy; only the CNI fails. Everything `Pending` is downstream of having no pod\\nnetwork.\\n\\nThe actual error is in the first init container of `calico-node`:\\n\\n```\\n$ kubectl -n kube-system logs calico-node-sqxp9 -c upgrade-ipam --previous\\nThis program can only be run on AMD64 processors with v2 microarchitecture support.\\n\\n\\n```\\n\\nThat message comes from the Go runtime's startup CPU check, emitted when a binary is compiled with\\n`GOAMD64=v2`. Calico v3.32's binaries are built for the **x86-64-v2** microarchitecture level, which\\nrequires `popcnt`, `sse3`, `ssse3`, `sse4_1`, `sse4_2`, `cmpxchg16b` and `lahf_lm`.\\n\\nCloudStack's KVM agent leaves the guest CPU model unset by default (`guest.cpu.mode` in\\n`agent.properties`, read at `LibvirtComputingResource.java:1441-1453`), so libvirt gives guests the generic\\n`qemu64` model, which is **x86-64-v1 only**. The binary starts, checks CPUID, and exits 1.\\n\\n\\nWorkaround \\n\\nConfirm the cause by fixing the CPU model\\n\\nOn each KVM host:\\n\\n```bash\\necho \\\"guest.cpu.mode=host-model\\\" \\u003e\\u003e /etc/cloudstack/agent/agent.properties\\nsystemctl restart cloudstack-agent\\n```\\n\\nRecreate the cluster (the CPU model is applied at VM start, so existing nodes keep the old one). The nodes\\nnow expose the v2 feature set and Calico starts normally:\\n\\n\\n\\n\\n\\n\\n\\n### What to do about it?\\n\\nThe workaround is `guest.cpu.mode=host-model` (or `host-passthrough`) on every KVM host, but CloudStack\\ngives operators no way to discover that from the symptom. Suggestions, roughly in order of value:\\n\\n1. **Document the requirement for CKS.** The CKS documentation should state that KVM hosts need a guest\\n   CPU model exposing x86-64-v2 (i.e. `guest.cpu.mode=host-model` or `host-passthrough`), because current\\n   CNI images require it. This alone would have saved the whole investigation.\\n\\n2. **Surface the guest CPU model in CloudStack.** `guest.cpu.mode` being per-host `agent.properties` with\\n   no global/cluster setting and no UI surface is the core usability problem: an admin cannot see or change\\n   what CPU their guests get without SSH-ing to every host. Exposing it as a host detail (alongside\\n   `Host.OS.Kernel.Version` etc., which are already reported) would make mismatched hosts visible.\\n\\n\\n3. CKS Code improvement for the api \\n\\nhttps://cloudstack.apache.org/api/apidocs-4.23/apis/createKubernetesCluster.html\\n\\n\\n**`extraconfig` cannot be used.** `createKubernetesCluster` exposes no `extraconfig` parameter; CKS\\ndeploys its nodes internally via `userVmService.createAdvancedVirtualMachine(...)`\\n(`KubernetesClusterResourceModifierActionWorker.java:439`) without one; and even if it did, the KVM\\nagent's `addExtraConfigComponent` (`LibvirtComputingResource.java:3468`) only *appends* raw XML to the\\ndomain via `vm.addComp(comp)`. Since CloudStack already emits a `\\u003ccpu\\u003e` element, a second one would be\\ninvalid domain XML rather than an override.\\n\\n**Service offering details do not reach the CPU definition either.** `HypervisorGuruBase` routes service\\noffering details into the extraConfig map (`addServiceOfferingExtraConfiguration`, line ~257), not into\\nthe VM details map, so they hit the same additive-XML limitation.\\n\\n**A per-VM detail *does* override it, but cannot be set at CKS deployment time.** The KVM agent honours a\\nVM detail ahead of the host-wide setting:\\n\\n```java\\n// LibvirtComputingResource.java:3310-3314\\nprivate CpuModeDef createCpuModeDef(VirtualMachineTO vmTO, int vcpus) {\\n    final CpuModeDef cmd = new CpuModeDef();\\n    String cpuMode  = details.get(VmDetailConstants.GUEST_CPU_MODE)  != null ? details.get(VmDetailConstants.GUEST_CPU_MODE)  : guestCpuMode;\\n    String cpuModel = details.get(VmDetailConstants.GUEST_CPU_MODEL) != null ? details.get(VmDetailConstants.GUEST_CPU_MODEL) : guestCpuModel;\\n```\\n\\n`VmDetailConstants.GUEST_CPU_MODE` is the string `\\\"guest.cpu.mode\\\"`, and the details map comes from\\n`vm_instance_details` (`HypervisorGuruBase.java:329`). So `updateVirtualMachine details[0].guest.cpu.mode=host-model`\\nfollowed by a stop/start does fix an individual node — but only *after* the VM exists, i.e. after cluster\\ncreation has already failed. There is no way to supply it up front.\\n\\n\\nThis suggests a small, concrete fix.** CKS already passes VM details through `customParameterMap` when\\ncreating nodes:\\n\\n```java\\n// KubernetesClusterResourceModifierActionWorker.java:408-413\\nMap\\u003cString, String\\u003e customParameterMap = new HashMap\\u003cString, String\\u003e();\\ncustomParameterMap.put(\\\"rootdisksize\\\", String.valueOf(rootDiskSize));\\ncustomParameterMap.put(VmDetailConstants.ROOT_DISK_CONTROLLER, \\\"scsi\\\");\\n```\\n\\nAdding `VmDetailConstants.GUEST_CPU_MODE` to that map — either unconditionally as a sensible default for\\nCKS nodes, or as an optional `createKubernetesCluster` parameter — would let operators deploy working CKS\\nclusters without touching `agent.properties` on every KVM host.\",\"author_association\":\"MEMBER\",\"user\":{\"login\":\"kiranchavala\",\"id\":1401014,\"node_id\":\"MDQ6VXNlcjE0MDEwMTQ=\",\"avatar_url\":\"https://avatars.githubusercontent.com/u/1401014?v=4\",\"html_url\":\"https://github.com/kiranchavala\",\"gravatar_id\":\"\",\"type\":\"User\",\"site_admin\":false,\"url\":\"https://api.github.com/users/kiranchavala\",\"events_url\":\"https://api.github.com/users/kiranchavala/events{/privacy}\",\"following_url\":\"https://api.github.com/users/kiranchavala/following{/other_user}\",\"followers_url\":\"https://api.github.com/users/kiranchavala/followers\",\"gists_url\":\"https://api.github.com/users/kiranchavala/gists{/gist_id}\",\"organizations_url\":\"https://api.github.com/users/kiranchavala/orgs\",\"received_events_url\":\"https://api.github.com/users/kiranchavala/received_events\",\"repos_url\":\"https://api.github.com/users/kiranchavala/repos\",\"starred_url\":\"https://api.github.com/users/kiranchavala/starred{/owner}{/repo}\",\"subscriptions_url\":\"https://api.github.com/users/kiranchavala/subscriptions\"},\"labels\":[{\"id\":1700119912,\"url\":\"https://api.github.com/repos/apache/cloudstack/labels/component:kubernetes\",\"name\":\"component:kubernetes\",\"color\":\"0db7ed\",\"description\":\"\",\"default\":false,\"node_id\":\"MDU6TGFiZWwxNzAwMTE5OTEy\"},{\"id\":11243221368,\"url\":\"https://api.github.com/repos/apache/cloudstack/labels/bug\",\"name\":\"bug\",\"color\":\"ededed\",\"default\":true,\"node_id\":\"LA_kwDOAJTq2M8AAAACniXxeA\"}],\"comments\":1,\"created_at\":\"2026-09-17T10:19:45Z\",\"updated_at\":\"2026-09-17T10:23:41Z\",\"url\":\"https://api.github.com/repos/apache/cloudstack/issues/14191\",\"html_url\":\"https://github.com/apache/cloudstack/issues/14191\",\"comments_url\":\"https://api.github.com/repos/apache/cloudstack/issues/14191/comments\",\"events_url\":\"https://api.github.com/repos/apache/cloudstack/issues/14191/events\",\"labels_url\":\"https://api.github.com/repos/apache/cloudstack/issues/14191/labels{/name}\",\"repository_url\":\"https://api.github.com/repos/apache/cloudstack\",\"reactions\":{\"total_count\":0,\"+1\":0,\"-1\":0,\"laugh\":0,\"confused\":0,\"heart\":0,\"hooray\":0,\"rocket\":0,\"eyes\":0,\"url\":\"https://api.github.com/repos/apache/cloudstack/issues/14191/reactions\"},\"node_id\":\"I_kwDOAJTq2M8AAAABRv4new\",\"type\":{\"id\":93570,\"node_id\":\"IT_kwDNuP_OAAFtgg\",\"name\":\"Bug\",\"description\":\"An unexpected problem or behavior\",\"color\":\"red\",\"created_at\":\"2024-01-25T09:11:09Z\",\"updated_at\":\"2024-07-26T10:04:57Z\"}},{\"id\":5480347369,\"number\":14186,\"state\":\"open\",\"locked\":false,\"title\":\"cloudstack-setup-databases doesn't parse password input properly\",\"body\":\"### problem\\n\\nWhile running cloudstack-setup-databases, if it is called with any password containing a $, the password gets truncated at the $ before being passed to EncryptionCLI, thus storing an incorrect encrypted password in db.properties.\\n\\n### versions\\n\\nThis was discovered while executing cloudstack-setup-databases on a clean install of 4.23.\\n\\n### The steps to reproduce the bug\\n\\n1. Call `cloudstack-setup-databases cloud:'pa$sword'@localhost --deploy-as=root:'pa$sword'`\\n2. Decrypt what was stored in db.properties and note the output is only `pa`:\\n```\\n# java -classpath /usr/share/cloudstack-common/lib/cloudstack-utils.jar com.cloud.utils.crypt.EncryptionCLI -d -i \\\"4dfIlH8M/ydVp+mYjIBr7S1plQDzsOzmKt2jAeGW\\\" -p \\\"password\\\"\\npa\\n```\\n\\n\\n### What to do about it?\\n\\nThis seems to be a parsing issue in cloudstack-setup-databases. The password is getting to the script correctly because it is able to us it in mysql with `mysqlCmds.append('--password=\\\\'%s\\\\''%kwargs['passwd'])` and this part of the script succeeds.\\n\\nBut then when it assembles the encrypt command to go to the CLI, it wraps that password in double quotes:\\n`cmd = ['java','-classpath','\\\"' + self.encryptionJarPath + '\\\"','com.cloud.utils.crypt.EncryptionCLI','-i','\\\"' + value + '\\\"', '-p', '\\\"' + self.mgmtsecretkey + '\\\"', self.encryptorVersion]`\\n\\nand then sends it through /bin/sh here (shell=True):\\n`subprocess.Popen(' '.join(cmds), shell=True, stdout=subprocess.PIPE, stderr=subprocess.PIPE)`\\n\\nIn doing so, sh will expand the variable $sword to nothing. I haven't tested, but presumably things like `\\\\`, `\\\"`, and `'` might also be a problem.\",\"author_association\":\"NONE\",\"user\":{\"login\":\"bhorvitz\",\"id\":86636093,\"node_id\":\"MDQ6VXNlcjg2NjM2MDkz\",\"avatar_url\":\"https://avatars.githubusercontent.com/u/86636093?v=4\",\"html_url\":\"https://github.com/bhorvitz\",\"gravatar_id\":\"\",\"type\":\"User\",\"site_admin\":false,\"url\":\"https://api.github.com/users/bhorvitz\",\"events_url\":\"https://api.github.com/users/bhorvitz/events{/privacy}\",\"following_url\":\"https://api.github.com/users/bhorvitz/following{/other_user}\",\"followers_url\":\"https://api.github.com/users/bhorvitz/followers\",\"gists_url\":\"https://api.github.com/users/bhorvitz/gists{/gist_id}\",\"organizations_url\":\"https://api.github.com/users/bhorvitz/orgs\",\"received_events_url\":\"https://api.github.com/users/bhorvitz/received_events\",\"repos_url\":\"https://api.github.com/users/bhorvitz/repos\",\"starred_url\":\"https://api.github.com/users/bhorvitz/starred{/owner}{/repo}\",\"subscriptions_url\":\"https://api.github.com/users/bhorvitz/subscriptions\"},\"labels\":[{\"id\":11243221368,\"url\":\"https://api.github.com/repos/apache/cloudstack/labels/bug\",\"name\":\"bug\",\"color\":\"ededed\",\"default\":true,\"node_id\":\"LA_kwDOAJTq2M8AAAACniXxeA\"}],\"comments\":1,\"created_at\":\"2026-09-16T21:54:49Z\",\"updated_at\":\"2026-09-23T09:35:18Z\",\"url\":\"https://api.github.com/repos/apache/cloudstack/issues/14186\",\"html_url\":\"https://github.com/apache/cloudstack/issues/14186\",\"comments_url\":\"https://api.github.com/repos/apache/cloudstack/issues/14186/comments\",\"events_url\":\"https://api.github.com/repos/apache/cloudstack/issues/14186/events\",\"labels_url\":\"https://api.github.com/repos/apache/cloudstack/issues/14186/labels{/name}\",\"repository_url\":\"https://api.github.com/repos/apache/cloudstack\",\"reactions\":{\"total_count\":0,\"+1\":0,\"-1\":0,\"laugh\":0,\"confused\":0,\"heart\":0,\"hooray\":0,\"rocket\":0,\"eyes\":0,\"url\":\"https://api.github.com/repos/apache/cloudstack/issues/14186/reactions\"},\"node_id\":\"I_kwDOAJTq2M8AAAABRqd26Q\"},{\"id\":5477160899,\"number\":14185,\"state\":\"open\",\"locked\":false,\"title\":\"Autoscale: infinite scale-up when VMs fail to START (Stopped) — #11244 guard only counts Error state\",\"body\":\"##### ISSUE TYPE\\n\\n * Bug Report\\n\\n##### COMPONENT NAME\\n\\n~~~\\nVM Autoscale Feature\\n~~~\\n\\n##### CLOUDSTACK VERSION\\n\\n~~~\\n4.22.0.0 (observed)\\nAlso present in 4.22.1.0, 4.23.0.0 and main (verified by source inspection)\\n~~~\\n\\n##### CONFIGURATION\\n\\nAdvanced zone, KVM, Ceph/RBD-only primary storage. One AutoScale VM group\\n(`min_members=1`, `max_members=2`, `interval=30`) on an isolated network with a\\n/24 guest CIDR.\\n\\n##### OS / ENVIRONMENT\\n\\nLinux (Debian 12), KVM hosts.\\n\\n##### SUMMARY\\n\\nThe infinite-autoscaling guard added in #11244 (fixing #9318) only counts\\ninstances in `State.Error`. When scale-up VMs fail to **start** — as opposed to\\nfailing to be **created** — they land in `State.Stopped`, not `State.Error`. The\\nguard therefore never trips, and the group scales up on every interval\\nindefinitely.\\n\\nIn our incident this produced **2,296 VMs from a group whose `max_members` is 2**,\\nover roughly 21 hours, until the guest subnet was exhausted.\\n\\nTwo independent counters are involved and both exclude `Stopped`:\\n\\n1. `AutoScaleVmGroupVmMapDaoImpl.getErroredInstanceCount()` — the #11244 guard —\\n   counts `State.Error` only:\\n\\n```java\\npublic int getErroredInstanceCount(long vmGroupId) {\\n    SearchCriteria\\u003cInteger\\u003e sc = CountBy.create();\\n    sc.setParameters(\\\"vmGroupId\\\", vmGroupId);\\n    sc.setJoinParameters(\\\"vmSearch\\\", \\\"states\\\", State.Error);   // Stopped not counted\\n    ...\\n}\\n```\\n\\n2. `AutoScaleVmGroupVmMapDaoImpl.countAvailableVmsByGroup()` — used by every\\n   scaling decision in `AutoScaleManagerImpl` (`checkConditionUp`,\\n   `checkConditionDown`, `checkAutoScaleVmGroup`, and the group-state handlers) —\\n   counts only `Starting`, `Running`, `Stopping`, `Migrating`:\\n\\n```java\\nsc.setJoinParameters(\\\"vmSearch\\\", \\\"states\\\",\\n        State.Starting, State.Running, State.Stopping, State.Migrating);  // Stopped not counted\\n```\\n\\nSo with N leaked `Stopped` members, `currentVM == 0`:\\n\\n* `checkAutoScaleVmGroup`: `if (currentVM \\u003c minMembers)` -\\u003e `0 \\u003c 1` -\\u003e scale up, every interval\\n* `checkAutoScaleVmGroup`: `if (currentVM \\u003e maxMembers)` -\\u003e `0 \\u003e 2` -\\u003e scale-down never fires\\n* `checkConditionDown`: `if (currentVM - 1 \\u003c minVm)` -\\u003e `-1 \\u003c 1` -\\u003e scale-down additionally blocked\\n* `checkConditionUp`: errored-instance guard -\\u003e `0 \\u003e 10` false -\\u003e guard never trips\\n\\nA third defect prevents the failed VM from being cleaned up, which is what allows\\nthe leak to accumulate in the first place. `doScaleUp` persists the group map row\\n*before* attempting the start, and its cleanup is guarded on `ServerApiException`:\\n\\n```java\\n// AutoScaleManagerImpl.doScaleUp\\nautoScaleVmGroupVmMapDao.persist(groupVmMapVO);   // persisted BEFORE the start attempt\\ntry {\\n    startNewVM(vm.getId());\\n    ...\\n} catch (ServerApiException e) {\\n    ...\\n    destroyVm(vm.getId());      // never reached, see below\\n    break;\\n}\\n```\\n\\n`startNewVM` does convert `InsufficientCapacityException` into `ServerApiException`,\\nbut it never sees that exception, because `VirtualMachineManagerImpl.start()`\\nhas already wrapped it into an unchecked `CloudRuntimeException`:\\n\\n```java\\ntry {\\n    advanceStart(vmUuid, params, planToDeploy, planner);\\n} catch (ConcurrentOperationException | InsufficientCapacityException e) {\\n    throw new CloudRuntimeException(String.format(\\\"Unable to start a VM [%s] due to [%s].\\\", vmUuid, e.getMessage()), e);\\n}\\n```\\n\\n`CloudRuntimeException` matches none of `startNewVM`'s typed catches and is not a\\n`ServerApiException`, so it propagates past `doScaleUp`'s handler to\\n`AutoScaleManagerImpl$MonitorTask`, and `destroyVm()` is never called. The\\nobserved log line is exactly this:\\n\\n```\\nWARN  [c.c.n.a.A.MonitorTask] Caught the following exception on monitoring AutoScale Vm Group\\n      com.cloud.utils.exception.CloudRuntimeException: Unable to start a VM [...]\\n```\\n\\nNote that PR #9574 (\\\"Prevent infinite retries of autoscaling\\\"), which proposed a\\none-line change to `AutoScaleVmGroupVmMapDaoImpl`, was closed unmerged; the merged\\n#11244 took the threshold approach instead, which is what leaves this variant\\nuncovered.\\n\\n##### STEPS TO REPRODUCE\\n\\n1. Create an AutoScale VM group (`min_members=1`, `max_members=2`, short interval).\\n2. Let it stabilise at 1 running VM.\\n3. Break VM **start** (not creation) in a way that returns an\\n   `InsufficientCapacityException` or `ResourceUnavailableException` from\\n   `advanceStart`.\\n\\n   The trigger we actually hit was the group network's Virtual Router becoming\\n   unreachable, so `VirtualRouterElement.applyDhcpEntries` failed with:\\n   `ResourceUnavailableException: Resource [DataCenter:1] is unreachable: Unable to apply dhcp entry on router`.\\n   That was an observed failure rather than a deliberate test, so I have not\\n   confirmed that stopping the VR is a minimal reproducer — any start-path failure\\n   that surfaces as `CloudRuntimeException` out of `VirtualMachineManagerImpl.start()`\\n   should exhibit the same leak.\\n4. Observe: one new VM per interval, each landing in `Stopped`, each retaining its\\n   `autoscale_vmgroup_vm_map` row, indefinitely.\\n\\n##### EXPECTED RESULTS\\n\\nScale-up stops after a bounded number of consecutive failed starts, and/or failed\\ninstances are cleaned up, and/or `Stopped` members count toward `max_members`.\\n\\n##### ACTUAL RESULTS\\n\\nUnbounded VM creation. In our case, one VM per 30s for ~21 hours:\\n\\n* 2,043 VMs in `Error` (created after the guest subnet was exhausted — these fail\\n  at IP allocation, before a NIC is assigned)\\n* 253 VMs in `Stopped`, each holding a NIC and therefore a guest IP\\n* The /24 guest network reached 254/254 NICs and all subsequent VM deployments —\\n  including unrelated, non-autoscale ones — failed with\\n  `InsufficientVirtualNetworkCapacityException: Unable to acquire Guest IP address`\\n\\n`autoscale.errored.instance.threshold` was at its default of 10 throughout, and\\n`getErroredInstanceCount()` returned 0 the entire time, because none of the leaked\\ninstances were in `Error` — they were in `Stopped`.\\n\\n##### SUGGESTED FIX\\n\\nAny one of these would break the loop; the first two seem most direct:\\n\\n1. Include `State.Stopped` in `getErroredInstanceCount()` (or add a separate\\n   \\\"failed instance\\\" counter covering both `Error` and `Stopped`).\\n2. Broaden `doScaleUp`'s catch from `ServerApiException` to also handle\\n   `CloudRuntimeException`, so `destroyVm()` runs and the member is not leaked.\\n3. Count `Stopped` members in `countAvailableVmsByGroup()` so that leaked members\\n   contribute to `max_members` and become eligible for scale-down.\\n\",\"author_association\":\"NONE\",\"user\":{\"login\":\"VishnuVuggepalli\",\"id\":55404692,\"node_id\":\"MDQ6VXNlcjU1NDA0Njky\",\"avatar_url\":\"https://avatars.githubusercontent.com/u/55404692?v=4\",\"html_url\":\"https://github.com/VishnuVuggepalli\",\"gravatar_id\":\"\",\"type\":\"User\",\"site_admin\":false,\"url\":\"https://api.github.com/users/VishnuVuggepalli\",\"events_url\":\"https://api.github.com/users/VishnuVuggepalli/events{/privacy}\",\"following_url\":\"https://api.github.com/users/VishnuVuggepalli/following{/other_user}\",\"followers_url\":\"https://api.github.com/users/VishnuVuggepalli/followers\",\"gists_url\":\"https://api.github.com/users/VishnuVuggepalli/gists{/gist_id}\",\"organizations_url\":\"https://api.github.com/users/VishnuVuggepalli/orgs\",\"received_events_url\":\"https://api.github.com/users/VishnuVuggepalli/received_events\",\"repos_url\":\"https://api.github.com/users/VishnuVuggepalli/repos\",\"starred_url\":\"https://api.github.com/users/VishnuVuggepalli/starred{/owner}{/repo}\",\"subscriptions_url\":\"https://api.github.com/users/VishnuVuggepalli/subscriptions\"},\"labels\":[{\"id\":37843364,\"url\":\"https://api.github.com/repos/apache/cloudstack/labels/type:bug\",\"name\":\"type:bug\",\"color\":\"fc2929\",\"description\":\"\",\"default\":false,\"node_id\":\"MDU6TGFiZWwzNzg0MzM2NA==\"},{\"id\":584073134,\"url\":\"https://api.github.com/repos/apache/cloudstack/labels/component:management-server\",\"name\":\"component:management-server\",\"color\":\"0e8a16\",\"description\":\"\",\"default\":false,\"node_id\":\"MDU6TGFiZWw1ODQwNzMxMzQ=\"},{\"id\":1663969521,\"url\":\"https://api.github.com/repos/apache/cloudstack/labels/Severity:Major\",\"name\":\"Severity:Major\",\"color\":\"903636\",\"description\":\"\",\"default\":false,\"node_id\":\"MDU6TGFiZWwxNjYzOTY5NTIx\"}],\"comments\":1,\"created_at\":\"2026-09-16T16:26:49Z\",\"updated_at\":\"2026-09-17T13:36:02Z\",\"url\":\"https://api.github.com/repos/apache/cloudstack/issues/14185\",\"html_url\":\"https://github.com/apache/cloudstack/issues/14185\",\"comments_url\":\"https://api.github.com/repos/apache/cloudstack/issues/14185/comments\",\"events_url\":\"https://api.github.com/repos/apache/cloudstack/issues/14185/events\",\"labels_url\":\"https://api.github.com/repos/apache/cloudstack/issues/14185/labels{/name}\",\"repository_url\":\"https://api.github.com/repos/apache/cloudstack\",\"reactions\":{\"total_count\":0,\"+1\":0,\"-1\":0,\"laugh\":0,\"confused\":0,\"heart\":0,\"hooray\":0,\"rocket\":0,\"eyes\":0,\"url\":\"https://api.github.com/repos/apache/cloudstack/issues/14185/reactions\"},\"node_id\":\"I_kwDOAJTq2M8AAAABRnbXww\"},{\"id\":5474551181,\"number\":14184,\"state\":\"open\",\"locked\":false,\"title\":\"VPC VR: static-NAT SNAT rule can precede the site-to-site VPN NAT exemption, so a static-NAT VM's VPN traffic leaves with its public IP\",\"body\":\"### problem\\n\\nOn a VPC virtual router, the per-VM static-NAT rule\\n\\n```\\n-A POSTROUTING -o \\u003cpublic dev\\u003e -s \\u003cvm\\u003e/32 -j SNAT --to-source \\u003cpublic ip\\u003e\\n```\\n\\nand the site-to-site VPN NAT exemption\\n\\n```\\n-A POSTROUTING -o \\u003cpublic dev\\u003e -m mark --mark 0x525 -j ACCEPT\\n```\\n\\nare both inserted at the front of the `nat` `POSTROUTING` chain, and whichever is created later ends up first. When static NAT is enabled on a VM **after** a site-to-site VPN connection already exists, the SNAT rule precedes the exemption and every packet that VM sends into the tunnel carries its **public** address instead of its private one. The remote side sees traffic from the public IP, its rules for the VPC's guest CIDR do not match, and that VM cannot reach the remote network while VMs without static NAT can. Nothing in the API or UI indicates a problem: the connection stays `Connected`.\\n\\nWhere the other end of the tunnel is does not matter (another VPC, another zone, another cloud, a customer gateway); the translation happens on the local VPC router before encryption.\\n\\n**Observed:**\\n\\n- Ping and TCP/22 from the static-NAT VM (A) to a VM behind the peer (B) fail. B's kernel receives no echo requests (`/proc/net/snmp` `InEchos` does not move).\\n- Temporarily allowing all ingress on B's tier makes the traffic arrive, and a listener on B reports the connection from A's static-NAT **public** address, not from the VPC's guest CIDR.\\n- Traffic initiated by B toward A is not affected (connection tracking keeps the reply un-translated), so the failure is one-directional and only for the VM with static NAT.\\n- The order of operations decides the outcome. Measured on the same setup:\\n  - static NAT enabled on A **before** the VPN gateway, customer gateway and connection are created: traffic crosses with private addresses;\\n  - static NAT disabled and re-enabled **after** the connection exists: ICMP and TCP/22 from A both fail;\\n  - the connection deleted and recreated with static NAT left in place: traffic crosses again.\\n- Replacing the static NAT with a port-forwarding rule also avoids it, since port forwarding only source-translates hairpin traffic to the VM's own public IP.\\n\\n**Analysis (4.22.1.1 sources):**\\n\\n- `systemvm/debian/opt/cloud/bin/configure.py`, `CsForwardingRules.processStaticNatRule`, lines 1559-1560 (4.23.0.0: line 1685):\\n  `[\\\"nat\\\", \\\"front\\\", \\\"-A POSTROUTING -o %s -s %s/32 -j SNAT --to-source %s\\\"]`\\n- `configure.py`, `CsSite2SiteVpn.configure_iptables`, line 1059 (4.23.0.0: line 1184):\\n  `[\\\"nat\\\", \\\"front\\\", \\\"-A POSTROUTING -t nat -o %s -m mark --mark 0x525 -j ACCEPT\\\"]`\\n- `systemvm/debian/opt/cloud/bin/cs/CsNetfilter.py`, lines 164-176: `front` becomes `iptables -I \\u003cchain\\u003e \\u003crule\\u003e` (insert at position 1), and a rule that already exists is skipped (`has_rule`).\\n\\nSo on a fresh apply the databags are processed `forwardingrules` first and `site2sitevpn` second (`configure.py` lines 1591-1595), the exemption is inserted last and lands on top, and everything works. On an incremental apply only the new rule is inserted: enabling static NAT after the connection exists puts the SNAT rule at position 1 above the existing exemption, so the VM's VPN-bound packets are translated before the exemption can match them. The order then persists until the connection is deleted and recreated (measured) or the router is rebuilt (expected from the fresh-apply order).\\n\\nThe VPN mark itself is set correctly (`mangle FORWARD -s \\u003cvpc cidr\\u003e -d \\u003cpeer cidr\\u003e -j MARK --set-xmark 0x525`), so the exemption matches whenever it is reached. The VPC-wide source-NAT rule is appended rather than front-inserted and is not affected; only per-VM static NAT is.\\n\\n### versions\\n\\n- Apache CloudStack 4.22.1.1, KVM, advanced zone, VPC with \\\"Default VPC offering\\\" (NAT mode, VPC virtual router), `DefaultIsolatedNetworkOfferingForVpcNetworks` tiers, IKEv2 site-to-site connections between two VPC virtual routers.\\n- The same rules and insertion logic are present in 4.23.0.0 (line numbers above).\\n\\n### The steps to reproduce the bug\\n\\n1. Two VPCs in one zone with non-overlapping CIDRs, e.g. `10.90.0.0/22` (A) and `10.91.0.0/22` (B), one tier each, one VM each. Tier ACLs on both sides allow ICMP and TCP/22 from the peer VPC CIDR. (A second VPC is only the simplest peer; any site-to-site endpoint reproduces it.)\\n2. `createVpnGateway` on each VPC, a `createVpnCustomerGateway` on each side describing the other (peer gateway IP, peer VPC CIDR, IKEv2), and `createVpnConnection` on each side. Send traffic once; both connections reach `Connected`.\\n3. `associateIpAddress` on VPC A and `enableStaticNat` it to VM A.\\n4. From VM A, ping VM B's private address and open TCP/22 to it.\\n\\nExpected: traffic between VM A and VM B crosses the tunnel with private source and destination addresses, as it does for a VM without static NAT. Static NAT should apply to internet-bound traffic only.\\n\\nActual: both fail; with the peer tier temporarily open, VM B sees the connection arriving from VM A's public address.\\n\\n### What to do about it?\\n\\nMake the static-NAT rule itself skip VPN-marked traffic, so chain order stops mattering:\\n\\n```\\n-A POSTROUTING -o \\u003cdev\\u003e -s \\u003cvm\\u003e/32 -m mark ! --mark 0x525 -j SNAT --to-source \\u003cpublic ip\\u003e\\n```\\n\\nAlternatives: re-assert the VPN exemption at position 1 whenever forwarding rules are (re)applied, or stop inserting the per-VM SNAT rule at the front. The first option is the smallest change, and it matches what a Neutron router does for floating IPs, which are exempted from source translation by an IPsec policy match.\\n\\nRemote-access VPN was not checked.\\n\",\"author_association\":\"NONE\",\"user\":{\"login\":\"skorchir\",\"id\":88570458,\"node_id\":\"MDQ6VXNlcjg4NTcwNDU4\",\"avatar_url\":\"https://avatars.githubusercontent.com/u/88570458?v=4\",\"html_url\":\"https://github.com/skorchir\",\"gravatar_id\":\"\",\"type\":\"User\",\"site_admin\":false,\"url\":\"https://api.github.com/users/skorchir\",\"events_url\":\"https://api.github.com/users/skorchir/events{/privacy}\",\"following_url\":\"https://api.github.com/users/skorchir/following{/other_user}\",\"followers_url\":\"https://api.github.com/users/skorchir/followers\",\"gists_url\":\"https://api.github.com/users/skorchir/gists{/gist_id}\",\"organizations_url\":\"https://api.github.com/users/skorchir/orgs\",\"received_events_url\":\"https://api.github.com/users/skorchir/received_events\",\"repos_url\":\"https://api.github.com/users/skorchir/repos\",\"starred_url\":\"https://api.github.com/users/skorchir/starred{/owner}{/repo}\",\"subscriptions_url\":\"https://api.github.com/users/skorchir/subscriptions\"},\"labels\":[{\"id\":37843364,\"url\":\"https://api.github.com/repos/apache/cloudstack/labels/type:bug\",\"name\":\"type:bug\",\"color\":\"fc2929\",\"description\":\"\",\"default\":false,\"node_id\":\"MDU6TGFiZWwzNzg0MzM2NA==\"},{\"id\":584073391,\"url\":\"https://api.github.com/repos/apache/cloudstack/labels/component:virtual-router\",\"name\":\"component:virtual-router\",\"color\":\"ffaaeb\",\"description\":\"\",\"default\":false,\"node_id\":\"MDU6TGFiZWw1ODQwNzMzOTE=\"},{\"id\":592559219,\"url\":\"https://api.github.com/repos/apache/cloudstack/labels/component:networking\",\"name\":\"component:networking\",\"color\":\"f9d0c4\",\"description\":\"\",\"default\":false,\"node_id\":\"MDU6TGFiZWw1OTI1NTkyMTk=\"},{\"id\":1663969521,\"url\":\"https://api.github.com/repos/apache/cloudstack/labels/Severity:Major\",\"name\":\"Severity:Major\",\"color\":\"903636\",\"description\":\"\",\"default\":false,\"node_id\":\"MDU6TGFiZWwxNjYzOTY5NTIx\"}],\"comments\":1,\"created_at\":\"2026-09-16T12:32:13Z\",\"updated_at\":\"2026-09-16T13:56:11Z\",\"url\":\"https://api.github.com/repos/apache/cloudstack/issues/14184\",\"html_url\":\"https://github.com/apache/cloudstack/issues/14184\",\"comments_url\":\"https://api.github.com/repos/apache/cloudstack/issues/14184/comments\",\"events_url\":\"https://api.github.com/repos/apache/cloudstack/issues/14184/events\",\"labels_url\":\"https://api.github.com/repos/apache/cloudstack/issues/14184/labels{/name}\",\"repository_url\":\"https://api.github.com/repos/apache/cloudstack\",\"reactions\":{\"total_count\":0,\"+1\":0,\"-1\":0,\"laugh\":0,\"confused\":0,\"heart\":0,\"hooray\":0,\"rocket\":0,\"eyes\":0,\"url\":\"https://api.github.com/repos/apache/cloudstack/issues/14184/reactions\"},\"node_id\":\"I_kwDOAJTq2M8AAAABRk8FjQ\"},{\"id\":5473949009,\"number\":14181,\"state\":\"open\",\"locked\":false,\"title\":\"CKS: kubeadm config still uses `kubeadm.k8s.io/v1beta3` — external-etcd clusters break on Kubernetes 1.37+\",\"body\":\"### problem\\n\\nCKS writes a kubeadm configuration file into the control node's cloud-init, pinned to the `v1beta3` API:\\n\\n```yaml\\n# plugins/integrations/kubernetes-service/src/main/resources/conf/k8s-control-node.yml:245\\n  - path: /etc/kubernetes/kubeadm-config.yaml\\n    ...\\n      apiVersion: kubeadm.k8s.io/v1beta3   # :249  (ClusterConfiguration)\\n      ...\\n      apiVersion: kubeadm.k8s.io/v1beta3   # :260  (InitConfiguration)\\n```\\n\\n`kubeadm.k8s.io/v1beta3` was deprecated when `v1beta4` was introduced in Kubernetes 1.31, with support to be \\\"removed after a minimum of 3 Kubernetes minor releases\\\"\\n([Kubernetes v1.31: kubeadm v1beta4](https://kubernetes.io/blog/2024/08/23/kubernetes-1-31-kubeadm-v1beta4/)).\\nIt has since been reported removed as of Kubernetes 1.37\\n([kubernetes-sigs/image-builder#2151](https://github.com/kubernetes-sigs/image-builder/issues/2151)).\\n\\nOnce removed, `kubeadm init --config` rejects the file and cluster creation fails.\\n\\n**Scope — this affects external-etcd clusters only.** That config file is passed to kubeadm on exactly one path:\\n\\n```bash\\n# k8s-control-node.yml:299-303\\nif [[ ${EXTERNAL_ETCD_NODES} == true ]]; then\\n  kubeadm init --config /etc/kubernetes/kubeadm-config.yaml --upload-certs\\nelse\\n  kubeadm init --token {{ ... }} --token-ttl 0 {{ k8s_control_node.cluster.initargs }} --cri-socket /run/containerd/containerd.sock\\nfi\\n```\\n\\nSo:\\n\\n| Path | Uses kubeadm config file? | Affected on 1.37+ |\\n|---|---|---|\\n| Control node, external etcd (`:300`) | yes | **yes** |\\n| Control node, stacked etcd (`:302`) | no — flags only | no |\\n| Additional control plane join (`k8s-control-node-add.yml:239`) | no — flags only | no |\\n| Worker join (`k8s-node.yml:254`) | no — flags only | no |\\n\\n`grep -rn \\\"kubeadm.k8s.io/v1beta\\\" plugins/ systemvm/` returns only those two lines in the whole tree, so the fix is narrowly scoped.\\n\\nCompounding this: CKS enforces no **maximum** supported Kubernetes version. `addKubernetesSupportedVersion` will happily accept 1.37.x, and the failure only surfaces part-way through cluster creation on the control node, which makes it hard to diagnose\\n\\n### versions\\n\\n- Affects `main`, `4.20`, `4.21`, `4.22` — the templated `v1beta3` is identical on all of them.\\n- Triggered by Kubernetes \\u003e= 1.37 (the release reported to have removed `v1beta3`).\\n\\n### The steps to reproduce the bug\\n\\n\\n1. Build a CKS binaries ISO for Kubernetes 1.37.x (`scripts/util/create-kubernetes-binaries-iso.sh`).\\n2. Register it: `addKubernetesSupportedVersion semanticversion=1.37.0 url=...`\\n3. Create a Kubernetes cluster **with external etcd nodes** (`etcdnodes=1` or more), which selects the\\n   `kubeadm init --config` path.\\n4. On the control node, `kubeadm init` fails because `/etc/kubernetes/kubeadm-config.yaml` declares a\\n   config API version that kubeadm no longer recognises. Cluster creation does not complete.\\n\\nA cluster on the same version **without** external etcd should succeed, since that path passes flags only —\\nwhich is a useful way to confirm the diagnosis.\\n\\n\\nlogs \\n\\n```\\nroot@test-cks-etcd-control-1a0a97ce958:/opt/bin# ./deploy-kube-system status\\nerror: your configuration file uses an old API spec: \\\"kubeadm.k8s.io/v1beta3\\\" (kind: \\\"ClusterConfiguration\\\"). Please use kubeadm v1.36 instead and run 'kubeadm config migrate --old-config old-config-file --new-config new-config-file', which will write the new, similar spec using a newer API version.\\nTo see the stack trace of this error execute with --v=5 or higher\\nerror: your configuration file uses an old API spec: \\\"kubeadm.k8s.io/v1beta3\\\" (kind: \\\"ClusterConfiguration\\\"). Please use kubeadm v1.36 instead and run 'kubeadm config migrate --old-config old-config-file --new-config new-config-file', which will write the new, similar spec using a newer API version.\\nTo see the stack trace of this error execute with --v=5 or higher\\nerror: your configuration file uses an old API spec: \\\"kubeadm.k8s.io/v1beta3\\\" (kind: \\\"ClusterConfiguration\\\"). Please use kubeadm v1.36 instead and run 'kubeadm config migrate --old-config old-config-file --new-config new-config-file', which will write the new, similar spec using a newer API version.\\nTo see the stack trace of this error execute with --v=5 or higher\\nError: kubeadm init failed!\\n\\n```\\n\\n### What to do about it?\\n\\nMigrate the template to `kubeadm.k8s.io/v1beta4` — but **not unconditionally**. `v1beta4` requires\\nkubeadm \\u003e= 1.31, and CKS still supports much older Kubernetes versions (there are comparisons against\\n`1.15.0` and `1.16.0` in `KubernetesClusterUpgradeWorker.java:75` and\\n`KubernetesClusterService.MIN_KUBERNETES_VERSION_HA_SUPPORT`), with versions registered by the operator.\\nA straight bump would break clusters on anything below 1.31.\",\"author_association\":\"MEMBER\",\"user\":{\"login\":\"kiranchavala\",\"id\":1401014,\"node_id\":\"MDQ6VXNlcjE0MDEwMTQ=\",\"avatar_url\":\"https://avatars.githubusercontent.com/u/1401014?v=4\",\"html_url\":\"https://github.com/kiranchavala\",\"gravatar_id\":\"\",\"type\":\"User\",\"site_admin\":false,\"url\":\"https://api.github.com/users/kiranchavala\",\"events_url\":\"https://api.github.com/users/kiranchavala/events{/privacy}\",\"following_url\":\"https://api.github.com/users/kiranchavala/following{/other_user}\",\"followers_url\":\"https://api.github.com/users/kiranchavala/followers\",\"gists_url\":\"https://api.github.com/users/kiranchavala/gists{/gist_id}\",\"organizations_url\":\"https://api.github.com/users/kiranchavala/orgs\",\"received_events_url\":\"https://api.github.com/users/kiranchavala/received_events\",\"repos_url\":\"https://api.github.com/users/kiranchavala/repos\",\"starred_url\":\"https://api.github.com/users/kiranchavala/starred{/owner}{/repo}\",\"subscriptions_url\":\"https://api.github.com/users/kiranchavala/subscriptions\"},\"labels\":[{\"id\":1700119912,\"url\":\"https://api.github.com/repos/apache/cloudstack/labels/component:kubernetes\",\"name\":\"component:kubernetes\",\"color\":\"0db7ed\",\"description\":\"\",\"default\":false,\"node_id\":\"MDU6TGFiZWwxNzAwMTE5OTEy\"},{\"id\":11243221368,\"url\":\"https://api.github.com/repos/apache/cloudstack/labels/bug\",\"name\":\"bug\",\"color\":\"ededed\",\"default\":true,\"node_id\":\"LA_kwDOAJTq2M8AAAACniXxeA\"}],\"comments\":0,\"created_at\":\"2026-09-16T11:33:12Z\",\"updated_at\":\"2026-09-16T11:33:12Z\",\"url\":\"https://api.github.com/repos/apache/cloudstack/issues/14181\",\"html_url\":\"https://github.com/apache/cloudstack/issues/14181\",\"comments_url\":\"https://api.github.com/repos/apache/cloudstack/issues/14181/comments\",\"events_url\":\"https://api.github.com/repos/apache/cloudstack/issues/14181/events\",\"labels_url\":\"https://api.github.com/repos/apache/cloudstack/issues/14181/labels{/name}\",\"repository_url\":\"https://api.github.com/repos/apache/cloudstack\",\"reactions\":{\"total_count\":0,\"+1\":0,\"-1\":0,\"laugh\":0,\"confused\":0,\"heart\":0,\"hooray\":0,\"rocket\":0,\"eyes\":0,\"url\":\"https://api.github.com/repos/apache/cloudstack/issues/14181/reactions\"},\"node_id\":\"I_kwDOAJTq2M8AAAABRkXVUQ\",\"type\":{\"id\":93570,\"node_id\":\"IT_kwDNuP_OAAFtgg\",\"name\":\"Bug\",\"description\":\"An unexpected problem or behavior\",\"color\":\"red\",\"created_at\":\"2024-01-25T09:11:09Z\",\"updated_at\":\"2024-07-26T10:04:57Z\"}},{\"id\":5473948475,\"number\":14180,\"state\":\"open\",\"locked\":false,\"title\":\"create-kubernetes-binaries-iso.sh builds the ISO without setting a volume ID on EL8 based os's\",\"body\":\"### problem\\n\\ncreate-kubernetes-binaries-iso.sh builds the ISO without setting a volume ID on EL8 based os\\n\\n### versions\\n\\nACS 4.20.X \\nACS 4.22.X\\nACS 4.23 \\nManagement server : Oracle 8 , rocky 8 \\n\\n### The steps to reproduce the bug\\n\\n\\n1. ISO tooling — genisoimage does not exist on EL8; xorriso provides mkisofs\\n```\\nsudo dnf install -y xorriso curl wget\\n```\\n\\n 2. containerd (for ctr) — static tarball avoids the docker-ce repo and podman conflicts\\n```\\nVER=1.7.24\\ncurl -fsSL \\\"https://github.com/containerd/containerd/releases/download/v${VER}/containerd-${VER}-linux-amd64.tar.gz\\\" \\\\\\n  | sudo tar -C /usr/local -xz\\ncurl -fsSL -o /tmp/runc https://github.com/opencontainers/runc/releases/download/v1.2.3/runc.amd64\\nsudo install -m 755 /tmp/runc /usr/local/sbin/runc\\ncurl -fsSL https://raw.githubusercontent.com/containerd/containerd/main/containerd.service \\\\\\n  | sudo tee /etc/systemd/system/containerd.service \\u003e/dev/null\\nsudo systemctl daemon-reload \\u0026\\u0026 sudo systemctl enable --now containerd\\nsudo ln -sf /usr/local/bin/ctr /usr/bin/ctr      # sudo secure_path excludes /usr/local/bin\\n```\\n3. Verify \\n```\\nmkisofs --version \\u0026\\u0026 sudo ctr --version \\u0026\\u0026 wget --version | head -1 \\u0026\\u0026 curl --version | head -1\\n```\\n4. Execute the script \\n```\\n./create-kubernetes-binaries-iso.sh   /var/www/html   1.37.0 1.9.1 1.37.0   https://raw.githubusercontent.com/projectcalico/calico/v3.32.2/manifests/calico.yaml   0.45.0 setup-v1.37.0 amd64 3.7.0\\n```\\n5. Verify the generated iso volume label\\n```\\n[root@ref-trl-12298-k-Mr8-suresh-anaparti-mgmt1 util]# blkid /var/www/html/setup-v1.37.0-x86_64.iso\\n\\n/var/www/html/setup-v1.37.0-x86_64.iso: BLOCK_SIZE=\\\"2048\\\" UUID=\\\"2026-09-16-08-13-12-00\\\" LABEL=\\\"ISOIMAGE\\\" TYPE=\\\"iso9660\\\"\\n```\\n6. If the iso is used in cloudstack , the iso doesn't get mounted \\n\\n7. Change the script \\n\\n```\\nsed -i 's|^mkisofs -o |mkisofs -V CDROM -o |' create-kubernetes-binaries-iso.sh\\n```\\n\\n8. Run the script again and check the volume label \\n```\\n\\n./create-kubernetes-binaries-iso.sh   /var/www/html   1.37.0 1.9.1 1.37.0   https://raw.githubusercontent.com/projectcalico/calico/v3.32.2/manifests/calico.yaml   0.45.0 setup-v1.37.0 amd64 3.7.0\\n\\n\\nblkid /var/www/html/setup-v1.37.0-x86_64.iso\\n/var/www/html/setup-v1.37.0-x86_64.iso: BLOCK_SIZE=\\\"2048\\\" UUID=\\\"2026-09-16-08-34-56-00\\\" LABEL=\\\"CDROM\\\" TYPE=\\\"iso9660\\\"\\n```\\nIssue is not present with ubuntu based os \\n\\n```\\n\\n┌──────────────────────┬───────────────┬───────────────────┐\\n│                      │ Default volid │   With -V CDROM   │\\n├──────────────────────┼───────────────┼───────────────────┤\\n│ Ubuntu (genisoimage) │ CDROM         │ CDROM — unchanged │\\n├──────────────────────┼───────────────┼───────────────────┤\\n│ OL8 (xorriso compat) │ ISOIMAGE      │ CDROM — fixed     │\\n└──────────────────────┴───────────────┴───────────────────┘\\n```\\n\\n\\n### What to do about it?\\n\\nMake the following modification to the create-kubernetes-binaries-iso.sh\\n\\nsed -i 's|^mkisofs -o |mkisofs -V CDROM -o |' create-kubernetes-binaries-iso.sh\",\"author_association\":\"MEMBER\",\"user\":{\"login\":\"kiranchavala\",\"id\":1401014,\"node_id\":\"MDQ6VXNlcjE0MDEwMTQ=\",\"avatar_url\":\"https://avatars.githubusercontent.com/u/1401014?v=4\",\"html_url\":\"https://github.com/kiranchavala\",\"gravatar_id\":\"\",\"type\":\"User\",\"site_admin\":false,\"url\":\"https://api.github.com/users/kiranchavala\",\"events_url\":\"https://api.github.com/users/kiranchavala/events{/privacy}\",\"following_url\":\"https://api.github.com/users/kiranchavala/following{/other_user}\",\"followers_url\":\"https://api.github.com/users/kiranchavala/followers\",\"gists_url\":\"https://api.github.com/users/kiranchavala/gists{/gist_id}\",\"organizations_url\":\"https://api.github.com/users/kiranchavala/orgs\",\"received_events_url\":\"https://api.github.com/users/kiranchavala/received_events\",\"repos_url\":\"https://api.github.com/users/kiranchavala/repos\",\"starred_url\":\"https://api.github.com/users/kiranchavala/starred{/owner}{/repo}\",\"subscriptions_url\":\"https://api.github.com/users/kiranchavala/subscriptions\"},\"labels\":[{\"id\":1700119912,\"url\":\"https://api.github.com/repos/apache/cloudstack/labels/component:kubernetes\",\"name\":\"component:kubernetes\",\"color\":\"0db7ed\",\"description\":\"\",\"default\":false,\"node_id\":\"MDU6TGFiZWwxNzAwMTE5OTEy\"},{\"id\":11243221368,\"url\":\"https://api.github.com/repos/apache/cloudstack/labels/bug\",\"name\":\"bug\",\"color\":\"ededed\",\"default\":true,\"node_id\":\"LA_kwDOAJTq2M8AAAACniXxeA\"}],\"comments\":0,\"created_at\":\"2026-09-16T11:33:09Z\",\"updated_at\":\"2026-09-16T11:33:09Z\",\"url\":\"https://api.github.com/repos/apache/cloudstack/issues/14180\",\"html_url\":\"https://github.com/apache/cloudstack/issues/14180\",\"comments_url\":\"https://api.github.com/repos/apache/cloudstack/issues/14180/comments\",\"events_url\":\"https://api.github.com/repos/apache/cloudstack/issues/14180/events\",\"labels_url\":\"https://api.github.com/repos/apache/cloudstack/issues/14180/labels{/name}\",\"repository_url\":\"https://api.github.com/repos/apache/cloudstack\",\"reactions\":{\"total_count\":0,\"+1\":0,\"-1\":0,\"laugh\":0,\"confused\":0,\"heart\":0,\"hooray\":0,\"rocket\":0,\"eyes\":0,\"url\":\"https://api.github.com/repos/apache/cloudstack/issues/14180/reactions\"},\"node_id\":\"I_kwDOAJTq2M8AAAABRkXTOw\",\"type\":{\"id\":93570,\"node_id\":\"IT_kwDNuP_OAAFtgg\",\"name\":\"Bug\",\"description\":\"An unexpected problem or behavior\",\"color\":\"red\",\"created_at\":\"2024-01-25T09:11:09Z\",\"updated_at\":\"2024-07-26T10:04:57Z\"}},{\"id\":5471781952,\"number\":14178,\"state\":\"open\",\"locked\":false,\"title\":\"KVM Host HA activity check incorrectly detects activity on CLVM_NG storage after host failure\",\"body\":\"### problem\\n\\nDuring Host HA testing on a KVM cluster using CLVM_NG Primary Storage, we observed that the VM activity check performed against CLVM_NG may incorrectly report activity for a host that has been completely powered off.\\n\\nWhen the failed host only runs HA-enabled VMs whose volumes reside on CLVM_NG, CloudStack continues reporting that the host has VM activity. As a result, Host HA may enter Degraded and repeat the activity-check cycle instead of progressing to fencing.\\n\\nThe other KVM hosts correctly detect that the failed host is unreachable.\\n\\nAs a comparison, when the same failed host also runs an HA-enabled VM whose volume resides on NFS Primary Storage, CloudStack checks both storage types and we observe:\\n\\nCLVM_NG activity check -\\u003e host has activity\\nNFS activity check     -\\u003e host does not have activity\\n\\nIn this case, Host HA is able to progress to fencing.\\n\\nOnce the host reaches Fenced, the HA-enabled VMs stored on CLVM_NG are successfully restarted on other KVM hosts.\\n\\nThis indicates that CLVM_NG itself works correctly as shared storage for VM HA once fencing has occurred. The problem appears to be specifically related to the Host HA VM activity detection performed against CLVM_NG storage.\\n\\nAs a workaround, we currently use a small shared NFS Primary Storage with one small HA-enabled NFS-backed VM per KVM host. These VMs belong to a host anti-affinity group so that one VM is normally present on each host.\\n\\nWith this workaround, Host HA correctly detects the absence of activity through NFS, reaches fencing, and the CLVM_NG-backed HA VMs are successfully restarted on the remaining hosts.\\n\\n### versions\\n\\nApache CloudStack: 4.23.0.0\\n\\nHypervisor: KVM\\n\\nOperating System: Ubuntu 24.04\\n\\nCluster: 4 KVM hosts\\n\\nPrimary Storage:\\n- CLVM_NG backed by shared Fibre Channel SAN\\n- sanlock + lvmlockd\\n- Additional shared NFS Primary Storage\\n\\nHost HA provider: KVMHAProvider\\n\\nOOBM: IPMI\\n\\nVM HA: enabled on the test VMs\\n\\nHost HA activity-check configuration:\\n\\nkvm.ha.activity.check.failure.ratio = 0.7\\nkvm.ha.activity.check.interval = 60\\nkvm.ha.activity.check.max.attempts = 10\\nkvm.ha.activity.check.timeout = 60\\nkvm.ha.degraded.max.period = 300\\n\\nThe activity-check parameters above use their default values.\\n\\nThe following parameter is changed from its default value:\\n\\nkvm.ha.recover.failure.threshold = 0\\n\\nThe default value is 1.\\n\\nWe use 0 to skip host recovery attempts and proceed to fencing once Host HA determines that the host must be recovered.\\n\\n### The steps to reproduce the bug\\n\\n1. Create a KVM cluster with multiple hosts.\\n\\n2. Configure Host HA using KVMHAProvider and configure OOBM/IPMI for the KVM hosts.\\n\\n3. Configure shared CLVM_NG Primary Storage backed by Fibre Channel SAN using sanlock and lvmlockd.\\n\\n4. Deploy one or more HA-enabled VMs with their volumes on CLVM_NG.\\n\\n5. Ensure that the test host only runs HA-enabled VMs whose volumes reside on CLVM_NG.\\n\\n6. Completely power off the KVM host to simulate an unexpected host failure.\\n\\n7. Monitor the Host HA activity checks in the CloudStack Management Server log.\\n\\n8. CloudStack detects that the host is unreachable, but the CLVM_NG VM activity check reports that the host still has activity.\\n\\n9. Host HA may enter Degraded and repeat the activity-check process instead of progressing to fencing.\\n\\n10. Power the host back on and deploy an additional HA-enabled VM whose volume resides on shared NFS Primary Storage.\\n\\n11. Repeat the hard power-off test.\\n\\n12. CloudStack now performs activity checks against both CLVM_NG and NFS. The observed result is:\\n\\nCLVM_NG -\\u003e host has activity\\nNFS     -\\u003e host does not have activity\\n\\n13. Host HA is now able to progress from Checking to Recovering, Fencing and finally Fenced.\\n\\n14. After fencing, the HA-enabled VMs stored on CLVM_NG are successfully restarted on the remaining KVM hosts.\\n\\n15. When the failed host becomes available again, CloudStack also automatically starts the pending NFS-backed auxiliary VM on that host because the host anti-affinity constraint can be satisfied again.\\n\\nCLVM_NG-backed VMs can also be live migrated normally between healthy hosts. Therefore, the problem does not appear to be related to CLVM_NG volume activation, locking, or general access to the shared storage.\\n\\n### What to do about it?\\n\\nThe Host HA VM activity-check mechanism should correctly determine that a completely powered-off KVM host no longer has VM activity when the affected VM volumes reside on CLVM_NG.\\n\\nExpected behavior:\\n\\nHost powered off\\n        |\\n        v\\nCLVM_NG activity check\\n        |\\n        v\\nNo VM activity\\n        |\\n        v\\nFencing\\n        |\\n        v\\nFenced\\n        |\\n        v\\nVM HA\\n\\nThe CLVM_NG activity-check implementation should be reviewed to determine why it reports activity for a host that has been completely powered off.\\n\\nThe issue appears to be limited to activity detection. Once fencing is reached, CloudStack successfully restarts the CLVM_NG-backed HA VMs on other hosts.\\n\\nFor comparison, an NFS-backed VM on the same failed host correctly reports no activity and allows Host HA to proceed to fencing.\\n\\nIt may therefore be useful to compare how VM activity is determined for CLVM_NG storage with the NFS activity-check path.\\n\\nManagement Server and KVM agent logs from both scenarios can be provided if required.\",\"author_association\":\"NONE\",\"user\":{\"login\":\"rchicote72\",\"id\":61315236,\"node_id\":\"MDQ6VXNlcjYxMzE1MjM2\",\"avatar_url\":\"https://avatars.githubusercontent.com/u/61315236?v=4\",\"html_url\":\"https://github.com/rchicote72\",\"gravatar_id\":\"\",\"type\":\"User\",\"site_admin\":false,\"url\":\"https://api.github.com/users/rchicote72\",\"events_url\":\"https://api.github.com/users/rchicote72/events{/privacy}\",\"following_url\":\"https://api.github.com/users/rchicote72/following{/other_user}\",\"followers_url\":\"https://api.github.com/users/rchicote72/followers\",\"gists_url\":\"https://api.github.com/users/rchicote72/gists{/gist_id}\",\"organizations_url\":\"https://api.github.com/users/rchicote72/orgs\",\"received_events_url\":\"https://api.github.com/users/rchicote72/received_events\",\"repos_url\":\"https://api.github.com/users/rchicote72/repos\",\"starred_url\":\"https://api.github.com/users/rchicote72/starred{/owner}{/repo}\",\"subscriptions_url\":\"https://api.github.com/users/rchicote72/subscriptions\"},\"labels\":[{\"id\":11243221368,\"url\":\"https://api.github.com/repos/apache/cloudstack/labels/bug\",\"name\":\"bug\",\"color\":\"ededed\",\"default\":true,\"node_id\":\"LA_kwDOAJTq2M8AAAACniXxeA\"}],\"comments\":3,\"created_at\":\"2026-09-16T07:53:10Z\",\"updated_at\":\"2026-09-16T11:50:39Z\",\"url\":\"https://api.github.com/repos/apache/cloudstack/issues/14178\",\"html_url\":\"https://github.com/apache/cloudstack/issues/14178\",\"comments_url\":\"https://api.github.com/repos/apache/cloudstack/issues/14178/comments\",\"events_url\":\"https://api.github.com/repos/apache/cloudstack/issues/14178/events\",\"labels_url\":\"https://api.github.com/repos/apache/cloudstack/issues/14178/labels{/name}\",\"repository_url\":\"https://api.github.com/repos/apache/cloudstack\",\"reactions\":{\"total_count\":0,\"+1\":0,\"-1\":0,\"laugh\":0,\"confused\":0,\"heart\":0,\"hooray\":0,\"rocket\":0,\"eyes\":0,\"url\":\"https://api.github.com/repos/apache/cloudstack/issues/14178/reactions\"},\"node_id\":\"I_kwDOAJTq2M8AAAABRiTEQA\"},{\"id\":5466416778,\"number\":14177,\"state\":\"open\",\"locked\":false,\"title\":\"NetworkGarbageCollector releases a network's VLAN while it still has live NICs\",\"body\":\"### problem\\n\\nWhen a VM's domain is detected missing (`PowerReportMissing`) past the graceful period (`vm.op.wait.interval`), CloudStack releases its NIC (`broadcast_uri`/`isolation_uri` -\\u003e NULL, `nics_count`) and marks the VM `Stopped`. If the VM's power state later resyncs back to `Running` (domain restored, HA restart, etc.), the NIC is never re-reserved and `nics_count` is never restored.\\nSeparately, `op_networks.nics_count` never counts the network's own VirtualRouter NIC, so it under-counts from network creation. Combined, a single NIC release event can drive `nics_count` to 0 while the network still has live NICs (including on a `Running` VM). \\n`NetworkGarbageCollector` trusts `nics_count==0` (plus a check of CloudStack's own DB-tracked \\\"no non-Stopped instances\\\") without verifying against the actual `nics` table or hypervisor state, and proceeds to stop the VR and release the VLAN back to the dynamic allocation pool - while it may still be bridged to a live VM. In our environment, GC's cleanup step also removes the host-level bridge, making the VM unrecoverable via a normal restart.\\n\\n### versions\\n\\ntested on 4.22 (Maybe be observed on older versions too)\\n\\n### The steps to reproduce the bug\\n\\n1. Deploy a VM on an isolated network - note the nics_count = 1 (instead of 2 for VM and VR)\\n2. Disable HA on the VM (as HA masks the issue)\\n3. Perform `virsh destroy \\u003cvm-name\\u003e` to simulate domain loss - backup the dumpxml `virsh dumpxml \\u003cvm-name\\u003e \\u003e backup.xml`\\n4. After the graceful period, CloudStack releases the NIC and decrements `nics_count` to 0.\\n5. Restore the domain via `virsh create \\u003cdumped-xml\\u003e` . VM resyncs to `Running`, but NIC stays unreserved, counter stays 0\\n6. Lower `network.gc.interval`/`network.gc.wait` to accelerate the scavenger; restart management server.\\n7. `virsh destroy` again to bring the VM's tracked state back to `Stopped` \\n8. GC fires: stops the VR, releases the VLAN, network transitions to `Allocated`  `broadcast_uri=NULL`, despite 2 live NICs still present in `nics`.\\n...\\n\\n\\n### What to do about it?\\n\\n- On VM power-state resync to `Running` after a missing-VM event, reconcile the NIC (`broadcast_uri`/`isolation_uri`/`state=Reserved`) and restore `nics_count`.\\n- Harden `NetworkGarbageCollector` to verify live NIC count from the `nics` table (`WHERE network_id=? AND removed IS NULL`) before tearing down a network, instead of trusting the cached counter alone\\n- Include the VirtualRouter's own NIC in `nics_count` from network creation\",\"author_association\":\"CONTRIBUTOR\",\"user\":{\"login\":\"Pearl1594\",\"id\":10495417,\"node_id\":\"MDQ6VXNlcjEwNDk1NDE3\",\"avatar_url\":\"https://avatars.githubusercontent.com/u/10495417?v=4\",\"html_url\":\"https://github.com/Pearl1594\",\"gravatar_id\":\"\",\"type\":\"User\",\"site_admin\":false,\"url\":\"https://api.github.com/users/Pearl1594\",\"events_url\":\"https://api.github.com/users/Pearl1594/events{/privacy}\",\"following_url\":\"https://api.github.com/users/Pearl1594/following{/other_user}\",\"followers_url\":\"https://api.github.com/users/Pearl1594/followers\",\"gists_url\":\"https://api.github.com/users/Pearl1594/gists{/gist_id}\",\"organizations_url\":\"https://api.github.com/users/Pearl1594/orgs\",\"received_events_url\":\"https://api.github.com/users/Pearl1594/received_events\",\"repos_url\":\"https://api.github.com/users/Pearl1594/repos\",\"starred_url\":\"https://api.github.com/users/Pearl1594/starred{/owner}{/repo}\",\"subscriptions_url\":\"https://api.github.com/users/Pearl1594/subscriptions\"},\"labels\":[{\"id\":11243221368,\"url\":\"https://api.github.com/repos/apache/cloudstack/labels/bug\",\"name\":\"bug\",\"color\":\"ededed\",\"default\":true,\"node_id\":\"LA_kwDOAJTq2M8AAAACniXxeA\"}],\"comments\":1,\"created_at\":\"2026-09-15T19:20:12Z\",\"updated_at\":\"2026-09-15T19:57:34Z\",\"url\":\"https://api.github.com/repos/apache/cloudstack/issues/14177\",\"html_url\":\"https://github.com/apache/cloudstack/issues/14177\",\"comments_url\":\"https://api.github.com/repos/apache/cloudstack/issues/14177/comments\",\"events_url\":\"https://api.github.com/repos/apache/cloudstack/issues/14177/events\",\"labels_url\":\"https://api.github.com/repos/apache/cloudstack/issues/14177/labels{/name}\",\"repository_url\":\"https://api.github.com/repos/apache/cloudstack\",\"milestone\":{\"url\":\"https://api.github.com/repos/apache/cloudstack/milestones/45\",\"html_url\":\"https://github.com/apache/cloudstack/milestone/45\",\"labels_url\":\"https://api.github.com/repos/apache/cloudstack/milestones/45/labels\",\"id\":14595362,\"number\":45,\"state\":\"open\",\"title\":\"4.20.4\",\"creator\":{\"login\":\"DaanHoogland\",\"id\":2486961,\"node_id\":\"MDQ6VXNlcjI0ODY5NjE=\",\"avatar_url\":\"https://avatars.githubusercontent.com/u/2486961?v=4\",\"html_url\":\"https://github.com/DaanHoogland\",\"gravatar_id\":\"\",\"type\":\"User\",\"site_admin\":false,\"url\":\"https://api.github.com/users/DaanHoogland\",\"events_url\":\"https://api.github.com/users/DaanHoogland/events{/privacy}\",\"following_url\":\"https://api.github.com/users/DaanHoogland/following{/other_user}\",\"followers_url\":\"https://api.github.com/users/DaanHoogland/followers\",\"gists_url\":\"https://api.github.com/users/DaanHoogland/gists{/gist_id}\",\"organizations_url\":\"https://api.github.com/users/DaanHoogland/orgs\",\"received_events_url\":\"https://api.github.com/users/DaanHoogland/received_events\",\"repos_url\":\"https://api.github.com/users/DaanHoogland/repos\",\"starred_url\":\"https://api.github.com/users/DaanHoogland/starred{/owner}{/repo}\",\"subscriptions_url\":\"https://api.github.com/users/DaanHoogland/subscriptions\"},\"open_issues\":135,\"closed_issues\":79,\"created_at\":\"2026-01-21T11:18:05Z\",\"updated_at\":\"2026-09-15T19:56:19Z\",\"node_id\":\"MI_kwDOAJTq2M4A3rUi\"},\"reactions\":{\"total_count\":0,\"+1\":0,\"-1\":0,\"laugh\":0,\"confused\":0,\"heart\":0,\"hooray\":0,\"rocket\":0,\"eyes\":0,\"url\":\"https://api.github.com/repos/apache/cloudstack/issues/14177/reactions\"},\"node_id\":\"I_kwDOAJTq2M8AAAABRdLmig\"},{\"id\":5463085867,\"number\":14174,\"state\":\"open\",\"locked\":false,\"title\":\"Project users can set template permissions at upload but cannot change them afterwards\",\"body\":\"### problem\\n\\nA project user can set `ispublic` and `isextractable` when registering a template into a project,\\nbut cannot change either one afterwards. Not even the Project Admin can. Only a domain or root\\nadmin can, so a project cannot manage the permissions of its own templates.\\n\\n`updateTemplatePermissions` fails with:\\n\\n    Unable to grant permission to Account \\u003cname\\u003e as it is neither admin nor owner or the Template\\n\\nfrom `TemplateManagerImpl.updateTemplateOrIsoPermissions()`:\\n\\n    //Only admin or owner of the template should be able to change its permissions\\n    if (caller.getId() != ownerId \\u0026\\u0026 !isAdmin) {\\n        throw new InvalidParameterValueException(\\\"Unable to grant permission to Account \\\" + caller.getAccountName() + \\\" as it is neither admin nor owner or the Template\\\");\\n    }\\n\\n`caller` is always the human user's own account, while `ownerId` for a project template is the\\nproject account, so the two can never be equal for a project member and every non-admin caller is\\nrejected.\\n\\nRegistration applies no such restriction: in `TemplateAdapterBase.prepare()` `isextractable` is\\ntaken from the caller with no privilege check, and `ispublic` is gated only by\\n`allow.public.user.templates`.\\n\\nThis is not an escalation issue, an admin can revoke the flags, and the user could already set\\nthem at upload. It is the inconsistency between the two paths that needs fixing.\\n\\n### versions\\n\\nCloudStack: reported on 4.20.3.0; the same code is in 4.20.3.1, 4.21.0.0 and current main\\n(TemplateManagerImpl line 1632 on 4.20.3.0, 1565 on 4.21.0.0, 1831 on main). Not a regression.\\n\\nHypervisor: reported on VMware; the code path is hypervisor-independent.\\n\\nAffects templates and ISOs alike.\\n\\n### The steps to reproduce the bug\\n\\n1. Create a project and add a normal user to it as Project Admin.\\n\\n2. As that user, register a template into the project with `isextractable=true` and\\n   `ispublic=true`. Both are accepted.\\n\\n3. As the same user, try to change either flag:\\n\\n     update templatepermissions id=\\u003ctemplate-uuid\\u003e isextractable=false\\n\\n   Expected: succeeds — the same user set the flag two steps ago.\\n\\n   Actual:\\n\\n     Unable to grant permission to Account \\u003cname\\u003e as it is neither admin nor owner or the Template\\n\\n4. The same call as a root admin succeeds.\\n\\nThe UI behaves identically: the flags are settable in the upload dialog and rejected in template\\nsettings afterwards.\\n\\n### What to do about it?\\n\\nMake the two paths consistent. The natural fix is to let a project administrator act as the owner\\nfor this check, so permissions on project-owned templates can be changed by the project that owns\\nthem. Whether that should be any project member or only the Project Admin is worth stating\\nexplicitly in the fix.\\n\\nUseful starting point: the method already has a branch for this case a few lines earlier —\\n\\n    if (owner.getType() == Account.Type.PROJECT) {\\n        // if it is a project owned template/iso, the user must at least have access to be allowed to share it.\\n        _accountMgr.checkAccess(user, template);\\n    }\\n\\nbut `checkAccess` can only reject, not grant, so callers who pass it still hit the owner/admin\\nthrow below.\\n\\nAlso worth reconciling: the `isextractable` API description says \\\"Can be set only by root admin\\\",\\nwhich matches the update path but not the registration path.\\n\\n\",\"author_association\":\"CONTRIBUTOR\",\"user\":{\"login\":\"prashanthr2\",\"id\":20294194,\"node_id\":\"MDQ6VXNlcjIwMjk0MTk0\",\"avatar_url\":\"https://avatars.githubusercontent.com/u/20294194?v=4\",\"html_url\":\"https://github.com/prashanthr2\",\"gravatar_id\":\"\",\"type\":\"User\",\"site_admin\":false,\"url\":\"https://api.github.com/users/prashanthr2\",\"events_url\":\"https://api.github.com/users/prashanthr2/events{/privacy}\",\"following_url\":\"https://api.github.com/users/prashanthr2/following{/other_user}\",\"followers_url\":\"https://api.github.com/users/prashanthr2/followers\",\"gists_url\":\"https://api.github.com/users/prashanthr2/gists{/gist_id}\",\"organizations_url\":\"https://api.github.com/users/prashanthr2/orgs\",\"received_events_url\":\"https://api.github.com/users/prashanthr2/received_events\",\"repos_url\":\"https://api.github.com/users/prashanthr2/repos\",\"starred_url\":\"https://api.github.com/users/prashanthr2/starred{/owner}{/repo}\",\"subscriptions_url\":\"https://api.github.com/users/prashanthr2/subscriptions\"},\"labels\":[{\"id\":11243221368,\"url\":\"https://api.github.com/repos/apache/cloudstack/labels/bug\",\"name\":\"bug\",\"color\":\"ededed\",\"default\":true,\"node_id\":\"LA_kwDOAJTq2M8AAAACniXxeA\"}],\"comments\":0,\"created_at\":\"2026-09-15T14:13:44Z\",\"updated_at\":\"2026-09-15T14:13:44Z\",\"url\":\"https://api.github.com/repos/apache/cloudstack/issues/14174\",\"html_url\":\"https://github.com/apache/cloudstack/issues/14174\",\"comments_url\":\"https://api.github.com/repos/apache/cloudstack/issues/14174/comments\",\"events_url\":\"https://api.github.com/repos/apache/cloudstack/issues/14174/events\",\"labels_url\":\"https://api.github.com/repos/apache/cloudstack/issues/14174/labels{/name}\",\"repository_url\":\"https://api.github.com/repos/apache/cloudstack\",\"reactions\":{\"total_count\":0,\"+1\":0,\"-1\":0,\"laugh\":0,\"confused\":0,\"heart\":0,\"hooray\":0,\"rocket\":0,\"eyes\":0,\"url\":\"https://api.github.com/repos/apache/cloudstack/issues/14174/reactions\"},\"node_id\":\"I_kwDOAJTq2M8AAAABRaATKw\"}]}","type":"text"}]}} +1ms
guard:wasm tryCallWasmFunction: guard=github, func=<unknown>, inputSize=291331, outputSize=4194304 +2ms
guard:wasm Using guard allocator path: guard=github +426µs
guard:wasm [guard:github] DEBUG: >>> alloc(291331) +360µs
guard:wasm [guard:github] DEBUG: <<< alloc returning ptr=1107776 +371µs
guard:wasm wasmAlloc: guard=github, size=291331, ptr=1107776 +314µs
guard:wasm [guard:github] DEBUG: >>> alloc(4194304) +326µs
guard:wasm [guard:github] DEBUG: <<< alloc returning ptr=5302576 +337µs
guard:wasm wasmAlloc: guard=github, size=4194304, ptr=5302576 +360µs
guard:wasm [guard:github] INFO: >>> label_response called +395µs
guard:wasm [guard:github] INFO:     input_len=291331, output_size=4194304 +374µs
guard:wasm [guard:github] INFO:     input_preview={"capabilities":{},"tool_args":{"order":"desc","perPage":30,"query":"repo:apache/cloudstack is:open is:issue","sort":"created"},"tool_name":"search_issues","tool_result":{"content":[{"text":"{\"total_count\":650,\"incomplete_results\":false,\"items\":[{\"id\":5612465324,\"number\":14251,\"state\":\"open\",\"locked\":false,\"title\":\"CKS Deployed with external ETCD is not secure\",\"body\":\"### problem\\n\\nWhen CKS provisions a Kubernetes cluster with external etcd, the generated\\nkubeadm con +359µs
guard:wasm [guard:github] INFO:     tool_name=search_issues +4ms
guard:wasm [guard:github] DEBUG: extract_mcp_response: top-level keys=["content"] +360µs
guard:wasm [guard:github] DEBUG: extract_mcp_response: found content array with 1 items +308µs
guard:wasm [guard:github] DEBUG: extract_mcp_response: found text field, len=277968 +397µs
guard:wasm [guard:github] DEBUG: extract_mcp_response: parsed content[0].text as JSON +4ms
guard:wasm [guard:github] DEBUG: Checking repo visibility for apache/cloudstack +359µs
guard:wasm [guard:github] INFO: >>> call_backend: tool=search_repositories +371µs
guard:wasm [guard:github] DEBUG:     args={"perPage":10,"query":"repo:apache/cloudstack"} +349µs
guard:wasm WASM guard calling backend: tool=search_repositories +340µs
server:unified [DIFC] Guard calling backend github tool search_repositories for metadata +1.0s
server:unified executeBackendToolCall: serverID=github, toolName=search_repositories +318µs
launcher:launcher Checking session pool: serverID=github, sessionID=gUzHgIR4XIg9fTU5L58cfhq5EVGKh7agQezXfd38OSpm515oZDB6sH8jl +1.0s
launcher:pool Reusing connection: backend=github, session=gUzHgIR4XIg9fTU5L58cfhq5EVGKh7agQezXfd38OSpm515oZDB6sH8jl, requests=79 +1.0s
mcp:connection Dispatching SDK method: tools/call, serverID=github +1.0s
mcp:connection callTool: parsed name=search_repositories, argumentCount=2 +348µs
guard:wasm Backend call failed: calling "tools/call": unknown tool "search_repositories" +6ms
guard:wasm [guard:github] ERROR: <<< call_backend FAILED with code -1 +393µs
guard:wasm [guard:github] WARN: Backend call search_repositories failed with code -1 +714µs
guard:wasm [guard:github] DEBUG: Checking repo visibility for apache/cloudstack +728µs
guard:wasm [guard:github] INFO: >>> call_backend: tool=search_repositories +359µs
guard:wasm [guard:github] DEBUG:     args={"perPage":10,"query":"repo:apache/cloudstack"} +382µs
guard:wasm WASM guard calling backend: tool=search_repositories +354µs
server:unified [DIFC] Guard calling backend github tool search_repositories for metadata +9ms
server:unified executeBackendToolCall: serverID=github, toolName=search_repositories +330µs
launcher:launcher Checking session pool: serverID=github, sessionID=gUzHgIR4XIg9fTU5L58cfhq5EVGKh7agQezXfd38OSpm515oZDB6sH8jl +9ms
launcher:pool Reusing connection: backend=github, session=gUzHgIR4XIg9fTU5L58cfhq5EVGKh7agQezXfd38OSpm515oZDB6sH8jl, requests=80 +9ms
mcp:connection Dispatching SDK method: tools/call, serverID=github +9ms
mcp:connection callTool: parsed name=search_repositories, argumentCount=2 +318µs
guard:wasm Backend call failed: calling "tools/call": unknown tool "search_repositories" +6ms
guard:wasm [guard:github] ERROR: <<< call_backend FAILED with code -1 +383µs
guard:wasm [guard:github] WARN: Backend call search_repositories failed with code -1 +739µs
guard:wasm [guard:github] DEBUG: [integrity] issue:apache/cloudstack#14251: author_association floor below writer (rank=2), checking collaborator permission for mw-0 +672µs
guard:wasm [guard:github] DEBUG: get_collaborator_permission: fetching permission for apache/cloudstack user mw-0 +412µs
guard:wasm [guard:github] INFO: >>> call_backend: tool=get_collaborator_permission +366µs
guard:wasm [guard:github] DEBUG:     args={"owner":"apache","repo":"cloudstack","username":"mw-0"} +291µs
guard:wasm WASM guard calling backend: tool=get_collaborator_permission +322µs
envutil:github Looking up GitHub token: checking 4 candidate env vars +15.2s
envutil:github GitHub token found: source=GITHUB_MCP_SERVER_TOKEN +296µs
envutil:github GitHub API URL using default:  +310µs
envutil:github Deriving API URL from server URL: https://github.com +344µs
envutil:github GitHub.com detected, using default API URL: https://api.github.com +342µs
envutil:github GitHub API URL derived from GITHUB_SERVER_URL=https://github.com: https://api.github.com +363µs
httputil:collaborator_permission FetchCollaboratorPermission: owner=apache, repo=cloudstack, username=mw-0, apiPath=/repos/apache/cloudstack/collaborators/mw-0/permission +15.0s
server:unified get_collaborator_permission: GET /repos/apache/cloudstack/collaborators/mw-0/permission (for apache/cloudstack user mw-0) +11ms
httputil:httputil GitHub GET: baseURL="https://api.github.com", path="/repos/apache/cloudstack/collaborators/mw-0/permission", hasAuth=true +15.0s
httputil:httputil Applying GitHub API headers: method="GET", path="/repos/apache/cloudstack/collaborators/mw-0/permission", hasAuth=true +425µs
httputil:httputil GitHub GET response: path="/repos/apache/cloudstack/collaborators/mw-0/permission", status=200 +215ms
httputil:collaborator_permission FetchCollaboratorPermission: response received: status=200, bodyLen=1039 +216ms
server:unified get_collaborator_permission: apache/cloudstack user mw-0 → permission="read" (HTTP 200) +217ms
guard:wasm [guard:github] INFO: <<< call_backend returned 1176 bytes +220ms
guard:wasm [guard:github] DEBUG: extract_mcp_response: top-level keys=["content"] +429µs
guard:wasm [guard:github] DEBUG: extract_mcp_response: found content array with 1 items +365µs
guard:wasm [guard:github] DEBUG: extract_mcp_response: found text field, len=1039 +330µs
guard:wasm [guard:github] DEBUG: extract_mcp_response: parsed content[0].text as JSON +485µs
guard:wasm [guard:github] INFO: get_collaborator_permission: apache/cloudstack user mw-0 → permission=Some("read") login=Some("mw-0") +354µs
guard:wasm [guard:github] DEBUG: [integrity] issue:apache/cloudstack#14251: collaborator permission=Some("read") → merged rank=2 +395µs
guard:wasm [guard:github] DEBUG: Checking repo visibility for apache/cloudstack +353µs
guard:wasm [guard:github] INFO: >>> call_backend: tool=search_repositories +362µs
guard:wasm [guard:github] DEBUG:     args={"perPage":10,"query":"repo:apache/cloudstack"} +398µs
guard:wasm WASM guard calling backend: tool=search_repositories +320µs
server:unified [DIFC] Guard calling backend github tool search_repositories for metadata +4ms
server:unified executeBackendToolCall: serverID=github, toolName=search_repositories +315µs
launcher:launcher Checking session pool: serverID=github, sessionID=gUzHgIR4XIg9fTU5L58cfhq5EVGKh7agQezXfd38OSpm515oZDB6sH8jl +233ms
launcher:pool Reusing connection: backend=github, session=gUzHgIR4XIg9fTU5L58cfhq5EVGKh7agQezXfd38OSpm515oZDB6sH8jl, requests=81 +233ms
mcp:connection Dispatching SDK method: tools/call, serverID=github +233ms
mcp:connection callTool: parsed name=search_repositories, argumentCount=2 +370µs
guard:wasm Backend call failed: calling "tools/call": unknown tool "search_repositories" +6ms
guard:wasm [guard:github] ERROR: <<< call_backend FAILED with code -1 +425µs
guard:wasm [guard:github] WARN: Backend call search_repositories failed with code -1 +640µs
guard:wasm [guard:github] DEBUG: Checking repo visibility for apache/cloudstack +700µs
guard:wasm [guard:github] INFO: >>> call_backend: tool=search_repositories +396µs
guard:wasm [guard:github] DEBUG:     args={"perPage":10,"query":"repo:apache/cloudstack"} +333µs
guard:wasm WASM guard calling backend: tool=search_repositories +368µs
server:unified [DIFC] Guard calling backend github tool search_repositories for metadata +9ms
server:unified executeBackendToolCall: serverID=github, toolName=search_repositories +361µs
launcher:launcher Checking session pool: serverID=github, sessionID=gUzHgIR4XIg9fTU5L58cfhq5EVGKh7agQezXfd38OSpm515oZDB6sH8jl +9ms
launcher:pool Reusing connection: backend=github, session=gUzHgIR4XIg9fTU5L58cfhq5EVGKh7agQezXfd38OSpm515oZDB6sH8jl, requests=82 +9ms
mcp:connection Dispatching SDK method: tools/call, serverID=github +9ms
mcp:connection callTool: parsed name=search_repositories, argumentCount=2 +370µs
guard:wasm Backend call failed: calling "tools/call": unknown tool "search_repositories" +6ms
guard:wasm [guard:github] ERROR: <<< call_backend FAILED with code -1 +414µs
guard:wasm [guard:github] WARN: Backend call search_repositories failed with code -1 +685µs
guard:wasm [guard:github] DEBUG: Checking repo visibility for apache/cloudstack +735µs
guard:wasm [guard:github] INFO: >>> call_backend: tool=search_repositories +383µs
guard:wasm [guard:github] DEBUG:     args={"perPage":10,"query":"repo:apache/cloudstack"} +351µs
guard:wasm WASM guard calling backend: tool=search_repositories +319µs
server:unified [DIFC] Guard calling backend github tool search_repositories for metadata +9ms
server:unified executeBackendToolCall: serverID=github, toolName=search_repositories +320µs
launcher:launcher Checking session pool: serverID=github, sessionID=gUzHgIR4XIg9fTU5L58cfhq5EVGKh7agQezXfd38OSpm515oZDB6sH8jl +9ms
launcher:pool Reusing connection: backend=github, session=gUzHgIR4XIg9fTU5L58cfhq5EVGKh7agQezXfd38OSpm515oZDB6sH8jl, requests=83 +9ms
mcp:connection Dispatching SDK method: tools/call, serverID=github +8ms
mcp:connection callTool: parsed name=search_repositories, argumentCount=2 +377µs
guard:wasm Backend call failed: calling "tools/call": unknown tool "search_repositories" +6ms
guard:wasm [guard:github] ERROR: <<< call_backend FAILED with code -1 +366µs
guard:wasm [guard:github] WARN: Backend call search_repositories failed with code -1 +652µs
guard:wasm [guard:github] DEBUG: Checking repo visibility for apache/cloudstack +712µs
guard:wasm [guard:github] INFO: >>> call_backend: tool=search_repositories +393µs
guard:wasm [guard:github] DEBUG:     args={"perPage":10,"query":"repo:apache/cloudstack"} +311µs
guard:wasm WASM guard calling backend: tool=search_repositories +402µs
server:unified [DIFC] Guard calling backend github tool search_repositories for metadata +8ms
server:unified executeBackendToolCall: serverID=github, toolName=search_repositories +302µs
launcher:launcher Checking session pool: serverID=github, sessionID=gUzHgIR4XIg9fTU5L58cfhq5EVGKh7agQezXfd38OSpm515oZDB6sH8jl +9ms
launcher:pool Reusing connection: backend=github, session=gUzHgIR4XIg9fTU5L58cfhq5EVGKh7agQezXfd38OSpm515oZDB6sH8jl, requests=84 +9ms
mcp:connection Dispatching SDK method: tools/call, serverID=github +8ms
mcp:connection callTool: parsed name=search_repositories, argumentCount=2 +368µs
guard:wasm Backend call failed: calling "tools/call": unknown tool "search_repositories" +6ms
guard:wasm [guard:github] ERROR: <<< call_backend FAILED with code -1 +345µs
guard:wasm [guard:github] WARN: Backend call search_repositories failed with code -1 +622µs
guard:wasm [guard:github] DEBUG: [integrity] issue:apache/cloudstack#14248: author_association floor below writer (rank=2), checking collaborator permission for MitchDrage +639µs
guard:wasm [guard:github] DEBUG: get_collaborator_permission: fetching permission for apache/cloudstack user MitchDrage +365µs
guard:wasm [guard:github] INFO: >>> call_backend: tool=get_collaborator_permission +358µs
guard:wasm [guard:github] DEBUG:     args={"owner":"apache","repo":"cloudstack","username":"MitchDrage"} +296µs
guard:wasm WASM guard calling backend: tool=get_collaborator_permission +319µs
envutil:github Looking up GitHub token: checking 4 candidate env vars +260ms
envutil:github GitHub token found: source=GITHUB_MCP_SERVER_TOKEN +305µs
envutil:github GitHub API URL using default:  +306µs
envutil:github Deriving API URL from server URL: https://github.com +314µs
envutil:github GitHub.com detected, using default API URL: https://api.github.com +314µs
envutil:github GitHub API URL derived from GITHUB_SERVER_URL=https://github.com: https://api.github.com +365µs
httputil:collaborator_permission FetchCollaboratorPermission: owner=apache, repo=cloudstack, username=MitchDrage, apiPath=/repos/apache/cloudstack/collaborators/MitchDrage/permission +44ms
server:unified get_collaborator_permission: GET /repos/apache/cloudstack/collaborators/MitchDrage/permission (for apache/cloudstack user MitchDrage) +11ms
httputil:httputil GitHub GET: baseURL="https://api.github.com", path="/repos/apache/cloudstack/collaborators/MitchDrage/permission", hasAuth=true +46ms
httputil:httputil Applying GitHub API headers: method="GET", path="/repos/apache/cloudstack/collaborators/MitchDrage/permission", hasAuth=true +401µs
httputil:httputil GitHub GET response: path="/repos/apache/cloudstack/collaborators/MitchDrage/permission", status=200 +203ms
httputil:collaborator_permission FetchCollaboratorPermission: response received: status=200, bodyLen=1111 +205ms
server:unified get_collaborator_permission: apache/cloudstack user MitchDrage → permission="read" (HTTP 200) +205ms
guard:wasm [guard:github] INFO: <<< call_backend returned 1248 bytes +209ms
guard:wasm [guard:github] DEBUG: extract_mcp_response: top-level keys=["content"] +396µs
guard:wasm [guard:github] DEBUG: extract_mcp_response: found content array with 1 items +373µs
guard:wasm [guard:github] DEBUG: extract_mcp_response: found text field, len=1111 +324µs
guard:wasm [guard:github] DEBUG: extract_mcp_response: parsed content[0].text as JSON +429µs
guard:wasm [guard:github] INFO: get_collaborator_permission: apache/cloudstack user MitchDrage → permission=Some("read") login=Some("MitchDrage") +335µs
guard:wasm [guard:github] DEBUG: [integrity] issue:apache/cloudstack#14248: collaborator permission=Some("read") → merged rank=2 +390µs
guard:wasm [guard:github] DEBUG: Checking repo visibility for apache/cloudstack +359µs
guard:wasm [guard:github] INFO: >>> call_backend: tool=search_repositories +402µs
guard:wasm [guard:github] DEBUG:     args={"perPage":10,"query":"repo:apache/cloudstack"} +318µs
guard:wasm WASM guard calling backend: tool=search_repositories +326µs
server:unified [DIFC] Guard calling backend github tool search_repositories for metadata +4ms
server:unified executeBackendToolCall: serverID=github, toolName=search_repositories +309µs
launcher:launcher Checking session pool: serverID=github, sessionID=gUzHgIR4XIg9fTU5L58cfhq5EVGKh7agQezXfd38OSpm515oZDB6sH8jl +221ms
launcher:pool Reusing connection: backend=github, session=gUzHgIR4XIg9fTU5L58cfhq5EVGKh7agQezXfd38OSpm515oZDB6sH8jl, requests=85 +221ms
mcp:connection Dispatching SDK method: tools/call, serverID=github +221ms
mcp:connection callTool: parsed name=search_repositories, argumentCount=2 +350µs
guard:wasm Backend call failed: calling "tools/call": unknown tool "search_repositories" +6ms
guard:wasm [guard:github] ERROR: <<< call_backend FAILED with code -1 +356µs
guard:wasm [guard:github] WARN: Backend call search_repositories failed with code -1 +646µs
guard:wasm [guard:github] DEBUG: Checking repo visibility for apache/cloudstack +685µs
guard:wasm [guard:github] INFO: >>> call_backend: tool=search_repositories +521µs
guard:wasm [guard:github] DEBUG:     args={"perPage":10,"query":"repo:apache/cloudstack"} +336µs
guard:wasm WASM guard calling backend: tool=search_repositories +322µs
server:unified [DIFC] Guard calling backend github tool search_repositories for metadata +8ms
server:unified executeBackendToolCall: serverID=github, toolName=search_repositories +348µs
launcher:launcher Checking session pool: serverID=github, sessionID=gUzHgIR4XIg9fTU5L58cfhq5EVGKh7agQezXfd38OSpm515oZDB6sH8jl +9ms
launcher:pool Reusing connection: backend=github, session=gUzHgIR4XIg9fTU5L58cfhq5EVGKh7agQezXfd38OSpm515oZDB6sH8jl, requests=86 +9ms
mcp:connection Dispatching SDK method: tools/call, serverID=github +9ms
mcp:connection callTool: parsed name=search_repositories, argumentCount=2 +382µs
guard:wasm Backend call failed: calling "tools/call": unknown tool "search_repositories" +6ms
guard:wasm [guard:github] ERROR: <<< call_backend FAILED with code -1 +361µs
guard:wasm [guard:github] WARN: Backend call search_repositories failed with code -1 +712µs
guard:wasm [guard:github] DEBUG: [integrity] issue:apache/cloudstack#14244: author_association floor below writer (rank=2), checking collaborator permission for mw-0 +681µs
guard:wasm [guard:github] DEBUG: get_collaborator_permission: cache hit for apache/cloudstack user mw-0 → permission=Some("read") +340µs
guard:wasm [guard:github] DEBUG: [integrity] issue:apache/cloudstack#14244: collaborator permission=Some("read") → merged rank=2 +376µs
guard:wasm [guard:github] DEBUG: Checking repo visibility for apache/cloudstack +340µs
guard:wasm [guard:github] INFO: >>> call_backend: tool=search_repositories +398µs
guard:wasm [guard:github] DEBUG:     args={"perPage":10,"query":"repo:apache/cloudstack"} +332µs
guard:wasm WASM guard calling backend: tool=search_repositories +344µs
server:unified [DIFC] Guard calling backend github tool search_repositories for metadata +10ms
server:unified executeBackendToolCall: serverID=github, toolName=search_repositories +338µs
launcher:launcher Checking session pool: serverID=github, sessionID=gUzHgIR4XIg9fTU5L58cfhq5EVGKh7agQezXfd38OSpm515oZDB6sH8jl +10ms
launcher:pool Reusing connection: backend=github, session=gUzHgIR4XIg9fTU5L58cfhq5EVGKh7agQezXfd38OSpm515oZDB6sH8jl, requests=87 +10ms
mcp:connection Dispatching SDK method: tools/call, serverID=github +10ms
mcp:connection callTool: parsed name=search_repositories, argumentCount=2 +351µs
guard:wasm Backend call failed: calling "tools/call": unknown tool "search_repositories" +6ms
guard:wasm [guard:github] ERROR: <<< call_backend FAILED with code -1 +352µs
guard:wasm [guard:github] WARN: Backend call search_repositories failed with code -1 +613µs
guard:wasm [guard:github] DEBUG: Checking repo visibility for apache/cloudstack +638µs
guard:wasm [guard:github] INFO: >>> call_backend: tool=search_repositories +364µs
guard:wasm [guard:github] DEBUG:     args={"perPage":10,"query":"repo:apache/cloudstack"} +325µs
guard:wasm WASM guard calling backend: tool=search_repositories +331µs
server:unified [DIFC] Guard calling backend github tool search_repositories for metadata +8ms
server:unified executeBackendToolCall: serverID=github, toolName=search_repositories +324µs
launcher:launcher Checking session pool: serverID=github, sessionID=gUzHgIR4XIg9fTU5L58cfhq5EVGKh7agQezXfd38OSpm515oZDB6sH8jl +8ms
launcher:pool Reusing connection: backend=github, session=gUzHgIR4XIg9fTU5L58cfhq5EVGKh7agQezXfd38OSpm515oZDB6sH8jl, requests=88 +8ms
mcp:connection Dispatching SDK method: tools/call, serverID=github +8ms
mcp:connection callTool: parsed name=search_repositories, argumentCount=2 +370µs
guard:wasm Backend call failed: calling "tools/call": unknown tool "search_repositories" +6ms
guard:wasm [guard:github] ERROR: <<< call_backend FAILED with code -1 +436µs
guard:wasm [guard:github] WARN: Backend call search_repositories failed with code -1 +780µs
guard:wasm [guard:github] DEBUG: [integrity] issue:apache/cloudstack#14242: author_association floor below writer (rank=2), checking collaborator permission for vishnuvs369 +742µs
guard:wasm [guard:github] DEBUG: get_collaborator_permission: fetching permission for apache/cloudstack user vishnuvs369 +349µs
guard:wasm [guard:github] INFO: >>> call_backend: tool=get_collaborator_permission +466µs
guard:wasm [guard:github] DEBUG:     args={"owner":"apache","repo":"cloudstack","username":"vishnuvs369"} +355µs
guard:wasm WASM guard calling backend: tool=get_collaborator_permission +365µs
envutil:github Looking up GitHub token: checking 4 candidate env vars +250ms
envutil:github GitHub token found: source=GITHUB_MCP_SERVER_TOKEN +348µs
envutil:github GitHub API URL using default:  +351µs
envutil:github Deriving API URL from server URL: https://github.com +330µs
envutil:github GitHub.com detected, using default API URL: https://api.github.com +362µs
envutil:github GitHub API URL derived from GITHUB_SERVER_URL=https://github.com: https://api.github.com +374µs
httputil:collaborator_permission FetchCollaboratorPermission: owner=apache, repo=cloudstack, username=vishnuvs369, apiPath=/repos/apache/cloudstack/collaborators/vishnuvs369/permission +46ms
server:unified get_collaborator_permission: GET /repos/apache/cloudstack/collaborators/vishnuvs369/permission (for apache/cloudstack user vishnuvs369) +12ms
httputil:httputil GitHub GET: baseURL="https://api.github.com", path="/repos/apache/cloudstack/collaborators/vishnuvs369/permission", hasAuth=true +47ms
httputil:httputil Applying GitHub API headers: method="GET", path="/repos/apache/cloudstack/collaborators/vishnuvs369/permission", hasAuth=true +314µs
httputil:httputil GitHub GET response: path="/repos/apache/cloudstack/collaborators/vishnuvs369/permission", status=200 +275ms
httputil:collaborator_permission FetchCollaboratorPermission: response received: status=200, bodyLen=1123 +277ms
server:unified get_collaborator_permission: apache/cloudstack user vishnuvs369 → permission="read" (HTTP 200) +277ms
guard:wasm [guard:github] INFO: <<< call_backend returned 1260 bytes +280ms
guard:wasm [guard:github] DEBUG: extract_mcp_response: top-level keys=["content"] +19ms
guard:wasm [guard:github] DEBUG: extract_mcp_response: found content array with 1 items +480µs
guard:wasm [guard:github] DEBUG: extract_mcp_response: found text field, len=1123 +471µs
guard:wasm [guard:github] DEBUG: extract_mcp_response: parsed content[0].text as JSON +397µs
guard:wasm [guard:github] INFO: get_collaborator_permission: apache/cloudstack user vishnuvs369 → permission=Some("read") login=Some("vishnuvs369") +351µs
guard:wasm [guard:github] DEBUG: [integrity] issue:apache/cloudstack#14242: collaborator permission=Some("read") → merged rank=2 +427µs
guard:wasm [guard:github] DEBUG: Checking repo visibility for apache/cloudstack +372µs
guard:wasm [guard:github] INFO: >>> call_backend: tool=search_repositories +387µs
guard:wasm [guard:github] DEBUG:     args={"perPage":10,"query":"repo:apache/cloudstack"} +362µs
guard:wasm WASM guard calling backend: tool=search_repositories +341µs
server:unified [DIFC] Guard calling backend github tool search_repositories for metadata +24ms
server:unified executeBackendToolCall: serverID=github, toolName=search_repositories +332µs
launcher:launcher Checking session pool: serverID=github, sessionID=gUzHgIR4XIg9fTU5L58cfhq5EVGKh7agQezXfd38OSpm515oZDB6sH8jl +314ms
launcher:pool Reusing connection: backend=github, session=gUzHgIR4XIg9fTU5L58cfhq5EVGKh7agQezXfd38OSpm515oZDB6sH8jl, requests=89 +314ms
mcp:connection Dispatching SDK method: tools/call, serverID=github +314ms
mcp:connection callTool: parsed name=search_repositories, argumentCount=2 +460µs
guard:wasm Backend call failed: calling "tools/call": unknown tool "search_repositories" +6ms
guard:wasm [guard:github] ERROR: <<< call_backend FAILED with code -1 +355µs
guard:wasm [guard:github] WARN: Backend call search_repositories failed with code -1 +767µs
guard:wasm [guard:github] DEBUG: Checking repo visibility for apache/cloudstack +658µs
guard:wasm [guard:github] INFO: >>> call_backend: tool=search_repositories +412µs
guard:wasm [guard:github] DEBUG:     args={"perPage":10,"query":"repo:apache/cloudstack"} +355µs
guard:wasm WASM guard calling backend: tool=search_repositories +364µs
server:unified [DIFC] Guard calling backend github tool search_repositories for metadata +9ms
server:unified executeBackendToolCall: serverID=github, toolName=search_repositories +383µs
launcher:launcher Checking session pool: serverID=github, sessionID=gUzHgIR4XIg9fTU5L58cfhq5EVGKh7agQezXfd38OSpm515oZDB6sH8jl +9ms
launcher:pool Reusing connection: backend=github, session=gUzHgIR4XIg9fTU5L58cfhq5EVGKh7agQezXfd38OSpm515oZDB6sH8jl, requests=90 +9ms
mcp:connection Dispatching SDK method: tools/call, serverID=github +9ms
mcp:connection callTool: parsed name=search_repositories, argumentCount=2 +364µs
guard:wasm Backend call failed: calling "tools/call": unknown tool "search_repositories" +6ms
guard:wasm [guard:github] ERROR: <<< call_backend FAILED with code -1 +352µs
guard:wasm [guard:github] WARN: Backend call search_repositories failed with code -1 +663µs
guard:wasm [guard:github] DEBUG: [integrity] issue:apache/cloudstack#14241: author_association floor below writer (rank=2), checking collaborator permission for andrijapanicsb +689µs
guard:wasm [guard:github] DEBUG: get_collaborator_permission: fetching permission for apache/cloudstack user andrijapanicsb +470µs
guard:wasm [guard:github] INFO: >>> call_backend: tool=get_collaborator_permission +372µs
guard:wasm [guard:github] DEBUG:     args={"owner":"apache","repo":"cloudstack","username":"andrijapanicsb"} +336µs
guard:wasm WASM guard calling backend: tool=get_collaborator_permission +327µs
envutil:github Looking up GitHub token: checking 4 candidate env vars +321ms
envutil:github GitHub token found: source=GITHUB_MCP_SERVER_TOKEN +320µs
envutil:github GitHub API URL using default:  +329µs
envutil:github Deriving API URL from server URL: https://github.com +323µs
envutil:github GitHub.com detected, using default API URL: https://api.github.com +323µs
envutil:github GitHub API URL derived from GITHUB_SERVER_URL=https://github.com: https://api.github.com +307µs
httputil:collaborator_permission FetchCollaboratorPermission: owner=apache, repo=cloudstack, username=andrijapanicsb, apiPath=/repos/apache/cloudstack/collaborators/andrijapanicsb/permission +45ms
server:unified get_collaborator_permission: GET /repos/apache/cloudstack/collaborators/andrijapanicsb/permission (for apache/cloudstack user andrijapanicsb) +11ms
httputil:httputil GitHub GET: baseURL="https://api.github.com", path="/repos/apache/cloudstack/collaborators/andrijapanicsb/permission", hasAuth=true +47ms
httputil:httputil Applying GitHub API headers: method="GET", path="/repos/apache/cloudstack/collaborators/andrijapanicsb/permission", hasAuth=true +317µs
httputil:httputil GitHub GET response: path="/repos/apache/cloudstack/collaborators/andrijapanicsb/permission", status=200 +210ms
httputil:collaborator_permission FetchCollaboratorPermission: response received: status=200, bodyLen=1160 +212ms
server:unified get_collaborator_permission: apache/cloudstack user andrijapanicsb → permission="write" (HTTP 200) +212ms
guard:wasm [guard:github] INFO: <<< call_backend returned 1297 bytes +215ms
guard:wasm [guard:github] DEBUG: extract_mcp_response: top-level keys=["content"] +477µs
guard:wasm [guard:github] DEBUG: extract_mcp_response: found content array with 1 items +378µs
guard:wasm [guard:github] DEBUG: extract_mcp_response: found text field, len=1160 +346µs
guard:wasm [guard:github] DEBUG: extract_mcp_response: parsed content[0].text as JSON +409µs
guard:wasm [guard:github] INFO: get_collaborator_permission: apache/cloudstack user andrijapanicsb → permission=Some("write") login=Some("andrijapanicsb") +333µs
guard:wasm [guard:github] DEBUG: [integrity] issue:apache/cloudstack#14241: collaborator permission=Some("write") → merged rank=3 +367µs
guard:wasm [guard:github] DEBUG: Checking repo visibility for apache/cloudstack +422µs
guard:wasm [guard:github] INFO: >>> call_backend: tool=search_repositories +406µs
guard:wasm [guard:github] DEBUG:     args={"perPage":10,"query":"repo:apache/cloudstack"} +355µs
guard:wasm WASM guard calling backend: tool=search_repositories +313µs
server:unified [DIFC] Guard calling backend github tool search_repositories for metadata +4ms
server:unified executeBackendToolCall: serverID=github, toolName=search_repositories +433µs
launcher:launcher Checking session pool: serverID=github, sessionID=gUzHgIR4XIg9fTU5L58cfhq5EVGKh7agQezXfd38OSpm515oZDB6sH8jl +229ms
launcher:pool Reusing connection: backend=github, session=gUzHgIR4XIg9fTU5L58cfhq5EVGKh7agQezXfd38OSpm515oZDB6sH8jl, requests=91 +229ms
mcp:connection Dispatching SDK method: tools/call, serverID=github +228ms
mcp:connection callTool: parsed name=search_repositories, argumentCount=2 +353µs
guard:wasm Backend call failed: calling "tools/call": unknown tool "search_repositories" +6ms
guard:wasm [guard:github] ERROR: <<< call_backend FAILED with code -1 +348µs
guard:wasm [guard:github] WARN: Backend call search_repositories failed with code -1 +647µs
guard:wasm [guard:github] DEBUG: Checking repo visibility for apache/cloudstack +663µs
guard:wasm [guard:github] INFO: >>> call_backend: tool=search_repositories +418µs
guard:wasm [guard:github] DEBUG:     args={"perPage":10,"query":"repo:apache/cloudstack"} +368µs
guard:wasm WASM guard calling backend: tool=search_repositories +315µs
server:unified [DIFC] Guard calling backend github tool search_repositories for metadata +8ms
server:unified executeBackendToolCall: serverID=github, toolName=search_repositories +323µs
launcher:launcher Checking session pool: serverID=github, sessionID=gUzHgIR4XIg9fTU5L58cfhq5EVGKh7agQezXfd38OSpm515oZDB6sH8jl +9ms
launcher:pool Reusing connection: backend=github, session=gUzHgIR4XIg9fTU5L58cfhq5EVGKh7agQezXfd38OSpm515oZDB6sH8jl, requests=92 +9ms
mcp:connection Dispatching SDK method: tools/call, serverID=github +8ms
mcp:connection callTool: parsed name=search_repositories, argumentCount=2 +355µs
guard:wasm Backend call failed: calling "tools/call": unknown tool "search_repositories" +6ms
guard:wasm [guard:github] ERROR: <<< call_backend FAILED with code -1 +377µs
guard:wasm [guard:github] WARN: Backend call search_repositories failed with code -1 +740µs
guard:wasm [guard:github] DEBUG: [integrity] issue:apache/cloudstack#14239: author_association floor below writer (rank=2), checking collaborator permission for davift +716µs
guard:wasm [guard:github] DEBUG: get_collaborator_permission: fetching permission for apache/cloudstack user davift +392µs
guard:wasm [guard:github] INFO: >>> call_backend: tool=get_collaborator_permission +386µs
guard:wasm [guard:github] DEBUG:     args={"owner":"apache","repo":"cloudstack","username":"davift"} +362µs
guard:wasm WASM guard calling backend: tool=get_collaborator_permission +349µs
envutil:github Looking up GitHub token: checking 4 candidate env vars +237ms
envutil:github GitHub token found: source=GITHUB_MCP_SERVER_TOKEN +338µs
envutil:github GitHub API URL using default:  +330µs
envutil:github Deriving API URL from server URL: https://github.com +342µs
envutil:github GitHub.com detected, using default API URL: https://api.github.com +692µs
envutil:github GitHub API URL derived from GITHUB_SERVER_URL=https://github.com: https://api.github.com +429µs
httputil:collaborator_permission FetchCollaboratorPermission: owner=apache, repo=cloudstack, username=davift, apiPath=/repos/apache/cloudstack/collaborators/davift/permission +26ms
server:unified get_collaborator_permission: GET /repos/apache/cloudstack/collaborators/davift/permission (for apache/cloudstack user davift) +12ms
httputil:httputil GitHub GET: baseURL="https://api.github.com", path="/repos/apache/cloudstack/collaborators/davift/permission", hasAuth=true +28ms
httputil:httputil Applying GitHub API headers: method="GET", path="/repos/apache/cloudstack/collaborators/davift/permission", hasAuth=true +453µs
httputil:httputil GitHub GET response: path="/repos/apache/cloudstack/collaborators/davift/permission", status=200 +193ms
httputil:collaborator_permission FetchCollaboratorPermission: response received: status=200, bodyLen=1063 +195ms
server:unified get_collaborator_permission: apache/cloudstack user davift → permission="read" (HTTP 200) +195ms
guard:wasm [guard:github] INFO: <<< call_backend returned 1200 bytes +199ms
guard:wasm [guard:github] DEBUG: extract_mcp_response: top-level keys=["content"] +386µs
guard:wasm [guard:github] DEBUG: extract_mcp_response: found content array with 1 items +337µs
guard:wasm [guard:github] DEBUG: extract_mcp_response: found text field, len=1063 +337µs
guard:wasm [guard:github] DEBUG: extract_mcp_response: parsed content[0].text as JSON +416µs
guard:wasm [guard:github] INFO: get_collaborator_permission: apache/cloudstack user davift → permission=Some("read") login=Some("davift") +371µs
guard:wasm [guard:github] DEBUG: [integrity] issue:apache/cloudstack#14239: collaborator permission=Some("read") → merged rank=2 +433µs
guard:wasm [guard:github] DEBUG: Checking repo visibility for apache/cloudstack +424µs
guard:wasm [guard:github] INFO: >>> call_backend: tool=search_repositories +380µs
guard:wasm [guard:github] DEBUG:     args={"perPage":10,"query":"repo:apache/cloudstack"} +340µs
guard:wasm WASM guard calling backend: tool=search_repositories +437µs
server:unified [DIFC] Guard calling backend github tool search_repositories for metadata +4ms
server:unified executeBackendToolCall: serverID=github, toolName=search_repositories +341µs
launcher:launcher Checking session pool: serverID=github, sessionID=gUzHgIR4XIg9fTU5L58cfhq5EVGKh7agQezXfd38OSpm515oZDB6sH8jl +213ms
launcher:pool Reusing connection: backend=github, session=gUzHgIR4XIg9fTU5L58cfhq5EVGKh7agQezXfd38OSpm515oZDB6sH8jl, requests=93 +213ms
mcp:connection Dispatching SDK method: tools/call, serverID=github +212ms
mcp:connection callTool: parsed name=search_repositories, argumentCount=2 +330µs
guard:wasm Backend call failed: calling "tools/call": unknown tool "search_repositories" +6ms
guard:wasm [guard:github] ERROR: <<< call_backend FAILED with code -1 +399µs
guard:wasm [guard:github] WARN: Backend call search_repositories failed with code -1 +697µs
guard:wasm [guard:github] DEBUG: Checking repo visibility for apache/cloudstack +706µs
guard:wasm [guard:github] INFO: >>> call_backend: tool=search_repositories +398µs
guard:wasm [guard:github] DEBUG:     args={"perPage":10,"query":"repo:apache/cloudstack"} +338µs
guard:wasm WASM guard calling backend: tool=search_repositories +329µs
server:unified [DIFC] Guard calling backend github tool search_repositories for metadata +8ms
server:unified executeBackendToolCall: serverID=github, toolName=search_repositories +382µs
launcher:launcher Checking session pool: serverID=github, sessionID=gUzHgIR4XIg9fTU5L58cfhq5EVGKh7agQezXfd38OSpm515oZDB6sH8jl +9ms
launcher:pool Reusing connection: backend=github, session=gUzHgIR4XIg9fTU5L58cfhq5EVGKh7agQezXfd38OSpm515oZDB6sH8jl, requests=94 +9ms
mcp:connection Dispatching SDK method: tools/call, serverID=github +9ms
mcp:connection callTool: parsed name=search_repositories, argumentCount=2 +352µs
guard:wasm Backend call failed: calling "tools/call": unknown tool "search_repositories" +6ms
guard:wasm [guard:github] ERROR: <<< call_backend FAILED with code -1 +489µs
guard:wasm [guard:github] WARN: Backend call search_repositories failed with code -1 +663µs
guard:wasm [guard:github] DEBUG: [integrity] issue:apache/cloudstack#14235: author_association floor below writer (rank=2), checking collaborator permission for khumps +698µs
guard:wasm [guard:github] DEBUG: get_collaborator_permission: fetching permission for apache/cloudstack user khumps +330µs
guard:wasm [guard:github] INFO: >>> call_backend: tool=get_collaborator_permission +380µs
guard:wasm [guard:github] DEBUG:     args={"owner":"apache","repo":"cloudstack","username":"khumps"} +350µs
guard:wasm WASM guard calling backend: tool=get_collaborator_permission +348µs
envutil:github Looking up GitHub token: checking 4 candidate env vars +220ms
envutil:github GitHub token found: source=GITHUB_MCP_SERVER_TOKEN +314µs
envutil:github GitHub API URL using default:  +330µs
envutil:github Deriving API URL from server URL: https://github.com +362µs
envutil:github GitHub.com detected, using default API URL: https://api.github.com +326µs
envutil:github GitHub API URL derived from GITHUB_SERVER_URL=https://github.com: https://api.github.com +383µs
httputil:collaborator_permission FetchCollaboratorPermission: owner=apache, repo=cloudstack, username=khumps, apiPath=/repos/apache/cloudstack/collaborators/khumps/permission +26ms
server:unified get_collaborator_permission: GET /repos/apache/cloudstack/collaborators/khumps/permission (for apache/cloudstack user khumps) +12ms
httputil:httputil GitHub GET: baseURL="https://api.github.com", path="/repos/apache/cloudstack/collaborators/khumps/permission", hasAuth=true +27ms
httputil:httputil Applying GitHub API headers: method="GET", path="/repos/apache/cloudstack/collaborators/khumps/permission", hasAuth=true +360µs
httputil:httputil GitHub GET response: path="/repos/apache/cloudstack/collaborators/khumps/permission", status=200 +217ms
httputil:collaborator_permission FetchCollaboratorPermission: response received: status=200, bodyLen=1061 +219ms
server:unified get_collaborator_permission: apache/cloudstack user khumps → permission="read" (HTTP 200) +219ms
guard:wasm [guard:github] INFO: <<< call_backend returned 1198 bytes +222ms
guard:wasm [guard:github] DEBUG: extract_mcp_response: top-level keys=["content"] +380µs
guard:wasm [guard:github] DEBUG: extract_mcp_response: found content array with 1 items +346µs
guard:wasm [guard:github] DEBUG: extract_mcp_response: found text field, len=1061 +357µs
guard:wasm [guard:github] DEBUG: extract_mcp_response: parsed content[0].text as JSON +432µs
guard:wasm [guard:github] INFO: get_collaborator_permission: apache/cloudstack user khumps → permission=Some("read") login=Some("khumps") +413µs
guard:wasm [guard:github] DEBUG: [integrity] issue:apache/cloudstack#14235: collaborator permission=Some("read") → merged rank=2 +389µs
guard:wasm [guard:github] DEBUG: Checking repo visibility for apache/cloudstack +355µs
guard:wasm [guard:github] INFO: >>> call_backend: tool=search_repositories +391µs
guard:wasm [guard:github] DEBUG:     args={"perPage":10,"query":"repo:apache/cloudstack"} +447µs
guard:wasm WASM guard calling backend: tool=search_repositories +337µs
server:unified [DIFC] Guard calling backend github tool search_repositories for metadata +4ms
server:unified executeBackendToolCall: serverID=github, toolName=search_repositories +341µs
launcher:launcher Checking session pool: serverID=github, sessionID=gUzHgIR4XIg9fTU5L58cfhq5EVGKh7agQezXfd38OSpm515oZDB6sH8jl +236ms
launcher:pool Reusing connection: backend=github, session=gUzHgIR4XIg9fTU5L58cfhq5EVGKh7agQezXfd38OSpm515oZDB6sH8jl, requests=95 +236ms
mcp:connection Dispatching SDK method: tools/call, serverID=github +236ms
mcp:connection callTool: parsed name=search_repositories, argumentCount=2 +366µs
guard:wasm Backend call failed: calling "tools/call": unknown tool "search_repositories" +6ms
guard:wasm [guard:github] ERROR: <<< call_backend FAILED with code -1 +392µs
guard:wasm [guard:github] WARN: Backend call search_repositories failed with code -1 +685µs
guard:wasm [guard:github] DEBUG: Checking repo visibility for apache/cloudstack +714µs
guard:wasm [guard:github] INFO: >>> call_backend: tool=search_repositories +402µs
guard:wasm [guard:github] DEBUG:     args={"perPage":10,"query":"repo:apache/cloudstack"} +314µs
guard:wasm WASM guard calling backend: tool=search_repositories +325µs
server:unified [DIFC] Guard calling backend github tool search_repositories for metadata +9ms
server:unified executeBackendToolCall: serverID=github, toolName=search_repositories +303µs
launcher:launcher Checking session pool: serverID=github, sessionID=gUzHgIR4XIg9fTU5L58cfhq5EVGKh7agQezXfd38OSpm515oZDB6sH8jl +9ms
launcher:pool Reusing connection: backend=github, session=gUzHgIR4XIg9fTU5L58cfhq5EVGKh7agQezXfd38OSpm515oZDB6sH8jl, requests=96 +9ms
mcp:connection Dispatching SDK method: tools/call, serverID=github +8ms
mcp:connection callTool: parsed name=search_repositories, argumentCount=2 +381µs
guard:wasm Backend call failed: calling "tools/call": unknown tool "search_repositories" +6ms
guard:wasm [guard:github] ERROR: <<< call_backend FAILED with code -1 +355µs
guard:wasm [guard:github] WARN: Backend call search_repositories failed with code -1 +637µs
guard:wasm [guard:github] DEBUG: Checking repo visibility for apache/cloudstack +665µs
guard:wasm [guard:github] INFO: >>> call_backend: tool=search_repositories +433µs
guard:wasm [guard:github] DEBUG:     args={"perPage":10,"query":"repo:apache/cloudstack"} +409µs
guard:wasm WASM guard calling backend: tool=search_repositories +343µs
server:unified [DIFC] Guard calling backend github tool search_repositories for metadata +9ms
server:unified executeBackendToolCall: serverID=github, toolName=search_repositories +394µs
launcher:launcher Checking session pool: serverID=github, sessionID=gUzHgIR4XIg9fTU5L58cfhq5EVGKh7agQezXfd38OSpm515oZDB6sH8jl +9ms
launcher:pool Reusing connection: backend=github, session=gUzHgIR4XIg9fTU5L58cfhq5EVGKh7agQezXfd38OSpm515oZDB6sH8jl, requests=97 +9ms
mcp:connection Dispatching SDK method: tools/call, serverID=github +9ms
mcp:connection callTool: parsed name=search_repositories, argumentCount=2 +336µs
guard:wasm Backend call failed: calling "tools/call": unknown tool "search_repositories" +6ms
guard:wasm [guard:github] ERROR: <<< call_backend FAILED with code -1 +309µs
guard:wasm [guard:github] WARN: Backend call search_repositories failed with code -1 +614µs
guard:wasm [guard:github] DEBUG: Checking repo visibility for apache/cloudstack +705µs
guard:wasm [guard:github] INFO: >>> call_backend: tool=search_repositories +367µs
guard:wasm [guard:github] DEBUG:     args={"perPage":10,"query":"repo:apache/cloudstack"} +343µs
guard:wasm WASM guard calling backend: tool=search_repositories +327µs
server:unified [DIFC] Guard calling backend github tool search_repositories for metadata +8ms
server:unified executeBackendToolCall: serverID=github, toolName=search_repositories +306µs
launcher:launcher Checking session pool: serverID=github, sessionID=gUzHgIR4XIg9fTU5L58cfhq5EVGKh7agQezXfd38OSpm515oZDB6sH8jl +9ms
launcher:pool Reusing connection: backend=github, session=gUzHgIR4XIg9fTU5L58cfhq5EVGKh7agQezXfd38OSpm515oZDB6sH8jl, requests=98 +9ms
mcp:connection Dispatching SDK method: tools/call, serverID=github +8ms
mcp:connection callTool: parsed name=search_repositories, argumentCount=2 +376µs
guard:wasm Backend call failed: calling "tools/call": unknown tool "search_repositories" +6ms
guard:wasm [guard:github] ERROR: <<< call_backend FAILED with code -1 +355µs
guard:wasm [guard:github] WARN: Backend call search_repositories failed with code -1 +661µs
guard:wasm [guard:github] DEBUG: [integrity] issue:apache/cloudstack#14230: author_association floor below writer (rank=2), checking collaborator permission for durdin85 +788µs
guard:wasm [guard:github] DEBUG: get_collaborator_permission: fetching permission for apache/cloudstack user durdin85 +380µs
guard:wasm [guard:github] INFO: >>> call_backend: tool=get_collaborator_permission +444µs
guard:wasm [guard:github] DEBUG:     args={"owner":"apache","repo":"cloudstack","username":"durdin85"} +334µs
guard:wasm WASM guard calling backend: tool=get_collaborator_permission +349µs
envutil:github Looking up GitHub token: checking 4 candidate env vars +262ms
envutil:github GitHub token found: source=GITHUB_MCP_SERVER_TOKEN +345µs
envutil:github GitHub API URL using default:  +374µs
envutil:github Deriving API URL from server URL: https://github.com +367µs
envutil:github GitHub.com detected, using default API URL: https://api.github.com +325µs
envutil:github GitHub API URL derived from GITHUB_SERVER_URL=https://github.com: https://api.github.com +363µs
httputil:collaborator_permission FetchCollaboratorPermission: owner=apache, repo=cloudstack, username=durdin85, apiPath=/repos/apache/cloudstack/collaborators/durdin85/permission +45ms
server:unified get_collaborator_permission: GET /repos/apache/cloudstack/collaborators/durdin85/permission (for apache/cloudstack user durdin85) +12ms
httputil:httputil GitHub GET: baseURL="https://api.github.com", path="/repos/apache/cloudstack/collaborators/durdin85/permission", hasAuth=true +46ms
httputil:httputil Applying GitHub API headers: method="GET", path="/repos/apache/cloudstack/collaborators/durdin85/permission", hasAuth=true +316µs
httputil:httputil GitHub GET response: path="/repos/apache/cloudstack/collaborators/durdin85/permission", status=200 +193ms
httputil:collaborator_permission FetchCollaboratorPermission: response received: status=200, bodyLen=1085 +195ms
server:unified get_collaborator_permission: apache/cloudstack user durdin85 → permission="read" (HTTP 200) +195ms
guard:wasm [guard:github] INFO: <<< call_backend returned 1222 bytes +198ms
guard:wasm [guard:github] DEBUG: extract_mcp_response: top-level keys=["content"] +504µs
guard:wasm [guard:github] DEBUG: extract_mcp_response: found content array with 1 items +376µs
guard:wasm [guard:github] DEBUG: extract_mcp_response: found text field, len=1085 +335µs
guard:wasm [guard:github] DEBUG: extract_mcp_response: parsed content[0].text as JSON +409µs
guard:wasm [guard:github] INFO: get_collaborator_permission: apache/cloudstack user durdin85 → permission=Some("read") login=Some("durdin85") +430µs
guard:wasm [guard:github] DEBUG: [integrity] issue:apache/cloudstack#14230: collaborator permission=Some("read") → merged rank=2 +382µs
guard:wasm [guard:github] DEBUG: Checking repo visibility for apache/cloudstack +385µs
guard:wasm [guard:github] INFO: >>> call_backend: tool=search_repositories +405µs
guard:wasm [guard:github] DEBUG:     args={"perPage":10,"query":"repo:apache/cloudstack"} +385µs
guard:wasm WASM guard calling backend: tool=search_repositories +350µs
server:unified [DIFC] Guard calling backend github tool search_repositories for metadata +4ms
server:unified executeBackendToolCall: serverID=github, toolName=search_repositories +308µs
launcher:launcher Checking session pool: serverID=github, sessionID=gUzHgIR4XIg9fTU5L58cfhq5EVGKh7agQezXfd38OSpm515oZDB6sH8jl +212ms
launcher:pool Reusing connection: backend=github, session=gUzHgIR4XIg9fTU5L58cfhq5EVGKh7agQezXfd38OSpm515oZDB6sH8jl, requests=99 +212ms
mcp:connection Dispatching SDK method: tools/call, serverID=github +212ms
mcp:connection callTool: parsed name=search_repositories, argumentCount=2 +333µs
guard:wasm Backend call failed: calling "tools/call": unknown tool "search_repositories" +6ms
guard:wasm [guard:github] ERROR: <<< call_backend FAILED with code -1 +366µs
guard:wasm [guard:github] WARN: Backend call search_repositories failed with code -1 +709µs
guard:wasm [guard:github] DEBUG: Checking repo visibility for apache/cloudstack +729µs
guard:wasm [guard:github] INFO: >>> call_backend: tool=search_repositories +407µs
guard:wasm [guard:github] DEBUG:     args={"perPage":10,"query":"repo:apache/cloudstack"} +370µs
guard:wasm WASM guard calling backend: tool=search_repositories +327µs
server:unified [DIFC] Guard calling backend github tool search_repositories for metadata +8ms
server:unified executeBackendToolCall: serverID=github, toolName=search_repositories +379µs
launcher:launcher Checking session pool: serverID=github, sessionID=gUzHgIR4XIg9fTU5L58cfhq5EVGKh7agQezXfd38OSpm515oZDB6sH8jl +9ms
launcher:pool Reusing connection: backend=github, session=gUzHgIR4XIg9fTU5L58cfhq5EVGKh7agQezXfd38OSpm515oZDB6sH8jl, requests=100 +9ms
mcp:connection Dispatching SDK method: tools/call, serverID=github +9ms
mcp:connection callTool: parsed name=search_repositories, argumentCount=2 +336µs
guard:wasm Backend call failed: calling "tools/call": unknown tool "search_repositories" +6ms
guard:wasm [guard:github] ERROR: <<< call_backend FAILED with code -1 +367µs
guard:wasm [guard:github] WARN: Backend call search_repositories failed with code -1 +673µs
guard:wasm [guard:github] DEBUG: [integrity] issue:apache/cloudstack#14228: author_association floor below writer (rank=2), checking collaborator permission for agronaught +682µs
guard:wasm [guard:github] DEBUG: get_collaborator_permission: fetching permission for apache/cloudstack user agronaught +374µs
guard:wasm [guard:github] INFO: >>> call_backend: tool=get_collaborator_permission +402µs
guard:wasm [guard:github] DEBUG:     args={"owner":"apache","repo":"cloudstack","username":"agronaught"} +327µs
guard:wasm WASM guard calling backend: tool=get_collaborator_permission +354µs
envutil:github Looking up GitHub token: checking 4 candidate env vars +219ms
envutil:github GitHub token found: source=GITHUB_MCP_SERVER_TOKEN +363µs
envutil:github GitHub API URL using default:  +316µs
envutil:github Deriving API URL from server URL: https://github.com +315µs
envutil:github GitHub.com detected, using default API URL: https://api.github.com +313µs
envutil:github GitHub API URL derived from GITHUB_SERVER_URL=https://github.com: https://api.github.com +315µs
httputil:collaborator_permission FetchCollaboratorPermission: owner=apache, repo=cloudstack, username=agronaught, apiPath=/repos/apache/cloudstack/collaborators/agronaught/permission +26ms
server:unified get_collaborator_permission: GET /repos/apache/cloudstack/collaborators/agronaught/permission (for apache/cloudstack user agronaught) +11ms
httputil:httputil GitHub GET: baseURL="https://api.github.com", path="/repos/apache/cloudstack/collaborators/agronaught/permission", hasAuth=true +27ms
httputil:httputil Applying GitHub API headers: method="GET", path="/repos/apache/cloudstack/collaborators/agronaught/permission", hasAuth=true +322µs
httputil:httputil GitHub GET response: path="/repos/apache/cloudstack/collaborators/agronaught/permission", status=200 +270ms
httputil:collaborator_permission FetchCollaboratorPermission: response received: status=200, bodyLen=1107 +272ms
server:unified get_collaborator_permission: apache/cloudstack user agronaught → permission="read" (HTTP 200) +273ms
guard:wasm [guard:github] INFO: <<< call_backend returned 1244 bytes +276ms
guard:wasm [guard:github] DEBUG: extract_mcp_response: top-level keys=["content"] +482µs
guard:wasm [guard:github] DEBUG: extract_mcp_response: found content array with 1 items +380µs
guard:wasm [guard:github] DEBUG: extract_mcp_response: found text field, len=1107 +329µs
guard:wasm [guard:github] DEBUG: extract_mcp_response: parsed content[0].text as JSON +378µs
guard:wasm [guard:github] INFO: get_collaborator_permission: apache/cloudstack user agronaught → permission=Some("read") login=Some("agronaught") +371µs
guard:wasm [guard:github] DEBUG: [integrity] issue:apache/cloudstack#14228: collaborator permission=Some("read") → merged rank=2 +401µs
guard:wasm [guard:github] DEBUG: Checking repo visibility for apache/cloudstack +339µs
guard:wasm [guard:github] INFO: >>> call_backend: tool=search_repositories +397µs
guard:wasm [guard:github] DEBUG:     args={"perPage":10,"query":"repo:apache/cloudstack"} +298µs
guard:wasm WASM guard calling backend: tool=search_repositories +346µs
server:unified [DIFC] Guard calling backend github tool search_repositories for metadata +4ms
server:unified executeBackendToolCall: serverID=github, toolName=search_repositories +313µs
launcher:launcher Checking session pool: serverID=github, sessionID=gUzHgIR4XIg9fTU5L58cfhq5EVGKh7agQezXfd38OSpm515oZDB6sH8jl +289ms
launcher:pool Reusing connection: backend=github, session=gUzHgIR4XIg9fTU5L58cfhq5EVGKh7agQezXfd38OSpm515oZDB6sH8jl, requests=101 +289ms
mcp:connection Dispatching SDK method: tools/call, serverID=github +289ms
mcp:connection callTool: parsed name=search_repositories, argumentCount=2 +356µs
guard:wasm Backend call failed: calling "tools/call": unknown tool "search_repositories" +7ms
guard:wasm [guard:github] ERROR: <<< call_backend FAILED with code -1 +389µs
guard:wasm [guard:github] WARN: Backend call search_repositories failed with code -1 +712µs
guard:wasm [guard:github] DEBUG: Checking repo visibility for apache/cloudstack +649µs
guard:wasm [guard:github] INFO: >>> call_backend: tool=search_repositories +407µs
guard:wasm [guard:github] DEBUG:     args={"perPage":10,"query":"repo:apache/cloudstack"} +318µs
guard:wasm WASM guard calling backend: tool=search_repositories +337µs
server:unified [DIFC] Guard calling backend github tool search_repositories for metadata +10ms
server:unified executeBackendToolCall: serverID=github, toolName=search_repositories +445µs
launcher:launcher Checking session pool: serverID=github, sessionID=gUzHgIR4XIg9fTU5L58cfhq5EVGKh7agQezXfd38OSpm515oZDB6sH8jl +10ms
launcher:pool Reusing connection: backend=github, session=gUzHgIR4XIg9fTU5L58cfhq5EVGKh7agQezXfd38OSpm515oZDB6sH8jl, requests=102 +10ms
mcp:connection Dispatching SDK method: tools/call, serverID=github +10ms
mcp:connection callTool: parsed name=search_repositories, argumentCount=2 +582µs
guard:wasm Backend call failed: calling "tools/call": unknown tool "search_repositories" +7ms
guard:wasm [guard:github] ERROR: <<< call_backend FAILED with code -1 +369µs
guard:wasm [guard:github] WARN: Backend call search_repositories failed with code -1 +630µs
guard:wasm [guard:github] DEBUG: [integrity] issue:apache/cloudstack#14227: author_association floor below writer (rank=2), checking collaborator permission for itobin +676µs
guard:wasm [guard:github] DEBUG: get_collaborator_permission: fetching permission for apache/cloudstack user itobin +329µs
guard:wasm [guard:github] INFO: >>> call_backend: tool=get_collaborator_permission +369µs
guard:wasm [guard:github] DEBUG:     args={"owner":"apache","repo":"cloudstack","username":"itobin"} +364µs
guard:wasm WASM guard calling backend: tool=get_collaborator_permission +382µs
envutil:github Looking up GitHub token: checking 4 candidate env vars +299ms
envutil:github GitHub token found: source=GITHUB_MCP_SERVER_TOKEN +339µs
envutil:github GitHub API URL using default:  +298µs
envutil:github Deriving API URL from server URL: https://github.com +310µs
envutil:github GitHub.com detected, using default API URL: https://api.github.com +335µs
envutil:github GitHub API URL derived from GITHUB_SERVER_URL=https://github.com: https://api.github.com +344µs
httputil:collaborator_permission FetchCollaboratorPermission: owner=apache, repo=cloudstack, username=itobin, apiPath=/repos/apache/cloudstack/collaborators/itobin/permission +28ms
server:unified get_collaborator_permission: GET /repos/apache/cloudstack/collaborators/itobin/permission (for apache/cloudstack user itobin) +12ms
httputil:httputil GitHub GET: baseURL="https://api.github.com", path="/repos/apache/cloudstack/collaborators/itobin/permission", hasAuth=true +30ms
httputil:httputil Applying GitHub API headers: method="GET", path="/repos/apache/cloudstack/collaborators/itobin/permission", hasAuth=true +353µs
httputil:httputil GitHub GET response: path="/repos/apache/cloudstack/collaborators/itobin/permission", status=200 +255ms
httputil:collaborator_permission FetchCollaboratorPermission: response received: status=200, bodyLen=1057 +257ms
server:unified get_collaborator_permission: apache/cloudstack user itobin → permission="read" (HTTP 200) +257ms
guard:wasm [guard:github] INFO: <<< call_backend returned 1194 bytes +280ms
guard:wasm [guard:github] DEBUG: extract_mcp_response: top-level keys=["content"] +500µs
guard:wasm [guard:github] DEBUG: extract_mcp_response: found content array with 1 items +372µs
guard:wasm [guard:github] DEBUG: extract_mcp_response: found text field, len=1057 +381µs
guard:wasm [guard:github] DEBUG: extract_mcp_response: parsed content[0].text as JSON +389µs
guard:wasm [guard:github] INFO: get_collaborator_permission: apache/cloudstack user itobin → permission=Some("read") login=Some("itobin") +334µs
guard:wasm [guard:github] DEBUG: [integrity] issue:apache/cloudstack#14227: collaborator permission=Some("read") → merged rank=2 +359µs
guard:wasm [guard:github] DEBUG: Checking repo visibility for apache/cloudstack +355µs
guard:wasm [guard:github] INFO: >>> call_backend: tool=search_repositories +385µs
guard:wasm [guard:github] DEBUG:     args={"perPage":10,"query":"repo:apache/cloudstack"} +333µs
guard:wasm WASM guard calling backend: tool=search_repositories +380µs
server:unified [DIFC] Guard calling backend github tool search_repositories for metadata +24ms
server:unified executeBackendToolCall: serverID=github, toolName=search_repositories +322µs
launcher:launcher Checking session pool: serverID=github, sessionID=gUzHgIR4XIg9fTU5L58cfhq5EVGKh7agQezXfd38OSpm515oZDB6sH8jl +295ms
launcher:pool Reusing connection: backend=github, session=gUzHgIR4XIg9fTU5L58cfhq5EVGKh7agQezXfd38OSpm515oZDB6sH8jl, requests=103 +295ms
mcp:connection Dispatching SDK method: tools/call, serverID=github +294ms
mcp:connection callTool: parsed name=search_repositories, argumentCount=2 +389µs
guard:wasm Backend call failed: calling "tools/call": unknown tool "search_repositories" +7ms
guard:wasm [guard:github] ERROR: <<< call_backend FAILED with code -1 +449µs
guard:wasm [guard:github] WARN: Backend call search_repositories failed with code -1 +814µs
guard:wasm [guard:github] DEBUG: Checking repo visibility for apache/cloudstack +766µs
guard:wasm [guard:github] INFO: >>> call_backend: tool=search_repositories +468µs
guard:wasm [guard:github] DEBUG:     args={"perPage":10,"query":"repo:apache/cloudstack"} +359µs
guard:wasm WASM guard calling backend: tool=search_repositories +424µs
server:unified [DIFC] Guard calling backend github tool search_repositories for metadata +10ms
server:unified executeBackendToolCall: serverID=github, toolName=search_repositories +353µs
launcher:launcher Checking session pool: serverID=github, sessionID=gUzHgIR4XIg9fTU5L58cfhq5EVGKh7agQezXfd38OSpm515oZDB6sH8jl +10ms
launcher:pool Reusing connection: backend=github, session=gUzHgIR4XIg9fTU5L58cfhq5EVGKh7agQezXfd38OSpm515oZDB6sH8jl, requests=104 +10ms
mcp:connection Dispatching SDK method: tools/call, serverID=github +9ms
mcp:connection callTool: parsed name=search_repositories, argumentCount=2 +366µs
guard:wasm Backend call failed: calling "tools/call": unknown tool "search_repositories" +6ms
guard:wasm [guard:github] ERROR: <<< call_backend FAILED with code -1 +321µs
guard:wasm [guard:github] WARN: Backend call search_repositories failed with code -1 +650µs
guard:wasm [guard:github] DEBUG: [integrity] issue:apache/cloudstack#14222: author_association floor below writer (rank=2), checking collaborator permission for sathvikaragi +673µs
guard:wasm [guard:github] DEBUG: get_collaborator_permission: fetching permission for apache/cloudstack user sathvikaragi +354µs
guard:wasm [guard:github] INFO: >>> call_backend: tool=get_collaborator_permission +430µs
guard:wasm [guard:github] DEBUG:     args={"owner":"apache","repo":"cloudstack","username":"sathvikaragi"} +348µs
guard:wasm WASM guard calling backend: tool=get_collaborator_permission +358µs
envutil:github Looking up GitHub token: checking 4 candidate env vars +302ms
envutil:github GitHub token found: source=GITHUB_MCP_SERVER_TOKEN +339µs
envutil:github GitHub API URL using default:  +323µs
envutil:github Deriving API URL from server URL: https://github.com +337µs
envutil:github GitHub.com detected, using default API URL: https://api.github.com +312µs
envutil:github GitHub API URL derived from GITHUB_SERVER_URL=https://github.com: https://api.github.com +346µs
httputil:collaborator_permission FetchCollaboratorPermission: owner=apache, repo=cloudstack, username=sathvikaragi, apiPath=/repos/apache/cloudstack/collaborators/sathvikaragi/permission +46ms
server:unified get_collaborator_permission: GET /repos/apache/cloudstack/collaborators/sathvikaragi/permission (for apache/cloudstack user sathvikaragi) +11ms
httputil:httputil GitHub GET: baseURL="https://api.github.com", path="/repos/apache/cloudstack/collaborators/sathvikaragi/permission", hasAuth=true +48ms
httputil:httputil Applying GitHub API headers: method="GET", path="/repos/apache/cloudstack/collaborators/sathvikaragi/permission", hasAuth=true +375µs
httputil:httputil GitHub GET response: path="/repos/apache/cloudstack/collaborators/sathvikaragi/permission", status=200 +201ms
httputil:collaborator_permission FetchCollaboratorPermission: response received: status=200, bodyLen=1129 +203ms
server:unified get_collaborator_permission: apache/cloudstack user sathvikaragi → permission="read" (HTTP 200) +204ms
guard:wasm [guard:github] INFO: <<< call_backend returned 1266 bytes +207ms
guard:wasm [guard:github] DEBUG: extract_mcp_response: top-level keys=["content"] +447µs
guard:wasm [guard:github] DEBUG: extract_mcp_response: found content array with 1 items +362µs
guard:wasm [guard:github] DEBUG: extract_mcp_response: found text field, len=1129 +382µs
guard:wasm [guard:github] DEBUG: extract_mcp_response: parsed content[0].text as JSON +385µs
guard:wasm [guard:github] INFO: get_collaborator_permission: apache/cloudstack user sathvikaragi → permission=Some("read") login=Some("sathvikaragi") +406µs
guard:wasm [guard:github] DEBUG: [integrity] issue:apache/cloudstack#14222: collaborator permission=Some("read") → merged rank=2 +381µs
guard:wasm [guard:github] DEBUG: Checking repo visibility for apache/cloudstack +396µs
guard:wasm [guard:github] INFO: >>> call_backend: tool=search_repositories +465µs
guard:wasm [guard:github] DEBUG:     args={"perPage":10,"query":"repo:apache/cloudstack"} +339µs
guard:wasm WASM guard calling backend: tool=search_repositories +325µs
server:unified [DIFC] Guard calling backend github tool search_repositories for metadata +4ms
server:unified executeBackendToolCall: serverID=github, toolName=search_repositories +324µs
launcher:launcher Checking session pool: serverID=github, sessionID=gUzHgIR4XIg9fTU5L58cfhq5EVGKh7agQezXfd38OSpm515oZDB6sH8jl +220ms
launcher:pool Reusing connection: backend=github, session=gUzHgIR4XIg9fTU5L58cfhq5EVGKh7agQezXfd38OSpm515oZDB6sH8jl, requests=105 +220ms
mcp:connection Dispatching SDK method: tools/call, serverID=github +220ms
mcp:connection callTool: parsed name=search_repositories, argumentCount=2 +348µs
guard:wasm Backend call failed: calling "tools/call": unknown tool "search_repositories" +6ms
guard:wasm [guard:github] ERROR: <<< call_backend FAILED with code -1 +366µs
guard:wasm [guard:github] WARN: Backend call search_repositories failed with code -1 +614µs
guard:wasm [guard:github] DEBUG: Checking repo visibility for apache/cloudstack +745µs
guard:wasm [guard:github] INFO: >>> call_backend: tool=search_repositories +419µs
guard:wasm [guard:github] DEBUG:     args={"perPage":10,"query":"repo:apache/cloudstack"} +321µs
guard:wasm WASM guard calling backend: tool=search_repositories +309µs
server:unified [DIFC] Guard calling backend github tool search_repositories for metadata +8ms
server:unified executeBackendToolCall: serverID=github, toolName=search_repositories +346µs
launcher:launcher Checking session pool: serverID=github, sessionID=gUzHgIR4XIg9fTU5L58cfhq5EVGKh7agQezXfd38OSpm515oZDB6sH8jl +9ms
launcher:pool Reusing connection: backend=github, session=gUzHgIR4XIg9fTU5L58cfhq5EVGKh7agQezXfd38OSpm515oZDB6sH8jl, requests=106 +9ms
mcp:connection Dispatching SDK method: tools/call, serverID=github +8ms
mcp:connection callTool: parsed name=search_repositories, argumentCount=2 +370µs
guard:wasm Backend call failed: calling "tools/call": unknown tool "search_repositories" +6ms
guard:wasm [guard:github] ERROR: <<< call_backend FAILED with code -1 +351µs
guard:wasm [guard:github] WARN: Backend call search_repositories failed with code -1 +702µs
guard:wasm [guard:github] DEBUG: [integrity] issue:apache/cloudstack#14221: author_association floor below writer (rank=2), checking collaborator permission for sathvikaragi +710µs
guard:wasm [guard:github] DEBUG: get_collaborator_permission: cache hit for apache/cloudstack user sathvikaragi → permission=Some("read") +329µs
guard:wasm [guard:github] DEBUG: [integrity] issue:apache/cloudstack#14221: collaborator permission=Some("read") → merged rank=2 +343µs
guard:wasm [guard:github] DEBUG: Checking repo visibility for apache/cloudstack +352µs
guard:wasm [guard:github] INFO: >>> call_backend: tool=search_repositories +445µs
guard:wasm [guard:github] DEBUG:     args={"perPage":10,"query":"repo:apache/cloudstack"} +335µs
guard:wasm WASM guard calling backend: tool=search_repositories +289µs
server:unified [DIFC] Guard calling backend github tool search_repositories for metadata +9ms
server:unified executeBackendToolCall: serverID=github, toolName=search_repositories +324µs
launcher:launcher Checking session pool: serverID=github, sessionID=gUzHgIR4XIg9fTU5L58cfhq5EVGKh7agQezXfd38OSpm515oZDB6sH8jl +10ms
launcher:pool Reusing connection: backend=github, session=gUzHgIR4XIg9fTU5L58cfhq5EVGKh7agQezXfd38OSpm515oZDB6sH8jl, requests=107 +10ms
mcp:connection Dispatching SDK method: tools/call, serverID=github +9ms
mcp:connection callTool: parsed name=search_repositories, argumentCount=2 +363µs
guard:wasm Backend call failed: calling "tools/call": unknown tool "search_repositories" +6ms
guard:wasm [guard:github] ERROR: <<< call_backend FAILED with code -1 +351µs
guard:wasm [guard:github] WARN: Backend call search_repositories failed with code -1 +631µs
guard:wasm [guard:github] DEBUG: Checking repo visibility for apache/cloudstack +633µs
guard:wasm [guard:github] INFO: >>> call_backend: tool=search_repositories +398µs
guard:wasm [guard:github] DEBUG:     args={"perPage":10,"query":"repo:apache/cloudstack"} +330µs
guard:wasm WASM guard calling backend: tool=search_repositories +309µs
server:unified [DIFC] Guard calling backend github tool search_repositories for metadata +8ms
server:unified executeBackendToolCall: serverID=github, toolName=search_repositories +373µs
launcher:launcher Checking session pool: serverID=github, sessionID=gUzHgIR4XIg9fTU5L58cfhq5EVGKh7agQezXfd38OSpm515oZDB6sH8jl +9ms
launcher:pool Reusing connection: backend=github, session=gUzHgIR4XIg9fTU5L58cfhq5EVGKh7agQezXfd38OSpm515oZDB6sH8jl, requests=108 +9ms
mcp:connection Dispatching SDK method: tools/call, serverID=github +8ms
mcp:connection callTool: parsed name=search_repositories, argumentCount=2 +328µs
guard:wasm Backend call failed: calling "tools/call": unknown tool "search_repositories" +6ms
guard:wasm [guard:github] ERROR: <<< call_backend FAILED with code -1 +370µs
guard:wasm [guard:github] WARN: Backend call search_repositories failed with code -1 +644µs
guard:wasm [guard:github] DEBUG: [integrity] issue:apache/cloudstack#14218: author_association floor below writer (rank=2), checking collaborator permission for Pearl1594 +641µs
guard:wasm [guard:github] DEBUG: get_collaborator_permission: fetching permission for apache/cloudstack user Pearl1594 +345µs
guard:wasm [guard:github] INFO: >>> call_backend: tool=get_collaborator_permission +496µs
guard:wasm [guard:github] DEBUG:     args={"owner":"apache","repo":"cloudstack","username":"Pearl1594"} +364µs
guard:wasm WASM guard calling backend: tool=get_collaborator_permission +348µs
envutil:github Looking up GitHub token: checking 4 candidate env vars +247ms
envutil:github GitHub token found: source=GITHUB_MCP_SERVER_TOKEN +316µs
envutil:github GitHub API URL using default:  +293µs
envutil:github Deriving API URL from server URL: https://github.com +355µs
envutil:github GitHub.com detected, using default API URL: https://api.github.com +331µs
envutil:github GitHub API URL derived from GITHUB_SERVER_URL=https://github.com: https://api.github.com +342µs
httputil:collaborator_permission FetchCollaboratorPermission: owner=apache, repo=cloudstack, username=Pearl1594, apiPath=/repos/apache/cloudstack/collaborators/Pearl1594/permission +45ms
server:unified get_collaborator_permission: GET /repos/apache/cloudstack/collaborators/Pearl1594/permission (for apache/cloudstack user Pearl1594) +11ms
httputil:httputil GitHub GET: baseURL="https://api.github.com", path="/repos/apache/cloudstack/collaborators/Pearl1594/permission", hasAuth=true +47ms
httputil:httputil Applying GitHub API headers: method="GET", path="/repos/apache/cloudstack/collaborators/Pearl1594/permission", hasAuth=true +362µs
httputil:httputil GitHub GET response: path="/repos/apache/cloudstack/collaborators/Pearl1594/permission", status=200 +258ms
httputil:collaborator_permission FetchCollaboratorPermission: response received: status=200, bodyLen=1100 +260ms
server:unified get_collaborator_permission: apache/cloudstack user Pearl1594 → permission="write" (HTTP 200) +261ms
guard:wasm [guard:github] INFO: <<< call_backend returned 1237 bytes +264ms
guard:wasm [guard:github] DEBUG: extract_mcp_response: top-level keys=["content"] +395µs
guard:wasm [guard:github] DEBUG: extract_mcp_response: found content array with 1 items +338µs
guard:wasm [guard:github] DEBUG: extract_mcp_response: found text field, len=1100 +345µs
guard:wasm [guard:github] DEBUG: extract_mcp_response: parsed content[0].text as JSON +411µs
guard:wasm [guard:github] INFO: get_collaborator_permission: apache/cloudstack user Pearl1594 → permission=Some("write") login=Some("Pearl1594") +321µs
guard:wasm [guard:github] DEBUG: [integrity] issue:apache/cloudstack#14218: collaborator permission=Some("write") → merged rank=3 +379µs
guard:wasm [guard:github] DEBUG: Checking repo visibility for apache/cloudstack +347µs
guard:wasm [guard:github] INFO: >>> call_backend: tool=search_repositories +362µs
guard:wasm [guard:github] DEBUG:     args={"perPage":10,"query":"repo:apache/cloudstack"} +337µs
guard:wasm WASM guard calling backend: tool=search_repositories +324µs
server:unified [DIFC] Guard calling backend github tool search_repositories for metadata +4ms
server:unified executeBackendToolCall: serverID=github, toolName=search_repositories +341µs
launcher:launcher Checking session pool: serverID=github, sessionID=gUzHgIR4XIg9fTU5L58cfhq5EVGKh7agQezXfd38OSpm515oZDB6sH8jl +277ms
launcher:pool Reusing connection: backend=github, session=gUzHgIR4XIg9fTU5L58cfhq5EVGKh7agQezXfd38OSpm515oZDB6sH8jl, requests=109 +277ms
mcp:connection Dispatching SDK method: tools/call, serverID=github +277ms
mcp:connection callTool: parsed name=search_repositories, argumentCount=2 +362µs
guard:wasm Backend call failed: calling "tools/call": unknown tool "search_repositories" +6ms
guard:wasm [guard:github] ERROR: <<< call_backend FAILED with code -1 +353µs
guard:wasm [guard:github] WARN: Backend call search_repositories failed with code -1 +650µs
guard:wasm [guard:github] DEBUG: Checking repo visibility for apache/cloudstack +684µs
guard:wasm [guard:github] INFO: >>> call_backend: tool=search_repositories +451µs
guard:wasm [guard:github] DEBUG:     args={"perPage":10,"query":"repo:apache/cloudstack"} +349µs
guard:wasm WASM guard calling backend: tool=search_repositories +385µs
server:unified [DIFC] Guard calling backend github tool search_repositories for metadata +9ms
server:unified executeBackendToolCall: serverID=github, toolName=search_repositories +324µs
launcher:launcher Checking session pool: serverID=github, sessionID=gUzHgIR4XIg9fTU5L58cfhq5EVGKh7agQezXfd38OSpm515oZDB6sH8jl +9ms
launcher:pool Reusing connection: backend=github, session=gUzHgIR4XIg9fTU5L58cfhq5EVGKh7agQezXfd38OSpm515oZDB6sH8jl, requests=110 +9ms
mcp:connection Dispatching SDK method: tools/call, serverID=github +8ms
mcp:connection callTool: parsed name=search_repositories, argumentCount=2 +381µs
guard:wasm Backend call failed: calling "tools/call": unknown tool "search_repositories" +6ms
guard:wasm [guard:github] ERROR: <<< call_backend FAILED with code -1 +326µs
guard:wasm [guard:github] WARN: Backend call search_repositories failed with code -1 +696µs
guard:wasm [guard:github] DEBUG: [integrity] issue:apache/cloudstack#14214: author_association floor below writer (rank=2), checking collaborator permission for dloszewski-cni +803µs
guard:wasm [guard:github] DEBUG: get_collaborator_permission: fetching permission for apache/cloudstack user dloszewski-cni +350µs
guard:wasm [guard:github] INFO: >>> call_backend: tool=get_collaborator_permission +391µs
guard:wasm [guard:github] DEBUG:     args={"owner":"apache","repo":"cloudstack","username":"dloszewski-cni"} +327µs
guard:wasm WASM guard calling backend: tool=get_collaborator_permission +340µs
envutil:github Looking up GitHub token: checking 4 candidate env vars +285ms
envutil:github GitHub token found: source=GITHUB_MCP_SERVER_TOKEN +295µs
envutil:github GitHub API URL using default:  +310µs
envutil:github Deriving API URL from server URL: https://github.com +305µs
envutil:github GitHub.com detected, using default API URL: https://api.github.com +311µs
envutil:github GitHub API URL derived from GITHUB_SERVER_URL=https://github.com: https://api.github.com +318µs
httputil:collaborator_permission FetchCollaboratorPermission: owner=apache, repo=cloudstack, username=dloszewski-cni, apiPath=/repos/apache/cloudstack/collaborators/dloszewski-cni/permission +25ms
server:unified get_collaborator_permission: GET /repos/apache/cloudstack/collaborators/dloszewski-cni/permission (for apache/cloudstack user dloszewski-cni) +11ms
httputil:httputil GitHub GET: baseURL="https://api.github.com", path="/repos/apache/cloudstack/collaborators/dloszewski-cni/permission", hasAuth=true +27ms
httputil:httputil Applying GitHub API headers: method="GET", path="/repos/apache/cloudstack/collaborators/dloszewski-cni/permission", hasAuth=true +332µs
httputil:httputil GitHub GET response: path="/repos/apache/cloudstack/collaborators/dloszewski-cni/permission", status=200 +196ms
httputil:collaborator_permission FetchCollaboratorPermission: response received: status=200, bodyLen=1153 +198ms
server:unified get_collaborator_permission: apache/cloudstack user dloszewski-cni → permission="read" (HTTP 200) +198ms
guard:wasm [guard:github] INFO: <<< call_backend returned 1290 bytes +201ms
guard:wasm [guard:github] DEBUG: extract_mcp_response: top-level keys=["content"] +422µs
guard:wasm [guard:github] DEBUG: extract_mcp_response: found content array with 1 items +353µs
guard:wasm [guard:github] DEBUG: extract_mcp_response: found text field, len=1153 +339µs
guard:wasm [guard:github] DEBUG: extract_mcp_response: parsed content[0].text as JSON +397µs
guard:wasm [guard:github] INFO: get_collaborator_permission: apache/cloudstack user dloszewski-cni → permission=Some("read") login=Some("dloszewski-cni") +337µs
guard:wasm [guard:github] DEBUG: [integrity] issue:apache/cloudstack#14214: collaborator permission=Some("read") → merged rank=2 +384µs
guard:wasm [guard:github] DEBUG: Checking repo visibility for apache/cloudstack +350µs
guard:wasm [guard:github] INFO: >>> call_backend: tool=search_repositories +410µs
guard:wasm [guard:github] DEBUG:     args={"perPage":10,"query":"repo:apache/cloudstack"} +319µs
guard:wasm WASM guard calling backend: tool=search_repositories +316µs
server:unified [DIFC] Guard calling backend github tool search_repositories for metadata +4ms
server:unified executeBackendToolCall: serverID=github, toolName=search_repositories +381µs
launcher:launcher Checking session pool: serverID=github, sessionID=gUzHgIR4XIg9fTU5L58cfhq5EVGKh7agQezXfd38OSpm515oZDB6sH8jl +214ms
launcher:pool Reusing connection: backend=github, session=gUzHgIR4XIg9fTU5L58cfhq5EVGKh7agQezXfd38OSpm515oZDB6sH8jl, requests=111 +214ms
mcp:connection Dispatching SDK method: tools/call, serverID=github +214ms
mcp:connection callTool: parsed name=search_repositories, argumentCount=2 +352µs
guard:wasm Backend call failed: calling "tools/call": unknown tool "search_repositories" +6ms
guard:wasm [guard:github] ERROR: <<< call_backend FAILED with code -1 +551µs
guard:wasm [guard:github] WARN: Backend call search_repositories failed with code -1 +851µs
guard:wasm [guard:github] DEBUG: Checking repo visibility for apache/cloudstack +1ms
guard:wasm [guard:github] INFO: >>> call_backend: tool=search_repositories +609µs
guard:wasm [guard:github] DEBUG:     args={"perPage":10,"query":"repo:apache/cloudstack"} +639µs
guard:wasm WASM guard calling backend: tool=search_repositories +428µs
server:unified [DIFC] Guard calling backend github tool search_repositories for metadata +10ms
server:unified executeBackendToolCall: serverID=github, toolName=search_repositories +412µs
launcher:launcher Checking session pool: serverID=github, sessionID=gUzHgIR4XIg9fTU5L58cfhq5EVGKh7agQezXfd38OSpm515oZDB6sH8jl +11ms
launcher:pool Reusing connection: backend=github, session=gUzHgIR4XIg9fTU5L58cfhq5EVGKh7agQezXfd38OSpm515oZDB6sH8jl, requests=112 +11ms
mcp:connection Dispatching SDK method: tools/call, serverID=github +11ms
mcp:connection callTool: parsed name=search_repositories, argumentCount=2 +376µs
guard:wasm Backend call failed: calling "tools/call": unknown tool "search_repositories" +7ms
guard:wasm [guard:github] ERROR: <<< call_backend FAILED with code -1 +435µs
guard:wasm [guard:github] WARN: Backend call search_repositories failed with code -1 +953µs
guard:wasm [guard:github] DEBUG: [integrity] issue:apache/cloudstack#14213: author_association floor below writer (rank=2), checking collaborator permission for andrijapanicsb +790µs
guard:wasm [guard:github] DEBUG: get_collaborator_permission: cache hit for apache/cloudstack user andrijapanicsb → permission=Some("write") +391µs
guard:wasm [guard:github] DEBUG: [integrity] issue:apache/cloudstack#14213: collaborator permission=Some("write") → merged rank=3 +379µs
guard:wasm [guard:github] DEBUG: Checking repo visibility for apache/cloudstack +477µs
guard:wasm [guard:github] INFO: >>> call_backend: tool=search_repositories +589µs
guard:wasm [guard:github] DEBUG:     args={"perPage":10,"query":"repo:apache/cloudstack"} +425µs
guard:wasm WASM guard calling backend: tool=search_repositories +446µs
server:unified [DIFC] Guard calling backend github tool search_repositories for metadata +12ms
server:unified executeBackendToolCall: serverID=github, toolName=search_repositories +377µs
launcher:launcher Checking session pool: serverID=github, sessionID=gUzHgIR4XIg9fTU5L58cfhq5EVGKh7agQezXfd38OSpm515oZDB6sH8jl +12ms
launcher:pool Reusing connection: backend=github, session=gUzHgIR4XIg9fTU5L58cfhq5EVGKh7agQezXfd38OSpm515oZDB6sH8jl, requests=113 +12ms
mcp:connection Dispatching SDK method: tools/call, serverID=github +12ms
mcp:connection callTool: parsed name=search_repositories, argumentCount=2 +342µs
guard:wasm Backend call failed: calling "tools/call": unknown tool "search_repositories" +7ms
guard:wasm [guard:github] ERROR: <<< call_backend FAILED with code -1 +333µs
guard:wasm [guard:github] WARN: Backend call search_repositories failed with code -1 +657µs
guard:wasm [guard:github] DEBUG: Checking repo visibility for apache/cloudstack +641µs
guard:wasm [guard:github] INFO: >>> call_backend: tool=search_repositories +383µs
guard:wasm [guard:github] DEBUG:     args={"perPage":10,"query":"repo:apache/cloudstack"} +295µs
guard:wasm WASM guard calling backend: tool=search_repositories +328µs
server:unified [DIFC] Guard calling backend github tool search_repositories for metadata +9ms
server:unified executeBackendToolCall: serverID=github, toolName=search_repositories +299µs
launcher:launcher Checking session pool: serverID=github, sessionID=gUzHgIR4XIg9fTU5L58cfhq5EVGKh7agQezXfd38OSpm515oZDB6sH8jl +10ms
launcher:pool Reusing connection: backend=github, session=gUzHgIR4XIg9fTU5L58cfhq5EVGKh7agQezXfd38OSpm515oZDB6sH8jl, requests=114 +9ms
mcp:connection Dispatching SDK method: tools/call, serverID=github +8ms
mcp:connection callTool: parsed name=search_repositories, argumentCount=2 +340µs
guard:wasm Backend call failed: calling "tools/call": unknown tool "search_repositories" +6ms
guard:wasm [guard:github] ERROR: <<< call_backend FAILED with code -1 +399µs
guard:wasm [guard:github] WARN: Backend call search_repositories failed with code -1 +738µs
guard:wasm [guard:github] DEBUG: [integrity] issue:apache/cloudstack#14212: author_association floor below writer (rank=2), checking collaborator permission for andrijapanicsb +686µs
guard:wasm [guard:github] DEBUG: get_collaborator_permission: cache hit for apache/cloudstack user andrijapanicsb → permission=Some("write") +444µs
guard:wasm [guard:github] DEBUG: [integrity] issue:apache/cloudstack#14212: collaborator permission=Some("write") → merged rank=3 +430µs
guard:wasm [guard:github] DEBUG: Checking repo visibility for apache/cloudstack +372µs
guard:wasm [guard:github] INFO: >>> call_backend: tool=search_repositories +446µs
guard:wasm [guard:github] DEBUG:     args={"perPage":10,"query":"repo:apache/cloudstack"} +637µs
guard:wasm WASM guard calling backend: tool=search_repositories +348µs
server:unified [DIFC] Guard calling backend github tool search_repositories for metadata +10ms
server:unified executeBackendToolCall: serverID=github, toolName=search_repositories +287µs
launcher:launcher Checking session pool: serverID=github, sessionID=gUzHgIR4XIg9fTU5L58cfhq5EVGKh7agQezXfd38OSpm515oZDB6sH8jl +11ms
launcher:pool Reusing connection: backend=github, session=gUzHgIR4XIg9fTU5L58cfhq5EVGKh7agQezXfd38OSpm515oZDB6sH8jl, requests=115 +11ms
mcp:connection Dispatching SDK method: tools/call, serverID=github +10ms
mcp:connection callTool: parsed name=search_repositories, argumentCount=2 +403µs
guard:wasm Backend call failed: calling "tools/call": unknown tool "search_repositories" +6ms
guard:wasm [guard:github] ERROR: <<< call_backend FAILED with code -1 +370µs
guard:wasm [guard:github] WARN: Backend call search_repositories failed with code -1 +666µs
guard:wasm [guard:github] DEBUG: Checking repo visibility for apache/cloudstack +631µs
guard:wasm [guard:github] INFO: >>> call_backend: tool=search_repositories +389µs
guard:wasm [guard:github] DEBUG:     args={"perPage":10,"query":"repo:apache/cloudstack"} +337µs
guard:wasm WASM guard calling backend: tool=search_repositories +320µs
server:unified [DIFC] Guard calling backend github tool search_repositories for metadata +8ms
server:unified executeBackendToolCall: serverID=github, toolName=search_repositories +335µs
launcher:launcher Checking session pool: serverID=github, sessionID=gUzHgIR4XIg9fTU5L58cfhq5EVGKh7agQezXfd38OSpm515oZDB6sH8jl +8ms
launcher:pool Reusing connection: backend=github, session=gUzHgIR4XIg9fTU5L58cfhq5EVGKh7agQezXfd38OSpm515oZDB6sH8jl, requests=116 +9ms
mcp:connection Dispatching SDK method: tools/call, serverID=github +8ms
mcp:connection callTool: parsed name=search_repositories, argumentCount=2 +341µs
guard:wasm Backend call failed: calling "tools/call": unknown tool "search_repositories" +6ms
guard:wasm [guard:github] ERROR: <<< call_backend FAILED with code -1 +332µs
guard:wasm [guard:github] WARN: Backend call search_repositories failed with code -1 +643µs
guard:wasm [guard:github] DEBUG: Checking repo visibility for apache/cloudstack +672µs
guard:wasm [guard:github] INFO: >>> call_backend: tool=search_repositories +450µs
guard:wasm [guard:github] DEBUG:     args={"perPage":10,"query":"repo:apache/cloudstack"} +352µs
guard:wasm WASM guard calling backend: tool=search_repositories +364µs
server:unified [DIFC] Guard calling backend github tool search_repositories for metadata +8ms
server:unified executeBackendToolCall: serverID=github, toolName=search_repositories +310µs
launcher:launcher Checking session pool: serverID=github, sessionID=gUzHgIR4XIg9fTU5L58cfhq5EVGKh7agQezXfd38OSpm515oZDB6sH8jl +9ms
launcher:pool Reusing connection: backend=github, session=gUzHgIR4XIg9fTU5L58cfhq5EVGKh7agQezXfd38OSpm515oZDB6sH8jl, requests=117 +9ms
mcp:connection Dispatching SDK method: tools/call, serverID=github +8ms
mcp:connection callTool: parsed name=search_repositories, argumentCount=2 +337µs
guard:wasm Backend call failed: calling "tools/call": unknown tool "search_repositories" +6ms
guard:wasm [guard:github] ERROR: <<< call_backend FAILED with code -1 +327µs
guard:wasm [guard:github] WARN: Backend call search_repositories failed with code -1 +638µs
guard:wasm [guard:github] DEBUG: Checking repo visibility for apache/cloudstack +625µs
guard:wasm [guard:github] INFO: >>> call_backend: tool=search_repositories +372µs
guard:wasm [guard:github] DEBUG:     args={"perPage":10,"query":"repo:apache/cloudstack"} +309µs
guard:wasm WASM guard calling backend: tool=search_repositories +312µs
server:unified [DIFC] Guard calling backend github tool search_repositories for metadata +8ms
server:unified executeBackendToolCall: serverID=github, toolName=search_repositories +318µs
launcher:launcher Checking session pool: serverID=github, sessionID=gUzHgIR4XIg9fTU5L58cfhq5EVGKh7agQezXfd38OSpm515oZDB6sH8jl +8ms
launcher:pool Reusing connection: backend=github, session=gUzHgIR4XIg9fTU5L58cfhq5EVGKh7agQezXfd38OSpm515oZDB6sH8jl, requests=118 +8ms
mcp:connection Dispatching SDK method: tools/call, serverID=github +8ms
mcp:connection callTool: parsed name=search_repositories, argumentCount=2 +383µs
guard:wasm Backend call failed: calling "tools/call": unknown tool "search_repositories" +6ms
guard:wasm [guard:github] ERROR: <<< call_backend FAILED with code -1 +17ms
guard:wasm [guard:github] WARN: Backend call search_repositories failed with code -1 +761µs
guard:wasm [guard:github] DEBUG: [integrity] issue:apache/cloudstack#14204: author_association floor below writer (rank=2), checking collaborator permission for mbertolina +765µs
guard:wasm [guard:github] DEBUG: get_collaborator_permission: fetching permission for apache/cloudstack user mbertolina +324µs
guard:wasm [guard:github] INFO: >>> call_backend: tool=get_collaborator_permission +456µs
guard:wasm [guard:github] DEBUG:     args={"owner":"apache","repo":"cloudstack","username":"mbertolina"} +334µs
guard:wasm WASM guard calling backend: tool=get_collaborator_permission +341µs
envutil:github Looking up GitHub token: checking 4 candidate env vars +302ms
envutil:github GitHub token found: source=GITHUB_MCP_SERVER_TOKEN +397µs
envutil:github GitHub API URL using default:  +379µs
envutil:github Deriving API URL from server URL: https://github.com +323µs
envutil:github GitHub.com detected, using default API URL: https://api.github.com +303µs
envutil:github GitHub API URL derived from GITHUB_SERVER_URL=https://github.com: https://api.github.com +354µs
httputil:collaborator_permission FetchCollaboratorPermission: owner=apache, repo=cloudstack, username=mbertolina, apiPath=/repos/apache/cloudstack/collaborators/mbertolina/permission +105ms
server:unified get_collaborator_permission: GET /repos/apache/cloudstack/collaborators/mbertolina/permission (for apache/cloudstack user mbertolina) +29ms
httputil:httputil GitHub GET: baseURL="https://api.github.com", path="/repos/apache/cloudstack/collaborators/mbertolina/permission", hasAuth=true +107ms
httputil:httputil Applying GitHub API headers: method="GET", path="/repos/apache/cloudstack/collaborators/mbertolina/permission", hasAuth=true +345µs
httputil:httputil GitHub GET response: path="/repos/apache/cloudstack/collaborators/mbertolina/permission", status=200 +226ms
httputil:collaborator_permission FetchCollaboratorPermission: response received: status=200, bodyLen=1111 +228ms
server:unified get_collaborator_permission: apache/cloudstack user mbertolina → permission="read" (HTTP 200) +228ms
guard:wasm [guard:github] INFO: <<< call_backend returned 1248 bytes +231ms
guard:wasm [guard:github] DEBUG: extract_mcp_response: top-level keys=["content"] +378µs
guard:wasm [guard:github] DEBUG: extract_mcp_response: found content array with 1 items +398µs
guard:wasm [guard:github] DEBUG: extract_mcp_response: found text field, len=1111 +440µs
guard:wasm [guard:github] DEBUG: extract_mcp_response: parsed content[0].text as JSON +381µs
guard:wasm [guard:github] INFO: get_collaborator_permission: apache/cloudstack user mbertolina → permission=Some("read") login=Some("mbertolina") +344µs
guard:wasm [guard:github] DEBUG: [integrity] issue:apache/cloudstack#14204: collaborator permission=Some("read") → merged rank=2 +369µs
guard:wasm [guard:github] DEBUG: Checking repo visibility for apache/cloudstack +357µs
guard:wasm [guard:github] INFO: >>> call_backend: tool=search_repositories +470µs
guard:wasm [guard:github] DEBUG:     args={"perPage":10,"query":"repo:apache/cloudstack"} +348µs
guard:wasm WASM guard calling backend: tool=search_repositories +366µs
server:unified [DIFC] Guard calling backend github tool search_repositories for metadata +4ms
server:unified executeBackendToolCall: serverID=github, toolName=search_repositories +376µs
launcher:launcher Checking session pool: serverID=github, sessionID=gUzHgIR4XIg9fTU5L58cfhq5EVGKh7agQezXfd38OSpm515oZDB6sH8jl +263ms
launcher:pool Reusing connection: backend=github, session=gUzHgIR4XIg9fTU5L58cfhq5EVGKh7agQezXfd38OSpm515oZDB6sH8jl, requests=119 +263ms
mcp:connection Dispatching SDK method: tools/call, serverID=github +262ms
mcp:connection callTool: parsed name=search_repositories, argumentCount=2 +382µs
guard:wasm Backend call failed: calling "tools/call": unknown tool "search_repositories" +6ms
guard:wasm [guard:github] ERROR: <<< call_backend FAILED with code -1 +381µs
guard:wasm [guard:github] WARN: Backend call search_repositories failed with code -1 +694µs
guard:wasm [guard:github] DEBUG: Checking repo visibility for apache/cloudstack +716µs
guard:wasm [guard:github] INFO: >>> call_backend: tool=search_repositories +425µs
guard:wasm [guard:github] DEBUG:     args={"perPage":10,"query":"repo:apache/cloudstack"} +399µs
guard:wasm WASM guard calling backend: tool=search_repositories +440µs
server:unified [DIFC] Guard calling backend github tool search_repositories for metadata +9ms
server:unified executeBackendToolCall: serverID=github, toolName=search_repositories +311µs
launcher:launcher Checking session pool: serverID=github, sessionID=gUzHgIR4XIg9fTU5L58cfhq5EVGKh7agQezXfd38OSpm515oZDB6sH8jl +9ms
launcher:pool Reusing connection: backend=github, session=gUzHgIR4XIg9fTU5L58cfhq5EVGKh7agQezXfd38OSpm515oZDB6sH8jl, requests=120 +9ms
mcp:connection Dispatching SDK method: tools/call, serverID=github +9ms
mcp:connection callTool: parsed name=search_repositories, argumentCount=2 +341µs
guard:wasm Backend call failed: calling "tools/call": unknown tool "search_repositories" +6ms
guard:wasm [guard:github] ERROR: <<< call_backend FAILED with code -1 +369µs
guard:wasm [guard:github] WARN: Backend call search_repositories failed with code -1 +630µs
guard:wasm [guard:github] DEBUG: [integrity] issue:apache/cloudstack#14197: author_association floor below writer (rank=2), checking collaborator permission for chunkyen +877µs
guard:wasm [guard:github] DEBUG: get_collaborator_permission: fetching permission for apache/cloudstack user chunkyen +364µs
guard:wasm [guard:github] INFO: >>> call_backend: tool=get_collaborator_permission +401µs
guard:wasm [guard:github] DEBUG:     args={"owner":"apache","repo":"cloudstack","username":"chunkyen"} +370µs
guard:wasm WASM guard calling backend: tool=get_collaborator_permission +314µs
envutil:github Looking up GitHub token: checking 4 candidate env vars +253ms
envutil:github GitHub token found: source=GITHUB_MCP_SERVER_TOKEN +362µs
envutil:github GitHub API URL using default:  +313µs
envutil:github Deriving API URL from server URL: https://github.com +358µs
envutil:github GitHub.com detected, using default API URL: https://api.github.com +333µs
envutil:github GitHub API URL derived from GITHUB_SERVER_URL=https://github.com: https://api.github.com +373µs
httputil:collaborator_permission FetchCollaboratorPermission: owner=apache, repo=cloudstack, username=chunkyen, apiPath=/repos/apache/cloudstack/collaborators/chunkyen/permission +26ms
server:unified get_collaborator_permission: GET /repos/apache/cloudstack/collaborators/chunkyen/permission (for apache/cloudstack user chunkyen) +11ms
httputil:httputil GitHub GET: baseURL="https://api.github.com", path="/repos/apache/cloudstack/collaborators/chunkyen/permission", hasAuth=true +28ms
httputil:httputil Applying GitHub API headers: method="GET", path="/repos/apache/cloudstack/collaborators/chunkyen/permission", hasAuth=true +310µs
httputil:httputil GitHub GET response: path="/repos/apache/cloudstack/collaborators/chunkyen/permission", status=200 +182ms
httputil:collaborator_permission FetchCollaboratorPermission: response received: status=200, bodyLen=1087 +184ms
server:unified get_collaborator_permission: apache/cloudstack user chunkyen → permission="read" (HTTP 200) +184ms
guard:wasm [guard:github] INFO: <<< call_backend returned 1224 bytes +187ms
guard:wasm [guard:github] DEBUG: extract_mcp_response: top-level keys=["content"] +413µs
guard:wasm [guard:github] DEBUG: extract_mcp_response: found content array with 1 items +298µs
guard:wasm [guard:github] DEBUG: extract_mcp_response: found text field, len=1087 +377µs
guard:wasm [guard:github] DEBUG: extract_mcp_response: parsed content[0].text as JSON +414µs
guard:wasm [guard:github] INFO: get_collaborator_permission: apache/cloudstack user chunkyen → permission=Some("read") login=Some("chunkyen") +318µs
guard:wasm [guard:github] DEBUG: [integrity] issue:apache/cloudstack#14197: collaborator permission=Some("read") → merged rank=2 +443µs
guard:wasm [guard:github] DEBUG: Checking repo visibility for apache/cloudstack +374µs
guard:wasm [guard:github] INFO: >>> call_backend: tool=search_repositories +419µs
guard:wasm [guard:github] DEBUG:     args={"perPage":10,"query":"repo:apache/cloudstack"} +311µs
guard:wasm WASM guard calling backend: tool=search_repositories +306µs
server:unified [DIFC] Guard calling backend github tool search_repositories for metadata +4ms
server:unified executeBackendToolCall: serverID=github, toolName=search_repositories +419µs
launcher:launcher Checking session pool: serverID=github, sessionID=gUzHgIR4XIg9fTU5L58cfhq5EVGKh7agQezXfd38OSpm515oZDB6sH8jl +200ms
launcher:pool Reusing connection: backend=github, session=gUzHgIR4XIg9fTU5L58cfhq5EVGKh7agQezXfd38OSpm515oZDB6sH8jl, requests=121 +200ms
mcp:connection Dispatching SDK method: tools/call, serverID=github +200ms
mcp:connection callTool: parsed name=search_repositories, argumentCount=2 +349µs
guard:wasm Backend call failed: calling "tools/call": unknown tool "search_repositories" +6ms
guard:wasm [guard:github] ERROR: <<< call_backend FAILED with code -1 +334µs
guard:wasm [guard:github] WARN: Backend call search_repositories failed with code -1 +577µs
guard:wasm [guard:github] DEBUG: Checking repo visibility for apache/cloudstack +631µs
guard:wasm [guard:github] INFO: >>> call_backend: tool=search_repositories +426µs
guard:wasm [guard:github] DEBUG:     args={"perPage":10,"query":"repo:apache/cloudstack"} +413µs
guard:wasm WASM guard calling backend: tool=search_repositories +383µs
server:unified [DIFC] Guard calling backend github tool search_repositories for metadata +8ms
server:unified executeBackendToolCall: serverID=github, toolName=search_repositories +310µs
launcher:launcher Checking session pool: serverID=github, sessionID=gUzHgIR4XIg9fTU5L58cfhq5EVGKh7agQezXfd38OSpm515oZDB6sH8jl +9ms
launcher:pool Reusing connection: backend=github, session=gUzHgIR4XIg9fTU5L58cfhq5EVGKh7agQezXfd38OSpm515oZDB6sH8jl, requests=122 +9ms
mcp:connection Dispatching SDK method: tools/call, serverID=github +8ms
mcp:connection callTool: parsed name=search_repositories, argumentCount=2 +317µs
guard:wasm Backend call failed: calling "tools/call": unknown tool "search_repositories" +6ms
guard:wasm [guard:github] ERROR: <<< call_backend FAILED with code -1 +360µs
guard:wasm [guard:github] WARN: Backend call search_repositories failed with code -1 +777µs
guard:wasm [guard:github] DEBUG: Checking repo visibility for apache/cloudstack +679µs
guard:wasm [guard:github] INFO: >>> call_backend: tool=search_repositories +460µs
guard:wasm [guard:github] DEBUG:     args={"perPage":10,"query":"repo:apache/cloudstack"} +416µs
guard:wasm WASM guard calling backend: tool=search_repositories +364µs
server:unified [DIFC] Guard calling backend github tool search_repositories for metadata +9ms
server:unified executeBackendToolCall: serverID=github, toolName=search_repositories +346µs
launcher:launcher Checking session pool: serverID=github, sessionID=gUzHgIR4XIg9fTU5L58cfhq5EVGKh7agQezXfd38OSpm515oZDB6sH8jl +9ms
launcher:pool Reusing connection: backend=github, session=gUzHgIR4XIg9fTU5L58cfhq5EVGKh7agQezXfd38OSpm515oZDB6sH8jl, requests=123 +9ms
mcp:connection Dispatching SDK method: tools/call, serverID=github +9ms
mcp:connection callTool: parsed name=search_repositories, argumentCount=2 +325µs
guard:wasm Backend call failed: calling "tools/call": unknown tool "search_repositories" +6ms
guard:wasm [guard:github] ERROR: <<< call_backend FAILED with code -1 +343µs
guard:wasm [guard:github] WARN: Backend call search_repositories failed with code -1 +615µs
guard:wasm [guard:github] DEBUG: Checking repo visibility for apache/cloudstack +607µs
guard:wasm [guard:github] INFO: >>> call_backend: tool=search_repositories +367µs
guard:wasm [guard:github] DEBUG:     args={"perPage":10,"query":"repo:apache/cloudstack"} +338µs
guard:wasm WASM guard calling backend: tool=search_repositories +349µs
server:unified [DIFC] Guard calling backend github tool search_repositories for metadata +8ms
server:unified executeBackendToolCall: serverID=github, toolName=search_repositories +335µs
launcher:launcher Checking session pool: serverID=github, sessionID=gUzHgIR4XIg9fTU5L58cfhq5EVGKh7agQezXfd38OSpm515oZDB6sH8jl +9ms
launcher:pool Reusing connection: backend=github, session=gUzHgIR4XIg9fTU5L58cfhq5EVGKh7agQezXfd38OSpm515oZDB6sH8jl, requests=124 +9ms
mcp:connection Dispatching SDK method: tools/call, serverID=github +8ms
mcp:connection callTool: parsed name=search_repositories, argumentCount=2 +341µs
guard:wasm Backend call failed: calling "tools/call": unknown tool "search_repositories" +6ms
guard:wasm [guard:github] ERROR: <<< call_backend FAILED with code -1 +340µs
guard:wasm [guard:github] WARN: Backend call search_repositories failed with code -1 +735µs
guard:wasm [guard:github] DEBUG: [integrity] issue:apache/cloudstack#14186: author_association floor below writer (rank=2), checking collaborator permission for bhorvitz +740µs
guard:wasm [guard:github] DEBUG: get_collaborator_permission: fetching permission for apache/cloudstack user bhorvitz +347µs
guard:wasm [guard:github] INFO: >>> call_backend: tool=get_collaborator_permission +320µs
guard:wasm [guard:github] DEBUG:     args={"owner":"apache","repo":"cloudstack","username":"bhorvitz"} +313µs
guard:wasm WASM guard calling backend: tool=get_collaborator_permission +321µs
envutil:github Looking up GitHub token: checking 4 candidate env vars +226ms
envutil:github GitHub token found: source=GITHUB_MCP_SERVER_TOKEN +316µs
envutil:github GitHub API URL using default:  +311µs
envutil:github Deriving API URL from server URL: https://github.com +406µs
envutil:github GitHub.com detected, using default API URL: https://api.github.com +347µs
envutil:github GitHub API URL derived from GITHUB_SERVER_URL=https://github.com: https://api.github.com +345µs
httputil:collaborator_permission FetchCollaboratorPermission: owner=apache, repo=cloudstack, username=bhorvitz, apiPath=/repos/apache/cloudstack/collaborators/bhorvitz/permission +44ms
server:unified get_collaborator_permission: GET /repos/apache/cloudstack/collaborators/bhorvitz/permission (for apache/cloudstack user bhorvitz) +11ms
httputil:httputil GitHub GET: baseURL="https://api.github.com", path="/repos/apache/cloudstack/collaborators/bhorvitz/permission", hasAuth=true +45ms
httputil:httputil Applying GitHub API headers: method="GET", path="/repos/apache/cloudstack/collaborators/bhorvitz/permission", hasAuth=true +385µs
httputil:httputil GitHub GET response: path="/repos/apache/cloudstack/collaborators/bhorvitz/permission", status=200 +223ms
httputil:collaborator_permission FetchCollaboratorPermission: response received: status=200, bodyLen=1087 +225ms
server:unified get_collaborator_permission: apache/cloudstack user bhorvitz → permission="read" (HTTP 200) +225ms
guard:wasm [guard:github] INFO: <<< call_backend returned 1224 bytes +228ms
guard:wasm [guard:github] DEBUG: extract_mcp_response: top-level keys=["content"] +422µs
guard:wasm [guard:github] DEBUG: extract_mcp_response: found content array with 1 items +392µs
guard:wasm [guard:github] DEBUG: extract_mcp_response: found text field, len=1087 +462µs
guard:wasm [guard:github] DEBUG: extract_mcp_response: parsed content[0].text as JSON +470µs
guard:wasm [guard:github] INFO: get_collaborator_permission: apache/cloudstack user bhorvitz → permission=Some("read") login=Some("bhorvitz") +376µs
guard:wasm [guard:github] DEBUG: [integrity] issue:apache/cloudstack#14186: collaborator permission=Some("read") → merged rank=2 +469µs
guard:wasm [guard:github] DEBUG: Checking repo visibility for apache/cloudstack +440µs
guard:wasm [guard:github] INFO: >>> call_backend: tool=search_repositories +438µs
guard:wasm [guard:github] DEBUG:     args={"perPage":10,"query":"repo:apache/cloudstack"} +396µs
guard:wasm WASM guard calling backend: tool=search_repositories +410µs
server:unified [DIFC] Guard calling backend github tool search_repositories for metadata +5ms
server:unified executeBackendToolCall: serverID=github, toolName=search_repositories +332µs
launcher:launcher Checking session pool: serverID=github, sessionID=gUzHgIR4XIg9fTU5L58cfhq5EVGKh7agQezXfd38OSpm515oZDB6sH8jl +242ms
launcher:pool Reusing connection: backend=github, session=gUzHgIR4XIg9fTU5L58cfhq5EVGKh7agQezXfd38OSpm515oZDB6sH8jl, requests=125 +242ms
mcp:connection Dispatching SDK method: tools/call, serverID=github +242ms
mcp:connection callTool: parsed name=search_repositories, argumentCount=2 +405µs
guard:wasm Backend call failed: calling "tools/call": unknown tool "search_repositories" +7ms
guard:wasm [guard:github] ERROR: <<< call_backend FAILED with code -1 +399µs
guard:wasm [guard:github] WARN: Backend call search_repositories failed with code -1 +741µs
guard:wasm [guard:github] DEBUG: Checking repo visibility for apache/cloudstack +1ms
guard:wasm [guard:github] INFO: >>> call_backend: tool=search_repositories +448µs
guard:wasm [guard:github] DEBUG:     args={"perPage":10,"query":"repo:apache/cloudstack"} +351µs
guard:wasm WASM guard calling backend: tool=search_repositories +372µs
server:unified [DIFC] Guard calling backend github tool search_repositories for metadata +10ms
server:unified executeBackendToolCall: serverID=github, toolName=search_repositories +339µs
launcher:launcher Checking session pool: serverID=github, sessionID=gUzHgIR4XIg9fTU5L58cfhq5EVGKh7agQezXfd38OSpm515oZDB6sH8jl +10ms
launcher:pool Reusing connection: backend=github, session=gUzHgIR4XIg9fTU5L58cfhq5EVGKh7agQezXfd38OSpm515oZDB6sH8jl, requests=126 +10ms
mcp:connection Dispatching SDK method: tools/call, serverID=github +10ms
mcp:connection callTool: parsed name=search_repositories, argumentCount=2 +396µs
guard:wasm Backend call failed: calling "tools/call": unknown tool "search_repositories" +6ms
guard:wasm [guard:github] ERROR: <<< call_backend FAILED with code -1 +387µs
guard:wasm [guard:github] WARN: Backend call search_repositories failed with code -1 +818µs
guard:wasm [guard:github] DEBUG: [integrity] issue:apache/cloudstack#14185: author_association floor below writer (rank=2), checking collaborator permission for VishnuVuggepalli +670µs
guard:wasm [guard:github] DEBUG: get_collaborator_permission: fetching permission for apache/cloudstack user VishnuVuggepalli +359µs
guard:wasm [guard:github] INFO: >>> call_backend: tool=get_collaborator_permission +390µs
guard:wasm [guard:github] DEBUG:     args={"owner":"apache","repo":"cloudstack","username":"VishnuVuggepalli"} +399µs
guard:wasm WASM guard calling backend: tool=get_collaborator_permission +358µs
envutil:github Looking up GitHub token: checking 4 candidate env vars +251ms
envutil:github GitHub token found: source=GITHUB_MCP_SERVER_TOKEN +333µs
envutil:github GitHub API URL using default:  +399µs
envutil:github Deriving API URL from server URL: https://github.com +339µs
envutil:github GitHub.com detected, using default API URL: https://api.github.com +347µs
envutil:github GitHub API URL derived from GITHUB_SERVER_URL=https://github.com: https://api.github.com +367µs
httputil:collaborator_permission FetchCollaboratorPermission: owner=apache, repo=cloudstack, username=VishnuVuggepalli, apiPath=/repos/apache/cloudstack/collaborators/VishnuVuggepalli/permission +28ms
server:unified get_collaborator_permission: GET /repos/apache/cloudstack/collaborators/VishnuVuggepalli/permission (for apache/cloudstack user VishnuVuggepalli) +12ms
httputil:httputil GitHub GET: baseURL="https://api.github.com", path="/repos/apache/cloudstack/collaborators/VishnuVuggepalli/permission", hasAuth=true +29ms
httputil:httputil Applying GitHub API headers: method="GET", path="/repos/apache/cloudstack/collaborators/VishnuVuggepalli/permission", hasAuth=true +361µs
httputil:httputil GitHub GET response: path="/repos/apache/cloudstack/collaborators/VishnuVuggepalli/permission", status=200 +171ms
httputil:collaborator_permission FetchCollaboratorPermission: response received: status=200, bodyLen=1183 +172ms
server:unified get_collaborator_permission: apache/cloudstack user VishnuVuggepalli → permission="read" (HTTP 200) +172ms
guard:wasm [guard:github] INFO: <<< call_backend returned 1320 bytes +176ms
guard:wasm [guard:github] DEBUG: extract_mcp_response: top-level keys=["content"] +470µs
guard:wasm [guard:github] DEBUG: extract_mcp_response: found content array with 1 items +349µs
guard:wasm [guard:github] DEBUG: extract_mcp_response: found text field, len=1183 +302µs
guard:wasm [guard:github] DEBUG: extract_mcp_response: parsed content[0].text as JSON +451µs
guard:wasm [guard:github] INFO: get_collaborator_permission: apache/cloudstack user VishnuVuggepalli → permission=Some("read") login=Some("VishnuVuggepalli") +347µs
guard:wasm [guard:github] DEBUG: [integrity] issue:apache/cloudstack#14185: collaborator permission=Some("read") → merged rank=2 +416µs
guard:wasm [guard:github] DEBUG: Checking repo visibility for apache/cloudstack +339µs
guard:wasm [guard:github] INFO: >>> call_backend: tool=search_repositories +484µs
guard:wasm [guard:github] DEBUG:     args={"perPage":10,"query":"repo:apache/cloudstack"} +348µs
guard:wasm WASM guard calling backend: tool=search_repositories +347µs
server:unified [DIFC] Guard calling backend github tool search_repositories for metadata +4ms
server:unified executeBackendToolCall: serverID=github, toolName=search_repositories +307µs
launcher:launcher Checking session pool: serverID=github, sessionID=gUzHgIR4XIg9fTU5L58cfhq5EVGKh7agQezXfd38OSpm515oZDB6sH8jl +189ms
launcher:pool Reusing connection: backend=github, session=gUzHgIR4XIg9fTU5L58cfhq5EVGKh7agQezXfd38OSpm515oZDB6sH8jl, requests=127 +189ms
mcp:connection Dispatching SDK method: tools/call, serverID=github +189ms
mcp:connection callTool: parsed name=search_repositories, argumentCount=2 +318µs
guard:wasm Backend call failed: calling "tools/call": unknown tool "search_repositories" +6ms
guard:wasm [guard:github] ERROR: <<< call_backend FAILED with code -1 +401µs
guard:wasm [guard:github] WARN: Backend call search_repositories failed with code -1 +711µs
guard:wasm [guard:github] DEBUG: Checking repo visibility for apache/cloudstack +758µs
guard:wasm [guard:github] INFO: >>> call_backend: tool=search_repositories +444µs
guard:wasm [guard:github] DEBUG:     args={"perPage":10,"query":"repo:apache/cloudstack"} +315µs
guard:wasm WASM guard calling backend: tool=search_repositories +339µs
server:unified [DIFC] Guard calling backend github tool search_repositories for metadata +9ms
server:unified executeBackendToolCall: serverID=github, toolName=search_repositories +336µs
launcher:launcher Checking session pool: serverID=github, sessionID=gUzHgIR4XIg9fTU5L58cfhq5EVGKh7agQezXfd38OSpm515oZDB6sH8jl +9ms
launcher:pool Reusing connection: backend=github, session=gUzHgIR4XIg9fTU5L58cfhq5EVGKh7agQezXfd38OSpm515oZDB6sH8jl, requests=128 +9ms
mcp:connection Dispatching SDK method: tools/call, serverID=github +9ms
mcp:connection callTool: parsed name=search_repositories, argumentCount=2 +336µs
guard:wasm Backend call failed: calling "tools/call": unknown tool "search_repositories" +6ms
guard:wasm [guard:github] ERROR: <<< call_backend FAILED with code -1 +368µs
guard:wasm [guard:github] WARN: Backend call search_repositories failed with code -1 +942µs
guard:wasm [guard:github] DEBUG: [integrity] issue:apache/cloudstack#14184: author_association floor below writer (rank=2), checking collaborator permission for skorchir +705µs
guard:wasm [guard:github] DEBUG: get_collaborator_permission: fetching permission for apache/cloudstack user skorchir +356µs
guard:wasm [guard:github] INFO: >>> call_backend: tool=get_collaborator_permission +467µs
guard:wasm [guard:github] DEBUG:     args={"owner":"apache","repo":"cloudstack","username":"skorchir"} +328µs
guard:wasm WASM guard calling backend: tool=get_collaborator_permission +368µs
envutil:github Looking up GitHub token: checking 4 candidate env vars +197ms
envutil:github GitHub token found: source=GITHUB_MCP_SERVER_TOKEN +355µs
envutil:github GitHub API URL using default:  +352µs
envutil:github Deriving API URL from server URL: https://github.com +286µs
envutil:github GitHub.com detected, using default API URL: https://api.github.com +335µs
envutil:github GitHub API URL derived from GITHUB_SERVER_URL=https://github.com: https://api.github.com +322µs
httputil:collaborator_permission FetchCollaboratorPermission: owner=apache, repo=cloudstack, username=skorchir, apiPath=/repos/apache/cloudstack/collaborators/skorchir/permission +26ms
server:unified get_collaborator_permission: GET /repos/apache/cloudstack/collaborators/skorchir/permission (for apache/cloudstack user skorchir) +12ms
httputil:httputil GitHub GET: baseURL="https://api.github.com", path="/repos/apache/cloudstack/collaborators/skorchir/permission", hasAuth=true +28ms
httputil:httputil Applying GitHub API headers: method="GET", path="/repos/apache/cloudstack/collaborators/skorchir/permission", hasAuth=true +323µs
httputil:httputil GitHub GET response: path="/repos/apache/cloudstack/collaborators/skorchir/permission", status=200 +169ms
httputil:collaborator_permission FetchCollaboratorPermission: response received: status=200, bodyLen=1087 +170ms
server:unified get_collaborator_permission: apache/cloudstack user skorchir → permission="read" (HTTP 200) +170ms
guard:wasm [guard:github] INFO: <<< call_backend returned 1224 bytes +173ms
guard:wasm [guard:github] DEBUG: extract_mcp_response: top-level keys=["content"] +400µs
guard:wasm [guard:github] DEBUG: extract_mcp_response: found content array with 1 items +330µs
guard:wasm [guard:github] DEBUG: extract_mcp_response: found text field, len=1087 +417µs
guard:wasm [guard:github] DEBUG: extract_mcp_response: parsed content[0].text as JSON +403µs
guard:wasm [guard:github] INFO: get_collaborator_permission: apache/cloudstack user skorchir → permission=Some("read") login=Some("skorchir") +308µs
guard:wasm [guard:github] DEBUG: [integrity] issue:apache/cloudstack#14184: collaborator permission=Some("read") → merged rank=2 +399µs
guard:wasm [guard:github] DEBUG: Checking repo visibility for apache/cloudstack +350µs
guard:wasm [guard:github] INFO: >>> call_backend: tool=search_repositories +339µs
guard:wasm [guard:github] DEBUG:     args={"perPage":10,"query":"repo:apache/cloudstack"} +383µs
guard:wasm WASM guard calling backend: tool=search_repositories +311µs
server:unified [DIFC] Guard calling backend github tool search_repositories for metadata +4ms
server:unified executeBackendToolCall: serverID=github, toolName=search_repositories +357µs
launcher:launcher Checking session pool: serverID=github, sessionID=gUzHgIR4XIg9fTU5L58cfhq5EVGKh7agQezXfd38OSpm515oZDB6sH8jl +187ms
launcher:pool Reusing connection: backend=github, session=gUzHgIR4XIg9fTU5L58cfhq5EVGKh7agQezXfd38OSpm515oZDB6sH8jl, requests=129 +187ms
mcp:connection Dispatching SDK method: tools/call, serverID=github +187ms
mcp:connection callTool: parsed name=search_repositories, argumentCount=2 +385µs
guard:wasm Backend call failed: calling "tools/call": unknown tool "search_repositories" +6ms
guard:wasm [guard:github] ERROR: <<< call_backend FAILED with code -1 +329µs
guard:wasm [guard:github] WARN: Backend call search_repositories failed with code -1 +656µs
guard:wasm [guard:github] DEBUG: Checking repo visibility for apache/cloudstack +703µs
guard:wasm [guard:github] INFO: >>> call_backend: tool=search_repositories +435µs
guard:wasm [guard:github] DEBUG:     args={"perPage":10,"query":"repo:apache/cloudstack"} +394µs
guard:wasm WASM guard calling backend: tool=search_repositories +378µs
server:unified [DIFC] Guard calling backend github tool search_repositories for metadata +8ms
server:unified executeBackendToolCall: serverID=github, toolName=search_repositories +396µs
launcher:launcher Checking session pool: serverID=github, sessionID=gUzHgIR4XIg9fTU5L58cfhq5EVGKh7agQezXfd38OSpm515oZDB6sH8jl +9ms
launcher:pool Reusing connection: backend=github, session=gUzHgIR4XIg9fTU5L58cfhq5EVGKh7agQezXfd38OSpm515oZDB6sH8jl, requests=130 +9ms
mcp:connection Dispatching SDK method: tools/call, serverID=github +8ms
mcp:connection callTool: parsed name=search_repositories, argumentCount=2 +327µs
guard:wasm Backend call failed: calling "tools/call": unknown tool "search_repositories" +6ms
guard:wasm [guard:github] ERROR: <<< call_backend FAILED with code -1 +386µs
guard:wasm [guard:github] WARN: Backend call search_repositories failed with code -1 +574µs
guard:wasm [guard:github] DEBUG: Checking repo visibility for apache/cloudstack +698µs
guard:wasm [guard:github] INFO: >>> call_backend: tool=search_repositories +463µs
guard:wasm [guard:github] DEBUG:     args={"perPage":10,"query":"repo:apache/cloudstack"} +369µs
guard:wasm WASM guard calling backend: tool=search_repositories +322µs
server:unified [DIFC] Guard calling backend github tool search_repositories for metadata +8ms
server:unified executeBackendToolCall: serverID=github, toolName=search_repositories +324µs
launcher:launcher Checking session pool: serverID=github, sessionID=gUzHgIR4XIg9fTU5L58cfhq5EVGKh7agQezXfd38OSpm515oZDB6sH8jl +8ms
launcher:pool Reusing connection: backend=github, session=gUzHgIR4XIg9fTU5L58cfhq5EVGKh7agQezXfd38OSpm515oZDB6sH8jl, requests=131 +9ms
mcp:connection Dispatching SDK method: tools/call, serverID=github +9ms
mcp:connection callTool: parsed name=search_repositories, argumentCount=2 +355µs
guard:wasm Backend call failed: calling "tools/call": unknown tool "search_repositories" +6ms
guard:wasm [guard:github] ERROR: <<< call_backend FAILED with code -1 +335µs
guard:wasm [guard:github] WARN: Backend call search_repositories failed with code -1 +711µs
guard:wasm [guard:github] DEBUG: Checking repo visibility for apache/cloudstack +656µs
guard:wasm [guard:github] INFO: >>> call_backend: tool=search_repositories +426µs
guard:wasm [guard:github] DEBUG:     args={"perPage":10,"query":"repo:apache/cloudstack"} +374µs
guard:wasm WASM guard calling backend: tool=search_repositories +330µs
server:unified [DIFC] Guard calling backend github tool search_repositories for metadata +9ms
server:unified executeBackendToolCall: serverID=github, toolName=search_repositories +362µs
launcher:launcher Checking session pool: serverID=github, sessionID=gUzHgIR4XIg9fTU5L58cfhq5EVGKh7agQezXfd38OSpm515oZDB6sH8jl +9ms
launcher:pool Reusing connection: backend=github, session=gUzHgIR4XIg9fTU5L58cfhq5EVGKh7agQezXfd38OSpm515oZDB6sH8jl, requests=132 +9ms
mcp:connection Dispatching SDK method: tools/call, serverID=github +8ms
mcp:connection callTool: parsed name=search_repositories, argumentCount=2 +359µs
guard:wasm Backend call failed: calling "tools/call": unknown tool "search_repositories" +6ms
guard:wasm [guard:github] ERROR: <<< call_backend FAILED with code -1 +350µs
guard:wasm [guard:github] WARN: Backend call search_repositories failed with code -1 +609µs
guard:wasm [guard:github] DEBUG: Checking repo visibility for apache/cloudstack +671µs
guard:wasm [guard:github] INFO: >>> call_backend: tool=search_repositories +440µs
guard:wasm [guard:github] DEBUG:     args={"perPage":10,"query":"repo:apache/cloudstack"} +386µs
guard:wasm WASM guard calling backend: tool=search_repositories +296µs
server:unified [DIFC] Guard calling backend github tool search_repositories for metadata +8ms
server:unified executeBackendToolCall: serverID=github, toolName=search_repositories +309µs
launcher:launcher Checking session pool: serverID=github, sessionID=gUzHgIR4XIg9fTU5L58cfhq5EVGKh7agQezXfd38OSpm515oZDB6sH8jl +9ms
launcher:pool Reusing connection: backend=github, session=gUzHgIR4XIg9fTU5L58cfhq5EVGKh7agQezXfd38OSpm515oZDB6sH8jl, requests=133 +9ms
mcp:connection Dispatching SDK method: tools/call, serverID=github +8ms
mcp:connection callTool: parsed name=search_repositories, argumentCount=2 +366µs
guard:wasm Backend call failed: calling "tools/call": unknown tool "search_repositories" +6ms
guard:wasm [guard:github] ERROR: <<< call_backend FAILED with code -1 +384µs
guard:wasm [guard:github] WARN: Backend call search_repositories failed with code -1 +630µs
guard:wasm [guard:github] DEBUG: Checking repo visibility for apache/cloudstack +729µs
guard:wasm [guard:github] INFO: >>> call_backend: tool=search_repositories +430µs
guard:wasm [guard:github] DEBUG:     args={"perPage":10,"query":"repo:apache/cloudstack"} +326µs
guard:wasm WASM guard calling backend: tool=search_repositories +339µs
server:unified [DIFC] Guard calling backend github tool search_repositories for metadata +8ms
server:unified executeBackendToolCall: serverID=github, toolName=search_repositories +284µs
launcher:launcher Checking session pool: serverID=github, sessionID=gUzHgIR4XIg9fTU5L58cfhq5EVGKh7agQezXfd38OSpm515oZDB6sH8jl +9ms
launcher:pool Reusing connection: backend=github, session=gUzHgIR4XIg9fTU5L58cfhq5EVGKh7agQezXfd38OSpm515oZDB6sH8jl, requests=134 +9ms
mcp:connection Dispatching SDK method: tools/call, serverID=github +8ms
mcp:connection callTool: parsed name=search_repositories, argumentCount=2 +351µs
guard:wasm Backend call failed: calling "tools/call": unknown tool "search_repositories" +5ms
guard:wasm [guard:github] ERROR: <<< call_backend FAILED with code -1 +361µs
guard:wasm [guard:github] WARN: Backend call search_repositories failed with code -1 +614µs
guard:wasm [guard:github] DEBUG: [integrity] issue:apache/cloudstack#14178: author_association floor below writer (rank=2), checking collaborator permission for rchicote72 +631µs
guard:wasm [guard:github] DEBUG: get_collaborator_permission: fetching permission for apache/cloudstack user rchicote72 +358µs
guard:wasm [guard:github] INFO: >>> call_backend: tool=get_collaborator_permission +349µs
guard:wasm [guard:github] DEBUG:     args={"owner":"apache","repo":"cloudstack","username":"rchicote72"} +328µs
guard:wasm WASM guard calling backend: tool=get_collaborator_permission +400µs
envutil:github Looking up GitHub token: checking 4 candidate env vars +231ms
envutil:github GitHub token found: source=GITHUB_MCP_SERVER_TOKEN +290µs
envutil:github GitHub API URL using default:  +303µs
envutil:github Deriving API URL from server URL: https://github.com +333µs
envutil:github GitHub.com detected, using default API URL: https://api.github.com +413µs
envutil:github GitHub API URL derived from GITHUB_SERVER_URL=https://github.com: https://api.github.com +340µs
httputil:collaborator_permission FetchCollaboratorPermission: owner=apache, repo=cloudstack, username=rchicote72, apiPath=/repos/apache/cloudstack/collaborators/rchicote72/permission +62ms
server:unified get_collaborator_permission: GET /repos/apache/cloudstack/collaborators/rchicote72/permission (for apache/cloudstack user rchicote72) +11ms
httputil:httputil GitHub GET: baseURL="https://api.github.com", path="/repos/apache/cloudstack/collaborators/rchicote72/permission", hasAuth=true +63ms
httputil:httputil Applying GitHub API headers: method="GET", path="/repos/apache/cloudstack/collaborators/rchicote72/permission", hasAuth=true +362µs
httputil:httputil GitHub GET response: path="/repos/apache/cloudstack/collaborators/rchicote72/permission", status=200 +165ms
httputil:collaborator_permission FetchCollaboratorPermission: response received: status=200, bodyLen=1111 +166ms
server:unified get_collaborator_permission: apache/cloudstack user rchicote72 → permission="read" (HTTP 200) +167ms
guard:wasm [guard:github] INFO: <<< call_backend returned 1248 bytes +170ms
guard:wasm [guard:github] DEBUG: extract_mcp_response: top-level keys=["content"] +491µs
guard:wasm [guard:github] DEBUG: extract_mcp_response: found content array with 1 items +499µs
guard:wasm [guard:github] DEBUG: extract_mcp_response: found text field, len=1111 +373µs
guard:wasm [guard:github] DEBUG: extract_mcp_response: parsed content[0].text as JSON +491µs
guard:wasm [guard:github] INFO: get_collaborator_permission: apache/cloudstack user rchicote72 → permission=Some("read") login=Some("rchicote72") +376µs
guard:wasm [guard:github] DEBUG: [integrity] issue:apache/cloudstack#14178: collaborator permission=Some("read") → merged rank=2 +384µs
guard:wasm [guard:github] DEBUG: Checking repo visibility for apache/cloudstack +379µs
guard:wasm [guard:github] INFO: >>> call_backend: tool=search_repositories +398µs
guard:wasm [guard:github] DEBUG:     args={"perPage":10,"query":"repo:apache/cloudstack"} +359µs
guard:wasm WASM guard calling backend: tool=search_repositories +367µs
server:unified [DIFC] Guard calling backend github tool search_repositories for metadata +4ms
server:unified executeBackendToolCall: serverID=github, toolName=search_repositories +358µs
launcher:launcher Checking session pool: serverID=github, sessionID=gUzHgIR4XIg9fTU5L58cfhq5EVGKh7agQezXfd38OSpm515oZDB6sH8jl +184ms
launcher:pool Reusing connection: backend=github, session=gUzHgIR4XIg9fTU5L58cfhq5EVGKh7agQezXfd38OSpm515oZDB6sH8jl, requests=135 +184ms
mcp:connection Dispatching SDK method: tools/call, serverID=github +184ms
mcp:connection callTool: parsed name=search_repositories, argumentCount=2 +335µs
guard:wasm Backend call failed: calling "tools/call": unknown tool "search_repositories" +7ms
guard:wasm [guard:github] ERROR: <<< call_backend FAILED with code -1 +482µs
guard:wasm [guard:github] WARN: Backend call search_repositories failed with code -1 +683µs
guard:wasm [guard:github] DEBUG: Checking repo visibility for apache/cloudstack +807µs
guard:wasm [guard:github] INFO: >>> call_backend: tool=search_repositories +438µs
guard:wasm [guard:github] DEBUG:     args={"perPage":10,"query":"repo:apache/cloudstack"} +465µs
guard:wasm WASM guard calling backend: tool=search_repositories +478µs
server:unified [DIFC] Guard calling backend github tool search_repositories for metadata +10ms
server:unified executeBackendToolCall: serverID=github, toolName=search_repositories +357µs
launcher:launcher Checking session pool: serverID=github, sessionID=gUzHgIR4XIg9fTU5L58cfhq5EVGKh7agQezXfd38OSpm515oZDB6sH8jl +10ms
launcher:pool Reusing connection: backend=github, session=gUzHgIR4XIg9fTU5L58cfhq5EVGKh7agQezXfd38OSpm515oZDB6sH8jl, requests=136 +10ms
mcp:connection Dispatching SDK method: tools/call, serverID=github +9ms
mcp:connection callTool: parsed name=search_repositories, argumentCount=2 +364µs
guard:wasm Backend call failed: calling "tools/call": unknown tool "search_repositories" +6ms
guard:wasm [guard:github] ERROR: <<< call_backend FAILED with code -1 +385µs
guard:wasm [guard:github] WARN: Backend call search_repositories failed with code -1 +750µs
guard:wasm [guard:github] DEBUG: [integrity] issue:apache/cloudstack#14177: author_association floor below writer (rank=2), checking collaborator permission for Pearl1594 +635µs
guard:wasm [guard:github] DEBUG: get_collaborator_permission: cache hit for apache/cloudstack user Pearl1594 → permission=Some("write") +435µs
guard:wasm [guard:github] DEBUG: [integrity] issue:apache/cloudstack#14177: collaborator permission=Some("write") → merged rank=3 +429µs
guard:wasm [guard:github] DEBUG: Checking repo visibility for apache/cloudstack +337µs
guard:wasm [guard:github] INFO: >>> call_backend: tool=search_repositories +443µs
guard:wasm [guard:github] DEBUG:     args={"perPage":10,"query":"repo:apache/cloudstack"} +342µs
guard:wasm WASM guard calling backend: tool=search_repositories +354µs
server:unified [DIFC] Guard calling backend github tool search_repositories for metadata +10ms
server:unified executeBackendToolCall: serverID=github, toolName=search_repositories +321µs
launcher:launcher Checking session pool: serverID=github, sessionID=gUzHgIR4XIg9fTU5L58cfhq5EVGKh7agQezXfd38OSpm515oZDB6sH8jl +10ms
launcher:pool Reusing connection: backend=github, session=gUzHgIR4XIg9fTU5L58cfhq5EVGKh7agQezXfd38OSpm515oZDB6sH8jl, requests=137 +10ms
mcp:connection Dispatching SDK method: tools/call, serverID=github +10ms
mcp:connection callTool: parsed name=search_repositories, argumentCount=2 +455µs
guard:wasm Backend call failed: calling "tools/call": unknown tool "search_repositories" +6ms
guard:wasm [guard:github] ERROR: <<< call_backend FAILED with code -1 +421µs
guard:wasm [guard:github] WARN: Backend call search_repositories failed with code -1 +750µs
guard:wasm [guard:github] DEBUG: Checking repo visibility for apache/cloudstack +752µs
guard:wasm [guard:github] INFO: >>> call_backend: tool=search_repositories +410µs
guard:wasm [guard:github] DEBUG:     args={"perPage":10,"query":"repo:apache/cloudstack"} +377µs
guard:wasm WASM guard calling backend: tool=search_repositories +348µs
server:unified [DIFC] Guard calling backend github tool search_repositories for metadata +9ms
server:unified executeBackendToolCall: serverID=github, toolName=search_repositories +427µs
launcher:launcher Checking session pool: serverID=github, sessionID=gUzHgIR4XIg9fTU5L58cfhq5EVGKh7agQezXfd38OSpm515oZDB6sH8jl +9ms
launcher:pool Reusing connection: backend=github, session=gUzHgIR4XIg9fTU5L58cfhq5EVGKh7agQezXfd38OSpm515oZDB6sH8jl, requests=138 +9ms
mcp:connection Dispatching SDK method: tools/call, serverID=github +9ms
mcp:connection callTool: parsed name=search_repositories, argumentCount=2 +416µs
guard:wasm Backend call failed: calling "tools/call": unknown tool "search_repositories" +7ms
guard:wasm [guard:github] ERROR: <<< call_backend FAILED with code -1 +412µs
guard:wasm [guard:github] WARN: Backend call search_repositories failed with code -1 +915µs
guard:wasm [guard:github] DEBUG: [integrity] issue:apache/cloudstack#14174: author_association floor below writer (rank=2), checking collaborator permission for prashanthr2 +797µs
guard:wasm [guard:github] DEBUG: get_collaborator_permission: fetching permission for apache/cloudstack user prashanthr2 +428µs
guard:wasm [guard:github] INFO: >>> call_backend: tool=get_collaborator_permission +449µs
guard:wasm [guard:github] DEBUG:     args={"owner":"apache","repo":"cloudstack","username":"prashanthr2"} +349µs
guard:wasm WASM guard calling backend: tool=get_collaborator_permission +338µs
envutil:github Looking up GitHub token: checking 4 candidate env vars +215ms
envutil:github GitHub token found: source=GITHUB_MCP_SERVER_TOKEN +372µs
envutil:github GitHub API URL using default:  +343µs
envutil:github Deriving API URL from server URL: https://github.com +360µs
envutil:github GitHub.com detected, using default API URL: https://api.github.com +330µs
envutil:github GitHub API URL derived from GITHUB_SERVER_URL=https://github.com: https://api.github.com +410µs
httputil:collaborator_permission FetchCollaboratorPermission: owner=apache, repo=cloudstack, username=prashanthr2, apiPath=/repos/apache/cloudstack/collaborators/prashanthr2/permission +50ms
server:unified get_collaborator_permission: GET /repos/apache/cloudstack/collaborators/prashanthr2/permission (for apache/cloudstack user prashanthr2) +13ms
httputil:httputil GitHub GET: baseURL="https://api.github.com", path="/repos/apache/cloudstack/collaborators/prashanthr2/permission", hasAuth=true +51ms
httputil:httputil Applying GitHub API headers: method="GET", path="/repos/apache/cloudstack/collaborators/prashanthr2/permission", hasAuth=true +332µs
httputil:httputil GitHub GET response: path="/repos/apache/cloudstack/collaborators/prashanthr2/permission", status=200 +213ms
httputil:collaborator_permission FetchCollaboratorPermission: response received: status=200, bodyLen=1123 +215ms
server:unified get_collaborator_permission: apache/cloudstack user prashanthr2 → permission="read" (HTTP 200) +215ms
guard:wasm [guard:github] INFO: <<< call_backend returned 1260 bytes +219ms
guard:wasm [guard:github] DEBUG: extract_mcp_response: top-level keys=["content"] +1ms
guard:wasm [guard:github] DEBUG: extract_mcp_response: found content array with 1 items +368µs
guard:wasm [guard:github] DEBUG: extract_mcp_response: found text field, len=1123 +312µs
guard:wasm [guard:github] DEBUG: extract_mcp_response: parsed content[0].text as JSON +512µs
guard:wasm [guard:github] INFO: get_collaborator_permission: apache/cloudstack user prashanthr2 → permission=Some("read") login=Some("prashanthr2") +287µs
guard:wasm [guard:github] DEBUG: [integrity] issue:apache/cloudstack#14174: collaborator permission=Some("read") → merged rank=2 +340µs
guard:wasm [guard:github] DEBUG: Checking repo visibility for apache/cloudstack +342µs
guard:wasm [guard:github] INFO: >>> call_backend: tool=search_repositories +322µs
guard:wasm [guard:github] DEBUG:     args={"perPage":10,"query":"repo:apache/cloudstack"} +306µs
guard:wasm WASM guard calling backend: tool=search_repositories +950µs
server:unified [DIFC] Guard calling backend github tool search_repositories for metadata +5ms
server:unified executeBackendToolCall: serverID=github, toolName=search_repositories +275µs
launcher:launcher Checking session pool: serverID=github, sessionID=gUzHgIR4XIg9fTU5L58cfhq5EVGKh7agQezXfd38OSpm515oZDB6sH8jl +234ms
launcher:pool Reusing connection: backend=github, session=gUzHgIR4XIg9fTU5L58cfhq5EVGKh7agQezXfd38OSpm515oZDB6sH8jl, requests=139 +234ms
mcp:connection Dispatching SDK method: tools/call, serverID=github +234ms
mcp:connection callTool: parsed name=search_repositories, argumentCount=2 +337µs
guard:wasm Backend call failed: calling "tools/call": unknown tool "search_repositories" +6ms
guard:wasm [guard:github] ERROR: <<< call_backend FAILED with code -1 +330µs
guard:wasm [guard:github] WARN: Backend call search_repositories failed with code -1 +599µs
guard:wasm [guard:github] INFO:     using path-based labeling with 30 paths +1ms
guard:wasm [guard:github] INFO:     path_output_preview={"labeled_paths":[{"path":"/items/0","labels":{"description":"issue:apache/cloudstack#14251","secrecy":[],"integrity":["none:all","unapproved:all"]}},{"path":"/items/1","labels":{"description":"issue:apache/cloudstack#14250","secrecy":[],"integrity":["none:all","unapproved:all","approved:all"]}},{"path":"/items/2","labels":{"description":"issue:apache/cloudstack#14248","secrecy":[],"integrity":["none:all","unapproved:all"]}},{"path":"/items/3","labels":{"description":"issue:apache/cloudstack#142 +592µs
guard:wasm [guard:github] INFO: <<< label_response returning 4265 bytes (path-based) +370µs
guard:wasm [guard:github] DEBUG: >>> dealloc(ptr=5302576, size=4194304) +430µs
guard:wasm [guard:github] DEBUG: <<< dealloc complete +379µs
guard:wasm [guard:github] DEBUG: >>> dealloc(ptr=1107776, size=291331) +343µs
guard:wasm [guard:github] DEBUG: <<< dealloc complete +413µs
guard:wasm parsePathLabeledResponse: responseSize=4265 +469µs
difc:path_labels ParsePathLabels: parsing 4265 bytes +19.8s
difc:path_labels ParsePathLabels: parsed 30 labeled paths, hasDefaultLabels=true +421µs
guard:wasm parsePathLabeledResponse: parsed 30 path labels +1ms
difc:path_labels unwrapMCPResponse: detected MCP-wrapped response, unwrapping inner JSON +2ms
difc:path_labels NewPathLabeledData: isMCPWrapped=true, labeledPaths=30 +471µs
difc:path_labels getItems: navigating to items at path=/items +478µs
difc:path_labels getItems: found 30 items at path=/items +336µs
difc:path_labels resolve: resolving 30 items with 30 explicit path labels +339µs
guard:wasm parsePathLabeledResponse: converted to CollectionLabeledData successfully +4ms
difc:evaluator Filtering collection: operation=read, totalItems=30 +5.9s
difc:evaluator Evaluating access: operation=read, resource=issue:apache/cloudstack#14251 +1ms
difc:evaluator Evaluating read access (mode=filter): resource=issue:apache/cloudstack#14251, agentSecrecy=[], agentIntegrity=[none:all] +337µs
difc:evaluator Read access allowed: resource=issue:apache/cloudstack#14251 +485µs
difc:evaluator Evaluating access: operation=read, resource=issue:apache/cloudstack#14250 +394µs
difc:evaluator Evaluating read access (mode=filter): resource=issue:apache/cloudstack#14250, agentSecrecy=[], agentIntegrity=[none:all] +374µs
difc:evaluator Read access allowed: resource=issue:apache/cloudstack#14250 +332µs
difc:evaluator Evaluating access: operation=read, resource=issue:apache/cloudstack#14248 +333µs
difc:evaluator Evaluating read access (mode=filter): resource=issue:apache/cloudstack#14248, agentSecrecy=[], agentIntegrity=[none:all] +345µs
difc:evaluator Read access allowed: resource=issue:apache/cloudstack#14248 +373µs
difc:evaluator Evaluating access: operation=read, resource=issue:apache/cloudstack#14244 +569µs
difc:evaluator Evaluating read access (mode=filter): resource=issue:apache/cloudstack#14244, agentSecrecy=[], agentIntegrity=[none:all] +486µs
difc:evaluator Read access allowed: resource=issue:apache/cloudstack#14244 +395µs
difc:evaluator Evaluating access: operation=read, resource=issue:apache/cloudstack#14242 +435µs
difc:evaluator Evaluating read access (mode=filter): resource=issue:apache/cloudstack#14242, agentSecrecy=[], agentIntegrity=[none:all] +419µs
difc:evaluator Read access allowed: resource=issue:apache/cloudstack#14242 +337µs
difc:evaluator Evaluating access: operation=read, resource=issue:apache/cloudstack#14241 +402µs
difc:evaluator Evaluating read access (mode=filter): resource=issue:apache/cloudstack#14241, agentSecrecy=[], agentIntegrity=[none:all] +354µs
difc:evaluator Read access allowed: resource=issue:apache/cloudstack#14241 +317µs
difc:evaluator Evaluating access: operation=read, resource=issue:apache/cloudstack#14239 +313µs
difc:evaluator Evaluating read access (mode=filter): resource=issue:apache/cloudstack#14239, agentSecrecy=[], agentIntegrity=[none:all] +295µs
difc:evaluator Read access allowed: resource=issue:apache/cloudstack#14239 +396µs
difc:evaluator Evaluating access: operation=read, resource=issue:apache/cloudstack#14235 +405µs
difc:evaluator Evaluating read access (mode=filter): resource=issue:apache/cloudstack#14235, agentSecrecy=[], agentIntegrity=[none:all] +336µs
difc:evaluator Read access allowed: resource=issue:apache/cloudstack#14235 +336µs
difc:evaluator Evaluating access: operation=read, resource=issue:apache/cloudstack#14232 +306µs
difc:evaluator Evaluating read access (mode=filter): resource=issue:apache/cloudstack#14232, agentSecrecy=[], agentIntegrity=[none:all] +304µs
difc:evaluator Read access allowed: resource=issue:apache/cloudstack#14232 +294µs
difc:evaluator Evaluating access: operation=read, resource=issue:apache/cloudstack#14230 +289µs
difc:evaluator Evaluating read access (mode=filter): resource=issue:apache/cloudstack#14230, agentSecrecy=[], agentIntegrity=[none:all] +276µs
difc:evaluator Read access allowed: resource=issue:apache/cloudstack#14230 +296µs
difc:evaluator Evaluating access: operation=read, resource=issue:apache/cloudstack#14228 +284µs
difc:evaluator Evaluating read access (mode=filter): resource=issue:apache/cloudstack#14228, agentSecrecy=[], agentIntegrity=[none:all] +303µs
difc:evaluator Read access allowed: resource=issue:apache/cloudstack#14228 +313µs
difc:evaluator Evaluating access: operation=read, resource=issue:apache/cloudstack#14227 +326µs
difc:evaluator Evaluating read access (mode=filter): resource=issue:apache/cloudstack#14227, agentSecrecy=[], agentIntegrity=[none:all] +308µs
difc:evaluator Read access allowed: resource=issue:apache/cloudstack#14227 +357µs
difc:evaluator Evaluating access: operation=read, resource=issue:apache/cloudstack#14222 +338µs
difc:evaluator Evaluating read access (mode=filter): resource=issue:apache/cloudstack#14222, agentSecrecy=[], agentIntegrity=[none:all] +277µs
difc:evaluator Read access allowed: resource=issue:apache/cloudstack#14222 +301µs
difc:evaluator Evaluating access: operation=read, resource=issue:apache/cloudstack#14221 +303µs
difc:evaluator Evaluating read access (mode=filter): resource=issue:apache/cloudstack#14221, agentSecrecy=[], agentIntegrity=[none:all] +280µs
difc:evaluator Read access allowed: resource=issue:apache/cloudstack#14221 +289µs
difc:evaluator Evaluating access: operation=read, resource=issue:apache/cloudstack#14218 +324µs
difc:evaluator Evaluating read access (mode=filter): resource=issue:apache/cloudstack#14218, agentSecrecy=[], agentIntegrity=[none:all] +324µs
difc:evaluator Read access allowed: resource=issue:apache/cloudstack#14218 +281µs
difc:evaluator Evaluating access: operation=read, resource=issue:apache/cloudstack#14214 +304µs
difc:evaluator Evaluating read access (mode=filter): resource=issue:apache/cloudstack#14214, agentSecrecy=[], agentIntegrity=[none:all] +330µs
difc:evaluator Read access allowed: resource=issue:apache/cloudstack#14214 +346µs
difc:evaluator Evaluating access: operation=read, resource=issue:apache/cloudstack#14213 +312µs
difc:evaluator Evaluating read access (mode=filter): resource=issue:apache/cloudstack#14213, agentSecrecy=[], agentIntegrity=[none:all] +299µs
difc:evaluator Read access allowed: resource=issue:apache/cloudstack#14213 +323µs
difc:evaluator Evaluating access: operation=read, resource=issue:apache/cloudstack#14212 +350µs
difc:evaluator Evaluating read access (mode=filter): resource=issue:apache/cloudstack#14212, agentSecrecy=[], agentIntegrity=[none:all] +319µs
difc:evaluator Read access allowed: resource=issue:apache/cloudstack#14212 +327µs
difc:evaluator Evaluating access: operation=read, resource=issue:apache/cloudstack#14206 +302µs
difc:evaluator Evaluating read access (mode=filter): resource=issue:apache/cloudstack#14206, agentSecrecy=[], agentIntegrity=[none:all] +314µs
difc:evaluator Read access allowed: resource=issue:apache/cloudstack#14206 +287µs
difc:evaluator Evaluating access: operation=read, resource=issue:apache/cloudstack#14204 +326µs
difc:evaluator Evaluating read access (mode=filter): resource=issue:apache/cloudstack#14204, agentSecrecy=[], agentIntegrity=[none:all] +322µs
difc:evaluator Read access allowed: resource=issue:apache/cloudstack#14204 +354µs
difc:evaluator Evaluating access: operation=read, resource=issue:apache/cloudstack#14197 +371µs
difc:evaluator Evaluating read access (mode=filter): resource=issue:apache/cloudstack#14197, agentSecrecy=[], agentIntegrity=[none:all] +303µs
difc:evaluator Read access allowed: resource=issue:apache/cloudstack#14197 +300µs
difc:evaluator Evaluating access: operation=read, resource=issue:apache/cloudstack#14191 +329µs
difc:evaluator Evaluating read access (mode=filter): resource=issue:apache/cloudstack#14191, agentSecrecy=[], agentIntegrity=[none:all] +316µs
difc:evaluator Read access allowed: resource=issue:apache/cloudstack#14191 +336µs
difc:evaluator Evaluating access: operation=read, resource=issue:apache/cloudstack#14186 +292µs
difc:evaluator Evaluating read access (mode=filter): resource=issue:apache/cloudstack#14186, agentSecrecy=[], agentIntegrity=[none:all] +340µs
difc:evaluator Read access allowed: resource=issue:apache/cloudstack#14186 +366µs
difc:evaluator Evaluating access: operation=read, resource=issue:apache/cloudstack#14185 +317µs
difc:evaluator Evaluating read access (mode=filter): resource=issue:apache/cloudstack#14185, agentSecrecy=[], agentIntegrity=[none:all] +352µs
difc:evaluator Read access allowed: resource=issue:apache/cloudstack#14185 +284µs
difc:evaluator Evaluating access: operation=read, resource=issue:apache/cloudstack#14184 +321µs
difc:evaluator Evaluating read access (mode=filter): resource=issue:apache/cloudstack#14184, agentSecrecy=[], agentIntegrity=[none:all] +289µs
difc:evaluator Read access allowed: resource=issue:apache/cloudstack#14184 +294µs
difc:evaluator Evaluating access: operation=read, resource=issue:apache/cloudstack#14181 +310µs
difc:evaluator Evaluating read access (mode=filter): resource=issue:apache/cloudstack#14181, agentSecrecy=[], agentIntegrity=[none:all] +344µs
difc:evaluator Read access allowed: resource=issue:apache/cloudstack#14181 +359µs
difc:evaluator Evaluating access: operation=read, resource=issue:apache/cloudstack#14180 +313µs
difc:evaluator Evaluating read access (mode=filter): resource=issue:apache/cloudstack#14180, agentSecrecy=[], agentIntegrity=[none:all] +297µs
difc:evaluator Read access allowed: resource=issue:apache/cloudstack#14180 +327µs
difc:evaluator Evaluating access: operation=read, resource=issue:apache/cloudstack#14178 +446µs
difc:evaluator Evaluating read access (mode=filter): resource=issue:apache/cloudstack#14178, agentSecrecy=[], agentIntegrity=[none:all] +331µs
difc:evaluator Read access allowed: resource=issue:apache/cloudstack#14178 +356µs
difc:evaluator Evaluating access: operation=read, resource=issue:apache/cloudstack#14177 +392µs
difc:evaluator Evaluating read access (mode=filter): resource=issue:apache/cloudstack#14177, agentSecrecy=[], agentIntegrity=[none:all] +333µs
difc:evaluator Read access allowed: resource=issue:apache/cloudstack#14177 +293µs
difc:evaluator Evaluating access: operation=read, resource=issue:apache/cloudstack#14174 +316µs
difc:evaluator Evaluating read access (mode=filter): resource=issue:apache/cloudstack#14174, agentSecrecy=[], agentIntegrity=[none:all] +307µs
difc:evaluator Read access allowed: resource=issue:apache/cloudstack#14174 +334µs
difc:evaluator Collection filtered: accessible=30, filtered=0, total=30 +316µs
server:unified [DIFC] Filtered collection: 30/30 items accessible +48ms
difc:pipeline_decisions ShouldBlockFilteredResponse: mode=filter, filteredCount=0, block=false +4.9s
difc:resource FilteredCollectionLabeledData.ToResult: returning 30 accessible items (filter_reason=DIFC policy) +19.8s
difc:pipeline_decisions ShouldAccumulateReadLabels: operation=read, mode=filter, accumulate=false +670µs
mcp:tool_result Converting backend result to CallToolResult +6.0s
mcp:tool_result Backend returned array, wrapping as text +303µs
server:response_writer Writing response body: 291156 bytes +6.1s
server:response_writer Retrieving captured body: 291156 bytes +1ms
server:response_writer Retrieving captured status code: 200 +467µs
server:sdk-frontend <<< SDK Response [routed:github] status=200 duration=6.087585112s (non-JSON or stream) +6.1s
server:sdk-frontend     Raw response (truncated): event: message
data: {"jsonrpc":"2.0","id":7,"result":{"content":[{"type":"text","text":"[{\"author_association\":\"NONE\",\"body\":\"### problem\\n\\nWhen CKS provisions a Kubernetes cluster with external etcd, the generated\\nkubeadm configuration points the API server at etcd over plaintext HTTP with\\nno client-certificate authentication. The etcd client/peer endpoints are\\nserved as `http://` and the kubeadm `external` etcd block has empty\\n`caFile`, `certFile`, and `keyFile` values:\\n\\... +405µs
launcher:launcher Retrieved server IDs: count=2, ids=[github safeoutputs] +311ms
launcher:health Running health check: checking 2 servers +30.0s
tracing:provider Handling request: span=gateway.request, method=POST, path=/mcp/safeoutputs, remoteParent=false +18.3s
tracing:provider Span started: span=gateway.request, traceID=00000000000000000000000000000000 +742µs
server:auth Authenticating request: method=POST, path=/mcp/safeoutputs, remote=172.30.0.20:46458 +18.3s
auth:header Extracting session ID from auth header: sanitized=gUzH... +18.3s
auth:header Using plain API key as session ID +326µs
server:sdk-frontend >>> SDK Request [routed:safeoutputs] session=gUzHgIR4... mcp-session=(none) method=POST path=/mcp/safeoutputs +12.2s
server:sdk-frontend     JSON-RPC Request: method=initialize id=1 +360µs
server:response_writer Creating new response writer with default status 200 +12.2s
server:session Extracting session from request: remote=172.30.0.20:46458, path=/mcp/safeoutputs +18.3s
auth:header Extracting session ID from auth header: sanitized=gUzH... +2ms
auth:header Using plain API key as session ID +334µs
server:session Session extracted successfully: sessionID=gUzHgIR4..., remote=172.30.0.20:46458 +1ms
server:helpers Checking request body: method=POST, hasBody=true, sessionID=gUzHgIR4... +50.5s
server:helpers Request body read: size=163 bytes, sessionID=gUzHgIR4..., backendID=safeoutputs +335µs
server:helpers Request body logged for debugging +694µs
server:session Injecting session context: sessionID=gUzHgIR4..., backendID=safeoutputs +1ms
guard:context Setting agent ID in context: gUzHgIR4XIg9fTU5L58cfhq5EVGKh7agQezXfd38OSpm515oZDB6sH8jl +17.2s
server:session Adding backend ID to context: backendID=safeoutputs +620µs
server:session Session context injected successfully +352µs
server:routed [CACHE] Cache hit: key=safeoutputs/gUzHgIR4... +50.5s
server:routed [INFO] server connecting +391µs
server:routed [INFO] server session connected session_id=IFNPLZ2UIPVK6APV72EVD4WV64 +327µs
server:response_writer Writing response body: 209 bytes +5ms
server:response_writer Retrieving captured body: 209 bytes +446µs
server:response_writer Retrieving captured status code: 200 +377µs
server:sdk-frontend <<< SDK Response [routed:safeoutputs] status=200 duration=8.067889ms (non-JSON or stream) +7ms
server:sdk-frontend     Raw response: event: message
data: {"jsonrpc":"2.0","id":1,"result":{"capabilities":{"logging":{},"tools":{"listChanged":true}},"protocolVersion":"2024-11-05","serverInfo":{"name":"awmg-safeoutputs","version":"v0.3.19"}}}

 +366µs
tracing:provider Handling request: span=gateway.request, method=POST, path=/mcp/safeoutputs, remoteParent=false +14ms
tracing:provider Span started: span=gateway.request, traceID=00000000000000000000000000000000 +435µs
server:auth Authenticating request: method=POST, path=/mcp/safeoutputs, remote=172.30.0.20:46458 +14ms
auth:header Extracting session ID from auth header: sanitized=gUzH... +11ms
auth:header Using plain API key as session ID +433µs
server:sdk-frontend >>> SDK Request [routed:safeoutputs] session=gUzHgIR4... mcp-session=IFNPLZ2U... method=POST path=/mcp/safeoutputs +6ms
server:sdk-frontend     JSON-RPC Request: method=notifications/initialized id=<nil> +436µs
server:response_writer Creating new response writer with default status 200 +8ms
server:response_writer Setting response status code: 202 +436µs
server:routed [INFO] session initialized +10ms
server:response_writer Retrieving captured body: 0 bytes +347µs
server:response_writer Retrieving captured status code: 202 +356µs
server:sdk-frontend <<< SDK Response [routed:safeoutputs] status=202 duration=2.752317ms (empty body) +2ms
tracing:provider Handling request: span=gateway.request, method=POST, path=/mcp/safeoutputs, remoteParent=false +6ms
tracing:provider Span started: span=gateway.request, traceID=00000000000000000000000000000000 +489µs
server:auth Authenticating request: method=POST, path=/mcp/safeoutputs, remote=172.30.0.20:46458 +7ms
auth:header Extracting session ID from auth header: sanitized=gUzH... +6ms
auth:header Using plain API key as session ID +324µs
server:sdk-frontend >>> SDK Request [routed:safeoutputs] session=gUzHgIR4... mcp-session=IFNPLZ2U... method=POST path=/mcp/safeoutputs +4ms
server:sdk-frontend     JSON-RPC Request: method=tools/call id=2 +373µs
server:response_writer Creating new response writer with default status 200 +5ms
2026/09/28 13:39:17 [ROUTED] Calling unified handler for: noop
server:session Extracted session ID from context: gUzHgIR4... +17ms
mcp:tool_result Parsing arguments for tool: noop +12.3s
mcp:tool_result Parsed 1 arguments +345µs
server:session Extracted session ID from context: gUzHgIR4... +1ms
server:session Extracted session ID from context: gUzHgIR4... +708µs
server:session Checking session: sessionID=gUzHgIR4... +304µs
server:session Session validated for ID: gUzHgIR4... +310µs
server:unified callBackendTool: serverID=safeoutputs, toolName=noop, args=map[message:Checked apache/cloudstack for untriaged open issues using 'repo:apache/cloudstack is:issue is:open no:label' (0 results) and manually spot-checked oldest and newest open issues — all currently have at least one label. No triage action needed in this run.] +12.3s
guard:registry Getting guard for serverID=safeoutputs +18.3s
guard:registry Found guard for serverID=safeoutputs, guardName=write-sink +319µs
server:session Extracted session ID from context: gUzHgIR4... +1ms
server:guard_init Resolving guard policy: serverID=safeoutputs +18.3s
config:guard_policy ParseServerGuardPolicy: serverID=safeoutputs, keyCount=1 +18.3s
config:guard_policy ParsePolicyMap: hasAllowOnly=false, hasWriteSink=true, keyCount=1 +338µs
config:guard_policy Parsing guard policy JSON: len=31 +408µs
config:guard_policy UnmarshalJSON: parsing guard policy, keys=1 +334µs
config:guard_policy UnmarshalJSON: guard policy type is write-sink +321µs
config:guard_policy ValidateGuardPolicy: delegating to write-sink validation, acceptCount=1 +278µs
config:guard_policy ValidateWriteSinkPolicy: acceptCount=1 +394µs
config:guard_policy ValidateWriteSinkPolicy: wildcard accept, policy is valid +353µs
server:guard_init Using server-level guard policy: serverID=safeoutputs +3ms
guard:wasm BuildLabelAgentPayload: trustedBots=0, trustedUsers=0 +12.4s
guard:context Retrieved agent ID from context: gUzHgIR4XIg9fTU5L58cfhq5EVGKh7agQezXfd38OSpm515oZDB6sH8jl +27ms
difc:agent GetOrCreate called for agentID=gUzHgIR4XIg9fTU5L58cfhq5EVGKh7agQezXfd38OSpm515oZDB6sH8jl +18.3s
guard:label_agent Calling LabelAgent: guard=write-sink +47.1s
guard:write-sink LabelAgent: returning empty labels (write-sink does not label agents) +1.2m
guard:guard Creating empty agent labels result: mode="filter" +47.1s
guard:guard Applying label agent result: difc_mode="filter", secrecy_tags=0, integrity_tags=0, defaultMode=strict +350µs
guard:guard Enforcement mode overridden: default=strict, override=filter +325µs
difc:agent Agent gUzHgIR4XIg9fTU5L58cfhq5EVGKh7agQezXfd38OSpm515oZDB6sH8jl adding 0 secrecy tags +2ms
difc:agent Agent gUzHgIR4XIg9fTU5L58cfhq5EVGKh7agQezXfd38OSpm515oZDB6sH8jl adding 0 integrity tags +308µs
guard:guard Label agent result applied: effective_mode=filter +985µs
guard:label_agent LabelAgent completed: guard=write-sink, mode=filter +2ms
guard:context Retrieved agent ID from context: gUzHgIR4XIg9fTU5L58cfhq5EVGKh7agQezXfd38OSpm515oZDB6sH8jl +4ms
difc:agent GetOrCreate called for agentID=gUzHgIR4XIg9fTU5L58cfhq5EVGKh7agQezXfd38OSpm515oZDB6sH8jl +2ms
server:unified [DIFC] Agent gUzHgIR4XIg9fTU5L58cfhq5EVGKh7agQezXfd38OSpm515oZDB6sH8jl | Secrecy: [] | Integrity: [none:all] +11ms
guard:context Setting request state in context +1ms
guard:write-sink LabelResource: tool=noop, operation=write, accept_tags=1 +5ms
difc:labels Creating label with 1 initial tags: [*] +18.3s
server:unified [DIFC] Resource: write-sink (noop) | Operation: write | Secrecy: [*] | Integrity: [] +1ms
difc:pipeline_decisions ShouldBypassCoarseDeny: operation=write, bypass=false +12.3s
difc:evaluator Evaluating access: operation=write, resource=write-sink (noop) +12.3s
difc:evaluator Evaluating write access: resource=write-sink (noop), agentSecrecy=[], agentIntegrity=[none:all] +407µs
difc:evaluator Write access allowed: resource=write-sink (noop) +351µs
server:unified [DIFC] Access ALLOWED for agent gUzHgIR4XIg9fTU5L58cfhq5EVGKh7agQezXfd38OSpm515oZDB6sH8jl to write-sink (noop) +1ms
server:unified executeBackendToolCall: serverID=safeoutputs, toolName=noop +329µs
launcher:launcher HTTP backend detected, using stateless connection: serverID=safeoutputs +12.1s
mcp:connection Dispatching SDK method: tools/call, serverID=safeoutputs +12.4s
mcp:connection callTool: parsed name=noop, argumentCount=1 +362µs
difc:pipeline_decisions ShouldCallLabelResponse: operation=write, mode=filter, result=false +9ms
server:unified [DIFC] Skipping LabelResponse() for write operation in filter mode +7ms
difc:pipeline_decisions ShouldAccumulateReadLabels: operation=write, mode=filter, accumulate=false +801µs
mcp:tool_result Converting backend result to CallToolResult +26ms
mcp:tool_result Converted result: content_items=1, is_error=false +324µs
server:response_writer Writing response body: 120 bytes +29ms
server:response_writer Retrieving captured body: 120 bytes +411µs
server:response_writer Retrieving captured status code: 200 +346µs
server:sdk-frontend <<< SDK Response [routed:safeoutputs] status=200 duration=31.422427ms (non-JSON or stream) +31ms
server:sdk-frontend     Raw response: event: message
data: {"jsonrpc":"2.0","id":2,"result":{"content":[{"type":"text","text":"{\"result\":\"success\"}"}]}}

 +338µs
tracing:provider Handling request: span=gateway.request, method=DELETE, path=/mcp/github, remoteParent=false +2.2s
tracing:provider Handling request: span=gateway.request, method=DELETE, path=/mcp/safeoutputs, remoteParent=false +67µs
tracing:provider Span started: span=gateway.request, traceID=00000000000000000000000000000000 +690µs
server:auth Authenticating request: method=DELETE, path=/mcp/github, remote=172.30.0.20:60264 +2.2s
tracing:provider Span started: span=gateway.request, traceID=00000000000000000000000000000000 +1ms
server:auth Authenticating request: method=DELETE, path=/mcp/safeoutputs, remote=172.30.0.20:60268 +1ms
auth:header Extracting session ID from auth header: sanitized=gUzH... +2.2s
auth:header Extracting session ID from auth header: sanitized=gUzH... +349µs
auth:header Using plain API key as session ID +381µs
server:sdk-frontend >>> SDK Request [routed:github] session=gUzHgIR4... mcp-session=D5TCRTMV... method=DELETE path=/mcp/github +2.2s
server:response_writer Creating new response writer with default status 200 +2.2s
auth:header Using plain API key as session ID +1ms
server:response_writer Retrieving captured body: 0 bytes +1ms
server:routed [INFO] server session disconnected session_id=D5TCRTMVWZ6QBNYJAXQPVSDAX4 +2.2s
server:response_writer Retrieving captured status code: 200 +394µs
server:sdk-frontend <<< SDK Response [routed:github] status=200 duration=52.735000625s (empty body) +2ms
server:sdk-frontend >>> SDK Request [routed:safeoutputs] session=gUzHgIR4... mcp-session=2HERQMLC... method=DELETE path=/mcp/safeoutputs +853µs
server:response_writer Setting response status code: 204 +1ms
server:response_writer Creating new response writer with default status 200 +357µs
server:response_writer Retrieving captured body: 0 bytes +360µs
server:routed [INFO] server session disconnected session_id=2HERQMLCZ3AYOK2ZYZA54ZRUON +2ms
server:response_writer Retrieving captured status code: 200 +425µs
server:sdk-frontend <<< SDK Response [routed:safeoutputs] status=200 duration=52.732372391s (empty body) +2ms
server:response_writer Retrieving captured body: 0 bytes +828µs
server:response_writer Setting response status code: 204 +353µs
server:response_writer Retrieving captured status code: 204 +686µs
server:sdk-frontend <<< SDK Response [routed:github] status=204 duration=6.279333ms (empty body) +1ms
server:response_writer Retrieving captured body: 0 bytes +964µs
server:response_writer Retrieving captured status code: 204 +330µs
server:sdk-frontend <<< SDK Response [routed:safeoutputs] status=204 duration=8.63473ms (empty body) +1ms
server:response_writer Creating new response writer with default status 200 +1.7s
server:auth Authenticating request: method=POST, path=/close, remote=[::1]:58892 +1.8s
2026/09/28 13:39:21 [[::1]:58892] POST /close
server:handlers Initiating gateway shutdown +1.3m
launcher:health Stopping health monitor, waiting for background goroutine to finish +16.0s
launcher:health Health monitor stopped +353µs
launcher:launcher Retrieved server IDs: count=2, ids=[github safeoutputs] +4.0s
launcher:launcher Closing launcher: connections=2, hasSessionPool=true +787µs
launcher:launcher Closing 2 connections +361µs
mcp:connection Closing connection: serverID=github, isHTTP=false +4.0s
mcp:connection Closing connection: serverID=safeoutputs, isHTTP=true +1ms
launcher:launcher Stopping session connection pool +3ms
launcher:pool Stopping connection pool +16.3s
launcher:pool Context cancelled, stopping cleanup +472µs
launcher:pool Cleanup goroutine stopped +521µs
launcher:pool Closing connection: backend=github, session=gUzHgIR4XIg9fTU5L58cfhq5EVGKh7agQezXfd38OSpm515oZDB6sH8jl +580µs
launcher:pool Connection pool stopped +363µs
launcher:launcher Launcher closed successfully +2ms
guard:wasm Closing global compilation cache +4.0s
guard:wasm Global compilation cache closed +322µs
server:handlers Shutdown completed: servers_terminated=2 +10ms
httputil:httputil Writing JSON response: statusCode=200 +16.4s
server:response_writer Setting response status code: 200 +13ms
httputil:httputil JSON response body size: 80 bytes +884µs
server:response_writer Writing response body: 80 bytes +995µs
2026/09/28 13:39:21 Gateway shutdown initiated. Terminated 2 server(s)
server:response_writer Retrieving captured body: 80 bytes +974µs
server:response_writer Retrieving captured body: 80 bytes +429µs
server:response_writer Retrieving captured status code: 200 +484µs
server:helpers [[::1]:58892] POST /close - Status: 200, Response: {"message":"Gateway shutdown initiated","serversTerminated":2,"status":"closed"} +4.0s
cmd:root Shutting down tracing provider +1.3m
2026/09/28 13:39:21 Shutting down...
cmd:root Tracing provider shut down successfully +1ms
