[INFO] Starting MCP Gateway in containerized mode...
[INFO] Auto-detected baked-in WASM guards at /guards
[INFO] MCP_GATEWAY_WASM_GUARDS_DIR=/guards
[INFO] Running in containerized environment
[WARN] Could not determine container ID
[INFO] Docker daemon is accessible
[INFO] Required environment variables are set
[INFO] Set DOCKER_API_VERSION=1.48 (server current)
[INFO] Detecting host IP for container networking...
[INFO] Method 1 (primary interface): 10.1.0.146
[INFO] Using host IP: 10.1.0.146
[INFO] host.docker.internal already exists in /etc/hosts
[INFO] Gateway will listen on 0.0.0.0:8080
[INFO] Log directory: /tmp/gh-aw/mcp-logs/
[INFO] Command: ./awmg --routed --listen 0.0.0.0:8080 --config-stdin --log-dir /tmp/gh-aw/mcp-logs/
[INFO] Waiting for JSON configuration on stdin...
[INFO] 
[INFO] IMPORTANT: Configuration must be provided via stdin.
[INFO] No default configuration is used in containerized mode.
[INFO] 
config:feature Registered defaults setter: total=1 +87µs
config:feature Registered defaults setter: total=2 +15µs
config:feature Registered stdin converter: total=1 +2µs
cmd:root Checking for baked-in guard at /guards/github/00-github-guard.wasm +1µs
cmd:root Auto-detected baked-in guard: /guards/github/00-github-guard.wasm +55µs
cmd:root WASM cache dir resolved from default (logDir="/tmp/gh-aw/mcp-logs/"): "/tmp/gh-aw/mcp-logs/wazero-cache" +34µs
cmd:root Registering 5 flag groups +51µs
cmd:root WASM cache dir resolved from default (logDir="/tmp/gh-aw/mcp-logs/"): "/tmp/gh-aw/mcp-logs/wazero-cache" +45µs
cmd:root Flag group registration complete +16µs
cmd:root Registering flag completion functions +3µs
main:main Starting MCP Gateway application +772ns
version:version BuildVersionString: mainVersion="v0.3.19", gitCommit="", buildDate="" +4ms
version:version vcsCommitFromBuildInfo: vcs.revision not found in build settings +21µs
version:version BuildVersionString: result="v0.3.19" +36µs
main:main Built version string: v0.3.19 +84µs
version:version Setting gateway version: v0.3.19 +55µs
main:main Executing root command +59µs
2026/10/01 13:37:19 Logging level: DEBUG=* (from environment)
2026/10/01 13:37:19 Logging to file: /tmp/gh-aw/mcp-logs/mcp-gateway.log
2026/10/01 13:37:19 Initialized per-serverID logging in directory: /tmp/gh-aw/mcp-logs/
2026/10/01 13:37:19 Tools logging to file: /tmp/gh-aw/mcp-logs/tools.json
cmd:root Starting MCPG with config: stdin, listen: 0.0.0.0:8080 +1ms
cmd:root WASM cache dir resolved from default (logDir="/tmp/gh-aw/mcp-logs/"): "/tmp/gh-aw/mcp-logs/wazero-cache" +245µs
cmd:root Configuring WASM compilation cache: resolvedDir="/tmp/gh-aw/mcp-logs/wazero-cache", flagChanged=false +366µs
guard:wasm Configuring global compilation cache: dir="/tmp/gh-aw/mcp-logs/wazero-cache" +7ms
guard:wasm Creating disk-backed compilation cache: dir=/tmp/gh-aw/mcp-logs/wazero-cache +320µs
guard:wasm Global compilation cache replaced successfully +388µs
cmd:root WASM compilation cache configured: mode=disk, dir="/tmp/gh-aw/mcp-logs/wazero-cache" +1ms
2026/10/01 13:37:19 WASM compilation cache directory: /tmp/gh-aw/mcp-logs/wazero-cache
2026/10/01 13:37:19 Reading configuration from stdin...
config:config Loading configuration from stdin JSON +7ms
config:config Read 732 bytes from stdin +353µs
config:validation Expanding variables: context=raw JSON data +7ms
config:validation Expanded variable: GITHUB_SERVER_URL (found in environment) +284µs
config:validation Expanded variable: GITHUB_MCP_SERVER_TOKEN (found in environment) +714µs
config:validation Expanded variable: GH_AW_SAFE_OUTPUTS_API_KEY (found in environment) +323µs
config:validation Variable expansion completed: context=raw JSON data, undefined_count=0 +294µs
config:validation_schema Starting JSON schema validation: data_size=1113 bytes +9ms
config:validation_schema Compiling JSON schema for the first time +374µs
config:validation_schema Applied customServerConfig type fix: replaced negative-lookahead pattern with not-enum constraint +961µs
config:validation_schema Applied customSchemas patternProperties fix: replaced negative-lookahead key "^(?!stdio$|http$)[a-z][a-z0-9-]*$" with ^[a-z][a-z0-9-]*$ +331µs
config:validation_schema Added registry and Added guard-policies fields in stdioServerConfig +508µs
config:validation_schema Added registry and Updated guard-policies fields in httpServerConfig +300µs
config:validation_schema Added trustedBots and keepaliveInterval fields to gatewayConfig +286µs
config:validation_schema Schema fixes applied in 2.212806ms +522µs
config:validation_schema Schema compiled and cached successfully +3ms
config:validation_schema Schema compilation/retrieval took: 7.061912ms +428µs
config:validation_schema JSON parsing took: 24.245µs +329µs
config:validation_schema Schema validation took: 109.565µs +872µs
config:validation_schema Total validation completed successfully in 8.925947ms +288µs
config:config Parsed stdin config with 2 servers +11ms
config:validation_schema Validating string patterns: server_count=2 +1ms
config:validation_schema Validating server: name=github, type=stdio +592µs
config:validation_schema Validating server: name=safeoutputs, type=http +333µs
config:validation Validating gateway configuration +11ms
config:validation Validating gateway port: 8080 +340µs
config:rules Validating port range: port=8080, jsonPath=gateway.port +24ms
config:validation Validating payload directory: /tmp/gh-aw/mcp-payloads +742µs
config:rules Validating absolute path: field=payloadDir, value=/tmp/gh-aw/mcp-payloads, jsonPath=gateway.payloadDir +994µs
config:rules Valid Unix absolute path: /tmp/gh-aw/mcp-payloads +319µs
config:validation Gateway config validation passed +1ms
config:validation Validating gateway configuration +274µs
config:validation Validating gateway port: 8080 +732µs
config:rules Validating port range: port=8080, jsonPath=gateway.port +1ms
config:validation Validating payload directory: /tmp/gh-aw/mcp-payloads +557µs
config:rules Validating absolute path: field=payloadDir, value=/tmp/gh-aw/mcp-payloads, jsonPath=gateway.payloadDir +514µs
config:rules Valid Unix absolute path: /tmp/gh-aw/mcp-payloads +259µs
config:validation Gateway config validation passed +842µs
config:config_stdin Converting stdin config: 2 servers +26ms
config:config MCP_GATEWAY_TOOL_TIMEOUT not set in environment +7ms
config:feature Applying 2 default setter(s) +26ms
config:feature All default setters applied +654µs
config:validation Validating server config: name=github, type=stdio +2ms
config:validation Server config validation passed: name=github, type=stdio +249µs
config:config_stdin Server "github": expanding 4 environment variable(s) +2ms
config:validation Expanding env variables for server: github, count=4 +948µs
config:validation Expanding variables: context=jsonPath=mcpServers.github.env.GITHUB_HOST +314µs
config:validation Variable expansion completed: context=jsonPath=mcpServers.github.env.GITHUB_HOST, undefined_count=0 +255µs
config:validation Expanding variables: context=jsonPath=mcpServers.github.env.GITHUB_PERSONAL_ACCESS_TOKEN +270µs
config:validation Variable expansion completed: context=jsonPath=mcpServers.github.env.GITHUB_PERSONAL_ACCESS_TOKEN, undefined_count=0 +253µs
config:validation Expanding variables: context=jsonPath=mcpServers.github.env.GITHUB_READ_ONLY +792µs
config:validation Variable expansion completed: context=jsonPath=mcpServers.github.env.GITHUB_READ_ONLY, undefined_count=0 +283µs
config:validation Expanding variables: context=jsonPath=mcpServers.github.env.GITHUB_TOOLSETS +225µs
config:validation Variable expansion completed: context=jsonPath=mcpServers.github.env.GITHUB_TOOLSETS, undefined_count=0 +280µs
config:validation Env variable expansion completed for server: github +528µs
config:config_stdin Converting server "github": type=stdio +4ms
config:config_stdin Server "github": configured stdio container=ghcr.io/github/github-mcp-server:v1.0.4, env_vars=4, mounts=0 +302µs
config:config Configured stdio MCP server: name=github, container=ghcr.io/github/github-mcp-server:v1.0.4 +6ms
config:validation Validating server config: name=safeoutputs, type=http +1ms
config:validation Server config validation passed: name=safeoutputs, type=http +603µs
config:config_stdin Server "safeoutputs": expanding 1 HTTP header(s) +1ms
config:validation Expanding env variables for server: safeoutputs, count=1 +546µs
config:validation Expanding variables: context=jsonPath=mcpServers.safeoutputs.env.Authorization +737µs
config:validation Variable expansion completed: context=jsonPath=mcpServers.safeoutputs.env.Authorization, undefined_count=0 +3ms
config:validation Env variable expansion completed for server: safeoutputs +910µs
config:config_stdin Converting server "safeoutputs": type=http +5ms
config:config Configured HTTP MCP server: name=safeoutputs, url=http://host.docker.internal:3001 +7ms
2026/10/01 13:37:19 [CONFIG] Configured HTTP MCP server: safeoutputs -> http://host.docker.internal:3001
config:feature Applying 1 stdin converter(s) +13ms
config:feature All stdin converters applied +263µs
config:validation Validating guard policies: count=0 +1ms
config:config Converted stdin config to internal format with 2 servers +1ms
cmd:root Configuration loaded with 2 servers +36ms
2026/10/01 13:37:19 Loaded 2 MCP server(s)
config:guard_policy ResolveGuardPolicyOverride: cliChanged=false, hasCLIPolicyJSON=false, allowOnlyPublic=false, owner="", repo="", minIntegrity="" +43ms
config:guard_policy ResolveGuardPolicyOverride: no guard policy configured (nil) +261µs
difc:sink_server_ids Setting sink server IDs: input_count=0 +46ms
difc:sink_server_ids No sink server IDs provided, clearing configuration +260µs
2026/10/01 13:37:19 Guards sink server ID logging enrichment disabled (no sink server IDs configured)
2026/10/01 13:37:19 Parallel server launching enabled (default)
cmd:root Server mode: routed, guards mode: strict +2ms
cmd:root Initializing tracing provider +269µs
tracing:provider Tracing disabled: no OTLP endpoint configured +44ms
cmd:root Tracing provider initialized successfully +899µs
2026/10/01 13:37:19 OpenTelemetry tracing disabled (no OTLP endpoint configured)
server:unified Creating new unified server: sequentialLaunch=false, servers=2 +45ms
launcher:launcher Creating new launcher with 2 configured servers +47ms
sys:container Detecting container environment +50ms
sys:container Container detected via /.dockerenv +509µs
2026/10/01 13:37:19 [LAUNCHER] Detected running inside a container
config:config Resolved gateway config after defaulting: port=8080, startupTimeout=30, toolTimeout=60, keepaliveInterval=1500 +6ms
config:feature Applying 2 default setter(s) +7ms
config:feature All default setters applied +421µs
launcher:launcher Using startup timeout: 30s +2ms
launcher:pool Creating new session connection pool: idleTimeout=6h0m0s, cleanupInterval=5m0s, maxErrors=10 +49ms
server:unified Payload configuration: dir=/tmp/gh-aw/mcp-payloads, pathPrefix=, sizeThreshold=524288 bytes (512.00 KB) +3ms
launcher:pool Cleanup goroutine started +451µs
difc:agent Creating agent registry with defaults: secrecyTags=0, integrityTags=0 +53ms
difc:capabilities Creating new capabilities set +54ms
launcher:launcher Retrieved server IDs: count=2, ids=[github safeoutputs] +2ms
server:system_tools Creating new SysServer with 2 servers: [github safeoutputs] +51ms
server:unified Built allowed tool sets: 0 server(s) with tool restrictions +2ms
server:circuit_breaker Creating circuit breaker: serverID=github, threshold=3, cooldown=1m0s +52ms
server:circuit_breaker Created circuit breaker for server github: threshold=0, cooldown=0s +393µs
server:circuit_breaker Creating circuit breaker: serverID=safeoutputs, threshold=3, cooldown=1m0s +247µs
server:circuit_breaker Created circuit breaker for server safeoutputs: threshold=0, cooldown=0s +256µs
server:circuit_breaker buildCircuitBreakers: created 2 circuit breakers +231µs
guard:registry Creating new guard registry +57ms
launcher:launcher Retrieved server IDs: count=2, ids=[github safeoutputs] +3ms
server:guard_init Searching for WASM guard file: serverID=github, dir=/guards/github +54ms
server:guard_init Found WASM guard file: serverID=github, path=/guards/github/00-github-guard.wasm +285µs
guard:wasm Creating WASM guard: name=github, path=/guards/github/00-github-guard.wasm +51ms
guard:wasm Creating WASM guard from bytes: name=github, size=310015 +327µs
guard:wasm Instantiating WASM host functions: guard=github +1ms
guard:wasm WASM host functions instantiated: guard=github (call_backend, host_log) +379µs
guard:wasm WASM guard created successfully: name=github +117ms
server:guard_init Resolving guard policy: serverID=github +120ms
config:guard_policy ParseServerGuardPolicy: serverID=github, keyCount=1 +134ms
config:guard_policy ParsePolicyMap: hasAllowOnly=true, hasWriteSink=false, keyCount=1 +342µs
config:guard_policy Parsing guard policy JSON: len=112 +317µs
config:guard_policy UnmarshalJSON: parsing guard policy, keys=1 +300µs
config:guard_policy UnmarshalJSON: parsing allow-only policy, fields=5 +245µs
config:guard_policy UnmarshalJSON: allow-only policy parsed, repos=string, minIntegrity=none +226µs
config:guard_policy UnmarshalJSON: guard policy type is allow-only +239µs
config:guard_policy ValidateGuardPolicy: delegating to allow-only normalization +230µs
config:guard_policy Normalizing guard policy: integrity=none, reposType=string +234µs
config:guard_policy Guard policy normalized: scopeKind=all, integrity=none +229µs
server:guard_init Using server-level guard policy: serverID=github +2ms
guard:registry Registering guard for serverID=github, guardName=github +125ms
server:guard_init Searching for WASM guard file: serverID=safeoutputs, dir=/guards/safeoutputs +1ms
server:guard_init No WASM guard directory found for serverID=safeoutputs +255µs
server:guard_init Resolving guard policy: serverID=safeoutputs +228µs
config:guard_policy ParseServerGuardPolicy: serverID=safeoutputs, keyCount=1 +2ms
config:guard_policy ParsePolicyMap: hasAllowOnly=false, hasWriteSink=true, keyCount=1 +427µs
config:guard_policy Parsing guard policy JSON: len=31 +306µs
config:guard_policy UnmarshalJSON: parsing guard policy, keys=1 +270µs
config:guard_policy UnmarshalJSON: guard policy type is write-sink +276µs
config:guard_policy ValidateGuardPolicy: delegating to write-sink validation, acceptCount=1 +240µs
config:guard_policy ValidateWriteSinkPolicy: acceptCount=1 +234µs
config:guard_policy ValidateWriteSinkPolicy: wildcard accept, policy is valid +277µs
server:guard_init Using server-level guard policy: serverID=safeoutputs +2ms
guard:write-sink Creating write-sink guard with 1 accept patterns +188ms
server:guard_init Resolving guard policy: serverID=safeoutputs +1ms
config:guard_policy ParseServerGuardPolicy: serverID=safeoutputs, keyCount=1 +1ms
config:guard_policy ParsePolicyMap: hasAllowOnly=false, hasWriteSink=true, keyCount=1 +247µs
config:guard_policy Parsing guard policy JSON: len=31 +259µs
config:guard_policy UnmarshalJSON: parsing guard policy, keys=1 +248µs
config:guard_policy UnmarshalJSON: guard policy type is write-sink +282µs
config:guard_policy ValidateGuardPolicy: delegating to write-sink validation, acceptCount=1 +234µs
config:guard_policy ValidateWriteSinkPolicy: acceptCount=1 +318µs
config:guard_policy ValidateWriteSinkPolicy: wildcard accept, policy is valid +253µs
server:guard_init Using server-level guard policy: serverID=safeoutputs +2ms
guard:registry Registering guard for serverID=safeoutputs, guardName=write-sink +8ms
server:unified Auto-enabled DIFC: non-noop guard, global policy, or per-server guard policies detected +136ms
launcher:launcher Retrieved server IDs: count=2, ids=[github safeoutputs] +134ms
server:unified Registered 2 sys tools +1ms
launcher:launcher Retrieved server IDs: count=2, ids=[github safeoutputs] +1ms
server:unified Registering tools in parallel from 2 backends +635µs
server:unified Registering tools from backend: safeoutputs +349µs
server:unified Registering tools from backend: github +985ns
launcher:launcher Connection not found in cache, launching new: serverID=safeoutputs +1ms
launcher:launcher Retrieved server config: serverID=safeoutputs, type=http +586µs
mcp:http_transport Wrapping HTTP client with 1 custom header(s) +194ms
mcp:http_transport Attempting streamable HTTP transport: serverID=safeoutputs, url=http://host.docker.internal:3001, connectTimeout=30s +304µs
mcp:http_transport Creating HTTP connection: serverID=safeoutputs, url=http://host.docker.internal:3001, transport=streamable, headers=1, keepAlive=25m0s, connectTimeout=30s +5ms
mcp:connection Connected with streamable HTTP transport +200ms
launcher:launcher Recorded server start: serverID=safeoutputs +8ms
launcher:launcher Connection not found in cache, launching new: serverID=github +344µs
launcher:launcher Retrieved server config: serverID=github, type=stdio +260µs
mcp:connection Dispatching SDK method: tools/list, serverID=safeoutputs +2ms
launcher:launcher Launching new server: serverID=github, command=docker, inContainer=true, isDirectCommand=false +1ms
2026/10/01 13:37:19 [LAUNCHER] Command: docker
2026/10/01 13:37:19 [LAUNCHER] Args: [run --rm -i -e NO_COLOR=... -e TERM=... -e PYTHONUNBUFFERED=... -e GITHUB_HOST=http... -e GITHUB_PERSONAL_ACCESS_TOKEN=ghs_... -e GITHUB_READ_ONLY=... -e GITHUB_TOOLSETS=issu... ghcr.io/github/github-mcp-server:v1.0.4]
2026/10/01 13:37:19 [LAUNCHER] Starting server with 30s timeout
launcher:launcher Starting server with timeout: serverID=github, sessionID=, timeout=30s +315µs
launcher:launcher Starting connection goroutine: serverID=github +321µs
mcp:connection listTools: listing tools from serverID=safeoutputs +1ms
mcp:connection listtools: requesting tools list from backend serverID=safeoutputs +246µs
envutil:expand Expanding env args: input_count=18 +208ms
envutil:expand Env args expansion complete: output_count=18 +488µs
mcp:connection listtools: received page of 6 tools from serverID=safeoutputs +1ms
mcp:connection Expanded args for Docker env: [run --rm -i -e NO_COLOR=... -e TERM=... -e PYTHONUNBUFFERED=... -e GITHUB_HOST=http... -e GITHUB_PERSONAL_ACCESS_TOKEN=ghs_... -e GITHUB_READ_ONLY=... -e GITHUB_TOOLSETS=issu... ghcr.io/github/github-mcp-server:v1.0.4] +218µs
mcp:connection Initiating MCP server connection and handshake +651µs
mcp:connection listtools: received 6 tools total from serverID=safeoutputs +655µs
mcp:schema Normalizing input schema for tool: safeoutputs___add_comment +228ms
mcp:schema Tool safeoutputs___add_comment schema analysis: hasType=true +374µs
mcp:schema Tool safeoutputs___add_comment object type schema: hasProperties=true, hasAdditionalProperties=true +377µs
mcp:schema Tool safeoutputs___add_comment schema is valid, no normalization needed +419µs
middleware:jqschema ShouldApplyMiddleware: tool=safeoutputs___add_comment, applies=true +229ms
middleware:jqschema WrapToolHandler: wrapping tool=safeoutputs___add_comment, sizeThreshold=524288 bytes, baseDir=/tmp/gh-aw/mcp-payloads, pathPrefixSet=false +361µs
server:unified Registered tool: safeoutputs-add_comment +39ms
mcp:schema Normalizing input schema for tool: safeoutputs___add_labels +1ms
mcp:schema Tool safeoutputs___add_labels schema analysis: hasType=true +408µs
mcp:schema Tool safeoutputs___add_labels object type schema: hasProperties=true, hasAdditionalProperties=true +332µs
mcp:schema Tool safeoutputs___add_labels schema is valid, no normalization needed +315µs
middleware:jqschema ShouldApplyMiddleware: tool=safeoutputs___add_labels, applies=true +2ms
middleware:jqschema WrapToolHandler: wrapping tool=safeoutputs___add_labels, sizeThreshold=524288 bytes, baseDir=/tmp/gh-aw/mcp-payloads, pathPrefixSet=false +263µs
server:unified Registered tool: safeoutputs-add_labels +2ms
mcp:schema Normalizing input schema for tool: safeoutputs___missing_tool +1ms
mcp:schema Tool safeoutputs___missing_tool schema analysis: hasType=true +300µs
mcp:schema Tool safeoutputs___missing_tool object type schema: hasProperties=true, hasAdditionalProperties=true +287µs
mcp:schema Tool safeoutputs___missing_tool schema is valid, no normalization needed +372µs
middleware:jqschema ShouldApplyMiddleware: tool=safeoutputs___missing_tool, applies=true +2ms
middleware:jqschema WrapToolHandler: wrapping tool=safeoutputs___missing_tool, sizeThreshold=524288 bytes, baseDir=/tmp/gh-aw/mcp-payloads, pathPrefixSet=false +348µs
server:unified Registered tool: safeoutputs-missing_tool +2ms
mcp:schema Normalizing input schema for tool: safeoutputs___noop +1ms
mcp:schema Tool safeoutputs___noop schema analysis: hasType=true +294µs
mcp:schema Tool safeoutputs___noop object type schema: hasProperties=true, hasAdditionalProperties=true +209µs
mcp:schema Tool safeoutputs___noop schema is valid, no normalization needed +212µs
middleware:jqschema ShouldApplyMiddleware: tool=safeoutputs___noop, applies=true +1ms
middleware:jqschema WrapToolHandler: wrapping tool=safeoutputs___noop, sizeThreshold=524288 bytes, baseDir=/tmp/gh-aw/mcp-payloads, pathPrefixSet=false +265µs
server:unified Registered tool: safeoutputs-noop +2ms
mcp:schema Normalizing input schema for tool: safeoutputs___missing_data +1ms
mcp:schema Tool safeoutputs___missing_data schema analysis: hasType=true +323µs
mcp:schema Tool safeoutputs___missing_data object type schema: hasProperties=true, hasAdditionalProperties=true +392µs
mcp:schema Tool safeoutputs___missing_data schema is valid, no normalization needed +483µs
middleware:jqschema ShouldApplyMiddleware: tool=safeoutputs___missing_data, applies=true +2ms
middleware:jqschema WrapToolHandler: wrapping tool=safeoutputs___missing_data, sizeThreshold=524288 bytes, baseDir=/tmp/gh-aw/mcp-payloads, pathPrefixSet=false +336µs
server:unified Registered tool: safeoutputs-missing_data +2ms
mcp:schema Normalizing input schema for tool: safeoutputs___report_incomplete +1ms
mcp:schema Tool safeoutputs___report_incomplete schema analysis: hasType=true +352µs
mcp:schema Tool safeoutputs___report_incomplete object type schema: hasProperties=true, hasAdditionalProperties=true +551µs
mcp:schema Tool safeoutputs___report_incomplete schema is valid, no normalization needed +605µs
middleware:jqschema ShouldApplyMiddleware: tool=safeoutputs___report_incomplete, applies=true +2ms
middleware:jqschema WrapToolHandler: wrapping tool=safeoutputs___report_incomplete, sizeThreshold=524288 bytes, baseDir=/tmp/gh-aw/mcp-payloads, pathPrefixSet=false +275µs
server:unified Registered tool: safeoutputs-report_incomplete +2ms
server:unified Registered 6 tools from safeoutputs: safeoutputs-add_comment, safeoutputs-add_labels, safeoutputs-missing_tool, safeoutputs-noop, safeoutputs-missing_data, safeoutputs-report_incomplete +439µs
launcher:launcher Connection established: serverID=github +170ms
launcher:launcher Recorded server start: serverID=github +515µs
mcp:connection Dispatching SDK method: tools/list, serverID=github +168ms
mcp:connection listTools: listing tools from serverID=github +278µs
mcp:connection listtools: requesting tools list from backend serverID=github +268µs
mcp:connection listtools: received page of 6 tools from serverID=github +1ms
mcp:connection listtools: received 6 tools total from serverID=github +322µs
mcp:schema Normalizing input schema for tool: github___get_label +163ms
mcp:schema Tool github___get_label schema analysis: hasType=true +415µs
mcp:schema Tool github___get_label object type schema: hasProperties=true, hasAdditionalProperties=false +259µs
mcp:schema Tool github___get_label schema is valid, no normalization needed +250µs
middleware:jqschema ShouldApplyMiddleware: tool=github___get_label, applies=true +163ms
middleware:jqschema WrapToolHandler: wrapping tool=github___get_label, sizeThreshold=524288 bytes, baseDir=/tmp/gh-aw/mcp-payloads, pathPrefixSet=false +280µs
server:unified Registered tool: github-get_label +163ms
mcp:schema Normalizing input schema for tool: github___issue_read +1ms
mcp:schema Tool github___issue_read schema analysis: hasType=true +297µs
mcp:schema Tool github___issue_read object type schema: hasProperties=true, hasAdditionalProperties=false +314µs
mcp:schema Tool github___issue_read schema is valid, no normalization needed +302µs
middleware:jqschema ShouldApplyMiddleware: tool=github___issue_read, applies=true +1ms
middleware:jqschema WrapToolHandler: wrapping tool=github___issue_read, sizeThreshold=524288 bytes, baseDir=/tmp/gh-aw/mcp-payloads, pathPrefixSet=false +226µs
server:unified Registered tool: github-issue_read +2ms
mcp:schema Normalizing input schema for tool: github___list_issue_types +1ms
mcp:schema Tool github___list_issue_types schema analysis: hasType=true +240µs
mcp:schema Tool github___list_issue_types object type schema: hasProperties=true, hasAdditionalProperties=false +267µs
mcp:schema Tool github___list_issue_types schema is valid, no normalization needed +585µs
middleware:jqschema ShouldApplyMiddleware: tool=github___list_issue_types, applies=true +2ms
middleware:jqschema WrapToolHandler: wrapping tool=github___list_issue_types, sizeThreshold=524288 bytes, baseDir=/tmp/gh-aw/mcp-payloads, pathPrefixSet=false +360µs
server:unified Registered tool: github-list_issue_types +2ms
mcp:schema Normalizing input schema for tool: github___list_issues +2ms
mcp:schema Tool github___list_issues schema analysis: hasType=true +447µs
mcp:schema Tool github___list_issues object type schema: hasProperties=true, hasAdditionalProperties=false +293µs
mcp:schema Tool github___list_issues schema is valid, no normalization needed +264µs
middleware:jqschema ShouldApplyMiddleware: tool=github___list_issues, applies=true +2ms
middleware:jqschema WrapToolHandler: wrapping tool=github___list_issues, sizeThreshold=524288 bytes, baseDir=/tmp/gh-aw/mcp-payloads, pathPrefixSet=false +285µs
server:unified Registered tool: github-list_issues +2ms
mcp:schema Normalizing input schema for tool: github___list_label +1ms
mcp:schema Tool github___list_label schema analysis: hasType=true +235µs
mcp:schema Tool github___list_label object type schema: hasProperties=true, hasAdditionalProperties=false +347µs
mcp:schema Tool github___list_label schema is valid, no normalization needed +288µs
middleware:jqschema ShouldApplyMiddleware: tool=github___list_label, applies=true +1ms
middleware:jqschema WrapToolHandler: wrapping tool=github___list_label, sizeThreshold=524288 bytes, baseDir=/tmp/gh-aw/mcp-payloads, pathPrefixSet=false +239µs
server:unified Registered tool: github-list_label +1ms
mcp:schema Normalizing input schema for tool: github___search_issues +982µs
mcp:schema Tool github___search_issues schema analysis: hasType=true +231µs
mcp:schema Tool github___search_issues object type schema: hasProperties=true, hasAdditionalProperties=false +236µs
mcp:schema Tool github___search_issues schema is valid, no normalization needed +273µs
middleware:jqschema ShouldApplyMiddleware: tool=github___search_issues, applies=true +1ms
middleware:jqschema WrapToolHandler: wrapping tool=github___search_issues, sizeThreshold=524288 bytes, baseDir=/tmp/gh-aw/mcp-payloads, pathPrefixSet=false +309µs
server:unified Registered tool: github-search_issues +2ms
server:unified Registered 6 tools from github: github-get_label, github-issue_read, github-list_issue_types, github-list_issues, github-list_label, github-search_issues +264µs
server:unified Successfully registered tools from safeoutputs (took 52.855964ms) +304µs
server:unified Successfully registered tools from github (took 228.152786ms) +803µs
launcher:health Creating health monitor: interval=30s, maxRestartFailures=3 +421ms
launcher:health Starting health monitor: interval=30s +381µs
server:unified Unified server created successfully with 14 tools +1ms
launcher:health Health monitor goroutine started: interval=30s +515µs
2026/10/01 13:37:19 Starting MCPG in ROUTED mode on 0.0.0.0:8080
launcher:launcher Retrieved server IDs: count=2, ids=[github safeoutputs] +48ms
2026/10/01 13:37:19 Routes: /mcp/<server> where <server> is one of: [github safeoutputs]
server:routed Creating HTTP server for routed mode: addr=0.0.0.0:8080 +423ms
launcher:launcher Retrieved server IDs: count=2, ids=[github safeoutputs] +1ms
server:routed Registering routes for 2 backends: [github safeoutputs] +532µs
server:http_server Building MCP HTTP server: addr=0.0.0.0:8080, auth_enabled=true, hmac_enabled=false +424ms
server:handlers Creating OAuth discovery handler +424ms
server:handlers Creating OAuth discovery handler +276µs
server:handlers Creating close handler +329µs
server:auth Initialized auth middleware +425ms
server:http_server Session timeout configured: 6h0m0s +1ms
server:routed [CACHE] Creating filtered server cache: ttl=6h0m0s, maxSize=1000 +2ms
server:helpers Wrapping handler with middleware: logTag=routed:github, authEnabled=true, hmacEnabled=false +426ms
server:auth Initialized auth middleware +1ms
tracing:provider Registering HTTP handler with OTel span: span=gateway.request, extraAttrs=1 +382ms
server:helpers Middleware wrapping complete: logTag=routed:github +828µs
2026/10/01 13:37:19 Registered route: /mcp/github
server:helpers Wrapping handler with middleware: logTag=routed:safeoutputs, authEnabled=true, hmacEnabled=false +292µs
server:auth Initialized auth middleware +1ms
tracing:provider Registering HTTP handler with OTel span: span=gateway.request, extraAttrs=1 +1ms
server:helpers Middleware wrapping complete: logTag=routed:safeoutputs +734µs
2026/10/01 13:37:19 Registered route: /mcp/safeoutputs
server:http_server MCP HTTP server scaffold ready: addr=0.0.0.0:8080 +2ms
server:http_server Creating HTTP server: addr=0.0.0.0:8080 +256µs
2026/10/01 13:37:19 TLS not configured — listening on http://0.0.0.0:8080 (set --tls-cert/--tls-key to enable)
cmd:root Writing gateway config: listenAddr=0.0.0.0:8080, mode=routed, serverCount=2 +384ms
cmd:root Parsed listen address: host=0.0.0.0, port=8080 +309µs
cmd:root Resolved gateway address: host=0.0.0.0, port=8080 +273µs
cmd:root Gateway config: auth_enabled=true +282µs
cmd:root Gateway auth: apiKeyConfigured=true +269µs
cmd:root Writing server config: name=github, url=http://127.0.0.1:8080/mcp/github, toolCount=0 +298µs
cmd:root Wrote server config entry: name=github, url=http://127.0.0.1:8080/mcp/github, toolCount=0 +238µs
cmd:root Writing server config: name=safeoutputs, url=http://127.0.0.1:8080/mcp/safeoutputs, toolCount=0 +301µs
cmd:root Wrote server config entry: name=safeoutputs, url=http://127.0.0.1:8080/mcp/safeoutputs, toolCount=0 +274µs
cmd:root Gateway config written successfully: serverCount=2 +286µs
server:response_writer Creating new response writer with default status 200 +4.8s
server:health Health check request: method=GET, remote=[::1]:43320 +4.8s
server:health Building health response +221µs
launcher:launcher Retrieved server IDs: count=2, ids=[safeoutputs github] +4.4s
server:health Retrieved status for 2 servers +464µs
server:health Overall health status determined: healthy +240µs
server:health Health response: status=healthy, servers=2 +277µs
httputil:httputil Writing JSON response: statusCode=200 +4.8s
server:response_writer Setting response status code: 200 +2ms
httputil:httputil JSON response body size: 168 bytes +643µs
server:response_writer Writing response body: 168 bytes +573µs
server:response_writer Retrieving captured body: 168 bytes +267µs
server:response_writer Retrieving captured body: 168 bytes +273µs
server:response_writer Retrieving captured status code: 200 +341µs
server:helpers [[::1]:43320] GET /health - Status: 200, Response: {"status":"healthy","specVersion":"1.9.0","gatewayVersion":"v0.3.19","servers":{"github":{"status":"running","uptime":4},"safeoutputs":{"status":"running","uptime":4}}} +4.4s
tracing:provider Handling request: span=gateway.request, method=POST, path=/mcp/github, remoteParent=false +4.4s
tracing:provider Span started: span=gateway.request, traceID=00000000000000000000000000000000 +449µs
server:auth Authenticating request: method=POST, path=/mcp/github, remote=127.0.0.1:50192 +4.4s
auth:header Extracting session ID from auth header: sanitized=Tv6W... +4.9s
auth:header Using plain API key as session ID +272µs
server:sdk-frontend >>> SDK Request [routed:github] session=Tv6WyTHj... mcp-session=(none) method=POST path=/mcp/github +4.9s
server:sdk-frontend     JSON-RPC Request: method=ping id=1 +277µs
server:response_writer Creating new response writer with default status 200 +69ms
server:session Extracting session from request: remote=127.0.0.1:50192, path=/mcp/github +4.9s
auth:header Extracting session ID from auth header: sanitized=Tv6W... +1ms
auth:header Using plain API key as session ID +244µs
server:session Session extracted successfully: sessionID=Tv6WyTHj..., remote=127.0.0.1:50192 +754µs
server:helpers Checking request body: method=POST, hasBody=true, sessionID=Tv6WyTHj... +70ms
server:helpers Request body read: size=40 bytes, sessionID=Tv6WyTHj..., backendID=github +237µs
server:helpers Request body logged for debugging +533µs
server:session Injecting session context: sessionID=Tv6WyTHj..., backendID=github +1ms
guard:context Setting agent ID in context: Tv6WyTHjYrHZriLhiq8sXxodcuFX5wmWLrBaQYDwZWk0P1iynpZT4ydr9 +4.9s
server:session Adding backend ID to context: backendID=github +777µs
server:session Session context injected successfully +241µs
server:routed [CACHE] Creating new filtered server: backend=github, session=Tv6WyTHj... +4.4s
server:routed Creating filtered server: backend=github +270µs
server:unified GetToolsForBackend: backendID=github, found=6 tools +4.4s
2026/10/01 13:37:24 Creating filtered server for github with 6 tools
server:routed Backend github has 6 tools available +581µs
server:routed [INFO] server connecting +471µs
server:routed [INFO] server session connected session_id=JZNQKN4L4UOGJ6UPPRGOQR5GQH +270µs
server:response_writer Writing response body: 59 bytes +5ms
server:routed [INFO] server session disconnected session_id=JZNQKN4L4UOGJ6UPPRGOQR5GQH +632µs
server:response_writer Retrieving captured body: 59 bytes +639µs
server:response_writer Retrieving captured status code: 200 +233µs
server:sdk-frontend <<< SDK Response [routed:github] status=200 duration=7.696649ms (non-JSON or stream) +7ms
server:sdk-frontend     Raw response: event: message
data: {"jsonrpc":"2.0","id":1,"result":{}}

 +354µs
tracing:provider Handling request: span=gateway.request, method=POST, path=/mcp/github, remoteParent=false +18ms
tracing:provider Span started: span=gateway.request, traceID=00000000000000000000000000000000 +305µs
server:auth Authenticating request: method=POST, path=/mcp/github, remote=127.0.0.1:50194 +19ms
auth:header Extracting session ID from auth header: sanitized=Tv6W... +17ms
auth:header Using plain API key as session ID +279µs
server:sdk-frontend >>> SDK Request [routed:github] session=Tv6WyTHj... mcp-session=(none) method=POST path=/mcp/github +11ms
server:sdk-frontend     JSON-RPC Request: method=initialize id=2 +275µs
server:response_writer Creating new response writer with default status 200 +12ms
server:session Extracting session from request: remote=127.0.0.1:50194, path=/mcp/github +15ms
auth:header Extracting session ID from auth header: sanitized=Tv6W... +1ms
auth:header Using plain API key as session ID +250µs
server:session Session extracted successfully: sessionID=Tv6WyTHj..., remote=127.0.0.1:50194 +738µs
server:helpers Checking request body: method=POST, hasBody=true, sessionID=Tv6WyTHj... +18ms
server:helpers Request body read: size=166 bytes, sessionID=Tv6WyTHj..., backendID=github +272µs
server:helpers Request body logged for debugging +542µs
server:session Injecting session context: sessionID=Tv6WyTHj..., backendID=github +1ms
guard:context Setting agent ID in context: Tv6WyTHjYrHZriLhiq8sXxodcuFX5wmWLrBaQYDwZWk0P1iynpZT4ydr9 +19ms
server:session Adding backend ID to context: backendID=github +578µs
server:session Session context injected successfully +273µs
server:routed [CACHE] Cache hit: key=github/Tv6WyTHj... +22ms
server:routed [INFO] server connecting +321µs
server:routed [INFO] server session connected session_id=5LTHDQUNBTIHW5UNURQPSYGOUT +284µs
server:response_writer Writing response body: 204 bytes +10ms
server:response_writer Retrieving captured body: 204 bytes +355µs
server:response_writer Retrieving captured status code: 200 +273µs
server:sdk-frontend <<< SDK Response [routed:github] status=200 duration=12.121216ms (non-JSON or stream) +11ms
server:sdk-frontend     Raw response: event: message
data: {"jsonrpc":"2.0","id":2,"result":{"capabilities":{"logging":{},"tools":{"listChanged":true}},"protocolVersion":"2024-11-05","serverInfo":{"name":"awmg-github","version":"v0.3.19"}}}

 +229µs
tracing:provider Handling request: span=gateway.request, method=POST, path=/mcp/github, remoteParent=false +26ms
tracing:provider Span started: span=gateway.request, traceID=00000000000000000000000000000000 +415µs
server:auth Authenticating request: method=POST, path=/mcp/github, remote=127.0.0.1:50210 +27ms
auth:header Extracting session ID from auth header: sanitized=Tv6W... +25ms
auth:header Using plain API key as session ID +243µs
server:sdk-frontend >>> SDK Request [routed:github] session=Tv6WyTHj... mcp-session=5LTHDQUN... method=POST path=/mcp/github +14ms
server:sdk-frontend     JSON-RPC Request: method=tools/list id=3 +256µs
server:response_writer Creating new response writer with default status 200 +15ms
server:response_writer Writing response body: 4441 bytes +524µs
server:response_writer Retrieving captured body: 4441 bytes +346µs
server:response_writer Retrieving captured status code: 200 +259µs
server:sdk-frontend <<< SDK Response [routed:github] status=200 duration=2.156848ms (non-JSON or stream) +1ms
server:sdk-frontend     Raw response (truncated): event: message
data: {"jsonrpc":"2.0","id":3,"result":{"tools":[{"description":"[github] Get a specific label from a repository.","inputSchema":{"properties":{"name":{"description":"Label name.","type":"string"},"owner":{"description":"Repository owner (username or organization name)","type":"string"},"repo":{"description":"Repository name","type":"string"}},"required":["owner","repo","name"],"type":"object"},"name":"get_label"},{"description":"[github] Get information about a specific issue in ... +247µs
tracing:provider Handling request: span=gateway.request, method=POST, path=/mcp/safeoutputs, remoteParent=false +33ms
tracing:provider Span started: span=gateway.request, traceID=00000000000000000000000000000000 +418µs
server:auth Authenticating request: method=POST, path=/mcp/safeoutputs, remote=127.0.0.1:50224 +33ms
auth:header Extracting session ID from auth header: sanitized=Tv6W... +33ms
auth:header Using plain API key as session ID +363µs
server:sdk-frontend >>> SDK Request [routed:safeoutputs] session=Tv6WyTHj... mcp-session=(none) method=POST path=/mcp/safeoutputs +31ms
server:sdk-frontend     JSON-RPC Request: method=ping id=1 +271µs
server:response_writer Creating new response writer with default status 200 +32ms
server:session Extracting session from request: remote=127.0.0.1:50224, path=/mcp/safeoutputs +57ms
auth:header Extracting session ID from auth header: sanitized=Tv6W... +1ms
auth:header Using plain API key as session ID +269µs
server:session Session extracted successfully: sessionID=Tv6WyTHj..., remote=127.0.0.1:50224 +751µs
server:helpers Checking request body: method=POST, hasBody=true, sessionID=Tv6WyTHj... +59ms
server:helpers Request body read: size=40 bytes, sessionID=Tv6WyTHj..., backendID=safeoutputs +277µs
server:helpers Request body logged for debugging +520µs
server:session Injecting session context: sessionID=Tv6WyTHj..., backendID=safeoutputs +1ms
guard:context Setting agent ID in context: Tv6WyTHjYrHZriLhiq8sXxodcuFX5wmWLrBaQYDwZWk0P1iynpZT4ydr9 +60ms
server:session Adding backend ID to context: backendID=safeoutputs +484µs
server:session Session context injected successfully +208µs
server:routed [CACHE] Creating new filtered server: backend=safeoutputs, session=Tv6WyTHj... +54ms
server:routed Creating filtered server: backend=safeoutputs +248µs
server:unified GetToolsForBackend: backendID=safeoutputs, found=6 tools +79ms
2026/10/01 13:37:24 Creating filtered server for safeoutputs with 6 tools
server:routed Backend safeoutputs has 6 tools available +510µs
server:routed [INFO] server connecting +400µs
server:routed [INFO] server session connected session_id=JXUZRW75BJTMIMMJRZMVUEXQT4 +236µs
server:response_writer Writing response body: 59 bytes +5ms
server:routed [INFO] server session disconnected session_id=JXUZRW75BJTMIMMJRZMVUEXQT4 +654µs
server:response_writer Retrieving captured body: 59 bytes +604µs
server:response_writer Retrieving captured status code: 200 +443µs
server:sdk-frontend <<< SDK Response [routed:safeoutputs] status=200 duration=7.086844ms (non-JSON or stream) +7ms
server:sdk-frontend     Raw response: event: message
data: {"jsonrpc":"2.0","id":1,"result":{}}

 +318µs
tracing:provider Handling request: span=gateway.request, method=POST, path=/mcp/safeoutputs, remoteParent=false +18ms
tracing:provider Span started: span=gateway.request, traceID=00000000000000000000000000000000 +343µs
server:auth Authenticating request: method=POST, path=/mcp/safeoutputs, remote=127.0.0.1:50226 +18ms
auth:header Extracting session ID from auth header: sanitized=Tv6W... +16ms
auth:header Using plain API key as session ID +382µs
server:sdk-frontend >>> SDK Request [routed:safeoutputs] session=Tv6WyTHj... mcp-session=(none) method=POST path=/mcp/safeoutputs +10ms
server:sdk-frontend     JSON-RPC Request: method=initialize id=2 +314µs
server:response_writer Creating new response writer with default status 200 +12ms
server:session Extracting session from request: remote=127.0.0.1:50226, path=/mcp/safeoutputs +15ms
auth:header Extracting session ID from auth header: sanitized=Tv6W... +1ms
auth:header Using plain API key as session ID +224µs
server:session Session extracted successfully: sessionID=Tv6WyTHj..., remote=127.0.0.1:50226 +725µs
server:helpers Checking request body: method=POST, hasBody=true, sessionID=Tv6WyTHj... +17ms
server:helpers Request body read: size=166 bytes, sessionID=Tv6WyTHj..., backendID=safeoutputs +246µs
server:helpers Request body logged for debugging +538µs
server:session Injecting session context: sessionID=Tv6WyTHj..., backendID=safeoutputs +1ms
guard:context Setting agent ID in context: Tv6WyTHjYrHZriLhiq8sXxodcuFX5wmWLrBaQYDwZWk0P1iynpZT4ydr9 +18ms
server:session Adding backend ID to context: backendID=safeoutputs +505µs
server:session Session context injected successfully +219µs
server:routed [CACHE] Cache hit: key=safeoutputs/Tv6WyTHj... +16ms
server:routed [INFO] server connecting +313µs
server:routed [INFO] server session connected session_id=CZI3X34FRCYPF5RDEFZKMXUX5Q +367µs
server:response_writer Writing response body: 209 bytes +4ms
server:response_writer Retrieving captured body: 209 bytes +372µs
server:response_writer Retrieving captured status code: 200 +259µs
server:sdk-frontend <<< SDK Response [routed:safeoutputs] status=200 duration=6.403173ms (non-JSON or stream) +5ms
server:sdk-frontend     Raw response: event: message
data: {"jsonrpc":"2.0","id":2,"result":{"capabilities":{"logging":{},"tools":{"listChanged":true}},"protocolVersion":"2024-11-05","serverInfo":{"name":"awmg-safeoutputs","version":"v0.3.19"}}}

 +260µs
tracing:provider Handling request: span=gateway.request, method=POST, path=/mcp/safeoutputs, remoteParent=false +20ms
tracing:provider Span started: span=gateway.request, traceID=00000000000000000000000000000000 +335µs
server:auth Authenticating request: method=POST, path=/mcp/safeoutputs, remote=127.0.0.1:50228 +21ms
auth:header Extracting session ID from auth header: sanitized=Tv6W... +19ms
auth:header Using plain API key as session ID +268µs
server:sdk-frontend >>> SDK Request [routed:safeoutputs] session=Tv6WyTHj... mcp-session=CZI3X34F... method=POST path=/mcp/safeoutputs +14ms
server:sdk-frontend     JSON-RPC Request: method=tools/list id=3 +300µs
server:response_writer Creating new response writer with default status 200 +16ms
server:response_writer Writing response body: 8550 bytes +510µs
server:response_writer Retrieving captured body: 8550 bytes +342µs
server:response_writer Retrieving captured status code: 200 +293µs
server:sdk-frontend <<< SDK Response [routed:safeoutputs] status=200 duration=2.277918ms (non-JSON or stream) +1ms
server:sdk-frontend     Raw response (truncated): event: message
data: {"jsonrpc":"2.0","id":3,"result":{"tools":[{"description":"[safeoutputs] WRITE-ONCE: do NOT call this tool with empty or placeholder arguments to probe or discover its schema — the required `body` field is listed in this schema; if you are not ready to post a real comment, call `noop` instead. Adds a comment to an existing GitHub issue, pull request, or discussion. Use this to provide feedback, answer questions, or add information to an existing conversation. For creating ... +253µs
tracing:provider Handling request: span=gateway.request, method=POST, path=/mcp/safeoutputs, remoteParent=false +133ms
tracing:provider Span started: span=gateway.request, traceID=00000000000000000000000000000000 +643µs
server:auth Authenticating request: method=POST, path=/mcp/safeoutputs, remote=127.0.0.1:50236 +134ms
auth:header Extracting session ID from auth header: sanitized=Tv6W... +134ms
auth:header Using plain API key as session ID +227µs
server:sdk-frontend >>> SDK Request [routed:safeoutputs] session=Tv6WyTHj... mcp-session=(none) method=POST path=/mcp/safeoutputs +131ms
server:sdk-frontend     JSON-RPC Request: method=initialize id=1 +315µs
server:response_writer Creating new response writer with default status 200 +133ms
server:session Extracting session from request: remote=127.0.0.1:50236, path=/mcp/safeoutputs +152ms
auth:header Extracting session ID from auth header: sanitized=Tv6W... +1ms
auth:header Using plain API key as session ID +288µs
server:session Session extracted successfully: sessionID=Tv6WyTHj..., remote=127.0.0.1:50236 +793µs
server:helpers Checking request body: method=POST, hasBody=true, sessionID=Tv6WyTHj... +155ms
server:helpers Request body read: size=162 bytes, sessionID=Tv6WyTHj..., backendID=safeoutputs +241µs
server:helpers Request body logged for debugging +527µs
server:session Injecting session context: sessionID=Tv6WyTHj..., backendID=safeoutputs +1ms
guard:context Setting agent ID in context: Tv6WyTHjYrHZriLhiq8sXxodcuFX5wmWLrBaQYDwZWk0P1iynpZT4ydr9 +156ms
server:session Adding backend ID to context: backendID=safeoutputs +1ms
server:session Session context injected successfully +650µs
server:routed [CACHE] Cache hit: key=safeoutputs/Tv6WyTHj... +156ms
server:routed [INFO] server connecting +276µs
server:routed [INFO] server session connected session_id=ZBTV6RMPQJVX6IHCUKMFBDJ2JM +323µs
server:response_writer Writing response body: 209 bytes +6ms
server:response_writer Retrieving captured body: 209 bytes +885µs
server:response_writer Retrieving captured status code: 200 +450µs
server:sdk-frontend <<< SDK Response [routed:safeoutputs] status=200 duration=8.936105ms (non-JSON or stream) +8ms
server:sdk-frontend     Raw response: event: message
data: {"jsonrpc":"2.0","id":1,"result":{"capabilities":{"logging":{},"tools":{"listChanged":true}},"protocolVersion":"2024-11-05","serverInfo":{"name":"awmg-safeoutputs","version":"v0.3.19"}}}

 +261µs
tracing:provider Handling request: span=gateway.request, method=POST, path=/mcp/safeoutputs, remoteParent=false +14ms
tracing:provider Span started: span=gateway.request, traceID=00000000000000000000000000000000 +613µs
server:auth Authenticating request: method=POST, path=/mcp/safeoutputs, remote=127.0.0.1:50236 +14ms
auth:header Extracting session ID from auth header: sanitized=Tv6W... +12ms
auth:header Using plain API key as session ID +273µs
server:sdk-frontend >>> SDK Request [routed:safeoutputs] session=Tv6WyTHj... mcp-session=ZBTV6RMP... method=POST path=/mcp/safeoutputs +5ms
server:sdk-frontend     JSON-RPC Request: method=notifications/initialized id=<nil> +285µs
server:response_writer Creating new response writer with default status 200 +6ms
server:response_writer Setting response status code: 202 +404µs
server:routed [INFO] session initialized +10ms
server:response_writer Retrieving captured body: 0 bytes +298µs
server:response_writer Retrieving captured status code: 202 +245µs
server:sdk-frontend <<< SDK Response [routed:safeoutputs] status=202 duration=2.023181ms (empty body) +1ms
tracing:provider Handling request: span=gateway.request, method=POST, path=/mcp/safeoutputs, remoteParent=false +4ms
tracing:provider Span started: span=gateway.request, traceID=00000000000000000000000000000000 +288µs
server:auth Authenticating request: method=POST, path=/mcp/safeoutputs, remote=127.0.0.1:50236 +4ms
auth:header Extracting session ID from auth header: sanitized=Tv6W... +4ms
auth:header Using plain API key as session ID +267µs
server:sdk-frontend >>> SDK Request [routed:safeoutputs] session=Tv6WyTHj... mcp-session=ZBTV6RMP... method=POST path=/mcp/safeoutputs +2ms
server:sdk-frontend     JSON-RPC Request: method=tools/list id=2 +406µs
server:response_writer Creating new response writer with default status 200 +4ms
server:response_writer Writing response body: 8550 bytes +513µs
server:response_writer Retrieving captured body: 8550 bytes +389µs
server:response_writer Retrieving captured status code: 200 +330µs
server:sdk-frontend <<< SDK Response [routed:safeoutputs] status=200 duration=2.243791ms (non-JSON or stream) +1ms
server:sdk-frontend     Raw response (truncated): event: message
data: {"jsonrpc":"2.0","id":2,"result":{"tools":[{"description":"[safeoutputs] WRITE-ONCE: do NOT call this tool with empty or placeholder arguments to probe or discover its schema — the required `body` field is listed in this schema; if you are not ready to post a real comment, call `noop` instead. Adds a comment to an existing GitHub issue, pull request, or discussion. Use this to provide feedback, answer questions, or add information to an existing conversation. For creating ... +277µs
tracing:provider Handling request: span=gateway.request, method=POST, path=/mcp/github, remoteParent=false +16.8s
tracing:provider Span started: span=gateway.request, traceID=00000000000000000000000000000000 +488µs
server:auth Authenticating request: method=POST, path=/mcp/github, remote=172.30.0.20:55528 +16.8s
auth:header Extracting session ID from auth header: sanitized=Tv6W... +16.8s
auth:header Using plain API key as session ID +337µs
server:sdk-frontend >>> SDK Request [routed:github] session=Tv6WyTHj... mcp-session=(none) method=POST path=/mcp/github +16.8s
server:sdk-frontend     JSON-RPC Request: method=initialize id=0 +457µs
tracing:provider Handling request: span=gateway.request, method=POST, path=/mcp/safeoutputs, remoteParent=false +3ms
server:response_writer Creating new response writer with default status 200 +16.8s
server:session Extracting session from request: remote=172.30.0.20:55528, path=/mcp/github +16.8s
auth:header Extracting session ID from auth header: sanitized=Tv6W... +2ms
auth:header Using plain API key as session ID +311µs
tracing:provider Span started: span=gateway.request, traceID=00000000000000000000000000000000 +1ms
server:auth Authenticating request: method=POST, path=/mcp/safeoutputs, remote=172.30.0.20:55544 +4ms
auth:header Extracting session ID from auth header: sanitized=Tv6W... +1ms
auth:header Using plain API key as session ID +313µs
server:session Session extracted successfully: sessionID=Tv6WyTHj..., remote=172.30.0.20:55528 +2ms
server:helpers Checking request body: method=POST, hasBody=true, sessionID=Tv6WyTHj... +16.8s
server:helpers Request body read: size=208 bytes, sessionID=Tv6WyTHj..., backendID=github +263µs
server:sdk-frontend >>> SDK Request [routed:safeoutputs] session=Tv6WyTHj... mcp-session=(none) method=POST path=/mcp/safeoutputs +4ms
server:sdk-frontend     JSON-RPC Request: method=initialize id=0 +391µs
server:helpers Request body logged for debugging +1ms
server:session Injecting session context: sessionID=Tv6WyTHj..., backendID=github +2ms
guard:context Setting agent ID in context: Tv6WyTHjYrHZriLhiq8sXxodcuFX5wmWLrBaQYDwZWk0P1iynpZT4ydr9 +16.8s
server:response_writer Creating new response writer with default status 200 +5ms
server:session Extracting session from request: remote=172.30.0.20:55544, path=/mcp/safeoutputs +1ms
server:session Adding backend ID to context: backendID=github +282µs
server:session Session context injected successfully +280µs
server:routed [CACHE] Cache hit: key=github/Tv6WyTHj... +16.8s
server:routed [INFO] server connecting +341µs
server:routed [INFO] server session connected session_id=2FTDOBONJKKHE6U3OZVPM2V7PN +328µs
auth:header Extracting session ID from auth header: sanitized=Tv6W... +5ms
auth:header Using plain API key as session ID +295µs
server:session Session extracted successfully: sessionID=Tv6WyTHj..., remote=172.30.0.20:55544 +1ms
server:helpers Checking request body: method=POST, hasBody=true, sessionID=Tv6WyTHj... +4ms
server:response_writer Writing response body: 204 bytes +3ms
server:helpers Request body read: size=208 bytes, sessionID=Tv6WyTHj..., backendID=safeoutputs +521µs
server:helpers Request body logged for debugging +590µs
server:session Injecting session context: sessionID=Tv6WyTHj..., backendID=safeoutputs +1ms
guard:context Setting agent ID in context: Tv6WyTHjYrHZriLhiq8sXxodcuFX5wmWLrBaQYDwZWk0P1iynpZT4ydr9 +5ms
server:response_writer Retrieving captured body: 204 bytes +1ms
server:session Adding backend ID to context: backendID=safeoutputs +860µs
server:session Session context injected successfully +309µs
server:routed [CACHE] Cache hit: key=safeoutputs/Tv6WyTHj... +4ms
server:routed [INFO] server connecting +257µs
server:routed [INFO] server session connected session_id=MPVW67SHTSCYZSDXHEQ7VHLSBJ +431µs
server:response_writer Retrieving captured status code: 200 +1ms
server:sdk-frontend <<< SDK Response [routed:github] status=200 duration=13.324198ms (non-JSON or stream) +8ms
server:sdk-frontend     Raw response: event: message
data: {"jsonrpc":"2.0","id":0,"result":{"capabilities":{"logging":{},"tools":{"listChanged":true}},"protocolVersion":"2025-11-25","serverInfo":{"name":"awmg-github","version":"v0.3.19"}}}

 +227µs
server:response_writer Writing response body: 209 bytes +1ms
server:response_writer Retrieving captured body: 209 bytes +1ms
server:response_writer Retrieving captured status code: 200 +344µs
server:sdk-frontend <<< SDK Response [routed:safeoutputs] status=200 duration=13.285235ms (non-JSON or stream) +3ms
server:sdk-frontend     Raw response: event: message
data: {"jsonrpc":"2.0","id":0,"result":{"capabilities":{"logging":{},"tools":{"listChanged":true}},"protocolVersion":"2025-11-25","serverInfo":{"name":"awmg-safeoutputs","version":"v0.3.19"}}}

 +300µs
tracing:provider Handling request: span=gateway.request, method=POST, path=/mcp/github, remoteParent=false +31ms
tracing:provider Span started: span=gateway.request, traceID=00000000000000000000000000000000 +373µs
server:auth Authenticating request: method=POST, path=/mcp/github, remote=172.30.0.20:55548 +32ms
auth:header Extracting session ID from auth header: sanitized=Tv6W... +26ms
auth:header Using plain API key as session ID +271µs
server:sdk-frontend >>> SDK Request [routed:github] session=Tv6WyTHj... mcp-session=2FTDOBON... method=POST path=/mcp/github +18ms
server:sdk-frontend     JSON-RPC Request: method=notifications/initialized id=<nil> +311µs
tracing:provider Handling request: span=gateway.request, method=POST, path=/mcp/safeoutputs, remoteParent=false +1ms
server:response_writer Creating new response writer with default status 200 +20ms
tracing:provider Span started: span=gateway.request, traceID=00000000000000000000000000000000 +776µs
server:auth Authenticating request: method=POST, path=/mcp/safeoutputs, remote=172.30.0.20:55564 +2ms
auth:header Extracting session ID from auth header: sanitized=Tv6W... +2ms
auth:header Using plain API key as session ID +308µs
server:response_writer Setting response status code: 202 +1ms
server:routed [INFO] session initialized +25ms
server:response_writer Retrieving captured body: 0 bytes +240µs
server:response_writer Retrieving captured status code: 202 +253µs
server:sdk-frontend <<< SDK Response [routed:github] status=202 duration=3.280397ms (empty body) +2ms
server:sdk-frontend >>> SDK Request [routed:safeoutputs] session=Tv6WyTHj... mcp-session=MPVW67SH... method=POST path=/mcp/safeoutputs +611µs
server:sdk-frontend     JSON-RPC Request: method=notifications/initialized id=<nil> +1ms
server:response_writer Creating new response writer with default status 200 +2ms
tracing:provider Handling request: span=gateway.request, method=GET, path=/mcp/github, remoteParent=false +5ms
server:response_writer Setting response status code: 202 +970µs
server:routed [INFO] session initialized +4ms
server:response_writer Retrieving captured body: 0 bytes +356µs
server:response_writer Retrieving captured status code: 202 +263µs
server:sdk-frontend <<< SDK Response [routed:safeoutputs] status=202 duration=5.285013ms (empty body) +2ms
tracing:provider Span started: span=gateway.request, traceID=00000000000000000000000000000000 +1ms
server:auth Authenticating request: method=GET, path=/mcp/github, remote=172.30.0.20:55528 +7ms
auth:header Extracting session ID from auth header: sanitized=Tv6W... +7ms
auth:header Using plain API key as session ID +321µs
server:sdk-frontend >>> SDK Request [routed:github] session=Tv6WyTHj... mcp-session=2FTDOBON... method=GET path=/mcp/github +2ms
server:response_writer Creating new response writer with default status 200 +3ms
tracing:provider Handling request: span=gateway.request, method=GET, path=/mcp/safeoutputs, remoteParent=false +2ms
server:response_writer Setting response status code: 200 +308µs
tracing:provider Span started: span=gateway.request, traceID=00000000000000000000000000000000 +337µs
server:auth Authenticating request: method=GET, path=/mcp/safeoutputs, remote=172.30.0.20:55544 +2ms
auth:header Extracting session ID from auth header: sanitized=Tv6W... +2ms
auth:header Using plain API key as session ID +734µs
server:sdk-frontend >>> SDK Request [routed:safeoutputs] session=Tv6WyTHj... mcp-session=MPVW67SH... method=GET path=/mcp/safeoutputs +2ms
server:response_writer Creating new response writer with default status 200 +2ms
server:response_writer Setting response status code: 200 +323µs
tracing:provider Handling request: span=gateway.request, method=POST, path=/mcp/github, remoteParent=false +34ms
tracing:provider Span started: span=gateway.request, traceID=00000000000000000000000000000000 +553µs
server:auth Authenticating request: method=POST, path=/mcp/github, remote=172.30.0.20:55548 +35ms
auth:header Extracting session ID from auth header: sanitized=Tv6W... +34ms
auth:header Using plain API key as session ID +345µs
server:sdk-frontend >>> SDK Request [routed:github] session=Tv6WyTHj... mcp-session=2FTDOBON... method=POST path=/mcp/github +34ms
server:sdk-frontend     JSON-RPC Request: method=tools/list id=1 +347µs
tracing:provider Handling request: span=gateway.request, method=POST, path=/mcp/safeoutputs, remoteParent=false +1ms
server:response_writer Creating new response writer with default status 200 +35ms
tracing:provider Span started: span=gateway.request, traceID=00000000000000000000000000000000 +966µs
server:auth Authenticating request: method=POST, path=/mcp/safeoutputs, remote=172.30.0.20:55564 +2ms
server:response_writer Writing response body: 4441 bytes +1ms
auth:header Extracting session ID from auth header: sanitized=Tv6W... +3ms
auth:header Using plain API key as session ID +338µs
server:sdk-frontend >>> SDK Request [routed:safeoutputs] session=Tv6WyTHj... mcp-session=MPVW67SH... method=POST path=/mcp/safeoutputs +3ms
server:sdk-frontend     JSON-RPC Request: method=tools/list id=1 +383µs
server:response_writer Retrieving captured body: 4441 bytes +1ms
server:response_writer Creating new response writer with default status 200 +428µs
server:response_writer Retrieving captured status code: 200 +353µs
server:sdk-frontend <<< SDK Response [routed:github] status=200 duration=5.188055ms (non-JSON or stream) +2ms
server:response_writer Writing response body: 8550 bytes +785µs
server:sdk-frontend     Raw response (truncated): event: message
data: {"jsonrpc":"2.0","id":1,"result":{"tools":[{"description":"[github] Get a specific label from a repository.","inputSchema":{"properties":{"name":{"description":"Label name.","type":"string"},"owner":{"description":"Repository owner (username or organization name)","type":"string"},"repo":{"description":"Repository name","type":"string"}},"required":["owner","repo","name"],"type":"object"},"name":"get_label"},{"description":"[github] Get information about a specific issue in ... +340µs
server:response_writer Retrieving captured body: 8550 bytes +1ms
server:response_writer Retrieving captured status code: 200 +438µs
server:sdk-frontend <<< SDK Response [routed:safeoutputs] status=200 duration=4.357762ms (non-JSON or stream) +1ms
server:sdk-frontend     Raw response (truncated): event: message
data: {"jsonrpc":"2.0","id":1,"result":{"tools":[{"description":"[safeoutputs] WRITE-ONCE: do NOT call this tool with empty or placeholder arguments to probe or discover its schema — the required `body` field is listed in this schema; if you are not ready to post a real comment, call `noop` instead. Adds a comment to an existing GitHub issue, pull request, or discussion. Use this to provide feedback, answer questions, or add information to an existing conversation. For creating ... +298µs
tracing:provider Handling request: span=gateway.request, method=POST, path=/mcp/github, remoteParent=false +43ms
tracing:provider Span started: span=gateway.request, traceID=00000000000000000000000000000000 +428µs
server:auth Authenticating request: method=POST, path=/mcp/github, remote=172.30.0.20:55568 +43ms
auth:header Extracting session ID from auth header: sanitized=Tv6W... +42ms
auth:header Using plain API key as session ID +361µs
server:sdk-frontend >>> SDK Request [routed:github] session=Tv6WyTHj... mcp-session=2FTDOBON... method=POST path=/mcp/github +38ms
server:sdk-frontend     JSON-RPC Request: method=tools/list id=2 +420µs
tracing:provider Handling request: span=gateway.request, method=POST, path=/mcp/safeoutputs, remoteParent=false +2ms
server:response_writer Creating new response writer with default status 200 +40ms
server:response_writer Writing response body: 4441 bytes +579µs
tracing:provider Span started: span=gateway.request, traceID=00000000000000000000000000000000 +1ms
server:auth Authenticating request: method=POST, path=/mcp/safeoutputs, remote=172.30.0.20:55578 +3ms
auth:header Extracting session ID from auth header: sanitized=Tv6W... +3ms
auth:header Using plain API key as session ID +354µs
server:response_writer Retrieving captured body: 4441 bytes +1ms
server:response_writer Retrieving captured status code: 200 +295µs
server:sdk-frontend <<< SDK Response [routed:github] status=200 duration=4.575094ms (non-JSON or stream) +3ms
server:sdk-frontend     Raw response (truncated): event: message
data: {"jsonrpc":"2.0","id":2,"result":{"tools":[{"description":"[github] Get a specific label from a repository.","inputSchema":{"properties":{"name":{"description":"Label name.","type":"string"},"owner":{"description":"Repository owner (username or organization name)","type":"string"},"repo":{"description":"Repository name","type":"string"}},"required":["owner","repo","name"],"type":"object"},"name":"get_label"},{"description":"[github] Get information about a specific issue in ... +460µs
server:sdk-frontend >>> SDK Request [routed:safeoutputs] session=Tv6WyTHj... mcp-session=MPVW67SH... method=POST path=/mcp/safeoutputs +122µs
server:sdk-frontend     JSON-RPC Request: method=tools/list id=2 +385µs
server:response_writer Creating new response writer with default status 200 +1ms
server:response_writer Writing response body: 8550 bytes +630µs
server:response_writer Retrieving captured body: 8550 bytes +392µs
server:response_writer Retrieving captured status code: 200 +336µs
server:sdk-frontend <<< SDK Response [routed:safeoutputs] status=200 duration=3.893067ms (non-JSON or stream) +2ms
server:sdk-frontend     Raw response (truncated): event: message
data: {"jsonrpc":"2.0","id":2,"result":{"tools":[{"description":"[safeoutputs] WRITE-ONCE: do NOT call this tool with empty or placeholder arguments to probe or discover its schema — the required `body` field is listed in this schema; if you are not ready to post a real comment, call `noop` instead. Adds a comment to an existing GitHub issue, pull request, or discussion. Use this to provide feedback, answer questions, or add information to an existing conversation. For creating ... +335µs
tracing:provider Handling request: span=gateway.request, method=POST, path=/mcp/github, remoteParent=false +2.8s
tracing:provider Span started: span=gateway.request, traceID=00000000000000000000000000000000 +468µs
server:auth Authenticating request: method=POST, path=/mcp/github, remote=172.30.0.20:55548 +2.9s
auth:header Extracting session ID from auth header: sanitized=Tv6W... +2.8s
auth:header Using plain API key as session ID +434µs
server:sdk-frontend >>> SDK Request [routed:github] session=Tv6WyTHj... mcp-session=2FTDOBON... method=POST path=/mcp/github +2.8s
server:sdk-frontend     JSON-RPC Request: method=tools/call id=3 +299µs
tracing:provider Handling request: span=gateway.request, method=POST, path=/mcp/github, remoteParent=false +1ms
server:response_writer Creating new response writer with default status 200 +2.8s
2026/10/01 13:37:44 [ROUTED] Calling unified handler for: search_issues
server:session Extracted session ID from context: Tv6WyTHj... +3.0s
tracing:provider Span started: span=gateway.request, traceID=00000000000000000000000000000000 +1ms
server:auth Authenticating request: method=POST, path=/mcp/github, remote=172.30.0.20:55564 +3ms
mcp:tool_result Parsing arguments for tool: search_issues +24.9s
mcp:tool_result Parsed 4 arguments +291µs
server:session Extracted session ID from context: Tv6WyTHj... +1ms
auth:header Extracting session ID from auth header: sanitized=Tv6W... +4ms
auth:header Using plain API key as session ID +264µs
server:sdk-frontend >>> SDK Request [routed:github] session=Tv6WyTHj... mcp-session=2FTDOBON... method=POST path=/mcp/github +4ms
server:session Extracted session ID from context: Tv6WyTHj... +1ms
server:session Checking session: sessionID=Tv6WyTHj... +264µs
server:session Auto-creating session for ID: Tv6WyTHj... +255µs
server:session Creating new session: sessionID=Tv6WyTHj..., has_token=false +287µs
server:session Session auto-created for ID: Tv6WyTHj... +275µs
server:sdk-frontend     JSON-RPC Request: method=tools/call id=4 +1ms
server:session Created session directory: /tmp/gh-aw/mcp-payloads/Tv6WyTHjYrHZriLhiq8sXxodcuFX5wmWLrBaQYDwZWk0P1iynpZT4ydr9 +605µs
server:response_writer Creating new response writer with default status 200 +5ms
2026/10/01 13:37:44 [ROUTED] Calling unified handler for: list_label
server:session Extracted session ID from context: Tv6WyTHj... +776µs
mcp:tool_result Parsing arguments for tool: list_label +4ms
server:session Session validated for ID: Tv6WyTHj... +754µs
server:unified callBackendTool: serverID=github, toolName=search_issues, args=map[order:asc perPage:30 query:repo:apache/cloudstack is:issue is:open no:label sort:created] +20.0s
guard:registry Getting guard for serverID=github +24.7s
guard:registry Found guard for serverID=github, guardName=github +346µs
server:session Extracted session ID from context: Tv6WyTHj... +1ms
mcp:tool_result Parsed 2 arguments +1ms
server:session Extracted session ID from context: Tv6WyTHj... +496µs
server:session Extracted session ID from context: Tv6WyTHj... +514µs
server:session Checking session: sessionID=Tv6WyTHj... +290µs
server:guard_init Resolving guard policy: serverID=github +24.7s
config:guard_policy ParseServerGuardPolicy: serverID=github, keyCount=1 +24.7s
config:guard_policy ParsePolicyMap: hasAllowOnly=true, hasWriteSink=false, keyCount=1 +267µs
config:guard_policy Parsing guard policy JSON: len=112 +303µs
config:guard_policy UnmarshalJSON: parsing guard policy, keys=1 +353µs
server:session Session validated for ID: Tv6WyTHj... +1ms
server:unified callBackendTool: serverID=github, toolName=list_label, args=map[owner:apache repo:cloudstack] +4ms
config:guard_policy UnmarshalJSON: parsing allow-only policy, fields=5 +758µs
config:guard_policy UnmarshalJSON: allow-only policy parsed, repos=string, minIntegrity=none +304µs
guard:registry Getting guard for serverID=github +4ms
config:guard_policy UnmarshalJSON: guard policy type is allow-only +510µs
config:guard_policy ValidateGuardPolicy: delegating to allow-only normalization +234µs
config:guard_policy Normalizing guard policy: integrity=none, reposType=string +266µs
config:guard_policy Guard policy normalized: scopeKind=all, integrity=none +243µs
server:guard_init Using server-level guard policy: serverID=github +3ms
guard:registry Found guard for serverID=github, guardName=github +1ms
server:session Extracted session ID from context: Tv6WyTHj... +2ms
server:guard_init Resolving guard policy: serverID=github +740µs
config:guard_policy ParseServerGuardPolicy: serverID=github, keyCount=1 +1ms
config:guard_policy ParsePolicyMap: hasAllowOnly=true, hasWriteSink=false, keyCount=1 +261µs
config:guard_policy Parsing guard policy JSON: len=112 +307µs
guard:wasm BuildLabelAgentPayload: trustedBots=0, trustedUsers=0 +24.7s
config:guard_policy UnmarshalJSON: parsing guard policy, keys=1 +1ms
config:guard_policy UnmarshalJSON: parsing allow-only policy, fields=5 +742µs
guard:context Retrieved agent ID from context: Tv6WyTHjYrHZriLhiq8sXxodcuFX5wmWLrBaQYDwZWk0P1iynpZT4ydr9 +3.0s
difc:agent GetOrCreate called for agentID=Tv6WyTHjYrHZriLhiq8sXxodcuFX5wmWLrBaQYDwZWk0P1iynpZT4ydr9 +24.9s
difc:agent Creating agent labels with tags: agentID=Tv6WyTHjYrHZriLhiq8sXxodcuFX5wmWLrBaQYDwZWk0P1iynpZT4ydr9, secrecyTags=[], integrityTags=[] +308µs
difc:labels Creating label with 0 initial tags: [] +24.9s
config:guard_policy UnmarshalJSON: allow-only policy parsed, repos=string, minIntegrity=none +1ms
difc:labels Creating label with 0 initial tags: [] +515µs
difc:agent Created new agent: Tv6WyTHjYrHZriLhiq8sXxodcuFX5wmWLrBaQYDwZWk0P1iynpZT4ydr9 with default labels (secrecy: [], integrity: []) +1ms
guard:label_agent Calling LabelAgent: guard=github +24.9s
guard:wasm LabelAgent called: guard=github +4ms
guard:wasm normalizePolicyPayload: received non-string policy, passing through +294µs
config:guard_policy UnmarshalJSON: guard policy type is allow-only +1ms
config:guard_policy ValidateGuardPolicy: delegating to allow-only normalization +287µs
config:guard_policy Normalizing guard policy: integrity=none, reposType=string +293µs
config:guard_policy Guard policy normalized: scopeKind=all, integrity=none +293µs
server:guard_init Using server-level guard policy: serverID=github +7ms
guard:wasm LabelAgent normalized policy: guard=github, policy={"allow-only":{"repos":"all","min-integrity":"none"}} +1ms
guard:wasm buildStrictLabelAgentPayload: validating policy payload +337µs
guard:wasm buildStrictLabelAgentPayload: policy validated successfully, repos=all, min-integrity=none +346µs
guard:wasm label_agent input JSON (53 bytes): {"allow-only":{"min-integrity":"none","repos":"all"}} +346µs
guard:wasm BuildLabelAgentPayload: trustedBots=0, trustedUsers=0 +295µs
guard:wasm tryCallWasmFunction: guard=github, func=<unknown>, inputSize=53, outputSize=4194304 +604µs
guard:wasm Using guard allocator path: guard=github +463µs
guard:context Retrieved agent ID from context: Tv6WyTHjYrHZriLhiq8sXxodcuFX5wmWLrBaQYDwZWk0P1iynpZT4ydr9 +7ms
difc:agent GetOrCreate called for agentID=Tv6WyTHjYrHZriLhiq8sXxodcuFX5wmWLrBaQYDwZWk0P1iynpZT4ydr9 +5ms
guard:label_agent Calling LabelAgent: guard=github +5ms
guard:wasm LabelAgent called: guard=github +1ms
guard:wasm normalizePolicyPayload: received non-string policy, passing through +259µs
guard:wasm [guard:github] DEBUG: >>> alloc(53) +255µs
guard:wasm [guard:github] DEBUG: <<< alloc returning ptr=1107776 +269µs
guard:wasm wasmAlloc: guard=github, size=53, ptr=1107776 +262µs
guard:wasm [guard:github] DEBUG: >>> alloc(4194304) +243µs
guard:wasm LabelAgent normalized policy: guard=github, policy={"allow-only":{"repos":"all","min-integrity":"none"}} +262µs
guard:wasm buildStrictLabelAgentPayload: validating policy payload +257µs
guard:wasm buildStrictLabelAgentPayload: policy validated successfully, repos=all, min-integrity=none +274µs
guard:wasm [guard:github] DEBUG: <<< alloc returning ptr=1107840 +1ms
guard:wasm wasmAlloc: guard=github, size=4194304, ptr=1107840 +468µs
guard:wasm [guard:github] INFO: >>> label_agent called +298µs
guard:wasm [guard:github] INFO: <<< label_agent returning 134 bytes +332µs
guard:wasm [guard:github] DEBUG: >>> dealloc(ptr=1107840, size=4194304) +256µs
guard:wasm [guard:github] DEBUG: <<< dealloc complete +249µs
guard:wasm [guard:github] DEBUG: >>> dealloc(ptr=1107776, size=53) +261µs
guard:wasm [guard:github] DEBUG: <<< dealloc complete +276µs
guard:wasm LabelAgent raw response JSON (134 bytes): {"agent":{"secrecy":[],"integrity":["none:all"]},"difc_mode":"filter","normalized_policy":{"scope_kind":"All","min-integrity":"none"}} +286µs
guard:wasm label_agent input JSON (53 bytes): {"allow-only":{"min-integrity":"none","repos":"all"}} +28µs
guard:wasm LabelAgent parsed response: guard=github, response={"agent":{"secrecy":[],"integrity":["none:all"]},"difc_mode":"filter","normalized_policy":{"min-integrity":"none","scope_kind":"All"}} +287µs
guard:guard Applying label agent result: difc_mode="filter", secrecy_tags=0, integrity_tags=1, defaultMode=strict +24.9s
guard:guard Enforcement mode overridden: default=strict, override=filter +295µs
guard:wasm tryCallWasmFunction: guard=github, func=<unknown>, inputSize=53, outputSize=4194304 +1ms
guard:wasm Using guard allocator path: guard=github +257µs
guard:wasm [guard:github] DEBUG: >>> alloc(53) +265µs
difc:agent Agent Tv6WyTHjYrHZriLhiq8sXxodcuFX5wmWLrBaQYDwZWk0P1iynpZT4ydr9 adding 0 secrecy tags +8ms
difc:agent Agent Tv6WyTHjYrHZriLhiq8sXxodcuFX5wmWLrBaQYDwZWk0P1iynpZT4ydr9 adding 1 integrity tags +243µs
difc:agent Agent Tv6WyTHjYrHZriLhiq8sXxodcuFX5wmWLrBaQYDwZWk0P1iynpZT4ydr9 gained integrity tags: [none:all] +310µs
guard:guard Label agent result applied: effective_mode=filter +1ms
guard:label_agent LabelAgent completed: guard=github, mode=filter +9ms
guard:wasm [guard:github] DEBUG: <<< alloc returning ptr=1107776 +1ms
guard:wasm wasmAlloc: guard=github, size=53, ptr=1107776 +715µs
guard:wasm [guard:github] DEBUG: >>> alloc(4194304) +289µs
guard:wasm [guard:github] DEBUG: <<< alloc returning ptr=1107840 +778µs
guard:wasm wasmAlloc: guard=github, size=4194304, ptr=1107840 +234µs
guard:context Retrieved agent ID from context: Tv6WyTHjYrHZriLhiq8sXxodcuFX5wmWLrBaQYDwZWk0P1iynpZT4ydr9 +12ms
difc:agent GetOrCreate called for agentID=Tv6WyTHjYrHZriLhiq8sXxodcuFX5wmWLrBaQYDwZWk0P1iynpZT4ydr9 +3ms
server:unified [DIFC] Agent Tv6WyTHjYrHZriLhiq8sXxodcuFX5wmWLrBaQYDwZWk0P1iynpZT4ydr9 | Secrecy: [] | Integrity: [none:all] +26ms
guard:wasm [guard:github] INFO: >>> label_agent called +1ms
guard:wasm [guard:github] INFO: <<< label_agent returning 134 bytes +320µs
guard:wasm [guard:github] DEBUG: >>> dealloc(ptr=1107840, size=4194304) +466µs
guard:context Setting request state in context +1ms
guard:wasm LabelResource called: toolName=search_issues, args=map[order:asc perPage:30 query:repo:apache/cloudstack is:issue is:open no:label sort:created] +528µs
guard:wasm [guard:github] DEBUG: <<< dealloc complete +467µs
guard:wasm [guard:github] DEBUG: >>> dealloc(ptr=1107776, size=53) +243µs
guard:wasm [guard:github] DEBUG: <<< dealloc complete +237µs
guard:wasm LabelAgent raw response JSON (134 bytes): {"agent":{"secrecy":[],"integrity":["none:all"]},"difc_mode":"filter","normalized_policy":{"scope_kind":"All","min-integrity":"none"}} +254µs
guard:wasm label_resource input JSON (164 bytes): {"capabilities":{},"tool_args":{"order":"asc","perPage":30,"query":"repo:apache/cloudstack is:issue is:open no:label","sort":"created"},"tool_name":"search_issues"} +51µs
guard:wasm LabelAgent parsed response: guard=github, response={"agent":{"secrecy":[],"integrity":["none:all"]},"difc_mode":"filter","normalized_policy":{"min-integrity":"none","scope_kind":"All"}} +230µs
guard:guard Applying label agent result: difc_mode="filter", secrecy_tags=0, integrity_tags=1, defaultMode=strict +6ms
guard:guard Enforcement mode overridden: default=strict, override=filter +504µs
difc:agent Agent Tv6WyTHjYrHZriLhiq8sXxodcuFX5wmWLrBaQYDwZWk0P1iynpZT4ydr9 adding 0 secrecy tags +4ms
guard:wasm tryCallWasmFunction: guard=github, func=<unknown>, inputSize=164, outputSize=4194304 +2ms
guard:wasm Using guard allocator path: guard=github +280µs
difc:agent Agent Tv6WyTHjYrHZriLhiq8sXxodcuFX5wmWLrBaQYDwZWk0P1iynpZT4ydr9 adding 1 integrity tags +1ms
difc:agent Agent Tv6WyTHjYrHZriLhiq8sXxodcuFX5wmWLrBaQYDwZWk0P1iynpZT4ydr9 gained integrity tags: [none:all] +281µs
guard:guard Label agent result applied: effective_mode=filter +2ms
guard:label_agent LabelAgent completed: guard=github, mode=filter +9ms
guard:wasm [guard:github] DEBUG: >>> alloc(164) +1ms
guard:wasm [guard:github] DEBUG: <<< alloc returning ptr=1107776 +618µs
guard:context Retrieved agent ID from context: Tv6WyTHjYrHZriLhiq8sXxodcuFX5wmWLrBaQYDwZWk0P1iynpZT4ydr9 +6ms
difc:agent GetOrCreate called for agentID=Tv6WyTHjYrHZriLhiq8sXxodcuFX5wmWLrBaQYDwZWk0P1iynpZT4ydr9 +2ms
server:unified [DIFC] Agent Tv6WyTHjYrHZriLhiq8sXxodcuFX5wmWLrBaQYDwZWk0P1iynpZT4ydr9 | Secrecy: [] | Integrity: [none:all] +8ms
guard:wasm wasmAlloc: guard=github, size=164, ptr=1107776 +1ms
guard:wasm [guard:github] DEBUG: >>> alloc(4194304) +557µs
guard:wasm [guard:github] DEBUG: <<< alloc returning ptr=1107952 +260µs
guard:wasm wasmAlloc: guard=github, size=4194304, ptr=1107952 +303µs
guard:context Setting request state in context +2ms
guard:wasm LabelResource called: toolName=list_label, args=map[owner:apache repo:cloudstack] +745µs
guard:wasm [guard:github] INFO: >>> label_resource called +574µs
guard:wasm [guard:github] INFO:     input_len=164, output_size=4194304 +271µs
guard:wasm [guard:github] INFO:     tool_name=search_issues +301µs
guard:wasm [guard:github] DEBUG: Checking repo visibility for apache/cloudstack +286µs
guard:wasm [guard:github] INFO: >>> call_backend: tool=search_repositories +1ms
guard:wasm [guard:github] DEBUG:     args={"perPage":10,"query":"repo:apache/cloudstack"} +296µs
guard:wasm WASM guard calling backend: tool=search_repositories +262µs
server:unified [DIFC] Guard calling backend github tool search_repositories for metadata +5ms
server:unified executeBackendToolCall: serverID=github, toolName=search_repositories +230µs
launcher:launcher Checking session pool: serverID=github, sessionID=Tv6WyTHjYrHZriLhiq8sXxodcuFX5wmWLrBaQYDwZWk0P1iynpZT4ydr9 +20.2s
launcher:pool Connection not found: backend=github, session=Tv6WyTHjYrHZriLhiq8sXxodcuFX5wmWLrBaQYDwZWk0P1iynpZT4ydr9 +24.9s
launcher:launcher Session connection not found, creating new: serverID=github, sessionID=Tv6WyTHjYrHZriLhiq8sXxodcuFX5wmWLrBaQYDwZWk0P1iynpZT4ydr9 +525µs
launcher:pool Connection not found: backend=github, session=Tv6WyTHjYrHZriLhiq8sXxodcuFX5wmWLrBaQYDwZWk0P1iynpZT4ydr9 +509µs
launcher:launcher Launching new session server: serverID=github, sessionID=Tv6WyTHjYrHZriLhiq8sXxodcuFX5wmWLrBaQYDwZWk0P1iynpZT4ydr9, command=docker +1ms
2026/10/01 13:37:44 [LAUNCHER] Command: docker
2026/10/01 13:37:44 [LAUNCHER] Args: [run --rm -i -e NO_COLOR=... -e TERM=... -e PYTHONUNBUFFERED=... -e GITHUB_HOST=http... -e GITHUB_PERSONAL_ACCESS_TOKEN=ghs_... -e GITHUB_READ_ONLY=... -e GITHUB_TOOLSETS=issu... ghcr.io/github/github-mcp-server:v1.0.4]
2026/10/01 13:37:44 [LAUNCHER] Starting server with 30s timeout
launcher:launcher Starting server with timeout: serverID=github, sessionID=Tv6WyTHjYrHZriLhiq8sXxodcuFX5wmWLrBaQYDwZWk0P1iynpZT4ydr9, timeout=30s +382µs
launcher:launcher Starting connection goroutine: serverID=github +234µs
envutil:expand Expanding env args: input_count=18 +24.7s
envutil:expand Env args expansion complete: output_count=18 +251µs
mcp:connection Expanded args for Docker env: [run --rm -i -e NO_COLOR=... -e TERM=... -e PYTHONUNBUFFERED=... -e GITHUB_HOST=http... -e GITHUB_PERSONAL_ACCESS_TOKEN=ghs_... -e GITHUB_READ_ONLY=... -e GITHUB_TOOLSETS=issu... ghcr.io/github/github-mcp-server:v1.0.4] +24.6s
mcp:connection Initiating MCP server connection and handshake +665µs
launcher:launcher Connection established: serverID=github for session 'Tv6WyTHjYrHZriLhiq8sXxodcuFX5wmWLrBaQYDwZWk0P1iynpZT4ydr9' +153ms
launcher:pool Added new connection to pool: backend=github, session=Tv6WyTHjYrHZriLhiq8sXxodcuFX5wmWLrBaQYDwZWk0P1iynpZT4ydr9 +156ms
mcp:connection Dispatching SDK method: tools/call, serverID=github +154ms
mcp:connection callTool: parsed name=search_repositories, argumentCount=2 +272µs
guard:wasm Backend call failed: calling "tools/call": unknown tool "search_repositories" +161ms
guard:wasm [guard:github] ERROR: <<< call_backend FAILED with code -1 +281µs
guard:wasm [guard:github] WARN: Backend call search_repositories failed with code -1 +487µs
guard:wasm [guard:github] DEBUG: Checking repo visibility for apache/cloudstack +542µs
guard:wasm [guard:github] INFO: >>> call_backend: tool=search_repositories +313µs
guard:wasm [guard:github] DEBUG:     args={"perPage":10,"query":"repo:apache/cloudstack"} +249µs
guard:wasm WASM guard calling backend: tool=search_repositories +270µs
server:unified [DIFC] Guard calling backend github tool search_repositories for metadata +163ms
server:unified executeBackendToolCall: serverID=github, toolName=search_repositories +280µs
launcher:launcher Checking session pool: serverID=github, sessionID=Tv6WyTHjYrHZriLhiq8sXxodcuFX5wmWLrBaQYDwZWk0P1iynpZT4ydr9 +7ms
launcher:pool Reusing connection: backend=github, session=Tv6WyTHjYrHZriLhiq8sXxodcuFX5wmWLrBaQYDwZWk0P1iynpZT4ydr9, requests=0 +6ms
mcp:connection Dispatching SDK method: tools/call, serverID=github +6ms
mcp:connection callTool: parsed name=search_repositories, argumentCount=2 +241µs
guard:wasm Backend call failed: calling "tools/call": unknown tool "search_repositories" +4ms
guard:wasm [guard:github] ERROR: <<< call_backend FAILED with code -1 +219µs
guard:wasm [guard:github] WARN: Backend call search_repositories failed with code -1 +390µs
guard:wasm [guard:github] INFO:     desc=search_issues:apache/cloudstack +403µs
guard:wasm [guard:github] INFO:     secrecy=[] (public) +228µs
guard:wasm [guard:github] INFO:     integrity=["none:all"] +375µs
guard:wasm [guard:github] INFO:     operation=read +278µs
guard:wasm [guard:github] INFO: <<< label_resource returning 119 bytes +346µs
guard:wasm [guard:github] DEBUG: >>> dealloc(ptr=1107952, size=4194304) +259µs
guard:wasm [guard:github] DEBUG: <<< dealloc complete +284µs
guard:wasm [guard:github] DEBUG: >>> dealloc(ptr=1107776, size=164) +267µs
guard:wasm [guard:github] DEBUG: <<< dealloc complete +310µs
difc:labels Creating label with 0 initial tags: [] +204ms
guard:wasm label_resource input JSON (95 bytes): {"capabilities":{},"tool_args":{"owner":"apache","repo":"cloudstack"},"tool_name":"list_label"} +328µs
difc:labels Creating label with 1 initial tags: [none:all] +253µs
guard:wasm Parsed resource response: description="search_issues:apache/cloudstack", operation=read +543µs
server:unified [DIFC] Resource: search_issues:apache/cloudstack | Operation: read | Secrecy: [] | Integrity: [none:all] +8ms
difc:pipeline_decisions ShouldBypassCoarseDeny: operation=read, bypass=true +25.1s
difc:evaluator Evaluating access: operation=read, resource=search_issues:apache/cloudstack +25.1s
guard:wasm tryCallWasmFunction: guard=github, func=<unknown>, inputSize=95, outputSize=4194304 +1ms
guard:wasm Using guard allocator path: guard=github +244µs
guard:wasm [guard:github] DEBUG: >>> alloc(95) +298µs
difc:evaluator Evaluating read access (mode=filter): resource=search_issues:apache/cloudstack, agentSecrecy=[], agentIntegrity=[none:all] +1ms
difc:evaluator Read access allowed: resource=search_issues:apache/cloudstack +238µs
server:unified [DIFC] Access ALLOWED for agent Tv6WyTHjYrHZriLhiq8sXxodcuFX5wmWLrBaQYDwZWk0P1iynpZT4ydr9 to search_issues:apache/cloudstack +2ms
server:unified executeBackendToolCall: serverID=github, toolName=search_issues +243µs
guard:wasm [guard:github] DEBUG: <<< alloc returning ptr=1107776 +1ms
launcher:launcher Checking session pool: serverID=github, sessionID=Tv6WyTHjYrHZriLhiq8sXxodcuFX5wmWLrBaQYDwZWk0P1iynpZT4ydr9 +11ms
guard:wasm wasmAlloc: guard=github, size=95, ptr=1107776 +477µs
guard:wasm [guard:github] DEBUG: >>> alloc(4194304) +312µs
guard:wasm [guard:github] DEBUG: <<< alloc returning ptr=1107888 +262µs
guard:wasm wasmAlloc: guard=github, size=4194304, ptr=1107888 +213µs
guard:wasm [guard:github] INFO: >>> label_resource called +296µs
guard:wasm [guard:github] INFO:     input_len=95, output_size=4194304 +401µs
launcher:pool Reusing connection: backend=github, session=Tv6WyTHjYrHZriLhiq8sXxodcuFX5wmWLrBaQYDwZWk0P1iynpZT4ydr9, requests=1 +12ms
guard:wasm [guard:github] INFO:     tool_name=list_label +647µs
guard:wasm [guard:github] DEBUG: Checking repo visibility for apache/cloudstack +558µs
guard:wasm [guard:github] INFO: >>> call_backend: tool=search_repositories +318µs
guard:wasm [guard:github] DEBUG:     args={"perPage":10,"query":"repo:apache/cloudstack"} +281µs
guard:wasm WASM guard calling backend: tool=search_repositories +627µs
server:unified [DIFC] Guard calling backend github tool search_repositories for metadata +5ms
mcp:connection Dispatching SDK method: tools/call, serverID=github +13ms
server:unified executeBackendToolCall: serverID=github, toolName=search_repositories +318µs
mcp:connection callTool: parsed name=search_issues, argumentCount=4 +277µs
launcher:launcher Checking session pool: serverID=github, sessionID=Tv6WyTHjYrHZriLhiq8sXxodcuFX5wmWLrBaQYDwZWk0P1iynpZT4ydr9 +6ms
launcher:pool Reusing connection: backend=github, session=Tv6WyTHjYrHZriLhiq8sXxodcuFX5wmWLrBaQYDwZWk0P1iynpZT4ydr9, requests=2 +4ms
mcp:connection Dispatching SDK method: tools/call, serverID=github +3ms
mcp:connection callTool: parsed name=search_repositories, argumentCount=2 +232µs
guard:wasm Backend call failed: calling "tools/call": unknown tool "search_repositories" +6ms
guard:wasm [guard:github] ERROR: <<< call_backend FAILED with code -1 +341µs
guard:wasm [guard:github] WARN: Backend call search_repositories failed with code -1 +577µs
guard:wasm [guard:github] DEBUG: Checking repo visibility for apache/cloudstack +499µs
guard:wasm [guard:github] INFO: >>> call_backend: tool=search_repositories +249µs
guard:wasm [guard:github] DEBUG:     args={"perPage":10,"query":"repo:apache/cloudstack"} +214µs
guard:wasm WASM guard calling backend: tool=search_repositories +217µs
server:unified [DIFC] Guard calling backend github tool search_repositories for metadata +8ms
server:unified executeBackendToolCall: serverID=github, toolName=search_repositories +197µs
launcher:launcher Checking session pool: serverID=github, sessionID=Tv6WyTHjYrHZriLhiq8sXxodcuFX5wmWLrBaQYDwZWk0P1iynpZT4ydr9 +8ms
launcher:pool Reusing connection: backend=github, session=Tv6WyTHjYrHZriLhiq8sXxodcuFX5wmWLrBaQYDwZWk0P1iynpZT4ydr9, requests=3 +8ms
mcp:connection Dispatching SDK method: tools/call, serverID=github +8ms
mcp:connection callTool: parsed name=search_repositories, argumentCount=2 +679µs
guard:wasm Backend call failed: calling "tools/call": unknown tool "search_repositories" +5ms
guard:wasm [guard:github] ERROR: <<< call_backend FAILED with code -1 +231µs
guard:wasm [guard:github] WARN: Backend call search_repositories failed with code -1 +405µs
guard:wasm [guard:github] INFO:     desc=resource:list_label +480µs
guard:wasm [guard:github] INFO:     secrecy=[] (public) +241µs
guard:wasm [guard:github] INFO:     integrity=["none:all", "unapproved:all", "approved:all"] +240µs
guard:wasm [guard:github] INFO:     operation=read +241µs
guard:wasm [guard:github] INFO: <<< label_resource returning 139 bytes +276µs
guard:wasm [guard:github] DEBUG: >>> dealloc(ptr=1107888, size=4194304) +265µs
guard:wasm [guard:github] DEBUG: <<< dealloc complete +259µs
guard:wasm [guard:github] DEBUG: >>> dealloc(ptr=1107776, size=95) +281µs
guard:wasm [guard:github] DEBUG: <<< dealloc complete +240µs
difc:labels Creating label with 0 initial tags: [] +25ms
difc:labels Creating label with 3 initial tags: [none:all unapproved:all approved:all] +226µs
guard:wasm Parsed resource response: description="resource:list_label", operation=read +719µs
server:unified [DIFC] Resource: resource:list_label | Operation: read | Secrecy: [] | Integrity: [none:all unapproved:all approved:all] +9ms
difc:pipeline_decisions ShouldBypassCoarseDeny: operation=read, bypass=true +25ms
difc:evaluator Evaluating access: operation=read, resource=resource:list_label +24ms
difc:evaluator Evaluating read access (mode=filter): resource=resource:list_label, agentSecrecy=[], agentIntegrity=[none:all] +299µs
difc:evaluator Read access allowed: resource=resource:list_label +292µs
server:unified [DIFC] Access ALLOWED for agent Tv6WyTHjYrHZriLhiq8sXxodcuFX5wmWLrBaQYDwZWk0P1iynpZT4ydr9 to resource:list_label +1ms
server:unified executeBackendToolCall: serverID=github, toolName=list_label +322µs
launcher:launcher Checking session pool: serverID=github, sessionID=Tv6WyTHjYrHZriLhiq8sXxodcuFX5wmWLrBaQYDwZWk0P1iynpZT4ydr9 +10ms
launcher:pool Reusing connection: backend=github, session=Tv6WyTHjYrHZriLhiq8sXxodcuFX5wmWLrBaQYDwZWk0P1iynpZT4ydr9, requests=4 +10ms
mcp:connection Dispatching SDK method: tools/call, serverID=github +9ms
mcp:connection callTool: parsed name=list_label, argumentCount=2 +270µs
difc:pipeline_decisions ShouldCallLabelResponse: operation=read, mode=filter, result=true +245ms
guard:wasm LabelResponse called: toolName=list_label +246ms
guard:context Retrieved request state from context +448ms
guard:wasm label_response input JSON (11482 bytes): {"capabilities":{},"tool_args":{"owner":"apache","repo":"cloudstack"},"tool_name":"list_label","tool_result":{"content":[{"text":"{\"labels\":[{\"color\":\"000000\",\"description\":\"\",\"id\":\"MDU6TGFiZWwzNzg0MzM2NQ==\",\"name\":\"status:duplicate\"},{\"color\":\"e6e6e6\",\"description\":\"\",\"id\":\"MDU6TGFiZWwzNzg0MzM2Nw==\",\"name\":\"status:invalid\"},{\"color\":\"ffffff\",\"description\":\"\",\"id\":\"MDU6TGFiZWwzNzg0MzM2OQ==\",\"name\":\"status:wontfix\"},{\"color\":\"fc2929\",\"description\":\"\",\"id\":\"MDU6TGFiZWwzNzg0MzM2NA==\",\"name\":\"type:bug\"},{\"color\":\"84b6eb\",\"description\":\"\",\"id\":\"MDU6TGFiZWwzNzg0MzM2Ng==\",\"name\":\"type:enhancement\"},{\"color\":\"cc317c\",\"description\":\"\",\"id\":\"MDU6TGFiZWwzNzg0MzM2OA==\",\"name\":\"type:question\"},{\"color\":\"006b75\",\"description\":\"\",\"id\":\"MDU6TGFiZWw1ODQwNzI5NzE=\",\"name\":\"component:kvm\"},{\"color\":\"bfdadc\",\"description\":\"\",\"id\":\"MDU6TGFiZWw1ODQwNzMwMjg=\",\"name\":\"component:ceph\"},{\"color\":\"0e8a16\",\"description\":\"\",\"id\":\"MDU6TGFiZWw1ODQwNzMxMzQ=\",\"name\":\"component:management-server\"},{\"color\":\"006b75\",\"description\":\"\",\"id\":\"MDU6TGFiZWw1ODQwNzMxODQ=\",\"name\":\"component:XenServer\"},{\"color\":\"fef2c0\",\"description\":\"\",\"id\":\"MDU6TGFiZWw1ODQwNzMyMDc=\",\"name\":\"component:vmware\"},{\"color\":\"5319e7\",\"description\":\"\",\"id\":\"MDU6TGFiZWw1ODQwNzMyNzg=\",\"name\":\"component:primary-storage\"},{\"color\":\"f9d0c4\",\"description\":\"\",\"id\":\"MDU6TGFiZWw1ODQwNzMzMDc=\",\"name\":\"component:secondary-storage\"},{\"color\":\"c2e0c6\",\"description\":\"\",\"id\":\"MDU6TGFiZWw1ODQwNzMzMzY=\",\"name\":\"component:ipv6\"},{\"color\":\"fef2c0\",\"description\":\"\",\"id\":\"MDU6TGFiZWw1ODQwNzMzNTE=\",\"name\":\"component:vpc\"},{\"color\":\"ffaaeb\",\"description\":\"\",\"id\":\"MDU6TGFiZWw1ODQwNzMzOTE=\",\"name\":\"component:virtual-router\"},{\"color\":\"15E8EE\",\"description\":\"\",\"id\":\"MDU6TGFiZWw1ODQwNzM0Mjc=\",\"name\":\"component:console-proxy\"},{\"color\":\"c5def5\",\"description\":\"\",\"id\":\"MDU6TGFiZWw1ODQwNzM0NDk=\",\"name\":\"component:ssvm\"},{\"color\":\"0e8a16\",\"description\":\"\",\"id\":\"MDU6TGFiZWw1ODQwNzM3ODg=\",\"name\":\"component:iscsi\"},{\"color\":\"1DB401\",\"description\":\"\",\"id\":\"MDU6TGFiZWw1ODQwNzM4NTM=\",\"name\":\"component:api\"},{\"color\":\"5319e7\",\"description\":\"\",\"id\":\"MDU6TGFiZWw1ODQwNzM4ODI=\",\"name\":\"type:config\"},{\"color\":\"bfdadc\",\"description\":\"\",\"id\":\"MDU6TGFiZWw1ODQwNzQzMTI=\",\"name\":\"component:libvirt\"},{\"color\":\"fef2c0\",\"description\":\"\",\"id\":\"MDU6TGFiZWw1ODQwNzQ2MjI=\",\"name\":\"component:mysql\"},{\"color\":\"1d76db\",\"description\":\"\",\"id\":\"MDU6TGFiZWw1ODQwNzQ2NTg=\",\"name\":\"component:security-group\"},{\"color\":\"bfdadc\",\"description\":\"\",\"id\":\"MDU6TGFiZWw1ODQwNzQ2ODA=\",\"name\":\"type:security\"},{\"color\":\"c5def5\",\"description\":\"\",\"id\":\"MDU6TGFiZWw1ODQwNzUwMTE=\",\"name\":\"component:plugin\"},{\"color\":\"c2e0c6\",\"description\":\"\",\"id\":\"MDU6TGFiZWw1ODQwNzY0MzU=\",\"name\":\"component:packaging\"},{\"color\":\"f9d0c4\",\"description\":\"\",\"id\":\"MDU6TGFiZWw1ODQwNzY0NzE=\",\"name\":\"component:systemd\"},{\"color\":\"006b75\",\"description\":\"\",\"id\":\"MDU6TGFiZWw1ODkxMzUyNzU=\",\"name\":\"component:usage-server\"},{\"color\":\"bfd4f2\",\"description\":\"\",\"id\":\"MDU6TGFiZWw1ODkxNjIwODk=\",\"name\":\"status:work-in-progress\"},{\"color\":\"b60205\",\"description\":\"\",\"id\":\"MDU6TGFiZWw1OTIyODAyODg=\",\"name\":\"status:testing\"},{\"color\":\"ff0000\",\"description\":\"\",\"id\":\"MDU6TGFiZWw1OTIyODA4ODU=\",\"name\":\"status:blocked\"},{\"color\":\"006b75\",\"description\":\"\",\"id\":\"MDU6TGFiZWw1OTIzMTUyMjM=\",\"name\":\"status:needs-CI\"},{\"color\":\"d4c5f9\",\"description\":\"\",\"id\":\"MDU6TGFiZWw1OTIzMTU0ODM=\",\"name\":\"status:waiting-for-author\"},{\"color\":\"bfdadc\",\"description\":\"\",\"id\":\"MDU6TGFiZWw1OTIzMTYwNDQ=\",\"name\":\"status:CI-running\"},{\"color\":\"0052cc\",\"description\":\"\",\"id\":\"MDU6TGFiZWw1OTIzODkwNDg=\",\"name\":\"status:ready-for-merge\"},{\"color\":\"f9d0c4\",\"description\":\"\",\"id\":\"MDU6TGFiZWw1OTI1NTkyMTk=\",\"name\":\"component:networking\"},{\"color\":\"b60205\",\"description\":\"\",\"id\":\"MDU6TGFiZWw1OTI5NTMyMjY=\",\"name\":\"Severity:BLOCKER\"},{\"color\":\"DA70D6\",\"description\":\"\",\"id\":\"MDU6TGFiZWw1OTMwODQwMjM=\",\"name\":\"status:waiting-for-reviewer\"},{\"color\":\"fbca04\",\"description\":\"\",\"id\":\"MDU6TGFiZWw2MDIyODEzMjI=\",\"name\":\"status:depreciated\"},{\"color\":\"ff3030\",\"description\":\"\",\"id\":\"MDU6TGFiZWw2MDIyODMzNzY=\",\"name\":\"status:needs-work\"},{\"color\":\"0e8a16\",\"description\":\"\",\"id\":\"MDU6TGFiZWw2MDMwNTMwMTA=\",\"name\":\"status:reviews-complete\"},{\"color\":\"c5def5\",\"description\":\"\",\"id\":\"MDU6TGFiZWw2MDUyMDkxMzk=\",\"name\":\"component:systemvm-template\"},{\"color\":\"d9d90b\",\"description\":\"\",\"id\":\"MDU6TGFiZWw2NTY3NzgwMzE=\",\"name\":\"status:closable\"},{\"color\":\"ea62a8\",\"description\":\"\",\"id\":\"MDU6TGFiZWw3MzkzNzQ3Njc=\",\"name\":\"component:UI\"},{\"color\":\"98f29b\",\"description\":\"\",\"id\":\"MDU6TGFiZWw3Nzk5MDQ2NDc=\",\"name\":\"type:healthcheckrun\"},{\"color\":\"2ea9c1\",\"description\":\"\",\"id\":\"MDU6TGFiZWw3OTU5MzYxMzE=\",\"name\":\"component:basic-network\"},{\"color\":\"720bc1\",\"description\":\"\",\"id\":\"MDU6TGFiZWw4MTQyNzc5NzQ=\",\"name\":\"component:upgrade\"},{\"color\":\"a5f9ff\",\"description\":\"\",\"id\":\"MDU6TGFiZWw4MTc0MjA0Mjg=\",\"name\":\"type:improvement\"},{\"color\":\"0e8a16\",\"description\":\"\",\"id\":\"MDU6TGFiZWw4MjE3MTYxMTM=\",\"name\":\"type:cleanup\"},{\"color\":\"a1b1e2\",\"description\":\"\",\"id\":\"MDU6TGFiZWw4NjgxNzM4NTI=\",\"name\":\"type:admin/housekeeping\"},{\"color\":\"ffc0cb\",\"description\":\"\",\"id\":\"MDU6TGFiZWw4OTEyOTI5MDI=\",\"name\":\"status:Help-wanted\"},{\"color\":\"edef73\",\"description\":\"\",\"id\":\"MDU6TGFiZWw4OTM3ODg5MTI=\",\"name\":\"component:saml\"},{\"color\":\"a9b50e\",\"description\":\"Warning... Python code Ahead!\",\"id\":\"MDU6TGFiZWw5MDQwNTE3ODE=\",\"name\":\"Python\"},{\"color\":\"2CFACC\",\"description\":\"\",\"id\":\"MDU6TGFiZWw5MTYwODUwNzU=\",\"name\":\"component:database\"},{\"color\":\"900606\",\"description\":\"Critical bug\",\"id\":\"MDU6TGFiZWw5MjgwODQ0OTI=\",\"name\":\"Severity:Critical\"},{\"color\":\"D93F0B\",\"description\":\"\",\"id\":\"MDU6TGFiZWw5NTY1MjY0OTg=\",\"name\":\"status:has-conflicts\"},{\"color\":\"15728e\",\"description\":\"\",\"id\":\"MDU6TGFiZWw5NTc3NjkzMzg=\",\"name\":\"status:waiting-for-smoketest-results\"},{\"color\":\"9dd0dd\",\"description\":\"\",\"id\":\"MDU6TGFiZWw5ODQ1MjM2MzA=\",\"name\":\"component:local-storage\"},{\"color\":\"9bd1dd\",\"description\":\"\",\"id\":\"MDU6TGFiZWwxMDExOTcwOTI1\",\"name\":\"component:managed-storage\"},{\"color\":\"a1ea91\",\"description\":\"\",\"id\":\"MDU6TGFiZWwxMDI3MzQzNzgz\",\"name\":\"status:Has a PR\"},{\"color\":\"991821\",\"description\":\"\",\"id\":\"MDU6TGFiZWwxMDI5NzMzOTcw\",\"name\":\"status:cant replicate\"},{\"color\":\"47cc59\",\"description\":\"\",\"id\":\"MDU6TGFiZWwxMDU5OTQyMDg2\",\"name\":\"component:openvswitch\"},{\"color\":\"5fefdc\",\"description\":\"\",\"id\":\"MDU6TGFiZWwxMDc2ODg3MDgw\",\"name\":\"component:dhcp\"},{\"color\":\"eaa498\",\"description\":\"\",\"id\":\"MDU6TGFiZWwxMDgyMzc0MTcx\",\"name\":\"component:logging\"},{\"color\":\"6cddb4\",\"description\":\"\",\"id\":\"MDU6TGFiZWwxMDg4ODcyMzY0\",\"name\":\"status:Not a problem\"},{\"color\":\"80e5e2\",\"description\":\"\",\"id\":\"MDU6TGFiZWwxMDkyODY5OTQz\",\"name\":\"component:agent\"},{\"color\":\"5bf7ae\",\"description\":\"\",\"id\":\"MDU6TGFiZWwxMTE4MzcyNzU0\",\"name\":\"status:marvin-tests-passing\"},{\"color\":\"5319e7\",\"description\":\"\",\"id\":\"MDU6TGFiZWwxMTE4MzczODI2\",\"name\":\"status:marvin-tests-failing\"},{\"color\":\"221596\",\"description\":\"\",\"id\":\"MDU6TGFiZWwxMTE4Mzc0MjA3\",\"name\":\"status:marvin-test-not-run\"},{\"color\":\"68eda1\",\"description\":\"\",\"id\":\"MDU6TGFiZWwxMTE4Mzc0NTE4\",\"name\":\"status:manual-tests-passing\"},{\"color\":\"d347ef\",\"description\":\"\",\"id\":\"MDU6TGFiZWwxMTE4Mzc0ODM1\",\"name\":\"status:manual-tests-failing\"},{\"color\":\"0d55e5\",\"description\":\"\",\"id\":\"MDU6TGFiZWwxMTE4Mzc1MDM1\",\"name\":\"status:manual-tests-not-run\"},{\"color\":\"c1d134\",\"description\":\"\",\"id\":\"MDU6TGFiZWwxMTI1OTEyOTU4\",\"name\":\"status:proof-of-concept\"},{\"color\":\"99fcc4\",\"description\":\"VXLAN\",\"id\":\"MDU6TGFiZWwxMTM0NzA1MjI5\",\"name\":\"component:vxlan\"},{\"color\":\"afffb2\",\"description\":\"\",\"id\":\"MDU6TGFiZWwxMTM2NjgxNzc0\",\"name\":\"component:advanced-networking\"},{\"color\":\"880205\",\"description\":\"\",\"id\":\"MDU6TGFiZWwxMTQ5OTY1OTk2\",\"name\":\"status:not-a-bug\"},{\"color\":\"4471c4\",\"description\":\"\",\"id\":\"MDU6TGFiZWwxMTUwNjc1NTQ5\",\"name\":\"type:new-feature\"},{\"color\":\"3B90D6\",\"description\":\"\",\"id\":\"MDU6TGFiZWwxMTUyOTU3NTcx\",\"name\":\"component:compute\"},{\"color\":\"ef97b6\",\"description\":\"\",\"id\":\"MDU6TGFiZWwxMTUyOTY5OTY2\",\"name\":\"component:templates\"},{\"color\":\"6e1ec9\",\"description\":\"\",\"id\":\"MDU6TGFiZWwxMTUyOTc4MDEz\",\"name\":\"component:build\"},{\"color\":\"f4b2be\",\"description\":\"\",\"id\":\"MDU6TGFiZWwxMTUzMDAzMDY1\",\"name\":\"component:projects\"},{\"color\":\"105787\",\"description\":\"\",\"id\":\"MDU6TGFiZWwxMTUzNjYwNDIy\",\"name\":\"component:unit-test\"},{\"color\":\"4e62fc\",\"description\":\"\",\"id\":\"MDU6TGFiZWwxMTU1MDE2OTEw\",\"name\":\"status:needs-reproducing\"},{\"color\":\"dbd348\",\"description\":\"\",\"id\":\"MDU6TGFiZWwxMTY3MDU0Mjk0\",\"name\":\"component:marvin\"},{\"color\":\"ccdcff\",\"description\":\"\",\"id\":\"MDU6TGFiZWwxMjUwMDUxMzYy\",\"name\":\"python3\"},{\"color\":\"66a3dd\",\"description\":\"\",\"id\":\"MDU6TGFiZWwxMjk5MDE5MTY5\",\"name\":\"component:dpdk\"},{\"color\":\"7ff4ee\",\"description\":\"\",\"id\":\"MDU6TGFiZWwxMzMzNDEwMTEz\",\"name\":\"type:regression\"},{\"color\":\"6020bf\",\"description\":\"\",\"id\":\"MDU6TGFiZWwxMzMzNDEwODYy\",\"name\":\"component:migration\"},{\"color\":\"e08888\",\"description\":\"\",\"id\":\"MDU6TGFiZWwxMzkxOTY3OTc5\",\"name\":\"Severity:Trivial\"},{\"color\":\"906666\",\"description\":\"\",\"id\":\"MDU6TGFiZWwxMzkxOTY4NjEw\",\"name\":\"Severity:Minor\"},{\"color\":\"b2ef67\",\"description\":\"\",\"id\":\"MDU6TGFiZWwxMzkxOTc4ODg1\",\"name\":\"component:LDAP\"},{\"color\":\"e4ccff\",\"description\":\"\",\"id\":\"MDU6TGFiZWwxNjQ1MDYyODY2\",\"name\":\"component:simulator\"},{\"color\":\"0db7ed\",\"description\":\"\",\"id\":\"MDU6TGFiZWwxNjQ1MDY0NDk1\",\"name\":\"docker\"},{\"color\":\"0366d6\",\"description\":\"Pull requests that update a dependency file\",\"id\":\"MDU6TGFiZWwxNjUxNjQ4MTI4\",\"name\":\"dependencies\"},{\"color\":\"903636\",\"description\":\"\",\"id\":\"MDU6TGFiZWwxNjYzOTY5NTIx\",\"name\":\"Severity:Major\"},{\"color\":\"0db7ed\",\"description\":\"\",\"id\":\"MDU6TGFiZWwxNzAwMTE5OTEy\",\"name\":\"component:kubernetes\"},{\"color\":\"3085D3\",\"description\":\"\",\"id\":\"MDU6TGFiZWwxNzgyOTYyNDM2\",\"name\":\"component:csvm\"},{\"color\":\"9e1737\",\"description\":\"\",\"id\":\"MDU6TGFiZWwxODcwMTY5NjEx\",\"name\":\"component:JDK\"},{\"color\":\"52a8ea\",\"description\":\"\",\"id\":\"MDU6TGFiZWwxOTAwMzM3MzM1\",\"name\":\"type:technical-debt\"}],\"totalCount\":231}","type":"text"}]}} +597µs
guard:wasm tryCallWasmFunction: guard=github, func=<unknown>, inputSize=11482, outputSize=4194304 +442µs
guard:wasm Using guard allocator path: guard=github +267µs
guard:wasm [guard:github] DEBUG: >>> alloc(11482) +288µs
guard:wasm [guard:github] DEBUG: <<< alloc returning ptr=1107776 +286µs
guard:wasm wasmAlloc: guard=github, size=11482, ptr=1107776 +318µs
guard:wasm [guard:github] DEBUG: >>> alloc(4194304) +374µs
guard:wasm [guard:github] DEBUG: <<< alloc returning ptr=5302576 +2ms
guard:wasm wasmAlloc: guard=github, size=4194304, ptr=5302576 +406µs
guard:wasm [guard:github] INFO: >>> label_response called +288µs
guard:wasm [guard:github] INFO:     input_len=11482, output_size=4194304 +286µs
guard:wasm [guard:github] INFO:     input_preview={"capabilities":{},"tool_args":{"owner":"apache","repo":"cloudstack"},"tool_name":"list_label","tool_result":{"content":[{"text":"{\"labels\":[{\"color\":\"000000\",\"description\":\"\",\"id\":\"MDU6TGFiZWwzNzg0MzM2NQ==\",\"name\":\"status:duplicate\"},{\"color\":\"e6e6e6\",\"description\":\"\",\"id\":\"MDU6TGFiZWwzNzg0MzM2Nw==\",\"name\":\"status:invalid\"},{\"color\":\"ffffff\",\"description\":\"\",\"id\":\"MDU6TGFiZWwzNzg0MzM2OQ==\",\"name\":\"status:wontfix\"},{\"color\":\"fc2929\",\"descrip +302µs
guard:wasm [guard:github] INFO:     tool_name=list_label +546µs
guard:wasm [guard:github] DEBUG: extract_mcp_response: top-level keys=["content"] +265µs
guard:wasm [guard:github] DEBUG: extract_mcp_response: found content array with 1 items +309µs
guard:wasm [guard:github] DEBUG: extract_mcp_response: found text field, len=9729 +236µs
guard:wasm [guard:github] DEBUG: extract_mcp_response: parsed content[0].text as JSON +569µs
guard:wasm [guard:github] INFO:     using legacy item-based labeling +514µs
guard:wasm [guard:github] DEBUG: extract_mcp_response: top-level keys=["content"] +682µs
guard:wasm [guard:github] DEBUG: extract_mcp_response: found content array with 1 items +317µs
guard:wasm [guard:github] DEBUG: extract_mcp_response: found text field, len=9729 +323µs
guard:wasm [guard:github] DEBUG: extract_mcp_response: parsed content[0].text as JSON +606µs
guard:wasm [guard:github] DEBUG: extract_mcp_response: top-level keys=["content"] +288µs
guard:wasm [guard:github] DEBUG: extract_mcp_response: found content array with 1 items +287µs
guard:wasm [guard:github] DEBUG: extract_mcp_response: found text field, len=9729 +294µs
guard:wasm [guard:github] DEBUG: extract_mcp_response: parsed content[0].text as JSON +604µs
guard:wasm [guard:github] INFO:     no fine-grained items, creating fallback single-item label +293µs
guard:wasm [guard:github] DEBUG: Checking repo visibility for apache/cloudstack +377µs
guard:wasm [guard:github] INFO: >>> call_backend: tool=search_repositories +311µs
guard:wasm [guard:github] DEBUG:     args={"perPage":10,"query":"repo:apache/cloudstack"} +296µs
guard:wasm WASM guard calling backend: tool=search_repositories +276µs
server:unified [DIFC] Guard calling backend github tool search_repositories for metadata +258ms
server:unified executeBackendToolCall: serverID=github, toolName=search_repositories +256µs
launcher:launcher Checking session pool: serverID=github, sessionID=Tv6WyTHjYrHZriLhiq8sXxodcuFX5wmWLrBaQYDwZWk0P1iynpZT4ydr9 +259ms
launcher:pool Reusing connection: backend=github, session=Tv6WyTHjYrHZriLhiq8sXxodcuFX5wmWLrBaQYDwZWk0P1iynpZT4ydr9, requests=5 +259ms
mcp:connection Dispatching SDK method: tools/call, serverID=github +258ms
mcp:connection callTool: parsed name=search_repositories, argumentCount=2 +270µs
guard:wasm Backend call failed: calling "tools/call": unknown tool "search_repositories" +5ms
guard:wasm [guard:github] ERROR: <<< call_backend FAILED with code -1 +264µs
guard:wasm [guard:github] WARN: Backend call search_repositories failed with code -1 +507µs
guard:wasm [guard:github] DEBUG: Checking repo visibility for apache/cloudstack +570µs
guard:wasm [guard:github] INFO: >>> call_backend: tool=search_repositories +297µs
guard:wasm [guard:github] DEBUG:     args={"perPage":10,"query":"repo:apache/cloudstack"} +251µs
guard:wasm WASM guard calling backend: tool=search_repositories +267µs
server:unified [DIFC] Guard calling backend github tool search_repositories for metadata +7ms
server:unified executeBackendToolCall: serverID=github, toolName=search_repositories +237µs
launcher:launcher Checking session pool: serverID=github, sessionID=Tv6WyTHjYrHZriLhiq8sXxodcuFX5wmWLrBaQYDwZWk0P1iynpZT4ydr9 +7ms
launcher:pool Reusing connection: backend=github, session=Tv6WyTHjYrHZriLhiq8sXxodcuFX5wmWLrBaQYDwZWk0P1iynpZT4ydr9, requests=6 +7ms
mcp:connection Dispatching SDK method: tools/call, serverID=github +7ms
mcp:connection callTool: parsed name=search_repositories, argumentCount=2 +327µs
guard:wasm Backend call failed: calling "tools/call": unknown tool "search_repositories" +5ms
guard:wasm [guard:github] ERROR: <<< call_backend FAILED with code -1 +738µs
guard:wasm [guard:github] WARN: Backend call search_repositories failed with code -1 +855µs
guard:wasm [guard:github] INFO:     fallback labels: secrecy=[], integrity=["none:all", "unapproved:all", "approved:all"] +562µs
guard:wasm [guard:github] INFO:     generated 1 labeled items +345µs
guard:wasm [guard:github] INFO:     output_preview={"items":[{"data":{"content":[{"text":"{\"labels\":[{\"color\":\"000000\",\"description\":\"\",\"id\":\"MDU6TGFiZWwzNzg0MzM2NQ==\",\"name\":\"status:duplicate\"},{\"color\":\"e6e6e6\",\"description\":\"\",\"id\":\"MDU6TGFiZWwzNzg0MzM2Nw==\",\"name\":\"status:invalid\"},{\"color\":\"ffffff\",\"description\":\"\",\"id\":\"MDU6TGFiZWwzNzg0MzM2OQ==\",\"name\":\"status:wontfix\"},{\"color\":\"fc2929\",\"description\":\"\",\"id\":\"MDU6TGFiZWwzNzg0MzM2NA==\",\"name\":\"type:bug\"},{\"color\":\"84b6eb\ +655µs
guard:wasm [guard:github] INFO: <<< label_response returning 11510 bytes +397µs
guard:wasm [guard:github] DEBUG: >>> dealloc(ptr=5302576, size=4194304) +321µs
guard:wasm [guard:github] DEBUG: <<< dealloc complete +241µs
guard:wasm [guard:github] DEBUG: >>> dealloc(ptr=1107776, size=11482) +259µs
guard:wasm [guard:github] DEBUG: <<< dealloc complete +274µs
guard:wasm parseCollectionLabeledData: itemCount=1 +424µs
difc:labels Creating label with 0 initial tags: [] +279ms
difc:labels Creating label with 3 initial tags: [none:all unapproved:all approved:all] +249µs
guard:wasm parseCollectionLabeledData: parsed 1 labeled items from 1 input items +804µs
difc:evaluator Filtering collection: operation=read, totalItems=1 +278ms
difc:evaluator Evaluating access: operation=read, resource=resource:list_label +246µs
difc:evaluator Evaluating read access (mode=filter): resource=resource:list_label, agentSecrecy=[], agentIntegrity=[none:all] +253µs
difc:evaluator Read access allowed: resource=resource:list_label +238µs
difc:evaluator Collection filtered: accessible=1, filtered=0, total=1 +233µs
server:unified [DIFC] Filtered collection: 1/1 items accessible +12ms
difc:pipeline_decisions ShouldBlockFilteredResponse: mode=filter, filteredCount=0, block=false +34ms
difc:resource FilteredCollectionLabeledData.ToResult: returning 1 accessible items (filter_reason=DIFC policy) +25.4s
difc:pipeline_decisions ShouldAccumulateReadLabels: operation=read, mode=filter, accumulate=false +480µs
mcp:tool_result Converting backend result to CallToolResult +523ms
mcp:tool_result Backend returned array, wrapping as text +236µs
server:response_writer Writing response body: 14688 bytes +534ms
server:response_writer Retrieving captured body: 14688 bytes +498µs
server:response_writer Retrieving captured status code: 200 +773µs
server:sdk-frontend <<< SDK Response [routed:github] status=200 duration=537.808934ms (non-JSON or stream) +536ms
server:sdk-frontend     Raw response (truncated): event: message
data: {"jsonrpc":"2.0","id":4,"result":{"content":[{"type":"text","text":"[{\"content\":[{\"text\":\"{\\\"labels\\\":[{\\\"color\\\":\\\"000000\\\",\\\"description\\\":\\\"\\\",\\\"id\\\":\\\"MDU6TGFiZWwzNzg0MzM2NQ==\\\",\\\"name\\\":\\\"status:duplicate\\\"},{\\\"color\\\":\\\"e6e6e6\\\",\\\"description\\\":\\\"\\\",\\\"id\\\":\\\"MDU6TGFiZWwzNzg0MzM2Nw==\\\",\\\"name\\\":\\\"status:invalid\\\"},{\\\"color\\\":\\\"ffffff\\\",\\\"description\\\":\\\"\\\",\\\"id\\\":\\\"MDU6TGFiZWw... +340µs
difc:pipeline_decisions ShouldCallLabelResponse: operation=read, mode=filter, result=true +109ms
guard:wasm LabelResponse called: toolName=search_issues +112ms
guard:context Retrieved request state from context +144ms
guard:wasm label_response input JSON (6094 bytes): {"capabilities":{},"tool_args":{"order":"asc","perPage":30,"query":"repo:apache/cloudstack is:issue is:open no:label","sort":"created"},"tool_name":"search_issues","tool_result":{"content":[{"text":"{\"total_count\":1,\"incomplete_results\":false,\"items\":[{\"id\":5459339381,\"number\":14172,\"state\":\"open\",\"locked\":false,\"title\":\"UI extremely slow when db.ha.enabled=true after MySQL source failure (4.22.1.0)\",\"body\":\"### problem\\n\\nWith Database High Availability enabled (db.ha.enabled=true), after the MySQL source becomes unreachable the Management Server UI becomes extremely slow / barely usable.\\n\\nFailover to the configured replica seems to happen via the MySQL connector, but each (or almost each) request appears to retry the dead source first, causing severe UI latency.\\n\\nWorkaround that restores normal performance:\\n- disable db.ha.enabled\\n- manually promote the replica (STOP REPLICA / RESET REPLICA ALL / read_only=OFF)\\n- point db.cloud.host / db.usage.host to the promoted DB in db.properties\\n- restart cloudstack-management\\n\\nThis matches the install guide \\\"Failover\\\" procedure better than the client-side db.ha mechanism.\\n\\nNote: docs still say \\\"Tested with MySQL 5.1 and 5.5\\\" and suggest two-way replication.\\nRef: https://docs.cloudstack.apache.org/en/4.22.1.0/adminguide/reliability.html#configuring-database-high-availability\\n\\n### versions\\n\\nCloudStack: 4.22.1.0 (Ubuntu packages, download.cloudstack.org noble)\\nOS: Ubuntu 24.04\\nMySQL: 8.0.46 (async replication source→replica, GTID)\\nHypervisor: VMware\\nTopology: 2 Management Servers (multi-site), reverse proxy in front of UI\\n\\n### The steps to reproduce the bug\\n\\n1. Deploy 2 MS pointing to MySQL source; configure two-way replica (GTID)\\n2. Set in db.properties:\\n   db.ha.enabled=true\\n   db.cloud.replicas=replica-ip\\n   db.usage.replicas=replica-ip\\n3. Restart cloudstack-management on both nodes\\n4. Stop / isolate the MySQL source (simulate site/DB failure)\\n5. Use UI/API through the remaining Management Server\\n\\n### What to do about it?\\n\\nExpected: MS fail over to replica promptly; UI remains usable.\\n\\nActual: UI becomes very slow after source outage (connector retries against unreachable source; defaults secondsBeforeRetrySource/queriesBeforeRetrySource/initialTimeout = 3600/5000/3600).\\n\\nSuggestions:\\n- fix connector failover so replica is used without per-request source retries hanging the UI\\n- and/or document clearly that db.ha.enabled is not recommended for production on MySQL 8.x and that manual promotion (install guide Failover) is the supported path\",\"author_association\":\"NONE\",\"user\":{\"login\":\"nabassa1323\",\"id\":132025448,\"node_id\":\"U_kgDOB96MaA\",\"avatar_url\":\"https://avatars.githubusercontent.com/u/132025448?v=4\",\"html_url\":\"https://github.com/nabassa1323\",\"gravatar_id\":\"\",\"type\":\"User\",\"site_admin\":false,\"url\":\"https://api.github.com/users/nabassa1323\",\"events_url\":\"https://api.github.com/users/nabassa1323/events{/privacy}\",\"following_url\":\"https://api.github.com/users/nabassa1323/following{/other_user}\",\"followers_url\":\"https://api.github.com/users/nabassa1323/followers\",\"gists_url\":\"https://api.github.com/users/nabassa1323/gists{/gist_id}\",\"organizations_url\":\"https://api.github.com/users/nabassa1323/orgs\",\"received_events_url\":\"https://api.github.com/users/nabassa1323/received_events\",\"repos_url\":\"https://api.github.com/users/nabassa1323/repos\",\"starred_url\":\"https://api.github.com/users/nabassa1323/starred{/owner}{/repo}\",\"subscriptions_url\":\"https://api.github.com/users/nabassa1323/subscriptions\"},\"comments\":1,\"created_at\":\"2026-09-15T08:09:11Z\",\"updated_at\":\"2026-10-01T08:48:08Z\",\"url\":\"https://api.github.com/repos/apache/cloudstack/issues/14172\",\"html_url\":\"https://github.com/apache/cloudstack/issues/14172\",\"comments_url\":\"https://api.github.com/repos/apache/cloudstack/issues/14172/comments\",\"events_url\":\"https://api.github.com/repos/apache/cloudstack/issues/14172/events\",\"labels_url\":\"https://api.github.com/repos/apache/cloudstack/issues/14172/labels{/name}\",\"repository_url\":\"https://api.github.com/repos/apache/cloudstack\",\"milestone\":{\"url\":\"https://api.github.com/repos/apache/cloudstack/milestones/46\",\"html_url\":\"https://github.com/apache/cloudstack/milestone/46\",\"labels_url\":\"https://api.github.com/repos/apache/cloudstack/milestones/46/labels\",\"id\":15514689,\"number\":46,\"state\":\"open\",\"title\":\"4.22.2\",\"description\":\"\",\"creator\":{\"login\":\"sureshanaparti\",\"id\":12028987,\"node_id\":\"MDQ6VXNlcjEyMDI4OTg3\",\"avatar_url\":\"https://avatars.githubusercontent.com/u/12028987?v=4\",\"html_url\":\"https://github.com/sureshanaparti\",\"gravatar_id\":\"\",\"type\":\"User\",\"site_admin\":false,\"url\":\"https://api.github.com/users/sureshanaparti\",\"events_url\":\"https://api.github.com/users/sureshanaparti/events{/privacy}\",\"following_url\":\"https://api.github.com/users/sureshanaparti/following{/other_user}\",\"followers_url\":\"https://api.github.com/users/sureshanaparti/followers\",\"gists_url\":\"https://api.github.com/users/sureshanaparti/gists{/gist_id}\",\"organizations_url\":\"https://api.github.com/users/sureshanaparti/orgs\",\"received_events_url\":\"https://api.github.com/users/sureshanaparti/received_events\",\"repos_url\":\"https://api.github.com/users/sureshanaparti/repos\",\"starred_url\":\"https://api.github.com/users/sureshanaparti/starred{/owner}{/repo}\",\"subscriptions_url\":\"https://api.github.com/users/sureshanaparti/subscriptions\"},\"open_issues\":259,\"closed_issues\":117,\"created_at\":\"2026-04-13T07:02:43Z\",\"updated_at\":\"2026-10-01T11:51:28Z\",\"node_id\":\"MI_kwDOAJTq2M4A7LxB\"},\"reactions\":{\"total_count\":0,\"+1\":0,\"-1\":0,\"laugh\":0,\"confused\":0,\"heart\":0,\"hooray\":0,\"rocket\":0,\"eyes\":0,\"url\":\"https://api.github.com/repos/apache/cloudstack/issues/14172/reactions\"},\"node_id\":\"I_kwDOAJTq2M8AAAABRWbodQ\"}]}","type":"text"}]}} +624µs
guard:wasm tryCallWasmFunction: guard=github, func=<unknown>, inputSize=6094, outputSize=4194304 +493µs
guard:wasm Using guard allocator path: guard=github +271µs
guard:wasm [guard:github] DEBUG: >>> alloc(6094) +269µs
guard:wasm [guard:github] DEBUG: <<< alloc returning ptr=1107776 +334µs
guard:wasm wasmAlloc: guard=github, size=6094, ptr=1107776 +255µs
guard:wasm [guard:github] DEBUG: >>> alloc(4194304) +595µs
guard:wasm [guard:github] DEBUG: <<< alloc returning ptr=5302576 +336µs
guard:wasm wasmAlloc: guard=github, size=4194304, ptr=5302576 +336µs
guard:wasm [guard:github] INFO: >>> label_response called +282µs
guard:wasm [guard:github] INFO:     input_len=6094, output_size=4194304 +263µs
guard:wasm [guard:github] INFO:     input_preview={"capabilities":{},"tool_args":{"order":"asc","perPage":30,"query":"repo:apache/cloudstack is:issue is:open no:label","sort":"created"},"tool_name":"search_issues","tool_result":{"content":[{"text":"{\"total_count\":1,\"incomplete_results\":false,\"items\":[{\"id\":5459339381,\"number\":14172,\"state\":\"open\",\"locked\":false,\"title\":\"UI extremely slow when db.ha.enabled=true after MySQL source failure (4.22.1.0)\",\"body\":\"### problem\\n\\nWith Database High Availability enabled (db.ha.e +259µs
guard:wasm [guard:github] INFO:     tool_name=search_issues +387µs
guard:wasm [guard:github] DEBUG: extract_mcp_response: top-level keys=["content"] +236µs
guard:wasm [guard:github] DEBUG: extract_mcp_response: found content array with 1 items +243µs
guard:wasm [guard:github] DEBUG: extract_mcp_response: found text field, len=5548 +4ms
guard:wasm [guard:github] DEBUG: extract_mcp_response: parsed content[0].text as JSON +581µs
guard:wasm [guard:github] DEBUG: Checking repo visibility for apache/cloudstack +399µs
guard:wasm [guard:github] INFO: >>> call_backend: tool=search_repositories +299µs
guard:wasm [guard:github] DEBUG:     args={"perPage":10,"query":"repo:apache/cloudstack"} +320µs
guard:wasm WASM guard calling backend: tool=search_repositories +583µs
server:unified [DIFC] Guard calling backend github tool search_repositories for metadata +123ms
server:unified executeBackendToolCall: serverID=github, toolName=search_repositories +283µs
launcher:launcher Checking session pool: serverID=github, sessionID=Tv6WyTHjYrHZriLhiq8sXxodcuFX5wmWLrBaQYDwZWk0P1iynpZT4ydr9 +136ms
launcher:pool Reusing connection: backend=github, session=Tv6WyTHjYrHZriLhiq8sXxodcuFX5wmWLrBaQYDwZWk0P1iynpZT4ydr9, requests=7 +136ms
mcp:connection Dispatching SDK method: tools/call, serverID=github +136ms
mcp:connection callTool: parsed name=search_repositories, argumentCount=2 +251µs
guard:wasm Backend call failed: calling "tools/call": unknown tool "search_repositories" +5ms
guard:wasm [guard:github] ERROR: <<< call_backend FAILED with code -1 +261µs
guard:wasm [guard:github] WARN: Backend call search_repositories failed with code -1 +495µs
guard:wasm [guard:github] DEBUG: Checking repo visibility for apache/cloudstack +688µs
guard:wasm [guard:github] INFO: >>> call_backend: tool=search_repositories +295µs
guard:wasm [guard:github] DEBUG:     args={"perPage":10,"query":"repo:apache/cloudstack"} +277µs
guard:wasm WASM guard calling backend: tool=search_repositories +263µs
server:unified [DIFC] Guard calling backend github tool search_repositories for metadata +7ms
server:unified executeBackendToolCall: serverID=github, toolName=search_repositories +448µs
launcher:launcher Checking session pool: serverID=github, sessionID=Tv6WyTHjYrHZriLhiq8sXxodcuFX5wmWLrBaQYDwZWk0P1iynpZT4ydr9 +8ms
launcher:pool Reusing connection: backend=github, session=Tv6WyTHjYrHZriLhiq8sXxodcuFX5wmWLrBaQYDwZWk0P1iynpZT4ydr9, requests=8 +9ms
mcp:connection Dispatching SDK method: tools/call, serverID=github +9ms
mcp:connection callTool: parsed name=search_repositories, argumentCount=2 +337µs
guard:wasm Backend call failed: calling "tools/call": unknown tool "search_repositories" +7ms
guard:wasm [guard:github] ERROR: <<< call_backend FAILED with code -1 +298µs
guard:wasm [guard:github] WARN: Backend call search_repositories failed with code -1 +491µs
guard:wasm [guard:github] DEBUG: [integrity] issue:apache/cloudstack#14172: author_association floor below writer (rank=2), checking collaborator permission for nabassa1323 +517µs
guard:wasm [guard:github] DEBUG: get_collaborator_permission: fetching permission for apache/cloudstack user nabassa1323 +272µs
guard:wasm [guard:github] INFO: >>> call_backend: tool=get_collaborator_permission +295µs
guard:wasm [guard:github] DEBUG:     args={"owner":"apache","repo":"cloudstack","username":"nabassa1323"} +222µs
guard:wasm WASM guard calling backend: tool=get_collaborator_permission +224µs
envutil:github Looking up GitHub token: checking 4 candidate env vars +25.6s
envutil:github GitHub token found: source=GITHUB_MCP_SERVER_TOKEN +251µs
envutil:github GitHub API URL using default:  +232µs
envutil:github Deriving API URL from server URL: https://github.com +222µs
envutil:github GitHub.com detected, using default API URL: https://api.github.com +225µs
envutil:github GitHub API URL derived from GITHUB_SERVER_URL=https://github.com: https://api.github.com +236µs
httputil:collaborator_permission FetchCollaboratorPermission: owner=apache, repo=cloudstack, username=nabassa1323, apiPath=/repos/apache/cloudstack/collaborators/nabassa1323/permission +25.6s
server:unified get_collaborator_permission: GET /repos/apache/cloudstack/collaborators/nabassa1323/permission (for apache/cloudstack user nabassa1323) +10ms
httputil:httputil GitHub GET: baseURL="https://api.github.com", path="/repos/apache/cloudstack/collaborators/nabassa1323/permission", hasAuth=true +20.8s
httputil:httputil Applying GitHub API headers: method="GET", path="/repos/apache/cloudstack/collaborators/nabassa1323/permission", hasAuth=true +236µs
httputil:httputil GitHub GET response: path="/repos/apache/cloudstack/collaborators/nabassa1323/permission", status=200 +219ms
httputil:collaborator_permission FetchCollaboratorPermission: response received: status=200, bodyLen=1117 +220ms
server:unified get_collaborator_permission: apache/cloudstack user nabassa1323 → permission="read" (HTTP 200) +220ms
guard:wasm [guard:github] INFO: <<< call_backend returned 1254 bytes +223ms
guard:wasm [guard:github] DEBUG: extract_mcp_response: top-level keys=["content"] +296µs
guard:wasm [guard:github] DEBUG: extract_mcp_response: found content array with 1 items +238µs
guard:wasm [guard:github] DEBUG: extract_mcp_response: found text field, len=1117 +253µs
guard:wasm [guard:github] DEBUG: extract_mcp_response: parsed content[0].text as JSON +288µs
guard:wasm [guard:github] INFO: get_collaborator_permission: apache/cloudstack user nabassa1323 → permission=Some("read") login=Some("nabassa1323") +331µs
guard:wasm [guard:github] DEBUG: [integrity] issue:apache/cloudstack#14172: collaborator permission=Some("read") → merged rank=2 +390µs
guard:wasm [guard:github] DEBUG: Checking repo visibility for apache/cloudstack +330µs
guard:wasm [guard:github] INFO: >>> call_backend: tool=search_repositories +319µs
guard:wasm [guard:github] DEBUG:     args={"perPage":10,"query":"repo:apache/cloudstack"} +260µs
guard:wasm WASM guard calling backend: tool=search_repositories +274µs
server:unified [DIFC] Guard calling backend github tool search_repositories for metadata +3ms
server:unified executeBackendToolCall: serverID=github, toolName=search_repositories +268µs
launcher:launcher Checking session pool: serverID=github, sessionID=Tv6WyTHjYrHZriLhiq8sXxodcuFX5wmWLrBaQYDwZWk0P1iynpZT4ydr9 +234ms
launcher:pool Reusing connection: backend=github, session=Tv6WyTHjYrHZriLhiq8sXxodcuFX5wmWLrBaQYDwZWk0P1iynpZT4ydr9, requests=9 +234ms
mcp:connection Dispatching SDK method: tools/call, serverID=github +234ms
mcp:connection callTool: parsed name=search_repositories, argumentCount=2 +589µs
guard:wasm Backend call failed: calling "tools/call": unknown tool "search_repositories" +6ms
guard:wasm [guard:github] ERROR: <<< call_backend FAILED with code -1 +359µs
guard:wasm [guard:github] WARN: Backend call search_repositories failed with code -1 +674µs
guard:wasm [guard:github] INFO:     using path-based labeling with 1 paths +537µs
guard:wasm [guard:github] INFO:     path_output_preview={"labeled_paths":[{"path":"/items/0","labels":{"description":"issue:apache/cloudstack#14172","secrecy":[],"integrity":["none:all","unapproved:all"]}}],"default_labels":{"description":"issue","secrecy":[],"integrity":["none:all"]},"items_path":"/items"} +316µs
guard:wasm [guard:github] INFO: <<< label_response returning 252 bytes (path-based) +274µs
guard:wasm [guard:github] DEBUG: >>> dealloc(ptr=5302576, size=4194304) +304µs
guard:wasm [guard:github] DEBUG: <<< dealloc complete +325µs
guard:wasm [guard:github] DEBUG: >>> dealloc(ptr=1107776, size=6094) +235µs
guard:wasm [guard:github] DEBUG: <<< dealloc complete +249µs
guard:wasm parsePathLabeledResponse: responseSize=252 +290µs
difc:path_labels ParsePathLabels: parsing 252 bytes +25.8s
difc:path_labels ParsePathLabels: parsed 1 labeled paths, hasDefaultLabels=true +321µs
guard:wasm parsePathLabeledResponse: parsed 1 path labels +887µs
difc:path_labels unwrapMCPResponse: detected MCP-wrapped response, unwrapping inner JSON +631µs
difc:path_labels NewPathLabeledData: isMCPWrapped=true, labeledPaths=1 +254µs
difc:path_labels getItems: navigating to items at path=/items +237µs
difc:path_labels getItems: found 1 items at path=/items +361µs
difc:path_labels resolve: resolving 1 items with 1 explicit path labels +295µs
guard:wasm parsePathLabeledResponse: converted to CollectionLabeledData successfully +1ms
difc:evaluator Filtering collection: operation=read, totalItems=1 +380ms
difc:evaluator Evaluating access: operation=read, resource=issue:apache/cloudstack#14172 +248µs
difc:evaluator Evaluating read access (mode=filter): resource=issue:apache/cloudstack#14172, agentSecrecy=[], agentIntegrity=[none:all] +236µs
difc:evaluator Read access allowed: resource=issue:apache/cloudstack#14172 +236µs
difc:evaluator Collection filtered: accessible=1, filtered=0, total=1 +263µs
server:unified [DIFC] Filtered collection: 1/1 items accessible +14ms
difc:pipeline_decisions ShouldBlockFilteredResponse: mode=filter, filteredCount=0, block=false +271ms
difc:resource FilteredCollectionLabeledData.ToResult: returning 1 accessible items (filter_reason=DIFC policy) +381ms
difc:pipeline_decisions ShouldAccumulateReadLabels: operation=read, mode=filter, accumulate=false +533µs
mcp:tool_result Converting backend result to CallToolResult +381ms
mcp:tool_result Backend returned array, wrapping as text +235µs
server:response_writer Writing response body: 5913 bytes +375ms
server:response_writer Retrieving captured body: 5913 bytes +546µs
server:response_writer Retrieving captured status code: 200 +324µs
server:sdk-frontend <<< SDK Response [routed:github] status=200 duration=919.403298ms (non-JSON or stream) +376ms
server:sdk-frontend     Raw response (truncated): event: message
data: {"jsonrpc":"2.0","id":3,"result":{"content":[{"type":"text","text":"[{\"author_association\":\"NONE\",\"body\":\"### problem\\n\\nWith Database High Availability enabled (db.ha.enabled=true), after the MySQL source becomes unreachable the Management Server UI becomes extremely slow / barely usable.\\n\\nFailover to the configured replica seems to happen via the MySQL connector, but each (or almost each) request appears to retry the dead source first, causing severe UI latenc... +314µs
tracing:provider Handling request: span=gateway.request, method=POST, path=/mcp/github, remoteParent=false +4.0s
tracing:provider Span started: span=gateway.request, traceID=00000000000000000000000000000000 +570µs
server:auth Authenticating request: method=POST, path=/mcp/github, remote=172.30.0.20:55548 +4.0s
auth:header Extracting session ID from auth header: sanitized=Tv6W... +3.9s
auth:header Using plain API key as session ID +256µs
server:sdk-frontend >>> SDK Request [routed:github] session=Tv6WyTHj... mcp-session=2FTDOBON... method=POST path=/mcp/github +3.0s
server:sdk-frontend     JSON-RPC Request: method=tools/call id=5 +316µs
server:response_writer Creating new response writer with default status 200 +3.0s
2026/10/01 13:37:48 [ROUTED] Calling unified handler for: search_issues
server:session Extracted session ID from context: Tv6WyTHj... +3.9s
mcp:tool_result Parsing arguments for tool: search_issues +3.0s
mcp:tool_result Parsed 4 arguments +262µs
server:session Extracted session ID from context: Tv6WyTHj... +1ms
server:session Extracted session ID from context: Tv6WyTHj... +534µs
server:session Checking session: sessionID=Tv6WyTHj... +242µs
server:session Session validated for ID: Tv6WyTHj... +285µs
server:unified callBackendTool: serverID=github, toolName=search_issues, args=map[order:desc perPage:30 query:repo:apache/cloudstack is:issue is:open no:label sort:created] +3.0s
guard:registry Getting guard for serverID=github +3.9s
guard:registry Found guard for serverID=github, guardName=github +268µs
server:session Extracted session ID from context: Tv6WyTHj... +1ms
server:guard_init Resolving guard policy: serverID=github +3.9s
config:guard_policy ParseServerGuardPolicy: serverID=github, keyCount=1 +3.9s
config:guard_policy ParsePolicyMap: hasAllowOnly=true, hasWriteSink=false, keyCount=1 +229µs
config:guard_policy Parsing guard policy JSON: len=112 +240µs
config:guard_policy UnmarshalJSON: parsing guard policy, keys=1 +271µs
config:guard_policy UnmarshalJSON: parsing allow-only policy, fields=5 +295µs
config:guard_policy UnmarshalJSON: allow-only policy parsed, repos=string, minIntegrity=none +249µs
config:guard_policy UnmarshalJSON: guard policy type is allow-only +230µs
config:guard_policy ValidateGuardPolicy: delegating to allow-only normalization +216µs
config:guard_policy Normalizing guard policy: integrity=none, reposType=string +238µs
config:guard_policy Guard policy normalized: scopeKind=all, integrity=none +236µs
server:guard_init Using server-level guard policy: serverID=github +2ms
guard:wasm BuildLabelAgentPayload: trustedBots=0, trustedUsers=0 +3.1s
server:guard_init Guard session cache hit: server=github, session=Tv6WyTHjYrHZriLhiq8sXxodcuFX5wmWLrBaQYDwZWk0P1iynpZT4ydr9, mode=filter +3ms
guard:context Retrieved agent ID from context: Tv6WyTHjYrHZriLhiq8sXxodcuFX5wmWLrBaQYDwZWk0P1iynpZT4ydr9 +3.3s
difc:agent GetOrCreate called for agentID=Tv6WyTHjYrHZriLhiq8sXxodcuFX5wmWLrBaQYDwZWk0P1iynpZT4ydr9 +3.9s
server:unified [DIFC] Agent Tv6WyTHjYrHZriLhiq8sXxodcuFX5wmWLrBaQYDwZWk0P1iynpZT4ydr9 | Secrecy: [] | Integrity: [none:all] +7ms
guard:context Setting request state in context +794µs
guard:wasm LabelResource called: toolName=search_issues, args=map[order:desc perPage:30 query:repo:apache/cloudstack is:issue is:open no:label sort:created] +4ms
guard:wasm label_resource input JSON (165 bytes): {"capabilities":{},"tool_args":{"order":"desc","perPage":30,"query":"repo:apache/cloudstack is:issue is:open no:label","sort":"created"},"tool_name":"search_issues"} +316µs
guard:wasm tryCallWasmFunction: guard=github, func=<unknown>, inputSize=165, outputSize=4194304 +270µs
guard:wasm Using guard allocator path: guard=github +292µs
guard:wasm [guard:github] DEBUG: >>> alloc(165) +424µs
guard:wasm [guard:github] DEBUG: <<< alloc returning ptr=1142960 +277µs
guard:wasm wasmAlloc: guard=github, size=165, ptr=1142960 +292µs
guard:wasm [guard:github] DEBUG: >>> alloc(4194304) +260µs
guard:wasm [guard:github] DEBUG: <<< alloc returning ptr=5302576 +227µs
guard:wasm wasmAlloc: guard=github, size=4194304, ptr=5302576 +266µs
guard:wasm [guard:github] INFO: >>> label_resource called +314µs
guard:wasm [guard:github] INFO:     input_len=165, output_size=4194304 +252µs
guard:wasm [guard:github] INFO:     tool_name=search_issues +265µs
guard:wasm [guard:github] DEBUG: Checking repo visibility for apache/cloudstack +277µs
guard:wasm [guard:github] INFO: >>> call_backend: tool=search_repositories +287µs
guard:wasm [guard:github] DEBUG:     args={"perPage":10,"query":"repo:apache/cloudstack"} +246µs
guard:wasm WASM guard calling backend: tool=search_repositories +250µs
server:unified [DIFC] Guard calling backend github tool search_repositories for metadata +5ms
server:unified executeBackendToolCall: serverID=github, toolName=search_repositories +277µs
launcher:launcher Checking session pool: serverID=github, sessionID=Tv6WyTHjYrHZriLhiq8sXxodcuFX5wmWLrBaQYDwZWk0P1iynpZT4ydr9 +3.1s
launcher:pool Reusing connection: backend=github, session=Tv6WyTHjYrHZriLhiq8sXxodcuFX5wmWLrBaQYDwZWk0P1iynpZT4ydr9, requests=10 +3.1s
mcp:connection Dispatching SDK method: tools/call, serverID=github +3.1s
mcp:connection callTool: parsed name=search_repositories, argumentCount=2 +265µs
guard:wasm Backend call failed: calling "tools/call": unknown tool "search_repositories" +4ms
guard:wasm [guard:github] ERROR: <<< call_backend FAILED with code -1 +278µs
guard:wasm [guard:github] WARN: Backend call search_repositories failed with code -1 +486µs
guard:wasm [guard:github] DEBUG: Checking repo visibility for apache/cloudstack +455µs
guard:wasm [guard:github] INFO: >>> call_backend: tool=search_repositories +267µs
guard:wasm [guard:github] DEBUG:     args={"perPage":10,"query":"repo:apache/cloudstack"} +253µs
guard:wasm WASM guard calling backend: tool=search_repositories +266µs
server:unified [DIFC] Guard calling backend github tool search_repositories for metadata +6ms
server:unified executeBackendToolCall: serverID=github, toolName=search_repositories +296µs
launcher:launcher Checking session pool: serverID=github, sessionID=Tv6WyTHjYrHZriLhiq8sXxodcuFX5wmWLrBaQYDwZWk0P1iynpZT4ydr9 +7ms
launcher:pool Reusing connection: backend=github, session=Tv6WyTHjYrHZriLhiq8sXxodcuFX5wmWLrBaQYDwZWk0P1iynpZT4ydr9, requests=11 +7ms
mcp:connection Dispatching SDK method: tools/call, serverID=github +7ms
mcp:connection callTool: parsed name=search_repositories, argumentCount=2 +265µs
guard:wasm Backend call failed: calling "tools/call": unknown tool "search_repositories" +5ms
guard:wasm [guard:github] ERROR: <<< call_backend FAILED with code -1 +262µs
guard:wasm [guard:github] WARN: Backend call search_repositories failed with code -1 +457µs
guard:wasm [guard:github] INFO:     desc=search_issues:apache/cloudstack +435µs
guard:wasm [guard:github] INFO:     secrecy=[] (public) +242µs
guard:wasm [guard:github] INFO:     integrity=["none:all"] +221µs
guard:wasm [guard:github] INFO:     operation=read +219µs
guard:wasm [guard:github] INFO: <<< label_resource returning 119 bytes +271µs
guard:wasm [guard:github] DEBUG: >>> dealloc(ptr=5302576, size=4194304) +285µs
guard:wasm [guard:github] DEBUG: <<< dealloc complete +282µs
guard:wasm [guard:github] DEBUG: >>> dealloc(ptr=1142960, size=165) +291µs
guard:wasm [guard:github] DEBUG: <<< dealloc complete +288µs
difc:labels Creating label with 0 initial tags: [] +3.5s
difc:labels Creating label with 1 initial tags: [none:all] +252µs
guard:wasm Parsed resource response: description="search_issues:apache/cloudstack", operation=read +801µs
server:unified [DIFC] Resource: search_issues:apache/cloudstack | Operation: read | Secrecy: [] | Integrity: [none:all] +8ms
difc:pipeline_decisions ShouldBypassCoarseDeny: operation=read, bypass=true +3.1s
difc:evaluator Evaluating access: operation=read, resource=search_issues:apache/cloudstack +3.1s
difc:evaluator Evaluating read access (mode=filter): resource=search_issues:apache/cloudstack, agentSecrecy=[], agentIntegrity=[none:all] +268µs
difc:evaluator Read access allowed: resource=search_issues:apache/cloudstack +275µs
server:unified [DIFC] Access ALLOWED for agent Tv6WyTHjYrHZriLhiq8sXxodcuFX5wmWLrBaQYDwZWk0P1iynpZT4ydr9 to search_issues:apache/cloudstack +1ms
server:unified executeBackendToolCall: serverID=github, toolName=search_issues +265µs
launcher:launcher Checking session pool: serverID=github, sessionID=Tv6WyTHjYrHZriLhiq8sXxodcuFX5wmWLrBaQYDwZWk0P1iynpZT4ydr9 +10ms
launcher:pool Reusing connection: backend=github, session=Tv6WyTHjYrHZriLhiq8sXxodcuFX5wmWLrBaQYDwZWk0P1iynpZT4ydr9, requests=12 +10ms
mcp:connection Dispatching SDK method: tools/call, serverID=github +10ms
mcp:connection callTool: parsed name=search_issues, argumentCount=4 +250µs
difc:pipeline_decisions ShouldCallLabelResponse: operation=read, mode=filter, result=true +325ms
guard:wasm LabelResponse called: toolName=search_issues +326ms
guard:context Retrieved request state from context +348ms
guard:wasm label_response input JSON (6095 bytes): {"capabilities":{},"tool_args":{"order":"desc","perPage":30,"query":"repo:apache/cloudstack is:issue is:open no:label","sort":"created"},"tool_name":"search_issues","tool_result":{"content":[{"text":"{\"total_count\":1,\"incomplete_results\":false,\"items\":[{\"id\":5459339381,\"number\":14172,\"state\":\"open\",\"locked\":false,\"title\":\"UI extremely slow when db.ha.enabled=true after MySQL source failure (4.22.1.0)\",\"body\":\"### problem\\n\\nWith Database High Availability enabled (db.ha.enabled=true), after the MySQL source becomes unreachable the Management Server UI becomes extremely slow / barely usable.\\n\\nFailover to the configured replica seems to happen via the MySQL connector, but each (or almost each) request appears to retry the dead source first, causing severe UI latency.\\n\\nWorkaround that restores normal performance:\\n- disable db.ha.enabled\\n- manually promote the replica (STOP REPLICA / RESET REPLICA ALL / read_only=OFF)\\n- point db.cloud.host / db.usage.host to the promoted DB in db.properties\\n- restart cloudstack-management\\n\\nThis matches the install guide \\\"Failover\\\" procedure better than the client-side db.ha mechanism.\\n\\nNote: docs still say \\\"Tested with MySQL 5.1 and 5.5\\\" and suggest two-way replication.\\nRef: https://docs.cloudstack.apache.org/en/4.22.1.0/adminguide/reliability.html#configuring-database-high-availability\\n\\n### versions\\n\\nCloudStack: 4.22.1.0 (Ubuntu packages, download.cloudstack.org noble)\\nOS: Ubuntu 24.04\\nMySQL: 8.0.46 (async replication source→replica, GTID)\\nHypervisor: VMware\\nTopology: 2 Management Servers (multi-site), reverse proxy in front of UI\\n\\n### The steps to reproduce the bug\\n\\n1. Deploy 2 MS pointing to MySQL source; configure two-way replica (GTID)\\n2. Set in db.properties:\\n   db.ha.enabled=true\\n   db.cloud.replicas=replica-ip\\n   db.usage.replicas=replica-ip\\n3. Restart cloudstack-management on both nodes\\n4. Stop / isolate the MySQL source (simulate site/DB failure)\\n5. Use UI/API through the remaining Management Server\\n\\n### What to do about it?\\n\\nExpected: MS fail over to replica promptly; UI remains usable.\\n\\nActual: UI becomes very slow after source outage (connector retries against unreachable source; defaults secondsBeforeRetrySource/queriesBeforeRetrySource/initialTimeout = 3600/5000/3600).\\n\\nSuggestions:\\n- fix connector failover so replica is used without per-request source retries hanging the UI\\n- and/or document clearly that db.ha.enabled is not recommended for production on MySQL 8.x and that manual promotion (install guide Failover) is the supported path\",\"author_association\":\"NONE\",\"user\":{\"login\":\"nabassa1323\",\"id\":132025448,\"node_id\":\"U_kgDOB96MaA\",\"avatar_url\":\"https://avatars.githubusercontent.com/u/132025448?v=4\",\"html_url\":\"https://github.com/nabassa1323\",\"gravatar_id\":\"\",\"type\":\"User\",\"site_admin\":false,\"url\":\"https://api.github.com/users/nabassa1323\",\"events_url\":\"https://api.github.com/users/nabassa1323/events{/privacy}\",\"following_url\":\"https://api.github.com/users/nabassa1323/following{/other_user}\",\"followers_url\":\"https://api.github.com/users/nabassa1323/followers\",\"gists_url\":\"https://api.github.com/users/nabassa1323/gists{/gist_id}\",\"organizations_url\":\"https://api.github.com/users/nabassa1323/orgs\",\"received_events_url\":\"https://api.github.com/users/nabassa1323/received_events\",\"repos_url\":\"https://api.github.com/users/nabassa1323/repos\",\"starred_url\":\"https://api.github.com/users/nabassa1323/starred{/owner}{/repo}\",\"subscriptions_url\":\"https://api.github.com/users/nabassa1323/subscriptions\"},\"comments\":1,\"created_at\":\"2026-09-15T08:09:11Z\",\"updated_at\":\"2026-10-01T08:48:08Z\",\"url\":\"https://api.github.com/repos/apache/cloudstack/issues/14172\",\"html_url\":\"https://github.com/apache/cloudstack/issues/14172\",\"comments_url\":\"https://api.github.com/repos/apache/cloudstack/issues/14172/comments\",\"events_url\":\"https://api.github.com/repos/apache/cloudstack/issues/14172/events\",\"labels_url\":\"https://api.github.com/repos/apache/cloudstack/issues/14172/labels{/name}\",\"repository_url\":\"https://api.github.com/repos/apache/cloudstack\",\"milestone\":{\"url\":\"https://api.github.com/repos/apache/cloudstack/milestones/46\",\"html_url\":\"https://github.com/apache/cloudstack/milestone/46\",\"labels_url\":\"https://api.github.com/repos/apache/cloudstack/milestones/46/labels\",\"id\":15514689,\"number\":46,\"state\":\"open\",\"title\":\"4.22.2\",\"description\":\"\",\"creator\":{\"login\":\"sureshanaparti\",\"id\":12028987,\"node_id\":\"MDQ6VXNlcjEyMDI4OTg3\",\"avatar_url\":\"https://avatars.githubusercontent.com/u/12028987?v=4\",\"html_url\":\"https://github.com/sureshanaparti\",\"gravatar_id\":\"\",\"type\":\"User\",\"site_admin\":false,\"url\":\"https://api.github.com/users/sureshanaparti\",\"events_url\":\"https://api.github.com/users/sureshanaparti/events{/privacy}\",\"following_url\":\"https://api.github.com/users/sureshanaparti/following{/other_user}\",\"followers_url\":\"https://api.github.com/users/sureshanaparti/followers\",\"gists_url\":\"https://api.github.com/users/sureshanaparti/gists{/gist_id}\",\"organizations_url\":\"https://api.github.com/users/sureshanaparti/orgs\",\"received_events_url\":\"https://api.github.com/users/sureshanaparti/received_events\",\"repos_url\":\"https://api.github.com/users/sureshanaparti/repos\",\"starred_url\":\"https://api.github.com/users/sureshanaparti/starred{/owner}{/repo}\",\"subscriptions_url\":\"https://api.github.com/users/sureshanaparti/subscriptions\"},\"open_issues\":259,\"closed_issues\":117,\"created_at\":\"2026-04-13T07:02:43Z\",\"updated_at\":\"2026-10-01T11:51:28Z\",\"node_id\":\"MI_kwDOAJTq2M4A7LxB\"},\"reactions\":{\"total_count\":0,\"+1\":0,\"-1\":0,\"laugh\":0,\"confused\":0,\"heart\":0,\"hooray\":0,\"rocket\":0,\"eyes\":0,\"url\":\"https://api.github.com/repos/apache/cloudstack/issues/14172/reactions\"},\"node_id\":\"I_kwDOAJTq2M8AAAABRWbodQ\"}]}","type":"text"}]}} +745µs
guard:wasm tryCallWasmFunction: guard=github, func=<unknown>, inputSize=6095, outputSize=4194304 +397µs
guard:wasm Using guard allocator path: guard=github +288µs
guard:wasm [guard:github] DEBUG: >>> alloc(6095) +256µs
guard:wasm [guard:github] DEBUG: <<< alloc returning ptr=1107776 +238µs
guard:wasm wasmAlloc: guard=github, size=6095, ptr=1107776 +259µs
guard:wasm [guard:github] DEBUG: >>> alloc(4194304) +310µs
guard:wasm [guard:github] DEBUG: <<< alloc returning ptr=5302576 +288µs
guard:wasm wasmAlloc: guard=github, size=4194304, ptr=5302576 +314µs
guard:wasm [guard:github] INFO: >>> label_response called +307µs
guard:wasm [guard:github] INFO:     input_len=6095, output_size=4194304 +299µs
guard:wasm [guard:github] INFO:     input_preview={"capabilities":{},"tool_args":{"order":"desc","perPage":30,"query":"repo:apache/cloudstack is:issue is:open no:label","sort":"created"},"tool_name":"search_issues","tool_result":{"content":[{"text":"{\"total_count\":1,\"incomplete_results\":false,\"items\":[{\"id\":5459339381,\"number\":14172,\"state\":\"open\",\"locked\":false,\"title\":\"UI extremely slow when db.ha.enabled=true after MySQL source failure (4.22.1.0)\",\"body\":\"### problem\\n\\nWith Database High Availability enabled (db.ha. +291µs
guard:wasm [guard:github] INFO:     tool_name=search_issues +460µs
guard:wasm [guard:github] DEBUG: extract_mcp_response: top-level keys=["content"] +274µs
guard:wasm [guard:github] DEBUG: extract_mcp_response: found content array with 1 items +276µs
guard:wasm [guard:github] DEBUG: extract_mcp_response: found text field, len=5548 +280µs
guard:wasm [guard:github] DEBUG: extract_mcp_response: parsed content[0].text as JSON +389µs
guard:wasm [guard:github] DEBUG: Checking repo visibility for apache/cloudstack +258µs
guard:wasm [guard:github] INFO: >>> call_backend: tool=search_repositories +284µs
guard:wasm [guard:github] DEBUG:     args={"perPage":10,"query":"repo:apache/cloudstack"} +261µs
guard:wasm WASM guard calling backend: tool=search_repositories +273µs
server:unified [DIFC] Guard calling backend github tool search_repositories for metadata +331ms
server:unified executeBackendToolCall: serverID=github, toolName=search_repositories +249µs
launcher:launcher Checking session pool: serverID=github, sessionID=Tv6WyTHjYrHZriLhiq8sXxodcuFX5wmWLrBaQYDwZWk0P1iynpZT4ydr9 +332ms
launcher:pool Reusing connection: backend=github, session=Tv6WyTHjYrHZriLhiq8sXxodcuFX5wmWLrBaQYDwZWk0P1iynpZT4ydr9, requests=13 +331ms
mcp:connection Dispatching SDK method: tools/call, serverID=github +331ms
mcp:connection callTool: parsed name=search_repositories, argumentCount=2 +307µs
guard:wasm Backend call failed: calling "tools/call": unknown tool "search_repositories" +5ms
guard:wasm [guard:github] ERROR: <<< call_backend FAILED with code -1 +238µs
guard:wasm [guard:github] WARN: Backend call search_repositories failed with code -1 +486µs
guard:wasm [guard:github] DEBUG: Checking repo visibility for apache/cloudstack +487µs
guard:wasm [guard:github] INFO: >>> call_backend: tool=search_repositories +282µs
guard:wasm [guard:github] DEBUG:     args={"perPage":10,"query":"repo:apache/cloudstack"} +241µs
guard:wasm WASM guard calling backend: tool=search_repositories +234µs
server:unified [DIFC] Guard calling backend github tool search_repositories for metadata +6ms
server:unified executeBackendToolCall: serverID=github, toolName=search_repositories +328µs
launcher:launcher Checking session pool: serverID=github, sessionID=Tv6WyTHjYrHZriLhiq8sXxodcuFX5wmWLrBaQYDwZWk0P1iynpZT4ydr9 +7ms
launcher:pool Reusing connection: backend=github, session=Tv6WyTHjYrHZriLhiq8sXxodcuFX5wmWLrBaQYDwZWk0P1iynpZT4ydr9, requests=14 +7ms
mcp:connection Dispatching SDK method: tools/call, serverID=github +6ms
mcp:connection callTool: parsed name=search_repositories, argumentCount=2 +287µs
guard:wasm Backend call failed: calling "tools/call": unknown tool "search_repositories" +5ms
guard:wasm [guard:github] ERROR: <<< call_backend FAILED with code -1 +229µs
guard:wasm [guard:github] WARN: Backend call search_repositories failed with code -1 +534µs
guard:wasm [guard:github] DEBUG: [integrity] issue:apache/cloudstack#14172: author_association floor below writer (rank=2), checking collaborator permission for nabassa1323 +599µs
guard:wasm [guard:github] DEBUG: get_collaborator_permission: cache hit for apache/cloudstack user nabassa1323 → permission=Some("read") +289µs
guard:wasm [guard:github] DEBUG: [integrity] issue:apache/cloudstack#14172: collaborator permission=Some("read") → merged rank=2 +253µs
guard:wasm [guard:github] DEBUG: Checking repo visibility for apache/cloudstack +297µs
guard:wasm [guard:github] INFO: >>> call_backend: tool=search_repositories +309µs
guard:wasm [guard:github] DEBUG:     args={"perPage":10,"query":"repo:apache/cloudstack"} +231µs
guard:wasm WASM guard calling backend: tool=search_repositories +242µs
server:unified [DIFC] Guard calling backend github tool search_repositories for metadata +7ms
server:unified executeBackendToolCall: serverID=github, toolName=search_repositories +333µs
launcher:launcher Checking session pool: serverID=github, sessionID=Tv6WyTHjYrHZriLhiq8sXxodcuFX5wmWLrBaQYDwZWk0P1iynpZT4ydr9 +8ms
launcher:pool Reusing connection: backend=github, session=Tv6WyTHjYrHZriLhiq8sXxodcuFX5wmWLrBaQYDwZWk0P1iynpZT4ydr9, requests=15 +8ms
mcp:connection Dispatching SDK method: tools/call, serverID=github +8ms
mcp:connection callTool: parsed name=search_repositories, argumentCount=2 +251µs
guard:wasm Backend call failed: calling "tools/call": unknown tool "search_repositories" +5ms
guard:wasm [guard:github] ERROR: <<< call_backend FAILED with code -1 +280µs
guard:wasm [guard:github] WARN: Backend call search_repositories failed with code -1 +465µs
guard:wasm [guard:github] INFO:     using path-based labeling with 1 paths +488µs
guard:wasm [guard:github] INFO:     path_output_preview={"labeled_paths":[{"path":"/items/0","labels":{"description":"issue:apache/cloudstack#14172","secrecy":[],"integrity":["none:all","unapproved:all"]}}],"default_labels":{"description":"issue","secrecy":[],"integrity":["none:all"]},"items_path":"/items"} +247µs
guard:wasm [guard:github] INFO: <<< label_response returning 252 bytes (path-based) +332µs
guard:wasm [guard:github] DEBUG: >>> dealloc(ptr=5302576, size=4194304) +300µs
guard:wasm [guard:github] DEBUG: <<< dealloc complete +250µs
guard:wasm [guard:github] DEBUG: >>> dealloc(ptr=1107776, size=6095) +251µs
guard:wasm [guard:github] DEBUG: <<< dealloc complete +263µs
guard:wasm parsePathLabeledResponse: responseSize=252 +270µs
difc:path_labels ParsePathLabels: parsing 252 bytes +3.4s
difc:path_labels ParsePathLabels: parsed 1 labeled paths, hasDefaultLabels=true +259µs
guard:wasm parsePathLabeledResponse: parsed 1 path labels +881µs
difc:path_labels unwrapMCPResponse: detected MCP-wrapped response, unwrapping inner JSON +611µs
difc:path_labels NewPathLabeledData: isMCPWrapped=true, labeledPaths=1 +273µs
difc:path_labels getItems: navigating to items at path=/items +236µs
difc:path_labels getItems: found 1 items at path=/items +250µs
difc:path_labels resolve: resolving 1 items with 1 explicit path labels +285µs
guard:wasm parsePathLabeledResponse: converted to CollectionLabeledData successfully +1ms
difc:evaluator Filtering collection: operation=read, totalItems=1 +359ms
difc:evaluator Evaluating access: operation=read, resource=issue:apache/cloudstack#14172 +266µs
difc:evaluator Evaluating read access (mode=filter): resource=issue:apache/cloudstack#14172, agentSecrecy=[], agentIntegrity=[none:all] +284µs
difc:evaluator Read access allowed: resource=issue:apache/cloudstack#14172 +268µs
difc:evaluator Collection filtered: accessible=1, filtered=0, total=1 +281µs
server:unified [DIFC] Filtered collection: 1/1 items accessible +12ms
difc:pipeline_decisions ShouldBlockFilteredResponse: mode=filter, filteredCount=0, block=false +35ms
difc:resource FilteredCollectionLabeledData.ToResult: returning 1 accessible items (filter_reason=DIFC policy) +3.4s
difc:pipeline_decisions ShouldAccumulateReadLabels: operation=read, mode=filter, accumulate=false +614µs
mcp:tool_result Converting backend result to CallToolResult +394ms
mcp:tool_result Backend returned array, wrapping as text +309µs
server:response_writer Writing response body: 5913 bytes +399ms
server:response_writer Retrieving captured body: 5913 bytes +412µs
server:response_writer Retrieving captured status code: 200 +320µs
server:sdk-frontend <<< SDK Response [routed:github] status=200 duration=400.808249ms (non-JSON or stream) +400ms
server:sdk-frontend     Raw response (truncated): event: message
data: {"jsonrpc":"2.0","id":5,"result":{"content":[{"type":"text","text":"[{\"author_association\":\"NONE\",\"body\":\"### problem\\n\\nWith Database High Availability enabled (db.ha.enabled=true), after the MySQL source becomes unreachable the Management Server UI becomes extremely slow / barely usable.\\n\\nFailover to the configured replica seems to happen via the MySQL connector, but each (or almost each) request appears to retry the dead source first, causing severe UI latenc... +334µs
launcher:launcher Retrieved server IDs: count=2, ids=[github safeoutputs] +1.2s
launcher:health Running health check: checking 2 servers +30.0s
tracing:provider Handling request: span=gateway.request, method=POST, path=/mcp/github, remoteParent=false +3.4s
tracing:provider Span started: span=gateway.request, traceID=00000000000000000000000000000000 +442µs
server:auth Authenticating request: method=POST, path=/mcp/github, remote=172.30.0.20:55548 +3.4s
auth:header Extracting session ID from auth header: sanitized=Tv6W... +3.4s
auth:header Using plain API key as session ID +241µs
server:sdk-frontend >>> SDK Request [routed:github] session=Tv6WyTHj... mcp-session=2FTDOBON... method=POST path=/mcp/github +3.0s
server:sdk-frontend     JSON-RPC Request: method=tools/call id=6 +318µs
tracing:provider Handling request: span=gateway.request, method=POST, path=/mcp/github, remoteParent=false +1ms
server:response_writer Creating new response writer with default status 200 +3.0s
tracing:provider Span started: span=gateway.request, traceID=00000000000000000000000000000000 +614µs
server:auth Authenticating request: method=POST, path=/mcp/github, remote=172.30.0.20:37192 +2ms
auth:header Extracting session ID from auth header: sanitized=Tv6W... +2ms
auth:header Using plain API key as session ID +581µs
server:sdk-frontend >>> SDK Request [routed:github] session=Tv6WyTHj... mcp-session=2FTDOBON... method=POST path=/mcp/github +2ms
2026/10/01 13:37:51 [ROUTED] Calling unified handler for: issue_read
server:session Extracted session ID from context: Tv6WyTHj... +3.4s
server:sdk-frontend     JSON-RPC Request: method=tools/call id=7 +836µs
mcp:tool_result Parsing arguments for tool: issue_read +3.0s
mcp:tool_result Parsed 4 arguments +313µs
server:session Extracted session ID from context: Tv6WyTHj... +1ms
server:response_writer Creating new response writer with default status 200 +4ms
2026/10/01 13:37:51 [ROUTED] Calling unified handler for: search_issues
server:session Extracted session ID from context: Tv6WyTHj... +1ms
server:session Extracted session ID from context: Tv6WyTHj... +71µs
server:session Checking session: sessionID=Tv6WyTHj... +274µs
server:session Session validated for ID: Tv6WyTHj... +374µs
server:unified callBackendTool: serverID=github, toolName=issue_read, args=map[issue_number:14172 method:get_comments owner:apache repo:cloudstack] +3.0s
guard:registry Getting guard for serverID=github +3.4s
mcp:tool_result Parsing arguments for tool: search_issues +3ms
mcp:tool_result Parsed 2 arguments +311µs
guard:registry Found guard for serverID=github, guardName=github +1ms
server:session Extracted session ID from context: Tv6WyTHj... +2ms
server:guard_init Resolving guard policy: serverID=github +3.4s
config:guard_policy ParseServerGuardPolicy: serverID=github, keyCount=1 +3.4s
config:guard_policy ParsePolicyMap: hasAllowOnly=true, hasWriteSink=false, keyCount=1 +278µs
server:session Extracted session ID from context: Tv6WyTHj... +1ms
server:session Extracted session ID from context: Tv6WyTHj... +570µs
server:session Checking session: sessionID=Tv6WyTHj... +238µs
server:session Session validated for ID: Tv6WyTHj... +316µs
config:guard_policy Parsing guard policy JSON: len=112 +1ms
config:guard_policy UnmarshalJSON: parsing guard policy, keys=1 +318µs
config:guard_policy UnmarshalJSON: parsing allow-only policy, fields=5 +338µs
config:guard_policy UnmarshalJSON: allow-only policy parsed, repos=string, minIntegrity=none +333µs
server:unified callBackendTool: serverID=github, toolName=search_issues, args=map[perPage:10 query:repo:apache/cloudstack is:issue db.ha.enabled MySQL failover replica] +5ms
guard:registry Getting guard for serverID=github +4ms
guard:registry Found guard for serverID=github, guardName=github +325µs
server:session Extracted session ID from context: Tv6WyTHj... +2ms
server:guard_init Resolving guard policy: serverID=github +4ms
config:guard_policy UnmarshalJSON: guard policy type is allow-only +1ms
config:guard_policy ValidateGuardPolicy: delegating to allow-only normalization +271µs
config:guard_policy Normalizing guard policy: integrity=none, reposType=string +242µs
config:guard_policy Guard policy normalized: scopeKind=all, integrity=none +354µs
server:guard_init Using server-level guard policy: serverID=github +1ms
config:guard_policy ParseServerGuardPolicy: serverID=github, keyCount=1 +566µs
config:guard_policy ParsePolicyMap: hasAllowOnly=true, hasWriteSink=false, keyCount=1 +239µs
config:guard_policy Parsing guard policy JSON: len=112 +265µs
config:guard_policy UnmarshalJSON: parsing guard policy, keys=1 +286µs
config:guard_policy UnmarshalJSON: parsing allow-only policy, fields=5 +278µs
guard:wasm BuildLabelAgentPayload: trustedBots=0, trustedUsers=0 +3.0s
server:guard_init Guard session cache hit: server=github, session=Tv6WyTHjYrHZriLhiq8sXxodcuFX5wmWLrBaQYDwZWk0P1iynpZT4ydr9, mode=filter +1ms
guard:context Retrieved agent ID from context: Tv6WyTHjYrHZriLhiq8sXxodcuFX5wmWLrBaQYDwZWk0P1iynpZT4ydr9 +3.1s
difc:agent GetOrCreate called for agentID=Tv6WyTHjYrHZriLhiq8sXxodcuFX5wmWLrBaQYDwZWk0P1iynpZT4ydr9 +3.4s
config:guard_policy UnmarshalJSON: allow-only policy parsed, repos=string, minIntegrity=none +4ms
config:guard_policy UnmarshalJSON: guard policy type is allow-only +279µs
config:guard_policy ValidateGuardPolicy: delegating to allow-only normalization +282µs
config:guard_policy Normalizing guard policy: integrity=none, reposType=string +276µs
config:guard_policy Guard policy normalized: scopeKind=all, integrity=none +316µs
server:unified [DIFC] Agent Tv6WyTHjYrHZriLhiq8sXxodcuFX5wmWLrBaQYDwZWk0P1iynpZT4ydr9 | Secrecy: [] | Integrity: [none:all] +9ms
guard:context Setting request state in context +2ms
guard:wasm LabelResource called: toolName=issue_read, args=map[issue_number:14172 method:get_comments owner:apache repo:cloudstack] +6ms
guard:wasm label_resource input JSON (140 bytes): {"capabilities":{},"tool_args":{"issue_number":14172,"method":"get_comments","owner":"apache","repo":"cloudstack"},"tool_name":"issue_read"} +305µs
guard:wasm tryCallWasmFunction: guard=github, func=<unknown>, inputSize=140, outputSize=4194304 +365µs
server:guard_init Using server-level guard policy: serverID=github +6ms
guard:wasm BuildLabelAgentPayload: trustedBots=0, trustedUsers=0 +465µs
server:guard_init Guard session cache hit: server=github, session=Tv6WyTHjYrHZriLhiq8sXxodcuFX5wmWLrBaQYDwZWk0P1iynpZT4ydr9, mode=filter +507µs
guard:context Retrieved agent ID from context: Tv6WyTHjYrHZriLhiq8sXxodcuFX5wmWLrBaQYDwZWk0P1iynpZT4ydr9 +1ms
difc:agent GetOrCreate called for agentID=Tv6WyTHjYrHZriLhiq8sXxodcuFX5wmWLrBaQYDwZWk0P1iynpZT4ydr9 +4ms
guard:wasm Using guard allocator path: guard=github +1ms
guard:wasm [guard:github] DEBUG: >>> alloc(140) +272µs
guard:wasm [guard:github] DEBUG: <<< alloc returning ptr=1142960 +272µs
guard:wasm wasmAlloc: guard=github, size=140, ptr=1142960 +296µs
guard:wasm [guard:github] DEBUG: >>> alloc(4194304) +299µs
server:unified [DIFC] Agent Tv6WyTHjYrHZriLhiq8sXxodcuFX5wmWLrBaQYDwZWk0P1iynpZT4ydr9 | Secrecy: [] | Integrity: [none:all] +4ms
guard:context Setting request state in context +2ms
guard:wasm LabelResource called: toolName=search_issues, args=map[perPage:10 query:repo:apache/cloudstack is:issue db.ha.enabled MySQL failover replica] +894µs
guard:wasm [guard:github] DEBUG: <<< alloc returning ptr=5302576 +607µs
guard:wasm wasmAlloc: guard=github, size=4194304, ptr=5302576 +271µs
guard:wasm [guard:github] INFO: >>> label_resource called +265µs
guard:wasm [guard:github] INFO:     input_len=140, output_size=4194304 +264µs
guard:wasm [guard:github] INFO:     tool_name=issue_read +256µs
guard:wasm [guard:github] DEBUG: Checking repo visibility for apache/cloudstack +255µs
guard:wasm [guard:github] INFO: >>> call_backend: tool=search_repositories +277µs
guard:wasm [guard:github] DEBUG:     args={"perPage":10,"query":"repo:apache/cloudstack"} +233µs
guard:wasm WASM guard calling backend: tool=search_repositories +284µs
server:unified [DIFC] Guard calling backend github tool search_repositories for metadata +3ms
server:unified executeBackendToolCall: serverID=github, toolName=search_repositories +255µs
launcher:launcher Checking session pool: serverID=github, sessionID=Tv6WyTHjYrHZriLhiq8sXxodcuFX5wmWLrBaQYDwZWk0P1iynpZT4ydr9 +1.9s
launcher:pool Reusing connection: backend=github, session=Tv6WyTHjYrHZriLhiq8sXxodcuFX5wmWLrBaQYDwZWk0P1iynpZT4ydr9, requests=16 +3.1s
mcp:connection Dispatching SDK method: tools/call, serverID=github +3.1s
mcp:connection callTool: parsed name=search_repositories, argumentCount=2 +412µs
guard:wasm Backend call failed: calling "tools/call": unknown tool "search_repositories" +6ms
guard:wasm [guard:github] ERROR: <<< call_backend FAILED with code -1 +280µs
guard:wasm [guard:github] WARN: Backend call search_repositories failed with code -1 +511µs
guard:wasm [guard:github] DEBUG: Checking repo visibility for apache/cloudstack +500µs
guard:wasm [guard:github] INFO: >>> call_backend: tool=search_repositories +251µs
guard:wasm [guard:github] DEBUG:     args={"perPage":10,"query":"repo:apache/cloudstack"} +265µs
guard:wasm WASM guard calling backend: tool=search_repositories +264µs
server:unified [DIFC] Guard calling backend github tool search_repositories for metadata +8ms
server:unified executeBackendToolCall: serverID=github, toolName=search_repositories +253µs
launcher:launcher Checking session pool: serverID=github, sessionID=Tv6WyTHjYrHZriLhiq8sXxodcuFX5wmWLrBaQYDwZWk0P1iynpZT4ydr9 +8ms
launcher:pool Reusing connection: backend=github, session=Tv6WyTHjYrHZriLhiq8sXxodcuFX5wmWLrBaQYDwZWk0P1iynpZT4ydr9, requests=17 +8ms
mcp:connection Dispatching SDK method: tools/call, serverID=github +7ms
mcp:connection callTool: parsed name=search_repositories, argumentCount=2 +325µs
guard:wasm Backend call failed: calling "tools/call": unknown tool "search_repositories" +5ms
guard:wasm [guard:github] ERROR: <<< call_backend FAILED with code -1 +278µs
guard:wasm [guard:github] WARN: Backend call search_repositories failed with code -1 +546µs
guard:wasm [guard:github] INFO: >>> call_backend: tool=issue_read +714µs
guard:wasm [guard:github] DEBUG:     args={"issue_number":"14172","method":"get","owner":"apache","repo":"cloudstack"} +322µs
guard:wasm WASM guard calling backend: tool=issue_read +292µs
server:unified [DIFC] Guard calling backend github tool issue_read for metadata +7ms
server:unified executeBackendToolCall: serverID=github, toolName=issue_read +243µs
launcher:launcher Checking session pool: serverID=github, sessionID=Tv6WyTHjYrHZriLhiq8sXxodcuFX5wmWLrBaQYDwZWk0P1iynpZT4ydr9 +7ms
launcher:pool Reusing connection: backend=github, session=Tv6WyTHjYrHZriLhiq8sXxodcuFX5wmWLrBaQYDwZWk0P1iynpZT4ydr9, requests=18 +7ms
mcp:connection Dispatching SDK method: tools/call, serverID=github +8ms
mcp:connection callTool: parsed name=issue_read, argumentCount=4 +591µs
guard:wasm [guard:github] INFO: <<< call_backend returned 2949 bytes +262ms
guard:wasm [guard:github] DEBUG: extract_mcp_response: top-level keys=["content"] +413µs
guard:wasm [guard:github] DEBUG: extract_mcp_response: found content array with 1 items +267µs
guard:wasm [guard:github] DEBUG: extract_mcp_response: found text field, len=2790 +251µs
guard:wasm [guard:github] DEBUG: extract_mcp_response: parsed content[0].text as JSON +310µs
guard:wasm [guard:github] DEBUG: [integrity] issue_read:apache/cloudstack#14172: author_association floor below writer (rank=2), checking collaborator permission for nabassa1323 +273µs
guard:wasm [guard:github] DEBUG: get_collaborator_permission: cache hit for apache/cloudstack user nabassa1323 → permission=Some("read") +323µs
guard:wasm [guard:github] DEBUG: [integrity] issue_read:apache/cloudstack#14172: collaborator permission=Some("read") → merged rank=2 +300µs
guard:wasm [guard:github] INFO:     desc=issue:apache/cloudstack#14172 +310µs
guard:wasm [guard:github] INFO:     secrecy=[] (public) +226µs
guard:wasm [guard:github] INFO:     integrity=["none:all", "unapproved:all"] +263µs
guard:wasm [guard:github] INFO:     operation=read +276µs
guard:wasm [guard:github] INFO: <<< label_resource returning 134 bytes +250µs
guard:wasm [guard:github] DEBUG: >>> dealloc(ptr=5302576, size=4194304) +285µs
guard:wasm [guard:github] DEBUG: <<< dealloc complete +246µs
guard:wasm [guard:github] DEBUG: >>> dealloc(ptr=1142960, size=140) +260µs
guard:wasm [guard:github] DEBUG: <<< dealloc complete +327µs
difc:labels Creating label with 0 initial tags: [] +3.7s
guard:wasm label_resource input JSON (153 bytes): {"capabilities":{},"tool_args":{"perPage":10,"query":"repo:apache/cloudstack is:issue db.ha.enabled MySQL failover replica"},"tool_name":"search_issues"} +420µs
difc:labels Creating label with 2 initial tags: [none:all unapproved:all] +261µs
guard:wasm tryCallWasmFunction: guard=github, func=<unknown>, inputSize=153, outputSize=4194304 +460µs
guard:wasm Using guard allocator path: guard=github +258µs
guard:wasm [guard:github] DEBUG: >>> alloc(153) +271µs
guard:wasm [guard:github] DEBUG: <<< alloc returning ptr=1142960 +285µs
guard:wasm wasmAlloc: guard=github, size=153, ptr=1142960 +240µs
guard:wasm Parsed resource response: description="issue:apache/cloudstack#14172", operation=read +217µs
server:unified [DIFC] Resource: issue:apache/cloudstack#14172 | Operation: read | Secrecy: [] | Integrity: [none:all unapproved:all] +269ms
difc:pipeline_decisions ShouldBypassCoarseDeny: operation=read, bypass=true +3.3s
difc:evaluator Evaluating access: operation=read, resource=issue:apache/cloudstack#14172 +3.3s
difc:evaluator Evaluating read access (mode=filter): resource=issue:apache/cloudstack#14172, agentSecrecy=[], agentIntegrity=[none:all] +325µs
guard:wasm [guard:github] DEBUG: >>> alloc(4194304) +1ms
guard:wasm [guard:github] DEBUG: <<< alloc returning ptr=5302576 +302µs
guard:wasm wasmAlloc: guard=github, size=4194304, ptr=5302576 +303µs
guard:wasm [guard:github] INFO: >>> label_resource called +267µs
difc:evaluator Read access allowed: resource=issue:apache/cloudstack#14172 +1ms
server:unified [DIFC] Access ALLOWED for agent Tv6WyTHjYrHZriLhiq8sXxodcuFX5wmWLrBaQYDwZWk0P1iynpZT4ydr9 to issue:apache/cloudstack#14172 +2ms
server:unified executeBackendToolCall: serverID=github, toolName=issue_read +249µs
guard:wasm [guard:github] INFO:     input_len=153, output_size=4194304 +1ms
guard:wasm [guard:github] INFO:     tool_name=search_issues +297µs
guard:wasm [guard:github] DEBUG: Checking repo visibility for apache/cloudstack +299µs
guard:wasm [guard:github] INFO: >>> call_backend: tool=search_repositories +333µs
guard:wasm [guard:github] DEBUG:     args={"perPage":10,"query":"repo:apache/cloudstack"} +470µs
launcher:launcher Checking session pool: serverID=github, sessionID=Tv6WyTHjYrHZriLhiq8sXxodcuFX5wmWLrBaQYDwZWk0P1iynpZT4ydr9 +273ms
launcher:pool Reusing connection: backend=github, session=Tv6WyTHjYrHZriLhiq8sXxodcuFX5wmWLrBaQYDwZWk0P1iynpZT4ydr9, requests=19 +273ms
guard:wasm WASM guard calling backend: tool=search_repositories +1ms
server:unified [DIFC] Guard calling backend github tool search_repositories for metadata +3ms
server:unified executeBackendToolCall: serverID=github, toolName=search_repositories +323µs
mcp:connection Dispatching SDK method: tools/call, serverID=github +271ms
mcp:connection callTool: parsed name=issue_read, argumentCount=4 +460µs
launcher:launcher Checking session pool: serverID=github, sessionID=Tv6WyTHjYrHZriLhiq8sXxodcuFX5wmWLrBaQYDwZWk0P1iynpZT4ydr9 +3ms
launcher:pool Reusing connection: backend=github, session=Tv6WyTHjYrHZriLhiq8sXxodcuFX5wmWLrBaQYDwZWk0P1iynpZT4ydr9, requests=20 +2ms
mcp:connection Dispatching SDK method: tools/call, serverID=github +2ms
mcp:connection callTool: parsed name=search_repositories, argumentCount=2 +249µs
guard:wasm Backend call failed: calling "tools/call": unknown tool "search_repositories" +6ms
guard:wasm [guard:github] ERROR: <<< call_backend FAILED with code -1 +264µs
guard:wasm [guard:github] WARN: Backend call search_repositories failed with code -1 +486µs
guard:wasm [guard:github] DEBUG: Checking repo visibility for apache/cloudstack +503µs
guard:wasm [guard:github] INFO: >>> call_backend: tool=search_repositories +256µs
guard:wasm [guard:github] DEBUG:     args={"perPage":10,"query":"repo:apache/cloudstack"} +233µs
guard:wasm WASM guard calling backend: tool=search_repositories +258µs
server:unified [DIFC] Guard calling backend github tool search_repositories for metadata +7ms
server:unified executeBackendToolCall: serverID=github, toolName=search_repositories +238µs
launcher:launcher Checking session pool: serverID=github, sessionID=Tv6WyTHjYrHZriLhiq8sXxodcuFX5wmWLrBaQYDwZWk0P1iynpZT4ydr9 +7ms
launcher:pool Reusing connection: backend=github, session=Tv6WyTHjYrHZriLhiq8sXxodcuFX5wmWLrBaQYDwZWk0P1iynpZT4ydr9, requests=21 +7ms
mcp:connection Dispatching SDK method: tools/call, serverID=github +6ms
mcp:connection callTool: parsed name=search_repositories, argumentCount=2 +253µs
guard:wasm Backend call failed: calling "tools/call": unknown tool "search_repositories" +5ms
guard:wasm [guard:github] ERROR: <<< call_backend FAILED with code -1 +329µs
guard:wasm [guard:github] WARN: Backend call search_repositories failed with code -1 +506µs
guard:wasm [guard:github] INFO:     desc=search_issues:apache/cloudstack +528µs
guard:wasm [guard:github] INFO:     secrecy=[] (public) +253µs
guard:wasm [guard:github] INFO:     integrity=["none:all"] +275µs
guard:wasm [guard:github] INFO:     operation=read +261µs
guard:wasm [guard:github] INFO: <<< label_resource returning 119 bytes +236µs
guard:wasm [guard:github] DEBUG: >>> dealloc(ptr=5302576, size=4194304) +276µs
guard:wasm [guard:github] DEBUG: <<< dealloc complete +274µs
guard:wasm [guard:github] DEBUG: >>> dealloc(ptr=1142960, size=153) +271µs
guard:wasm [guard:github] DEBUG: <<< dealloc complete +264µs
difc:labels Creating label with 0 initial tags: [] +25ms
difc:labels Creating label with 1 initial tags: [none:all] +293µs
guard:wasm Parsed resource response: description="search_issues:apache/cloudstack", operation=read +868µs
server:unified [DIFC] Resource: search_issues:apache/cloudstack | Operation: read | Secrecy: [] | Integrity: [none:all] +9ms
difc:pipeline_decisions ShouldBypassCoarseDeny: operation=read, bypass=true +23ms
difc:evaluator Evaluating access: operation=read, resource=search_issues:apache/cloudstack +21ms
difc:evaluator Evaluating read access (mode=filter): resource=search_issues:apache/cloudstack, agentSecrecy=[], agentIntegrity=[none:all] +245µs
difc:evaluator Read access allowed: resource=search_issues:apache/cloudstack +240µs
server:unified [DIFC] Access ALLOWED for agent Tv6WyTHjYrHZriLhiq8sXxodcuFX5wmWLrBaQYDwZWk0P1iynpZT4ydr9 to search_issues:apache/cloudstack +1ms
server:unified executeBackendToolCall: serverID=github, toolName=search_issues +248µs
launcher:launcher Checking session pool: serverID=github, sessionID=Tv6WyTHjYrHZriLhiq8sXxodcuFX5wmWLrBaQYDwZWk0P1iynpZT4ydr9 +10ms
launcher:pool Reusing connection: backend=github, session=Tv6WyTHjYrHZriLhiq8sXxodcuFX5wmWLrBaQYDwZWk0P1iynpZT4ydr9, requests=22 +10ms
mcp:connection Dispatching SDK method: tools/call, serverID=github +10ms
mcp:connection callTool: parsed name=search_issues, argumentCount=2 +251µs
difc:pipeline_decisions ShouldCallLabelResponse: operation=read, mode=filter, result=true +175ms
guard:wasm LabelResponse called: toolName=issue_read +175ms
guard:context Retrieved request state from context +488ms
guard:wasm label_response input JSON (994 bytes): {"capabilities":{},"tool_args":{"issue_number":14172,"method":"get_comments","owner":"apache","repo":"cloudstack"},"tool_name":"issue_read","tool_result":{"content":[{"text":"[{\"id\":5927977636,\"body\":\"@nabassa1323 I had claudecode create a PR; #14279. Can you see if this meets your requirements and test it?\\n\\nI think this was never implemented seriously and I think we would need to classifyt it as a new feature, though some claims had been made.\",\"html_url\":\"https://github.com/apache/cloudstack/issues/14172#issuecomment-5927977636\",\"user\":{\"login\":\"DaanHoogland\",\"id\":2486961,\"profile_url\":\"https://github.com/DaanHoogland\",\"avatar_url\":\"https://avatars.githubusercontent.com/u/2486961?v=4\"},\"author_association\":\"CONTRIBUTOR\",\"reactions\":{\"total_count\":0,\"+1\":0,\"-1\":0,\"laugh\":0,\"confused\":0,\"heart\":0,\"hooray\":0,\"rocket\":0,\"eyes\":0},\"created_at\":\"2026-10-01T08:47:58Z\",\"updated_at\":\"2026-10-01T08:47:58Z\"}]","type":"text"}]}} +603µs
guard:wasm tryCallWasmFunction: guard=github, func=<unknown>, inputSize=994, outputSize=4194304 +327µs
guard:wasm Using guard allocator path: guard=github +286µs
guard:wasm [guard:github] DEBUG: >>> alloc(994) +275µs
guard:wasm [guard:github] DEBUG: <<< alloc returning ptr=1107776 +285µs
guard:wasm wasmAlloc: guard=github, size=994, ptr=1107776 +623µs
guard:wasm [guard:github] DEBUG: >>> alloc(4194304) +300µs
guard:wasm [guard:github] DEBUG: <<< alloc returning ptr=5302576 +261µs
guard:wasm wasmAlloc: guard=github, size=4194304, ptr=5302576 +265µs
guard:wasm [guard:github] INFO: >>> label_response called +336µs
guard:wasm [guard:github] INFO:     input_len=994, output_size=4194304 +233µs
guard:wasm [guard:github] INFO:     input_preview={"capabilities":{},"tool_args":{"issue_number":14172,"method":"get_comments","owner":"apache","repo":"cloudstack"},"tool_name":"issue_read","tool_result":{"content":[{"text":"[{\"id\":5927977636,\"body\":\"@nabassa1323 I had claudecode create a PR; #14279. Can you see if this meets your requirements and test it?\\n\\nI think this was never implemented seriously and I think we would need to classifyt it as a new feature, though some claims had been made.\",\"html_url\":\"https://github.com/apache +262µs
guard:wasm [guard:github] INFO:     tool_name=issue_read +572µs
guard:wasm [guard:github] DEBUG: extract_mcp_response: top-level keys=["content"] +262µs
guard:wasm [guard:github] DEBUG: extract_mcp_response: found content array with 1 items +269µs
guard:wasm [guard:github] DEBUG: extract_mcp_response: found text field, len=740 +307µs
guard:wasm [guard:github] DEBUG: extract_mcp_response: parsed content[0].text as JSON +411µs
guard:wasm [guard:github] INFO:     using legacy item-based labeling +532µs
guard:wasm [guard:github] DEBUG: extract_mcp_response: top-level keys=["content"] +393µs
guard:wasm [guard:github] DEBUG: extract_mcp_response: found content array with 1 items +333µs
guard:wasm [guard:github] DEBUG: extract_mcp_response: found text field, len=740 +298µs
guard:wasm [guard:github] DEBUG: extract_mcp_response: parsed content[0].text as JSON +355µs
guard:wasm [guard:github] DEBUG: extract_mcp_response: top-level keys=["content"] +302µs
guard:wasm [guard:github] DEBUG: extract_mcp_response: found content array with 1 items +304µs
guard:wasm [guard:github] DEBUG: extract_mcp_response: found text field, len=740 +336µs
guard:wasm [guard:github] DEBUG: extract_mcp_response: parsed content[0].text as JSON +341µs
guard:wasm [guard:github] INFO:     no fine-grained items, creating fallback single-item label +304µs
guard:wasm [guard:github] DEBUG: Checking repo visibility for apache/cloudstack +322µs
guard:wasm [guard:github] INFO: >>> call_backend: tool=search_repositories +322µs
guard:wasm [guard:github] DEBUG:     args={"perPage":10,"query":"repo:apache/cloudstack"} +274µs
guard:wasm WASM guard calling backend: tool=search_repositories +270µs
server:unified [DIFC] Guard calling backend github tool search_repositories for metadata +185ms
server:unified executeBackendToolCall: serverID=github, toolName=search_repositories +290µs
launcher:launcher Checking session pool: serverID=github, sessionID=Tv6WyTHjYrHZriLhiq8sXxodcuFX5wmWLrBaQYDwZWk0P1iynpZT4ydr9 +185ms
launcher:pool Reusing connection: backend=github, session=Tv6WyTHjYrHZriLhiq8sXxodcuFX5wmWLrBaQYDwZWk0P1iynpZT4ydr9, requests=23 +185ms
mcp:connection Dispatching SDK method: tools/call, serverID=github +185ms
mcp:connection callTool: parsed name=search_repositories, argumentCount=2 +253µs
guard:wasm Backend call failed: calling "tools/call": unknown tool "search_repositories" +6ms
guard:wasm [guard:github] ERROR: <<< call_backend FAILED with code -1 +263µs
guard:wasm [guard:github] WARN: Backend call search_repositories failed with code -1 +446µs
guard:wasm [guard:github] DEBUG: Checking repo visibility for apache/cloudstack +465µs
guard:wasm [guard:github] INFO: >>> call_backend: tool=search_repositories +268µs
guard:wasm [guard:github] DEBUG:     args={"perPage":10,"query":"repo:apache/cloudstack"} +217µs
guard:wasm WASM guard calling backend: tool=search_repositories +287µs
server:unified [DIFC] Guard calling backend github tool search_repositories for metadata +7ms
server:unified executeBackendToolCall: serverID=github, toolName=search_repositories +209µs
launcher:launcher Checking session pool: serverID=github, sessionID=Tv6WyTHjYrHZriLhiq8sXxodcuFX5wmWLrBaQYDwZWk0P1iynpZT4ydr9 +7ms
launcher:pool Reusing connection: backend=github, session=Tv6WyTHjYrHZriLhiq8sXxodcuFX5wmWLrBaQYDwZWk0P1iynpZT4ydr9, requests=24 +7ms
mcp:connection Dispatching SDK method: tools/call, serverID=github +7ms
mcp:connection callTool: parsed name=search_repositories, argumentCount=2 +248µs
guard:wasm Backend call failed: calling "tools/call": unknown tool "search_repositories" +4ms
guard:wasm [guard:github] ERROR: <<< call_backend FAILED with code -1 +423µs
guard:wasm [guard:github] WARN: Backend call search_repositories failed with code -1 +514µs
guard:wasm [guard:github] INFO: >>> call_backend: tool=issue_read +528µs
guard:wasm [guard:github] DEBUG:     args={"issue_number":"14172","method":"get","owner":"apache","repo":"cloudstack"} +245µs
guard:wasm WASM guard calling backend: tool=issue_read +249µs
server:unified [DIFC] Guard calling backend github tool issue_read for metadata +6ms
server:unified executeBackendToolCall: serverID=github, toolName=issue_read +273µs
launcher:launcher Checking session pool: serverID=github, sessionID=Tv6WyTHjYrHZriLhiq8sXxodcuFX5wmWLrBaQYDwZWk0P1iynpZT4ydr9 +7ms
launcher:pool Reusing connection: backend=github, session=Tv6WyTHjYrHZriLhiq8sXxodcuFX5wmWLrBaQYDwZWk0P1iynpZT4ydr9, requests=25 +7ms
mcp:connection Dispatching SDK method: tools/call, serverID=github +7ms
mcp:connection callTool: parsed name=issue_read, argumentCount=4 +260µs
difc:pipeline_decisions ShouldCallLabelResponse: operation=read, mode=filter, result=true +249ms
guard:wasm LabelResponse called: toolName=search_issues +224ms
guard:context Retrieved request state from context +250ms
guard:wasm [guard:github] INFO: <<< call_backend returned 2949 bytes +28ms
guard:wasm [guard:github] DEBUG: extract_mcp_response: top-level keys=["content"] +317µs
guard:wasm [guard:github] DEBUG: extract_mcp_response: found content array with 1 items +240µs
guard:wasm [guard:github] DEBUG: extract_mcp_response: found text field, len=2790 +239µs
guard:wasm [guard:github] DEBUG: extract_mcp_response: parsed content[0].text as JSON +292µs
guard:wasm [guard:github] DEBUG: [integrity] issue_read:apache/cloudstack#14172: author_association floor below writer (rank=2), checking collaborator permission for nabassa1323 +294µs
guard:wasm [guard:github] DEBUG: get_collaborator_permission: cache hit for apache/cloudstack user nabassa1323 → permission=Some("read") +283µs
guard:wasm [guard:github] DEBUG: [integrity] issue_read:apache/cloudstack#14172: collaborator permission=Some("read") → merged rank=2 +274µs
guard:wasm [guard:github] INFO:     fallback labels: secrecy=[], integrity=["none:all", "unapproved:all"] +261µs
guard:wasm [guard:github] INFO:     generated 1 labeled items +265µs
guard:wasm [guard:github] INFO:     output_preview={"items":[{"data":{"content":[{"text":"[{\"id\":5927977636,\"body\":\"@nabassa1323 I had claudecode create a PR; #14279. Can you see if this meets your requirements and test it?\\n\\nI think this was never implemented seriously and I think we would need to classifyt it as a new feature, though some claims had been made.\",\"html_url\":\"https://github.com/apache/cloudstack/issues/14172#issuecomment-5927977636\",\"user\":{\"login\":\"DaanHoogland\",\"id\":2486961,\"profile_url\":\"https://github. +264µs
guard:wasm [guard:github] INFO: <<< label_response returning 972 bytes +247µs
guard:wasm [guard:github] DEBUG: >>> dealloc(ptr=5302576, size=4194304) +299µs
guard:wasm [guard:github] DEBUG: <<< dealloc complete +296µs
guard:wasm [guard:github] DEBUG: >>> dealloc(ptr=1107776, size=994) +280µs
guard:wasm [guard:github] DEBUG: <<< dealloc complete +275µs
guard:wasm parseCollectionLabeledData: itemCount=1 +287µs
guard:wasm label_response input JSON (6083 bytes): {"capabilities":{},"tool_args":{"perPage":10,"query":"repo:apache/cloudstack is:issue db.ha.enabled MySQL failover replica"},"tool_name":"search_issues","tool_result":{"content":[{"text":"{\"total_count\":1,\"incomplete_results\":false,\"items\":[{\"id\":5459339381,\"number\":14172,\"state\":\"open\",\"locked\":false,\"title\":\"UI extremely slow when db.ha.enabled=true after MySQL source failure (4.22.1.0)\",\"body\":\"### problem\\n\\nWith Database High Availability enabled (db.ha.enabled=true), after the MySQL source becomes unreachable the Management Server UI becomes extremely slow / barely usable.\\n\\nFailover to the configured replica seems to happen via the MySQL connector, but each (or almost each) request appears to retry the dead source first, causing severe UI latency.\\n\\nWorkaround that restores normal performance:\\n- disable db.ha.enabled\\n- manually promote the replica (STOP REPLICA / RESET REPLICA ALL / read_only=OFF)\\n- point db.cloud.host / db.usage.host to the promoted DB in db.properties\\n- restart cloudstack-management\\n\\nThis matches the install guide \\\"Failover\\\" procedure better than the client-side db.ha mechanism.\\n\\nNote: docs still say \\\"Tested with MySQL 5.1 and 5.5\\\" and suggest two-way replication.\\nRef: https://docs.cloudstack.apache.org/en/4.22.1.0/adminguide/reliability.html#configuring-database-high-availability\\n\\n### versions\\n\\nCloudStack: 4.22.1.0 (Ubuntu packages, download.cloudstack.org noble)\\nOS: Ubuntu 24.04\\nMySQL: 8.0.46 (async replication source→replica, GTID)\\nHypervisor: VMware\\nTopology: 2 Management Servers (multi-site), reverse proxy in front of UI\\n\\n### The steps to reproduce the bug\\n\\n1. Deploy 2 MS pointing to MySQL source; configure two-way replica (GTID)\\n2. Set in db.properties:\\n   db.ha.enabled=true\\n   db.cloud.replicas=replica-ip\\n   db.usage.replicas=replica-ip\\n3. Restart cloudstack-management on both nodes\\n4. Stop / isolate the MySQL source (simulate site/DB failure)\\n5. Use UI/API through the remaining Management Server\\n\\n### What to do about it?\\n\\nExpected: MS fail over to replica promptly; UI remains usable.\\n\\nActual: UI becomes very slow after source outage (connector retries against unreachable source; defaults secondsBeforeRetrySource/queriesBeforeRetrySource/initialTimeout = 3600/5000/3600).\\n\\nSuggestions:\\n- fix connector failover so replica is used without per-request source retries hanging the UI\\n- and/or document clearly that db.ha.enabled is not recommended for production on MySQL 8.x and that manual promotion (install guide Failover) is the supported path\",\"author_association\":\"NONE\",\"user\":{\"login\":\"nabassa1323\",\"id\":132025448,\"node_id\":\"U_kgDOB96MaA\",\"avatar_url\":\"https://avatars.githubusercontent.com/u/132025448?v=4\",\"html_url\":\"https://github.com/nabassa1323\",\"gravatar_id\":\"\",\"type\":\"User\",\"site_admin\":false,\"url\":\"https://api.github.com/users/nabassa1323\",\"events_url\":\"https://api.github.com/users/nabassa1323/events{/privacy}\",\"following_url\":\"https://api.github.com/users/nabassa1323/following{/other_user}\",\"followers_url\":\"https://api.github.com/users/nabassa1323/followers\",\"gists_url\":\"https://api.github.com/users/nabassa1323/gists{/gist_id}\",\"organizations_url\":\"https://api.github.com/users/nabassa1323/orgs\",\"received_events_url\":\"https://api.github.com/users/nabassa1323/received_events\",\"repos_url\":\"https://api.github.com/users/nabassa1323/repos\",\"starred_url\":\"https://api.github.com/users/nabassa1323/starred{/owner}{/repo}\",\"subscriptions_url\":\"https://api.github.com/users/nabassa1323/subscriptions\"},\"comments\":1,\"created_at\":\"2026-09-15T08:09:11Z\",\"updated_at\":\"2026-10-01T08:48:08Z\",\"url\":\"https://api.github.com/repos/apache/cloudstack/issues/14172\",\"html_url\":\"https://github.com/apache/cloudstack/issues/14172\",\"comments_url\":\"https://api.github.com/repos/apache/cloudstack/issues/14172/comments\",\"events_url\":\"https://api.github.com/repos/apache/cloudstack/issues/14172/events\",\"labels_url\":\"https://api.github.com/repos/apache/cloudstack/issues/14172/labels{/name}\",\"repository_url\":\"https://api.github.com/repos/apache/cloudstack\",\"milestone\":{\"url\":\"https://api.github.com/repos/apache/cloudstack/milestones/46\",\"html_url\":\"https://github.com/apache/cloudstack/milestone/46\",\"labels_url\":\"https://api.github.com/repos/apache/cloudstack/milestones/46/labels\",\"id\":15514689,\"number\":46,\"state\":\"open\",\"title\":\"4.22.2\",\"description\":\"\",\"creator\":{\"login\":\"sureshanaparti\",\"id\":12028987,\"node_id\":\"MDQ6VXNlcjEyMDI4OTg3\",\"avatar_url\":\"https://avatars.githubusercontent.com/u/12028987?v=4\",\"html_url\":\"https://github.com/sureshanaparti\",\"gravatar_id\":\"\",\"type\":\"User\",\"site_admin\":false,\"url\":\"https://api.github.com/users/sureshanaparti\",\"events_url\":\"https://api.github.com/users/sureshanaparti/events{/privacy}\",\"following_url\":\"https://api.github.com/users/sureshanaparti/following{/other_user}\",\"followers_url\":\"https://api.github.com/users/sureshanaparti/followers\",\"gists_url\":\"https://api.github.com/users/sureshanaparti/gists{/gist_id}\",\"organizations_url\":\"https://api.github.com/users/sureshanaparti/orgs\",\"received_events_url\":\"https://api.github.com/users/sureshanaparti/received_events\",\"repos_url\":\"https://api.github.com/users/sureshanaparti/repos\",\"starred_url\":\"https://api.github.com/users/sureshanaparti/starred{/owner}{/repo}\",\"subscriptions_url\":\"https://api.github.com/users/sureshanaparti/subscriptions\"},\"open_issues\":259,\"closed_issues\":117,\"created_at\":\"2026-04-13T07:02:43Z\",\"updated_at\":\"2026-10-01T11:51:28Z\",\"node_id\":\"MI_kwDOAJTq2M4A7LxB\"},\"reactions\":{\"total_count\":0,\"+1\":0,\"-1\":0,\"laugh\":0,\"confused\":0,\"heart\":0,\"hooray\":0,\"rocket\":0,\"eyes\":0,\"url\":\"https://api.github.com/repos/apache/cloudstack/issues/14172/reactions\"},\"node_id\":\"I_kwDOAJTq2M8AAAABRWbodQ\"}]}","type":"text"}]}} +170µs
difc:labels Creating label with 0 initial tags: [] +460ms
difc:labels Creating label with 2 initial tags: [none:all unapproved:all] +285µs
guard:wasm parseCollectionLabeledData: parsed 1 labeled items from 1 input items +667µs
difc:evaluator Filtering collection: operation=read, totalItems=1 +459ms
difc:evaluator Evaluating access: operation=read, resource=issue:apache/cloudstack#14172 +297µs
difc:evaluator Evaluating read access (mode=filter): resource=issue:apache/cloudstack#14172, agentSecrecy=[], agentIntegrity=[none:all] +284µs
guard:wasm tryCallWasmFunction: guard=github, func=<unknown>, inputSize=6083, outputSize=4194304 +1ms
guard:wasm Using guard allocator path: guard=github +250µs
guard:wasm [guard:github] DEBUG: >>> alloc(6083) +254µs
difc:evaluator Read access allowed: resource=issue:apache/cloudstack#14172 +1ms
difc:evaluator Collection filtered: accessible=1, filtered=0, total=1 +263µs
server:unified [DIFC] Filtered collection: 1/1 items accessible +260ms
difc:pipeline_decisions ShouldBlockFilteredResponse: mode=filter, filteredCount=0, block=false +38ms
difc:resource FilteredCollectionLabeledData.ToResult: returning 1 accessible items (filter_reason=DIFC policy) +3.8s
guard:wasm [guard:github] DEBUG: <<< alloc returning ptr=1107776 +1ms
guard:wasm wasmAlloc: guard=github, size=6083, ptr=1107776 +278µs
guard:wasm [guard:github] DEBUG: >>> alloc(4194304) +295µs
difc:pipeline_decisions ShouldAccumulateReadLabels: operation=read, mode=filter, accumulate=false +1ms
mcp:tool_result Converting backend result to CallToolResult +796ms
mcp:tool_result Backend returned array, wrapping as text +272µs
guard:wasm [guard:github] DEBUG: <<< alloc returning ptr=5302576 +1ms
guard:wasm wasmAlloc: guard=github, size=4194304, ptr=5302576 +233µs
server:response_writer Writing response body: 1067 bytes +801ms
server:response_writer Retrieving captured body: 1067 bytes +377µs
server:response_writer Retrieving captured status code: 200 +273µs
guard:wasm [guard:github] INFO: >>> label_response called +1ms
guard:wasm [guard:github] INFO:     input_len=6083, output_size=4194304 +301µs
guard:wasm [guard:github] INFO:     input_preview={"capabilities":{},"tool_args":{"perPage":10,"query":"repo:apache/cloudstack is:issue db.ha.enabled MySQL failover replica"},"tool_name":"search_issues","tool_result":{"content":[{"text":"{\"total_count\":1,\"incomplete_results\":false,\"items\":[{\"id\":5459339381,\"number\":14172,\"state\":\"open\",\"locked\":false,\"title\":\"UI extremely slow when db.ha.enabled=true after MySQL source failure (4.22.1.0)\",\"body\":\"### problem\\n\\nWith Database High Availability enabled (db.ha.enabled=true +603µs
guard:wasm [guard:github] INFO:     tool_name=search_issues +446µs
server:sdk-frontend <<< SDK Response [routed:github] status=200 duration=807.912032ms (non-JSON or stream) +805ms
server:sdk-frontend     Raw response (truncated): event: message
data: {"jsonrpc":"2.0","id":6,"result":{"content":[{"type":"text","text":"[{\"content\":[{\"text\":\"[{\\\"id\\\":5927977636,\\\"body\\\":\\\"@nabassa1323 I had claudecode create a PR; #14279. Can you see if this meets your requirements and test it?\\\\n\\\\nI think this was never implemented seriously and I think we would need to classifyt it as a new feature, though some claims had been made.\\\",\\\"html_url\\\":\\\"https://github.com/apache/cloudstack/issues/14172#issuecomment... +301µs
guard:wasm [guard:github] DEBUG: extract_mcp_response: top-level keys=["content"] +994µs
guard:wasm [guard:github] DEBUG: extract_mcp_response: found content array with 1 items +265µs
guard:wasm [guard:github] DEBUG: extract_mcp_response: found text field, len=5548 +266µs
guard:wasm [guard:github] DEBUG: extract_mcp_response: parsed content[0].text as JSON +408µs
guard:wasm [guard:github] DEBUG: Checking repo visibility for apache/cloudstack +378µs
guard:wasm [guard:github] INFO: >>> call_backend: tool=search_repositories +277µs
guard:wasm [guard:github] DEBUG:     args={"perPage":10,"query":"repo:apache/cloudstack"} +324µs
guard:wasm WASM guard calling backend: tool=search_repositories +321µs
server:unified [DIFC] Guard calling backend github tool search_repositories for metadata +9ms
server:unified executeBackendToolCall: serverID=github, toolName=search_repositories +344µs
launcher:launcher Checking session pool: serverID=github, sessionID=Tv6WyTHjYrHZriLhiq8sXxodcuFX5wmWLrBaQYDwZWk0P1iynpZT4ydr9 +271ms
launcher:pool Reusing connection: backend=github, session=Tv6WyTHjYrHZriLhiq8sXxodcuFX5wmWLrBaQYDwZWk0P1iynpZT4ydr9, requests=26 +271ms
mcp:connection Dispatching SDK method: tools/call, serverID=github +270ms
mcp:connection callTool: parsed name=search_repositories, argumentCount=2 +315µs
guard:wasm Backend call failed: calling "tools/call": unknown tool "search_repositories" +5ms
guard:wasm [guard:github] ERROR: <<< call_backend FAILED with code -1 +254µs
guard:wasm [guard:github] WARN: Backend call search_repositories failed with code -1 +603µs
guard:wasm [guard:github] DEBUG: Checking repo visibility for apache/cloudstack +890µs
guard:wasm [guard:github] INFO: >>> call_backend: tool=search_repositories +431µs
guard:wasm [guard:github] DEBUG:     args={"perPage":10,"query":"repo:apache/cloudstack"} +464µs
guard:wasm WASM guard calling backend: tool=search_repositories +290µs
server:unified [DIFC] Guard calling backend github tool search_repositories for metadata +8ms
server:unified executeBackendToolCall: serverID=github, toolName=search_repositories +309µs
launcher:launcher Checking session pool: serverID=github, sessionID=Tv6WyTHjYrHZriLhiq8sXxodcuFX5wmWLrBaQYDwZWk0P1iynpZT4ydr9 +8ms
launcher:pool Reusing connection: backend=github, session=Tv6WyTHjYrHZriLhiq8sXxodcuFX5wmWLrBaQYDwZWk0P1iynpZT4ydr9, requests=27 +8ms
mcp:connection Dispatching SDK method: tools/call, serverID=github +8ms
mcp:connection callTool: parsed name=search_repositories, argumentCount=2 +262µs
guard:wasm Backend call failed: calling "tools/call": unknown tool "search_repositories" +5ms
guard:wasm [guard:github] ERROR: <<< call_backend FAILED with code -1 +249µs
guard:wasm [guard:github] WARN: Backend call search_repositories failed with code -1 +619µs
guard:wasm [guard:github] DEBUG: [integrity] issue:apache/cloudstack#14172: author_association floor below writer (rank=2), checking collaborator permission for nabassa1323 +504µs
guard:wasm [guard:github] DEBUG: get_collaborator_permission: cache hit for apache/cloudstack user nabassa1323 → permission=Some("read") +277µs
guard:wasm [guard:github] DEBUG: [integrity] issue:apache/cloudstack#14172: collaborator permission=Some("read") → merged rank=2 +261µs
guard:wasm [guard:github] DEBUG: Checking repo visibility for apache/cloudstack +288µs
guard:wasm [guard:github] INFO: >>> call_backend: tool=search_repositories +250µs
guard:wasm [guard:github] DEBUG:     args={"perPage":10,"query":"repo:apache/cloudstack"} +272µs
guard:wasm WASM guard calling backend: tool=search_repositories +287µs
server:unified [DIFC] Guard calling backend github tool search_repositories for metadata +7ms
server:unified executeBackendToolCall: serverID=github, toolName=search_repositories +263µs
launcher:launcher Checking session pool: serverID=github, sessionID=Tv6WyTHjYrHZriLhiq8sXxodcuFX5wmWLrBaQYDwZWk0P1iynpZT4ydr9 +8ms
launcher:pool Reusing connection: backend=github, session=Tv6WyTHjYrHZriLhiq8sXxodcuFX5wmWLrBaQYDwZWk0P1iynpZT4ydr9, requests=28 +8ms
mcp:connection Dispatching SDK method: tools/call, serverID=github +8ms
mcp:connection callTool: parsed name=search_repositories, argumentCount=2 +261µs
guard:wasm Backend call failed: calling "tools/call": unknown tool "search_repositories" +5ms
guard:wasm [guard:github] ERROR: <<< call_backend FAILED with code -1 +350µs
guard:wasm [guard:github] WARN: Backend call search_repositories failed with code -1 +661µs
guard:wasm [guard:github] INFO:     using path-based labeling with 1 paths +661µs
guard:wasm [guard:github] INFO:     path_output_preview={"labeled_paths":[{"path":"/items/0","labels":{"description":"issue:apache/cloudstack#14172","secrecy":[],"integrity":["none:all","unapproved:all"]}}],"default_labels":{"description":"issue","secrecy":[],"integrity":["none:all"]},"items_path":"/items"} +316µs
guard:wasm [guard:github] INFO: <<< label_response returning 252 bytes (path-based) +302µs
guard:wasm [guard:github] DEBUG: >>> dealloc(ptr=5302576, size=4194304) +305µs
guard:wasm [guard:github] DEBUG: <<< dealloc complete +230µs
guard:wasm [guard:github] DEBUG: >>> dealloc(ptr=1107776, size=6083) +354µs
guard:wasm [guard:github] DEBUG: <<< dealloc complete +289µs
guard:wasm parsePathLabeledResponse: responseSize=252 +296µs
difc:path_labels ParsePathLabels: parsing 252 bytes +3.9s
difc:path_labels ParsePathLabels: parsed 1 labeled paths, hasDefaultLabels=true +273µs
guard:wasm parsePathLabeledResponse: parsed 1 path labels +794µs
difc:path_labels unwrapMCPResponse: detected MCP-wrapped response, unwrapping inner JSON +573µs
difc:path_labels NewPathLabeledData: isMCPWrapped=true, labeledPaths=1 +241µs
difc:path_labels getItems: navigating to items at path=/items +255µs
difc:path_labels getItems: found 1 items at path=/items +249µs
difc:path_labels resolve: resolving 1 items with 1 explicit path labels +245µs
guard:wasm parsePathLabeledResponse: converted to CollectionLabeledData successfully +1ms
difc:evaluator Filtering collection: operation=read, totalItems=1 +38ms
difc:evaluator Evaluating access: operation=read, resource=issue:apache/cloudstack#14172 +252µs
difc:evaluator Evaluating read access (mode=filter): resource=issue:apache/cloudstack#14172, agentSecrecy=[], agentIntegrity=[none:all] +228µs
difc:evaluator Read access allowed: resource=issue:apache/cloudstack#14172 +274µs
difc:evaluator Collection filtered: accessible=1, filtered=0, total=1 +235µs
server:unified [DIFC] Filtered collection: 1/1 items accessible +12ms
difc:pipeline_decisions ShouldBlockFilteredResponse: mode=filter, filteredCount=0, block=false +37ms
difc:resource FilteredCollectionLabeledData.ToResult: returning 1 accessible items (filter_reason=DIFC policy) +39ms
difc:pipeline_decisions ShouldAccumulateReadLabels: operation=read, mode=filter, accumulate=false +583µs
mcp:tool_result Converting backend result to CallToolResult +38ms
mcp:tool_result Backend returned array, wrapping as text +233µs
server:response_writer Writing response body: 5913 bytes +39ms
server:response_writer Retrieving captured body: 5913 bytes +435µs
server:response_writer Retrieving captured status code: 200 +281µs
server:sdk-frontend <<< SDK Response [routed:github] status=200 duration=845.578477ms (non-JSON or stream) +38ms
server:sdk-frontend     Raw response (truncated): event: message
data: {"jsonrpc":"2.0","id":7,"result":{"content":[{"type":"text","text":"[{\"author_association\":\"NONE\",\"body\":\"### problem\\n\\nWith Database High Availability enabled (db.ha.enabled=true), after the MySQL source becomes unreachable the Management Server UI becomes extremely slow / barely usable.\\n\\nFailover to the configured replica seems to happen via the MySQL connector, but each (or almost each) request appears to retry the dead source first, causing severe UI latenc... +268µs
tracing:provider Handling request: span=gateway.request, method=POST, path=/mcp/safeoutputs, remoteParent=false +13.7s
tracing:provider Span started: span=gateway.request, traceID=00000000000000000000000000000000 +549µs
server:auth Authenticating request: method=POST, path=/mcp/safeoutputs, remote=172.30.0.20:59150 +13.7s
auth:header Extracting session ID from auth header: sanitized=Tv6W... +13.7s
auth:header Using plain API key as session ID +290µs
server:sdk-frontend >>> SDK Request [routed:safeoutputs] session=Tv6WyTHj... mcp-session=MPVW67SH... method=POST path=/mcp/safeoutputs +12.8s
server:sdk-frontend     JSON-RPC Request: method=tools/call id=3 +364µs
tracing:provider Handling request: span=gateway.request, method=POST, path=/mcp/safeoutputs, remoteParent=false +1ms
server:response_writer Creating new response writer with default status 200 +12.8s
2026/10/01 13:38:05 [ROUTED] Calling unified handler for: add_labels
server:session Extracted session ID from context: Tv6WyTHj... +13.7s
tracing:provider Span started: span=gateway.request, traceID=00000000000000000000000000000000 +1ms
server:auth Authenticating request: method=POST, path=/mcp/safeoutputs, remote=172.30.0.20:59154 +3ms
auth:header Extracting session ID from auth header: sanitized=Tv6W... +3ms
mcp:tool_result Parsing arguments for tool: add_labels +12.8s
auth:header Using plain API key as session ID +821µs
server:sdk-frontend >>> SDK Request [routed:safeoutputs] session=Tv6WyTHj... mcp-session=MPVW67SH... method=POST path=/mcp/safeoutputs +3ms
server:sdk-frontend     JSON-RPC Request: method=tools/call id=4 +321µs
server:response_writer Creating new response writer with default status 200 +3ms
mcp:tool_result Parsed 2 arguments +1ms
server:session Extracted session ID from context: Tv6WyTHj... +3ms
server:session Extracted session ID from context: Tv6WyTHj... +802µs
2026/10/01 13:38:05 [ROUTED] Calling unified handler for: add_comment
server:session Extracted session ID from context: Tv6WyTHj... +445µs
server:session Checking session: sessionID=Tv6WyTHj... +235µs
server:session Session validated for ID: Tv6WyTHj... +333µs
server:unified callBackendTool: serverID=safeoutputs, toolName=add_labels, args=map[item_number:14172 labels:[type:new-feature component:database component:management-server component:mysql status:Has a PR]] +12.8s
guard:registry Getting guard for serverID=safeoutputs +13.7s
mcp:tool_result Parsing arguments for tool: add_comment +3ms
mcp:tool_result Parsed 2 arguments +292µs
server:session Extracted session ID from context: Tv6WyTHj... +1ms
guard:registry Found guard for serverID=safeoutputs, guardName=write-sink +1ms
server:session Extracted session ID from context: Tv6WyTHj... +539µs
server:guard_init Resolving guard policy: serverID=safeoutputs +13.7s
config:guard_policy ParseServerGuardPolicy: serverID=safeoutputs, keyCount=1 +13.7s
config:guard_policy ParsePolicyMap: hasAllowOnly=false, hasWriteSink=true, keyCount=1 +271µs
config:guard_policy Parsing guard policy JSON: len=31 +594µs
config:guard_policy UnmarshalJSON: parsing guard policy, keys=1 +259µs
config:guard_policy UnmarshalJSON: guard policy type is write-sink +280µs
config:guard_policy ValidateGuardPolicy: delegating to write-sink validation, acceptCount=1 +260µs
config:guard_policy ValidateWriteSinkPolicy: acceptCount=1 +248µs
config:guard_policy ValidateWriteSinkPolicy: wildcard accept, policy is valid +265µs
server:guard_init Using server-level guard policy: serverID=safeoutputs +2ms
guard:wasm BuildLabelAgentPayload: trustedBots=0, trustedUsers=0 +12.9s
server:session Extracted session ID from context: Tv6WyTHj... +3ms
server:session Checking session: sessionID=Tv6WyTHj... +242µs
server:session Session validated for ID: Tv6WyTHj... +271µs
server:unified callBackendTool: serverID=safeoutputs, toolName=add_comment, args=map[body:## 🎯 Triage report

Reporter observes that with `db.ha.enabled=true` on MySQL 8.x, after the configured source becomes unreachable, the management server UI becomes extremely slow because the connector keeps retrying the dead source on (nearly) every request. Manually promoting the replica and pointing `db.cloud.host`/`db.usage.host` at it (per the install guide's Failover procedure) restores normal performance. A maintainer has already commented that this DB HA mechanism was likely never fully implemented/tested, and a candidate PR (#14279) has been opened to address it.

### 📊 Assessment

| Dimension | Value | Reasoning |
|---|---|---|
| **Type** | `type:new-feature` | Maintainer comment indicates the existing `db.ha.enabled` client-side failover was never seriously implemented and should be treated as a new feature rather than a regression/bug fix. |
| **Component** | `component:database`, `component:management-server`, `component:mysql` | Issue concerns MySQL connector failover behavior within the management server's DB HA configuration. |
| **Severity** | n/a | Not labeled as a bug; classified as new-feature work per maintainer. |
| **Labels** | type:new-feature, component:database, component:management-server, component:mysql, status:Has a PR | See reasoning above; `status:Has a PR` added since #14279 is linked. |
| **Coding agent** | Suitable | Well-documented repro steps, config, versions, and a maintainer-linked candidate PR (#14279) already exist; mainly needs validation/testing by the reporter against that PR. |

### 🔗 Similar issues

No clearly duplicate or related open issues were found via search for "db.ha.enabled MySQL failover replica".

<details><summary>💡 Notes and suggestions</summary>

- PR #14279 was opened in response to this issue — worth asking @nabassa1323 to validate it against their reproduction steps (2 MS nodes, GTID replication, source outage simulation).
- Consider updating the admin guide (currently references MySQL 5.1/5.5 testing) once the fix/feature lands, to reflect supported MySQL 8.x behavior and clarify whether manual promotion remains the documented production path.
- Relevant connector settings called out by reporter: `secondsBeforeRetrySource`, `queriesBeforeRetrySource`, `initialTimeout` — may need tuned defaults or documentation if the new implementation still relies on MySQL Connector/J failover semantics.

</details> item_number:14172] +6ms
guard:registry Getting guard for serverID=safeoutputs +5ms
guard:registry Found guard for serverID=safeoutputs, guardName=write-sink +594µs
server:session Extracted session ID from context: Tv6WyTHj... +1ms
server:guard_init Resolving guard policy: serverID=safeoutputs +2ms
config:guard_policy ParseServerGuardPolicy: serverID=safeoutputs, keyCount=1 +3ms
config:guard_policy ParsePolicyMap: hasAllowOnly=false, hasWriteSink=true, keyCount=1 +309µs
config:guard_policy Parsing guard policy JSON: len=31 +527µs
guard:context Retrieved agent ID from context: Tv6WyTHjYrHZriLhiq8sXxodcuFX5wmWLrBaQYDwZWk0P1iynpZT4ydr9 +12.9s
difc:agent GetOrCreate called for agentID=Tv6WyTHjYrHZriLhiq8sXxodcuFX5wmWLrBaQYDwZWk0P1iynpZT4ydr9 +13.7s
guard:label_agent Calling LabelAgent: guard=write-sink +21.0s
guard:write-sink LabelAgent: returning empty labels (write-sink does not label agents) +45.8s
config:guard_policy UnmarshalJSON: parsing guard policy, keys=1 +1ms
config:guard_policy UnmarshalJSON: guard policy type is write-sink +258µs
config:guard_policy ValidateGuardPolicy: delegating to write-sink validation, acceptCount=1 +276µs
config:guard_policy ValidateWriteSinkPolicy: acceptCount=1 +262µs
config:guard_policy ValidateWriteSinkPolicy: wildcard accept, policy is valid +300µs
guard:guard Creating empty agent labels result: mode="filter" +21.0s
guard:guard Applying label agent result: difc_mode="filter", secrecy_tags=0, integrity_tags=0, defaultMode=strict +267µs
guard:guard Enforcement mode overridden: default=strict, override=filter +277µs
difc:agent Agent Tv6WyTHjYrHZriLhiq8sXxodcuFX5wmWLrBaQYDwZWk0P1iynpZT4ydr9 adding 0 secrecy tags +2ms
difc:agent Agent Tv6WyTHjYrHZriLhiq8sXxodcuFX5wmWLrBaQYDwZWk0P1iynpZT4ydr9 adding 0 integrity tags +258µs
server:guard_init Using server-level guard policy: serverID=safeoutputs +5ms
guard:wasm BuildLabelAgentPayload: trustedBots=0, trustedUsers=0 +8ms
guard:guard Label agent result applied: effective_mode=filter +5ms
guard:label_agent LabelAgent completed: guard=write-sink, mode=filter +8ms
guard:context Retrieved agent ID from context: Tv6WyTHjYrHZriLhiq8sXxodcuFX5wmWLrBaQYDwZWk0P1iynpZT4ydr9 +10ms
difc:agent GetOrCreate called for agentID=Tv6WyTHjYrHZriLhiq8sXxodcuFX5wmWLrBaQYDwZWk0P1iynpZT4ydr9 +7ms
guard:label_agent Calling LabelAgent: guard=write-sink +1ms
guard:write-sink LabelAgent: returning empty labels (write-sink does not label agents) +10ms
guard:guard Creating empty agent labels result: mode="filter" +2ms
guard:guard Applying label agent result: difc_mode="filter", secrecy_tags=0, integrity_tags=0, defaultMode=strict +448µs
guard:context Retrieved agent ID from context: Tv6WyTHjYrHZriLhiq8sXxodcuFX5wmWLrBaQYDwZWk0P1iynpZT4ydr9 +1ms
difc:agent GetOrCreate called for agentID=Tv6WyTHjYrHZriLhiq8sXxodcuFX5wmWLrBaQYDwZWk0P1iynpZT4ydr9 +1ms
server:unified [DIFC] Agent Tv6WyTHjYrHZriLhiq8sXxodcuFX5wmWLrBaQYDwZWk0P1iynpZT4ydr9 | Secrecy: [] | Integrity: [none:all] +15ms
guard:context Setting request state in context +756µs
guard:write-sink LabelResource: tool=add_labels, operation=write, accept_tags=1 +2ms
guard:guard Enforcement mode overridden: default=strict, override=filter +1ms
difc:agent Agent Tv6WyTHjYrHZriLhiq8sXxodcuFX5wmWLrBaQYDwZWk0P1iynpZT4ydr9 adding 0 secrecy tags +1ms
difc:agent Agent Tv6WyTHjYrHZriLhiq8sXxodcuFX5wmWLrBaQYDwZWk0P1iynpZT4ydr9 adding 0 integrity tags +242µs
guard:guard Label agent result applied: effective_mode=filter +754µs
guard:label_agent LabelAgent completed: guard=write-sink, mode=filter +3ms
difc:labels Creating label with 1 initial tags: [*] +12.9s
server:unified [DIFC] Resource: write-sink (add_labels) | Operation: write | Secrecy: [*] | Integrity: [] +2ms
difc:pipeline_decisions ShouldBypassCoarseDeny: operation=write, bypass=false +12.9s
difc:evaluator Evaluating access: operation=write, resource=write-sink (add_labels) +12.9s
difc:evaluator Evaluating write access: resource=write-sink (add_labels), agentSecrecy=[], agentIntegrity=[none:all] +288µs
difc:evaluator Write access allowed: resource=write-sink (add_labels) +240µs
server:unified [DIFC] Access ALLOWED for agent Tv6WyTHjYrHZriLhiq8sXxodcuFX5wmWLrBaQYDwZWk0P1iynpZT4ydr9 to write-sink (add_labels) +1ms
server:unified executeBackendToolCall: serverID=safeoutputs, toolName=add_labels +521µs
guard:context Retrieved agent ID from context: Tv6WyTHjYrHZriLhiq8sXxodcuFX5wmWLrBaQYDwZWk0P1iynpZT4ydr9 +4ms
difc:agent GetOrCreate called for agentID=Tv6WyTHjYrHZriLhiq8sXxodcuFX5wmWLrBaQYDwZWk0P1iynpZT4ydr9 +3ms
server:unified [DIFC] Agent Tv6WyTHjYrHZriLhiq8sXxodcuFX5wmWLrBaQYDwZWk0P1iynpZT4ydr9 | Secrecy: [] | Integrity: [none:all] +841µs
guard:context Setting request state in context +851µs
guard:write-sink LabelResource: tool=add_comment, operation=write, accept_tags=1 +5ms
launcher:launcher HTTP backend detected, using stateless connection: serverID=safeoutputs +12.9s
difc:labels Creating label with 1 initial tags: [*] +4ms
server:unified [DIFC] Resource: write-sink (add_comment) | Operation: write | Secrecy: [*] | Integrity: [] +2ms
difc:pipeline_decisions ShouldBypassCoarseDeny: operation=write, bypass=false +5ms
mcp:connection Dispatching SDK method: tools/call, serverID=safeoutputs +12.9s
difc:evaluator Evaluating access: operation=write, resource=write-sink (add_comment) +4ms
difc:evaluator Evaluating write access: resource=write-sink (add_comment), agentSecrecy=[], agentIntegrity=[none:all] +271µs
difc:evaluator Write access allowed: resource=write-sink (add_comment) +277µs
server:unified [DIFC] Access ALLOWED for agent Tv6WyTHjYrHZriLhiq8sXxodcuFX5wmWLrBaQYDwZWk0P1iynpZT4ydr9 to write-sink (add_comment) +1ms
server:unified executeBackendToolCall: serverID=safeoutputs, toolName=add_comment +300µs
mcp:connection callTool: parsed name=add_labels, argumentCount=2 +1ms
launcher:launcher HTTP backend detected, using stateless connection: serverID=safeoutputs +4ms
difc:pipeline_decisions ShouldCallLabelResponse: operation=write, mode=filter, result=false +5ms
server:unified [DIFC] Skipping LabelResponse() for write operation in filter mode +4ms
difc:pipeline_decisions ShouldAccumulateReadLabels: operation=write, mode=filter, accumulate=false +487µs
mcp:tool_result Converting backend result to CallToolResult +35ms
mcp:tool_result Converted result: content_items=1, is_error=false +239µs
server:response_writer Writing response body: 120 bytes +40ms
server:response_writer Retrieving captured body: 120 bytes +308µs
server:response_writer Retrieving captured status code: 200 +257µs
server:sdk-frontend <<< SDK Response [routed:safeoutputs] status=200 duration=46.21027ms (non-JSON or stream) +42ms
mcp:connection Dispatching SDK method: tools/call, serverID=safeoutputs +7ms
server:sdk-frontend     Raw response: event: message
data: {"jsonrpc":"2.0","id":3,"result":{"content":[{"type":"text","text":"{\"result\":\"success\"}"}]}}

 +342µs
mcp:connection callTool: parsed name=add_comment, argumentCount=2 +339µs
difc:pipeline_decisions ShouldCallLabelResponse: operation=write, mode=filter, result=false +6ms
server:unified [DIFC] Skipping LabelResponse() for write operation in filter mode +7ms
difc:pipeline_decisions ShouldAccumulateReadLabels: operation=write, mode=filter, accumulate=false +663µs
mcp:tool_result Converting backend result to CallToolResult +6ms
mcp:tool_result Converted result: content_items=1, is_error=false +246µs
server:response_writer Writing response body: 182 bytes +6ms
server:response_writer Retrieving captured body: 182 bytes +828µs
server:response_writer Retrieving captured status code: 200 +806µs
server:sdk-frontend <<< SDK Response [routed:safeoutputs] status=200 duration=50.76407ms (non-JSON or stream) +8ms
server:sdk-frontend     Raw response: event: message
data: {"jsonrpc":"2.0","id":4,"result":{"content":[{"type":"text","text":"{\"result\":\"success\",\"temporary_id\":\"aw_VWKpENQn\",\"comment\":\"#aw_VWKpENQn\"}"}]}}

 +354µs
tracing:provider Handling request: span=gateway.request, method=DELETE, path=/mcp/github, remoteParent=false +2.3s
tracing:provider Handling request: span=gateway.request, method=DELETE, path=/mcp/safeoutputs, remoteParent=false +226µs
tracing:provider Span started: span=gateway.request, traceID=00000000000000000000000000000000 +337µs
server:auth Authenticating request: method=DELETE, path=/mcp/github, remote=172.30.0.20:59150 +2.3s
auth:header Extracting session ID from auth header: sanitized=Tv6W... +2.3s
tracing:provider Span started: span=gateway.request, traceID=00000000000000000000000000000000 +1ms
server:auth Authenticating request: method=DELETE, path=/mcp/safeoutputs, remote=172.30.0.20:59154 +1ms
auth:header Extracting session ID from auth header: sanitized=Tv6W... +1ms
auth:header Using plain API key as session ID +403µs
auth:header Using plain API key as session ID +199µs
server:sdk-frontend >>> SDK Request [routed:github] session=Tv6WyTHj... mcp-session=2FTDOBON... method=DELETE path=/mcp/github +2.2s
server:response_writer Creating new response writer with default status 200 +2.2s
server:response_writer Retrieving captured body: 0 bytes +351µs
server:routed [INFO] server session disconnected session_id=2FTDOBONJKKHE6U3OZVPM2V7PN +26.3s
server:response_writer Retrieving captured status code: 200 +286µs
server:sdk-frontend >>> SDK Request [routed:safeoutputs] session=Tv6WyTHj... mcp-session=MPVW67SH... method=DELETE path=/mcp/safeoutputs +1ms
server:response_writer Setting response status code: 204 +525µs
server:response_writer Retrieving captured body: 0 bytes +354µs
server:response_writer Retrieving captured status code: 204 +547µs
server:sdk-frontend <<< SDK Response [routed:github] status=204 duration=3.759472ms (empty body) +2ms
server:sdk-frontend <<< SDK Response [routed:github] status=200 duration=26.257254238s (empty body) +325µs
server:response_writer Creating new response writer with default status 200 +1ms
server:response_writer Retrieving captured body: 0 bytes +1ms
server:routed [INFO] server session disconnected session_id=MPVW67SHTSCYZSDXHEQ7VHLSBJ +4ms
server:response_writer Retrieving captured status code: 200 +252µs
server:sdk-frontend <<< SDK Response [routed:safeoutputs] status=200 duration=26.259367502s (empty body) +2ms
server:response_writer Setting response status code: 204 +930µs
server:response_writer Retrieving captured body: 0 bytes +308µs
server:response_writer Retrieving captured status code: 204 +253µs
server:sdk-frontend <<< SDK Response [routed:safeoutputs] status=204 duration=7.819773ms (empty body) +1ms
server:response_writer Creating new response writer with default status 200 +1.8s
server:auth Authenticating request: method=POST, path=/close, remote=[::1]:35778 +1.8s
2026/10/01 13:38:09 [[::1]:35778] POST /close
server:handlers Initiating gateway shutdown +49.6s
launcher:health Stopping health monitor, waiting for background goroutine to finish +19.6s
launcher:health Health monitor stopped +249µs
launcher:launcher Retrieved server IDs: count=2, ids=[github safeoutputs] +4.0s
launcher:launcher Closing launcher: connections=2, hasSessionPool=true +531µs
launcher:launcher Closing 2 connections +251µs
mcp:connection Closing connection: serverID=safeoutputs, isHTTP=true +4.0s
mcp:connection Closing connection: serverID=github, isHTTP=false +1ms
launcher:launcher Stopping session connection pool +3ms
launcher:pool Stopping connection pool +16.9s
launcher:pool Context cancelled, stopping cleanup +266µs
launcher:pool Cleanup goroutine stopped +325µs
launcher:pool Closing connection: backend=github, session=Tv6WyTHjYrHZriLhiq8sXxodcuFX5wmWLrBaQYDwZWk0P1iynpZT4ydr9 +446µs
launcher:pool Connection pool stopped +275µs
launcher:launcher Launcher closed successfully +1ms
guard:wasm Closing global compilation cache +4.0s
guard:wasm Global compilation cache closed +249µs
server:handlers Shutdown completed: servers_terminated=2 +8ms
httputil:httputil Writing JSON response: statusCode=200 +24.2s
server:response_writer Setting response status code: 200 +10ms
httputil:httputil JSON response body size: 80 bytes +591µs
server:response_writer Writing response body: 80 bytes +540µs
2026/10/01 13:38:09 Gateway shutdown initiated. Terminated 2 server(s)
server:response_writer Retrieving captured body: 80 bytes +607µs
server:response_writer Retrieving captured body: 80 bytes +351µs
server:response_writer Retrieving captured status code: 200 +351µs
server:helpers [[::1]:35778] POST /close - Status: 200, Response: {"message":"Gateway shutdown initiated","serversTerminated":2,"status":"closed"} +28.1s
cmd:root Shutting down tracing provider +49.6s
2026/10/01 13:38:09 Shutting down...
cmd:root Tracing provider shut down successfully +632µs
