[INFO] Starting MCP Gateway in containerized mode...
[INFO] Auto-detected baked-in WASM guards at /guards
[INFO] MCP_GATEWAY_WASM_GUARDS_DIR=/guards
[INFO] Running in containerized environment
[WARN] Could not determine container ID
[INFO] Docker daemon is accessible
[INFO] Required environment variables are set
[INFO] Set DOCKER_API_VERSION=1.48 (server current)
[INFO] Detecting host IP for container networking...
[INFO] Method 1 (primary interface): 10.1.1.124
[INFO] Using host IP: 10.1.1.124
[INFO] host.docker.internal already exists in /etc/hosts
[INFO] Gateway will listen on 0.0.0.0:8080
[INFO] Log directory: /tmp/gh-aw/mcp-logs/
[INFO] Command: ./awmg --routed --listen 0.0.0.0:8080 --config-stdin --log-dir /tmp/gh-aw/mcp-logs/
[INFO] Waiting for JSON configuration on stdin...
[INFO] 
[INFO] IMPORTANT: Configuration must be provided via stdin.
[INFO] No default configuration is used in containerized mode.
[INFO] 
config:feature Registered defaults setter: total=1 +80µs
config:feature Registered defaults setter: total=2 +15µs
config:feature Registered stdin converter: total=1 +3µs
cmd:root Checking for baked-in guard at /guards/github/00-github-guard.wasm +1µs
cmd:root Auto-detected baked-in guard: /guards/github/00-github-guard.wasm +40µs
cmd:root WASM cache dir resolved from default (logDir="/tmp/gh-aw/mcp-logs/"): "/tmp/gh-aw/mcp-logs/wazero-cache" +29µs
cmd:root Registering 5 flag groups +20µs
cmd:root WASM cache dir resolved from default (logDir="/tmp/gh-aw/mcp-logs/"): "/tmp/gh-aw/mcp-logs/wazero-cache" +19µs
cmd:root Flag group registration complete +8µs
cmd:root Registering flag completion functions +3µs
main:main Starting MCP Gateway application +831ns
version:version BuildVersionString: mainVersion="v0.3.19", gitCommit="", buildDate="" +4ms
version:version vcsCommitFromBuildInfo: vcs.revision not found in build settings +18µs
version:version BuildVersionString: result="v0.3.19" +41µs
main:main Built version string: v0.3.19 +72µs
version:version Setting gateway version: v0.3.19 +24µs
main:main Executing root command +17µs
2026/08/25 13:42:49 Logging level: DEBUG=* (from environment)
2026/08/25 13:42:49 Logging to file: /tmp/gh-aw/mcp-logs/mcp-gateway.log
2026/08/25 13:42:49 Initialized per-serverID logging in directory: /tmp/gh-aw/mcp-logs/
2026/08/25 13:42:49 Tools logging to file: /tmp/gh-aw/mcp-logs/tools.json
cmd:root Starting MCPG with config: stdin, listen: 0.0.0.0:8080 +2ms
cmd:root WASM cache dir resolved from default (logDir="/tmp/gh-aw/mcp-logs/"): "/tmp/gh-aw/mcp-logs/wazero-cache" +382µs
cmd:root Configuring WASM compilation cache: resolvedDir="/tmp/gh-aw/mcp-logs/wazero-cache", flagChanged=false +321µs
guard:wasm Configuring global compilation cache: dir="/tmp/gh-aw/mcp-logs/wazero-cache" +7ms
guard:wasm Creating disk-backed compilation cache: dir=/tmp/gh-aw/mcp-logs/wazero-cache +283µs
guard:wasm Global compilation cache replaced successfully +447µs
cmd:root WASM compilation cache configured: mode=disk, dir="/tmp/gh-aw/mcp-logs/wazero-cache" +1ms
2026/08/25 13:42:49 WASM compilation cache directory: /tmp/gh-aw/mcp-logs/wazero-cache
2026/08/25 13:42:49 Reading configuration from stdin...
config:config Loading configuration from stdin JSON +6ms
config:config Read 732 bytes from stdin +291µs
config:validation Expanding variables: context=raw JSON data +7ms
config:validation Expanded variable: GITHUB_SERVER_URL (found in environment) +320µs
config:validation Expanded variable: GITHUB_MCP_SERVER_TOKEN (found in environment) +289µs
config:validation Expanded variable: GH_AW_SAFE_OUTPUTS_API_KEY (found in environment) +311µs
config:validation Variable expansion completed: context=raw JSON data, undefined_count=0 +329µs
config:validation_schema Starting JSON schema validation: data_size=1111 bytes +8ms
config:validation_schema Compiling JSON schema for the first time +322µs
config:validation_schema Applied customServerConfig type fix: replaced negative-lookahead pattern with not-enum constraint +514µs
config:validation_schema Applied customSchemas patternProperties fix: replaced negative-lookahead key "^(?!stdio$|http$)[a-z][a-z0-9-]*$" with ^[a-z][a-z0-9-]*$ +310µs
config:validation_schema Added registry and Added guard-policies fields in stdioServerConfig +286µs
config:validation_schema Added registry and Updated guard-policies fields in httpServerConfig +285µs
config:validation_schema Added trustedBots and keepaliveInterval fields to gatewayConfig +287µs
config:validation_schema Schema fixes applied in 1.848341ms +449µs
config:validation_schema Schema compiled and cached successfully +3ms
config:validation_schema Schema compilation/retrieval took: 5.505524ms +345µs
config:validation_schema JSON parsing took: 21.981µs +341µs
config:validation_schema Schema validation took: 89.888µs +411µs
config:validation_schema Total validation completed successfully in 6.885131ms +304µs
config:config Parsed stdin config with 2 servers +9ms
config:validation_schema Validating string patterns: server_count=2 +795µs
config:validation_schema Validating server: name=github, type=stdio +281µs
config:validation_schema Validating server: name=safeoutputs, type=http +273µs
config:validation Validating gateway configuration +8ms
config:validation Validating gateway port: 8080 +4ms
config:rules Validating port range: port=8080, jsonPath=gateway.port +25ms
config:validation Validating payload directory: /tmp/gh-aw/mcp-payloads +1ms
config:rules Validating absolute path: field=payloadDir, value=/tmp/gh-aw/mcp-payloads, jsonPath=gateway.payloadDir +945µs
config:rules Valid Unix absolute path: /tmp/gh-aw/mcp-payloads +310µs
config:validation Gateway config validation passed +929µs
config:validation Validating gateway configuration +318µs
config:validation Validating gateway port: 8080 +307µs
config:rules Validating port range: port=8080, jsonPath=gateway.port +1ms
config:validation Validating payload directory: /tmp/gh-aw/mcp-payloads +645µs
config:rules Validating absolute path: field=payloadDir, value=/tmp/gh-aw/mcp-payloads, jsonPath=gateway.payloadDir +639µs
config:rules Valid Unix absolute path: /tmp/gh-aw/mcp-payloads +342µs
config:validation Gateway config validation passed +982µs
config:config_stdin Converting stdin config: 2 servers +26ms
config:config MCP_GATEWAY_TOOL_TIMEOUT not set in environment +10ms
config:feature Applying 2 default setter(s) +26ms
config:feature All default setters applied +327µs
config:validation Validating server config: name=github, type=stdio +1ms
config:validation Server config validation passed: name=github, type=stdio +333µs
config:config_stdin Server "github": expanding 4 environment variable(s) +2ms
config:validation Expanding env variables for server: github, count=4 +646µs
config:validation Expanding variables: context=jsonPath=mcpServers.github.env.GITHUB_READ_ONLY +312µs
config:validation Variable expansion completed: context=jsonPath=mcpServers.github.env.GITHUB_READ_ONLY, undefined_count=0 +315µs
config:validation Expanding variables: context=jsonPath=mcpServers.github.env.GITHUB_TOOLSETS +330µs
config:validation Variable expansion completed: context=jsonPath=mcpServers.github.env.GITHUB_TOOLSETS, undefined_count=0 +333µs
config:validation Expanding variables: context=jsonPath=mcpServers.github.env.GITHUB_HOST +407µs
config:validation Variable expansion completed: context=jsonPath=mcpServers.github.env.GITHUB_HOST, undefined_count=0 +358µs
config:validation Expanding variables: context=jsonPath=mcpServers.github.env.GITHUB_PERSONAL_ACCESS_TOKEN +313µs
config:validation Variable expansion completed: context=jsonPath=mcpServers.github.env.GITHUB_PERSONAL_ACCESS_TOKEN, undefined_count=0 +304µs
config:validation Env variable expansion completed for server: github +354µs
config:config_stdin Converting server "github": type=stdio +3ms
config:config_stdin Server "github": configured stdio container=ghcr.io/github/github-mcp-server:v1.0.4, env_vars=4, mounts=0 +293µs
config:config Configured stdio MCP server: name=github, container=ghcr.io/github/github-mcp-server:v1.0.4 +5ms
config:validation Validating server config: name=safeoutputs, type=http +1ms
config:validation Server config validation passed: name=safeoutputs, type=http +316µs
config:config_stdin Server "safeoutputs": expanding 1 HTTP header(s) +1ms
config:validation Expanding env variables for server: safeoutputs, count=1 +756µs
config:validation Expanding variables: context=jsonPath=mcpServers.safeoutputs.env.Authorization +462µs
config:validation Variable expansion completed: context=jsonPath=mcpServers.safeoutputs.env.Authorization, undefined_count=0 +320µs
config:validation Env variable expansion completed for server: safeoutputs +322µs
config:config_stdin Converting server "safeoutputs": type=http +1ms
config:config Configured HTTP MCP server: name=safeoutputs, url=http://host.docker.internal:3001 +3ms
2026/08/25 13:42:49 [CONFIG] Configured HTTP MCP server: safeoutputs -> http://host.docker.internal:3001
config:feature Applying 1 stdin converter(s) +8ms
config:feature All stdin converters applied +338µs
config:validation Validating guard policies: count=0 +1ms
config:config Converted stdin config to internal format with 2 servers +1ms
cmd:root Configuration loaded with 2 servers +31ms
2026/08/25 13:42:49 Loaded 2 MCP server(s)
config:guard_policy ResolveGuardPolicyOverride: cliChanged=false, hasCLIPolicyJSON=false, allowOnlyPublic=false, owner="", repo="", minIntegrity="" +38ms
config:guard_policy ResolveGuardPolicyOverride: no guard policy configured (nil) +326µs
difc:sink_server_ids Setting sink server IDs: input_count=0 +42ms
difc:sink_server_ids No sink server IDs provided, clearing configuration +313µs
2026/08/25 13:42:49 Guards sink server ID logging enrichment disabled (no sink server IDs configured)
2026/08/25 13:42:49 Parallel server launching enabled (default)
cmd:root Server mode: routed, guards mode: strict +2ms
cmd:root Initializing tracing provider +310µs
tracing:provider Tracing disabled: no OTLP endpoint configured +40ms
cmd:root Tracing provider initialized successfully +611µs
2026/08/25 13:42:49 OpenTelemetry tracing disabled (no OTLP endpoint configured)
server:unified Creating new unified server: sequentialLaunch=false, servers=2 +40ms
launcher:launcher Creating new launcher with 2 configured servers +42ms
sys:container Detecting container environment +46ms
sys:container Container detected via /.dockerenv +350µs
2026/08/25 13:42:49 [LAUNCHER] Detected running inside a container
config:config Resolved gateway config after defaulting: port=8080, startupTimeout=30, toolTimeout=60, keepaliveInterval=1500 +6ms
config:feature Applying 2 default setter(s) +7ms
config:feature All default setters applied +319µs
launcher:launcher Using startup timeout: 30s +1ms
launcher:pool Creating new session connection pool: idleTimeout=6h0m0s, cleanupInterval=5m0s, maxErrors=10 +44ms
server:unified Payload configuration: dir=/tmp/gh-aw/mcp-payloads, pathPrefix=, sizeThreshold=524288 bytes (512.00 KB) +3ms
launcher:pool Cleanup goroutine started +515µs
difc:agent Creating agent registry with defaults: secrecyTags=0, integrityTags=0 +48ms
difc:capabilities Creating new capabilities set +49ms
launcher:launcher Retrieved server IDs: count=2, ids=[github safeoutputs] +1ms
server:system_tools Creating new SysServer with 2 servers: [github safeoutputs] +45ms
server:unified Built allowed tool sets: 0 server(s) with tool restrictions +1ms
server:circuit_breaker Creating circuit breaker: serverID=github, threshold=3, cooldown=1m0s +46ms
server:circuit_breaker Created circuit breaker for server github: threshold=0, cooldown=0s +390µs
server:circuit_breaker Creating circuit breaker: serverID=safeoutputs, threshold=3, cooldown=1m0s +296µs
server:circuit_breaker Created circuit breaker for server safeoutputs: threshold=0, cooldown=0s +305µs
server:circuit_breaker buildCircuitBreakers: created 2 circuit breakers +314µs
guard:registry Creating new guard registry +52ms
launcher:launcher Retrieved server IDs: count=2, ids=[github safeoutputs] +3ms
server:guard_init Searching for WASM guard file: serverID=github, dir=/guards/github +49ms
server:guard_init Found WASM guard file: serverID=github, path=/guards/github/00-github-guard.wasm +353µs
guard:wasm Creating WASM guard: name=github, path=/guards/github/00-github-guard.wasm +46ms
guard:wasm Creating WASM guard from bytes: name=github, size=310015 +368µs
guard:wasm Instantiating WASM host functions: guard=github +1ms
guard:wasm WASM host functions instantiated: guard=github (call_backend, host_log) +422µs
guard:wasm WASM guard created successfully: name=github +114ms
server:guard_init Resolving guard policy: serverID=github +118ms
config:guard_policy ParseServerGuardPolicy: serverID=github, keyCount=1 +131ms
config:guard_policy ParsePolicyMap: hasAllowOnly=true, hasWriteSink=false, keyCount=1 +338µs
config:guard_policy Parsing guard policy JSON: len=112 +323µs
config:guard_policy UnmarshalJSON: parsing guard policy, keys=1 +356µs
config:guard_policy UnmarshalJSON: parsing allow-only policy, fields=5 +332µs
config:guard_policy UnmarshalJSON: allow-only policy parsed, repos=string, minIntegrity=none +334µs
config:guard_policy UnmarshalJSON: guard policy type is allow-only +327µs
config:guard_policy ValidateGuardPolicy: delegating to allow-only normalization +377µs
config:guard_policy Normalizing guard policy: integrity=none, reposType=string +346µs
config:guard_policy Guard policy normalized: scopeKind=all, integrity=none +294µs
server:guard_init Using server-level guard policy: serverID=github +3ms
guard:registry Registering guard for serverID=github, guardName=github +124ms
server:guard_init Searching for WASM guard file: serverID=safeoutputs, dir=/guards/safeoutputs +2ms
server:guard_init No WASM guard directory found for serverID=safeoutputs +321µs
server:guard_init Resolving guard policy: serverID=safeoutputs +304µs
config:guard_policy ParseServerGuardPolicy: serverID=safeoutputs, keyCount=1 +3ms
config:guard_policy ParsePolicyMap: hasAllowOnly=false, hasWriteSink=true, keyCount=1 +565µs
config:guard_policy Parsing guard policy JSON: len=31 +364µs
config:guard_policy UnmarshalJSON: parsing guard policy, keys=1 +374µs
config:guard_policy UnmarshalJSON: guard policy type is write-sink +440µs
config:guard_policy ValidateGuardPolicy: delegating to write-sink validation, acceptCount=1 +359µs
config:guard_policy ValidateWriteSinkPolicy: acceptCount=1 +328µs
config:guard_policy ValidateWriteSinkPolicy: wildcard accept, policy is valid +312µs
server:guard_init Using server-level guard policy: serverID=safeoutputs +3ms
guard:write-sink Creating write-sink guard with 1 accept patterns +183ms
server:guard_init Resolving guard policy: serverID=safeoutputs +1ms
config:guard_policy ParseServerGuardPolicy: serverID=safeoutputs, keyCount=1 +2ms
config:guard_policy ParsePolicyMap: hasAllowOnly=false, hasWriteSink=true, keyCount=1 +371µs
config:guard_policy Parsing guard policy JSON: len=31 +419µs
config:guard_policy UnmarshalJSON: parsing guard policy, keys=1 +460µs
config:guard_policy UnmarshalJSON: guard policy type is write-sink +442µs
config:guard_policy ValidateGuardPolicy: delegating to write-sink validation, acceptCount=1 +344µs
config:guard_policy ValidateWriteSinkPolicy: acceptCount=1 +433µs
config:guard_policy ValidateWriteSinkPolicy: wildcard accept, policy is valid +393µs
server:guard_init Using server-level guard policy: serverID=safeoutputs +3ms
guard:registry Registering guard for serverID=safeoutputs, guardName=write-sink +11ms
server:unified Auto-enabled DIFC: non-noop guard, global policy, or per-server guard policies detected +139ms
launcher:launcher Retrieved server IDs: count=2, ids=[github safeoutputs] +136ms
server:unified Registered 2 sys tools +1ms
launcher:launcher Retrieved server IDs: count=2, ids=[github safeoutputs] +1ms
server:unified Registering tools in parallel from 2 backends +731µs
server:unified Registering tools from backend: safeoutputs +389µs
server:unified Registering tools from backend: github +3µs
launcher:launcher Connection not found in cache, launching new: serverID=safeoutputs +1ms
launcher:launcher Retrieved server config: serverID=safeoutputs, type=http +1ms
mcp:http_transport Wrapping HTTP client with 1 custom header(s) +192ms
mcp:http_transport Attempting streamable HTTP transport: serverID=safeoutputs, url=http://host.docker.internal:3001, connectTimeout=30s +316µs
mcp:http_transport Creating HTTP connection: serverID=safeoutputs, url=http://host.docker.internal:3001, transport=streamable, headers=1, keepAlive=25m0s, connectTimeout=30s +4ms
mcp:connection Connected with streamable HTTP transport +198ms
launcher:launcher Recorded server start: serverID=safeoutputs +8ms
launcher:launcher Connection not found in cache, launching new: serverID=github +536µs
launcher:launcher Retrieved server config: serverID=github, type=stdio +380µs
launcher:launcher Launching new server: serverID=github, command=docker, inContainer=true, isDirectCommand=false +996µs
2026/08/25 13:42:49 [LAUNCHER] Command: docker
2026/08/25 13:42:49 [LAUNCHER] Args: [run --rm -i -e NO_COLOR=... -e TERM=... -e PYTHONUNBUFFERED=... -e GITHUB_READ_ONLY=... -e GITHUB_TOOLSETS=issu... -e GITHUB_HOST=http... -e GITHUB_PERSONAL_ACCESS_TOKEN=ghs_... ghcr.io/github/github-mcp-server:v1.0.4]
2026/08/25 13:42:49 [LAUNCHER] Starting server with 30s timeout
launcher:launcher Starting server with timeout: serverID=github, sessionID=, timeout=30s +358µs
launcher:launcher Starting connection goroutine: serverID=github +326µs
envutil:expand Expanding env args: input_count=18 +206ms
envutil:expand Env args expansion complete: output_count=18 +354µs
mcp:connection Dispatching SDK method: tools/list, serverID=safeoutputs +5ms
mcp:connection Expanded args for Docker env: [run --rm -i -e NO_COLOR=... -e TERM=... -e PYTHONUNBUFFERED=... -e GITHUB_READ_ONLY=... -e GITHUB_TOOLSETS=issu... -e GITHUB_HOST=http... -e GITHUB_PERSONAL_ACCESS_TOKEN=ghs_... ghcr.io/github/github-mcp-server:v1.0.4] +178µs
mcp:connection listTools: listing tools from serverID=safeoutputs +597µs
mcp:connection listtools: requesting tools list from backend serverID=safeoutputs +327µs
mcp:connection Initiating MCP server connection and handshake +812µs
mcp:connection listtools: received page of 6 tools from serverID=safeoutputs +642µs
mcp:connection listtools: received 6 tools total from serverID=safeoutputs +366µs
mcp:schema Normalizing input schema for tool: safeoutputs___add_comment +221ms
mcp:schema Tool safeoutputs___add_comment schema analysis: hasType=true +1ms
mcp:schema Tool safeoutputs___add_comment object type schema: hasProperties=true, hasAdditionalProperties=true +687µs
mcp:schema Tool safeoutputs___add_comment schema is valid, no normalization needed +555µs
middleware:jqschema ShouldApplyMiddleware: tool=safeoutputs___add_comment, applies=true +224ms
middleware:jqschema WrapToolHandler: wrapping tool=safeoutputs___add_comment, sizeThreshold=524288 bytes, baseDir=/tmp/gh-aw/mcp-payloads, pathPrefixSet=false +447µs
server:unified Registered tool: safeoutputs-add_comment +37ms
mcp:schema Normalizing input schema for tool: safeoutputs___add_labels +1ms
mcp:schema Tool safeoutputs___add_labels schema analysis: hasType=true +405µs
mcp:schema Tool safeoutputs___add_labels object type schema: hasProperties=true, hasAdditionalProperties=true +408µs
mcp:schema Tool safeoutputs___add_labels schema is valid, no normalization needed +400µs
middleware:jqschema ShouldApplyMiddleware: tool=safeoutputs___add_labels, applies=true +2ms
middleware:jqschema WrapToolHandler: wrapping tool=safeoutputs___add_labels, sizeThreshold=524288 bytes, baseDir=/tmp/gh-aw/mcp-payloads, pathPrefixSet=false +426µs
server:unified Registered tool: safeoutputs-add_labels +3ms
mcp:schema Normalizing input schema for tool: safeoutputs___missing_tool +1ms
mcp:schema Tool safeoutputs___missing_tool schema analysis: hasType=true +370µs
mcp:schema Tool safeoutputs___missing_tool object type schema: hasProperties=true, hasAdditionalProperties=true +430µs
mcp:schema Tool safeoutputs___missing_tool schema is valid, no normalization needed +360µs
middleware:jqschema ShouldApplyMiddleware: tool=safeoutputs___missing_tool, applies=true +2ms
middleware:jqschema WrapToolHandler: wrapping tool=safeoutputs___missing_tool, sizeThreshold=524288 bytes, baseDir=/tmp/gh-aw/mcp-payloads, pathPrefixSet=false +370µs
server:unified Registered tool: safeoutputs-missing_tool +2ms
mcp:schema Normalizing input schema for tool: safeoutputs___noop +1ms
mcp:schema Tool safeoutputs___noop schema analysis: hasType=true +338µs
mcp:schema Tool safeoutputs___noop object type schema: hasProperties=true, hasAdditionalProperties=true +362µs
mcp:schema Tool safeoutputs___noop schema is valid, no normalization needed +622µs
middleware:jqschema ShouldApplyMiddleware: tool=safeoutputs___noop, applies=true +2ms
middleware:jqschema WrapToolHandler: wrapping tool=safeoutputs___noop, sizeThreshold=524288 bytes, baseDir=/tmp/gh-aw/mcp-payloads, pathPrefixSet=false +360µs
server:unified Registered tool: safeoutputs-noop +2ms
mcp:schema Normalizing input schema for tool: safeoutputs___missing_data +1ms
mcp:schema Tool safeoutputs___missing_data schema analysis: hasType=true +360µs
mcp:schema Tool safeoutputs___missing_data object type schema: hasProperties=true, hasAdditionalProperties=true +392µs
mcp:schema Tool safeoutputs___missing_data schema is valid, no normalization needed +468µs
middleware:jqschema ShouldApplyMiddleware: tool=safeoutputs___missing_data, applies=true +2ms
middleware:jqschema WrapToolHandler: wrapping tool=safeoutputs___missing_data, sizeThreshold=524288 bytes, baseDir=/tmp/gh-aw/mcp-payloads, pathPrefixSet=false +367µs
server:unified Registered tool: safeoutputs-missing_data +2ms
mcp:schema Normalizing input schema for tool: safeoutputs___report_incomplete +2ms
mcp:schema Tool safeoutputs___report_incomplete schema analysis: hasType=true +494µs
mcp:schema Tool safeoutputs___report_incomplete object type schema: hasProperties=true, hasAdditionalProperties=true +404µs
mcp:schema Tool safeoutputs___report_incomplete schema is valid, no normalization needed +377µs
middleware:jqschema ShouldApplyMiddleware: tool=safeoutputs___report_incomplete, applies=true +3ms
middleware:jqschema WrapToolHandler: wrapping tool=safeoutputs___report_incomplete, sizeThreshold=524288 bytes, baseDir=/tmp/gh-aw/mcp-payloads, pathPrefixSet=false +311µs
server:unified Registered tool: safeoutputs-report_incomplete +4ms
server:unified Registered 6 tools from safeoutputs: safeoutputs-add_comment, safeoutputs-add_labels, safeoutputs-missing_tool, safeoutputs-noop, safeoutputs-missing_data, safeoutputs-report_incomplete +295µs
launcher:launcher Connection established: serverID=github +151ms
launcher:launcher Recorded server start: serverID=github +345µs
mcp:connection Dispatching SDK method: tools/list, serverID=github +149ms
mcp:connection listTools: listing tools from serverID=github +260µs
mcp:connection listtools: requesting tools list from backend serverID=github +267µs
mcp:connection listtools: received page of 6 tools from serverID=github +1ms
mcp:connection listtools: received 6 tools total from serverID=github +327µs
mcp:schema Normalizing input schema for tool: github___get_label +143ms
mcp:schema Tool github___get_label schema analysis: hasType=true +350µs
mcp:schema Tool github___get_label object type schema: hasProperties=true, hasAdditionalProperties=false +289µs
mcp:schema Tool github___get_label schema is valid, no normalization needed +288µs
middleware:jqschema ShouldApplyMiddleware: tool=github___get_label, applies=true +144ms
middleware:jqschema WrapToolHandler: wrapping tool=github___get_label, sizeThreshold=524288 bytes, baseDir=/tmp/gh-aw/mcp-payloads, pathPrefixSet=false +284µs
server:unified Registered tool: github-get_label +144ms
mcp:schema Normalizing input schema for tool: github___issue_read +1ms
mcp:schema Tool github___issue_read schema analysis: hasType=true +272µs
mcp:schema Tool github___issue_read object type schema: hasProperties=true, hasAdditionalProperties=false +262µs
mcp:schema Tool github___issue_read schema is valid, no normalization needed +274µs
middleware:jqschema ShouldApplyMiddleware: tool=github___issue_read, applies=true +1ms
middleware:jqschema WrapToolHandler: wrapping tool=github___issue_read, sizeThreshold=524288 bytes, baseDir=/tmp/gh-aw/mcp-payloads, pathPrefixSet=false +349µs
server:unified Registered tool: github-issue_read +2ms
mcp:schema Normalizing input schema for tool: github___list_issue_types +1ms
mcp:schema Tool github___list_issue_types schema analysis: hasType=true +288µs
mcp:schema Tool github___list_issue_types object type schema: hasProperties=true, hasAdditionalProperties=false +310µs
mcp:schema Tool github___list_issue_types schema is valid, no normalization needed +423µs
middleware:jqschema ShouldApplyMiddleware: tool=github___list_issue_types, applies=true +2ms
middleware:jqschema WrapToolHandler: wrapping tool=github___list_issue_types, sizeThreshold=524288 bytes, baseDir=/tmp/gh-aw/mcp-payloads, pathPrefixSet=false +305µs
server:unified Registered tool: github-list_issue_types +2ms
mcp:schema Normalizing input schema for tool: github___list_issues +1ms
mcp:schema Tool github___list_issues schema analysis: hasType=true +316µs
mcp:schema Tool github___list_issues object type schema: hasProperties=true, hasAdditionalProperties=false +311µs
mcp:schema Tool github___list_issues schema is valid, no normalization needed +295µs
middleware:jqschema ShouldApplyMiddleware: tool=github___list_issues, applies=true +1ms
middleware:jqschema WrapToolHandler: wrapping tool=github___list_issues, sizeThreshold=524288 bytes, baseDir=/tmp/gh-aw/mcp-payloads, pathPrefixSet=false +333µs
server:unified Registered tool: github-list_issues +2ms
mcp:schema Normalizing input schema for tool: github___list_label +1ms
mcp:schema Tool github___list_label schema analysis: hasType=true +301µs
mcp:schema Tool github___list_label object type schema: hasProperties=true, hasAdditionalProperties=false +313µs
mcp:schema Tool github___list_label schema is valid, no normalization needed +294µs
middleware:jqschema ShouldApplyMiddleware: tool=github___list_label, applies=true +1ms
middleware:jqschema WrapToolHandler: wrapping tool=github___list_label, sizeThreshold=524288 bytes, baseDir=/tmp/gh-aw/mcp-payloads, pathPrefixSet=false +294µs
server:unified Registered tool: github-list_label +2ms
mcp:schema Normalizing input schema for tool: github___search_issues +1ms
mcp:schema Tool github___search_issues schema analysis: hasType=true +309µs
mcp:schema Tool github___search_issues object type schema: hasProperties=true, hasAdditionalProperties=false +293µs
mcp:schema Tool github___search_issues schema is valid, no normalization needed +292µs
middleware:jqschema ShouldApplyMiddleware: tool=github___search_issues, applies=true +1ms
middleware:jqschema WrapToolHandler: wrapping tool=github___search_issues, sizeThreshold=524288 bytes, baseDir=/tmp/gh-aw/mcp-payloads, pathPrefixSet=false +591µs
server:unified Registered tool: github-search_issues +2ms
server:unified Registered 6 tools from github: github-get_label, github-issue_read, github-list_issue_types, github-list_issues, github-list_label, github-search_issues +334µs
server:unified Successfully registered tools from safeoutputs (took 53.105718ms) +345µs
server:unified Successfully registered tools from github (took 209.13875ms) +917µs
launcher:health Creating health monitor: interval=30s, maxRestartFailures=3 +400ms
launcher:health Starting health monitor: interval=30s +453µs
server:unified Unified server created successfully with 14 tools +2ms
launcher:health Health monitor goroutine started: interval=30s +757µs
2026/08/25 13:42:50 Starting MCPG in ROUTED mode on 0.0.0.0:8080
launcher:launcher Retrieved server IDs: count=2, ids=[github safeoutputs] +47ms
2026/08/25 13:42:50 Routes: /mcp/<server> where <server> is one of: [github safeoutputs]
server:routed Creating HTTP server for routed mode: addr=0.0.0.0:8080 +402ms
launcher:launcher Retrieved server IDs: count=2, ids=[safeoutputs github] +1ms
server:routed Registering routes for 2 backends: [safeoutputs github] +648µs
server:http_server Building MCP HTTP server: addr=0.0.0.0:8080, auth_enabled=true, hmac_enabled=false +403ms
server:handlers Creating OAuth discovery handler +403ms
server:handlers Creating OAuth discovery handler +306µs
server:handlers Creating close handler +323µs
server:auth Initialized auth middleware +404ms
server:http_server Session timeout configured: 6h0m0s +1ms
server:routed [CACHE] Creating filtered server cache: ttl=6h0m0s, maxSize=1000 +2ms
server:helpers Wrapping handler with middleware: logTag=routed:safeoutputs, authEnabled=true, hmacEnabled=false +405ms
server:auth Initialized auth middleware +1ms
tracing:provider Registering HTTP handler with OTel span: span=gateway.request, extraAttrs=1 +366ms
server:helpers Middleware wrapping complete: logTag=routed:safeoutputs +955µs
2026/08/25 13:42:50 Registered route: /mcp/safeoutputs
server:helpers Wrapping handler with middleware: logTag=routed:github, authEnabled=true, hmacEnabled=false +513µs
server:auth Initialized auth middleware +1ms
tracing:provider Registering HTTP handler with OTel span: span=gateway.request, extraAttrs=1 +1ms
server:helpers Middleware wrapping complete: logTag=routed:github +885µs
2026/08/25 13:42:50 Registered route: /mcp/github
server:http_server MCP HTTP server scaffold ready: addr=0.0.0.0:8080 +3ms
server:http_server Creating HTTP server: addr=0.0.0.0:8080 +300µs
2026/08/25 13:42:50 TLS not configured — listening on http://0.0.0.0:8080 (set --tls-cert/--tls-key to enable)
cmd:root Writing gateway config: listenAddr=0.0.0.0:8080, mode=routed, serverCount=2 +369ms
cmd:root Parsed listen address: host=0.0.0.0, port=8080 +295µs
cmd:root Resolved gateway address: host=0.0.0.0, port=8080 +288µs
cmd:root Gateway config: auth_enabled=true +280µs
cmd:root Gateway auth: apiKeyConfigured=true +275µs
cmd:root Writing server config: name=github, url=http://127.0.0.1:8080/mcp/github, toolCount=0 +297µs
cmd:root Wrote server config entry: name=github, url=http://127.0.0.1:8080/mcp/github, toolCount=0 +471µs
cmd:root Writing server config: name=safeoutputs, url=http://127.0.0.1:8080/mcp/safeoutputs, toolCount=0 +632µs
cmd:root Wrote server config entry: name=safeoutputs, url=http://127.0.0.1:8080/mcp/safeoutputs, toolCount=0 +500µs
cmd:root Gateway config written successfully: serverCount=2 +433µs
server:response_writer Creating new response writer with default status 200 +4.8s
server:health Health check request: method=GET, remote=[::1]:42508 +4.8s
server:health Building health response +401µs
launcher:launcher Retrieved server IDs: count=2, ids=[safeoutputs github] +4.4s
server:health Retrieved status for 2 servers +678µs
server:health Overall health status determined: healthy +305µs
server:health Health response: status=healthy, servers=2 +315µs
httputil:httputil Writing JSON response: statusCode=200 +4.8s
server:response_writer Setting response status code: 200 +2ms
httputil:httputil JSON response body size: 168 bytes +709µs
server:response_writer Writing response body: 168 bytes +693µs
server:response_writer Retrieving captured body: 168 bytes +325µs
server:response_writer Retrieving captured body: 168 bytes +293µs
server:response_writer Retrieving captured status code: 200 +6ms
server:helpers [[::1]:42508] GET /health - Status: 200, Response: {"status":"healthy","specVersion":"1.9.0","gatewayVersion":"v0.3.19","servers":{"github":{"status":"running","uptime":4},"safeoutputs":{"status":"running","uptime":4}}} +4.4s
tracing:provider Handling request: span=gateway.request, method=POST, path=/mcp/github, remoteParent=false +4.4s
tracing:provider Span started: span=gateway.request, traceID=00000000000000000000000000000000 +533µs
server:auth Authenticating request: method=POST, path=/mcp/github, remote=127.0.0.1:33864 +4.4s
auth:header Extracting session ID from auth header: sanitized=8Drv... +4.9s
auth:header Using plain API key as session ID +301µs
server:sdk-frontend >>> SDK Request [routed:github] session=8DrvBC6C... mcp-session=(none) method=POST path=/mcp/github +4.9s
server:sdk-frontend     JSON-RPC Request: method=ping id=1 +306µs
server:response_writer Creating new response writer with default status 200 +66ms
server:session Extracting session from request: remote=127.0.0.1:33864, path=/mcp/github +4.9s
auth:header Extracting session ID from auth header: sanitized=8Drv... +1ms
auth:header Using plain API key as session ID +326µs
server:session Session extracted successfully: sessionID=8DrvBC6C..., remote=127.0.0.1:33864 +988µs
server:helpers Checking request body: method=POST, hasBody=true, sessionID=8DrvBC6C... +68ms
server:helpers Request body read: size=40 bytes, sessionID=8DrvBC6C..., backendID=github +281µs
server:helpers Request body logged for debugging +648µs
server:session Injecting session context: sessionID=8DrvBC6C..., backendID=github +1ms
guard:context Setting agent ID in context: 8DrvBC6CkFw5V9E0q5cLw8AcAjlVNp8oiX0clJWZeWhcAWyeyyruJY2Vh +4.9s
server:session Adding backend ID to context: backendID=github +689µs
server:session Session context injected successfully +277µs
server:routed [CACHE] Creating new filtered server: backend=github, session=8DrvBC6C... +4.5s
server:routed Creating filtered server: backend=github +310µs
server:unified GetToolsForBackend: backendID=github, found=6 tools +4.5s
2026/08/25 13:42:54 Creating filtered server for github with 6 tools
server:routed Backend github has 6 tools available +682µs
server:routed [INFO] server connecting +1ms
server:routed [INFO] server session connected session_id=OEGQKFWVGDQANDIC4C4JVMNO6D +689µs
server:response_writer Writing response body: 59 bytes +7ms
server:routed [INFO] server session disconnected session_id=OEGQKFWVGDQANDIC4C4JVMNO6D +810µs
server:response_writer Retrieving captured body: 59 bytes +736µs
server:response_writer Retrieving captured status code: 200 +343µs
server:sdk-frontend <<< SDK Response [routed:github] status=200 duration=9.956993ms (non-JSON or stream) +9ms
server:sdk-frontend     Raw response: event: message
data: {"jsonrpc":"2.0","id":1,"result":{}}

 +294µs
tracing:provider Handling request: span=gateway.request, method=POST, path=/mcp/github, remoteParent=false +20ms
tracing:provider Span started: span=gateway.request, traceID=00000000000000000000000000000000 +410µs
server:auth Authenticating request: method=POST, path=/mcp/github, remote=127.0.0.1:33872 +21ms
auth:header Extracting session ID from auth header: sanitized=8Drv... +18ms
auth:header Using plain API key as session ID +298µs
server:sdk-frontend >>> SDK Request [routed:github] session=8DrvBC6C... mcp-session=(none) method=POST path=/mcp/github +11ms
server:sdk-frontend     JSON-RPC Request: method=initialize id=2 +488µs
server:response_writer Creating new response writer with default status 200 +12ms
server:session Extracting session from request: remote=127.0.0.1:33872, path=/mcp/github +17ms
auth:header Extracting session ID from auth header: sanitized=8Drv... +2ms
auth:header Using plain API key as session ID +356µs
server:session Session extracted successfully: sessionID=8DrvBC6C..., remote=127.0.0.1:33872 +964µs
server:helpers Checking request body: method=POST, hasBody=true, sessionID=8DrvBC6C... +20ms
server:helpers Request body read: size=166 bytes, sessionID=8DrvBC6C..., backendID=github +298µs
server:helpers Request body logged for debugging +660µs
server:session Injecting session context: sessionID=8DrvBC6C..., backendID=github +1ms
guard:context Setting agent ID in context: 8DrvBC6CkFw5V9E0q5cLw8AcAjlVNp8oiX0clJWZeWhcAWyeyyruJY2Vh +21ms
server:session Adding backend ID to context: backendID=github +671µs
server:session Session context injected successfully +302µs
server:routed [CACHE] Cache hit: key=github/8DrvBC6C... +17ms
server:routed [INFO] server connecting +304µs
server:routed [INFO] server session connected session_id=MOEQNKFAGEXUOGFHQB32PKERN5 +374µs
server:response_writer Writing response body: 204 bytes +5ms
server:response_writer Retrieving captured body: 204 bytes +368µs
server:response_writer Retrieving captured status code: 200 +311µs
server:sdk-frontend <<< SDK Response [routed:github] status=200 duration=7.787478ms (non-JSON or stream) +7ms
server:sdk-frontend     Raw response: event: message
data: {"jsonrpc":"2.0","id":2,"result":{"capabilities":{"logging":{},"tools":{"listChanged":true}},"protocolVersion":"2024-11-05","serverInfo":{"name":"awmg-github","version":"v0.3.19"}}}

 +302µs
tracing:provider Handling request: span=gateway.request, method=POST, path=/mcp/github, remoteParent=false +21ms
tracing:provider Span started: span=gateway.request, traceID=00000000000000000000000000000000 +447µs
server:auth Authenticating request: method=POST, path=/mcp/github, remote=127.0.0.1:33878 +21ms
auth:header Extracting session ID from auth header: sanitized=8Drv... +19ms
auth:header Using plain API key as session ID +310µs
server:sdk-frontend >>> SDK Request [routed:github] session=8DrvBC6C... mcp-session=MOEQNKFA... method=POST path=/mcp/github +13ms
server:sdk-frontend     JSON-RPC Request: method=tools/list id=3 +331µs
server:response_writer Creating new response writer with default status 200 +15ms
server:response_writer Writing response body: 4441 bytes +514µs
server:response_writer Retrieving captured body: 4441 bytes +388µs
server:response_writer Retrieving captured status code: 200 +300µs
server:sdk-frontend <<< SDK Response [routed:github] status=200 duration=2.477358ms (non-JSON or stream) +2ms
server:sdk-frontend     Raw response (truncated): event: message
data: {"jsonrpc":"2.0","id":3,"result":{"tools":[{"description":"[github] Get a specific label from a repository.","inputSchema":{"properties":{"name":{"description":"Label name.","type":"string"},"owner":{"description":"Repository owner (username or organization name)","type":"string"},"repo":{"description":"Repository name","type":"string"}},"required":["owner","repo","name"],"type":"object"},"name":"get_label"},{"description":"[github] Get information about a specific issue in ... +299µs
tracing:provider Handling request: span=gateway.request, method=POST, path=/mcp/safeoutputs, remoteParent=false +31ms
tracing:provider Span started: span=gateway.request, traceID=00000000000000000000000000000000 +464µs
server:auth Authenticating request: method=POST, path=/mcp/safeoutputs, remote=127.0.0.1:33884 +32ms
auth:header Extracting session ID from auth header: sanitized=8Drv... +31ms
auth:header Using plain API key as session ID +376µs
server:sdk-frontend >>> SDK Request [routed:safeoutputs] session=8DrvBC6C... mcp-session=(none) method=POST path=/mcp/safeoutputs +29ms
server:sdk-frontend     JSON-RPC Request: method=ping id=1 +321µs
server:response_writer Creating new response writer with default status 200 +30ms
server:session Extracting session from request: remote=127.0.0.1:33884, path=/mcp/safeoutputs +49ms
auth:header Extracting session ID from auth header: sanitized=8Drv... +1ms
auth:header Using plain API key as session ID +321µs
server:session Session extracted successfully: sessionID=8DrvBC6C..., remote=127.0.0.1:33884 +958µs
server:helpers Checking request body: method=POST, hasBody=true, sessionID=8DrvBC6C... +52ms
server:helpers Request body read: size=40 bytes, sessionID=8DrvBC6C..., backendID=safeoutputs +317µs
server:helpers Request body logged for debugging +613µs
server:session Injecting session context: sessionID=8DrvBC6C..., backendID=safeoutputs +1ms
guard:context Setting agent ID in context: 8DrvBC6CkFw5V9E0q5cLw8AcAjlVNp8oiX0clJWZeWhcAWyeyyruJY2Vh +53ms
server:session Adding backend ID to context: backendID=safeoutputs +654µs
server:session Session context injected successfully +329µs
server:routed [CACHE] Creating new filtered server: backend=safeoutputs, session=8DrvBC6C... +52ms
server:routed Creating filtered server: backend=safeoutputs +289µs
server:unified GetToolsForBackend: backendID=safeoutputs, found=6 tools +75ms
2026/08/25 13:42:54 Creating filtered server for safeoutputs with 6 tools
server:routed Backend safeoutputs has 6 tools available +683µs
server:routed [INFO] server connecting +531µs
server:routed [INFO] server session connected session_id=QUM323UWMYWX54IFAQ75PSHEMO +276µs
server:response_writer Writing response body: 59 bytes +6ms
server:routed [INFO] server session disconnected session_id=QUM323UWMYWX54IFAQ75PSHEMO +747µs
server:response_writer Retrieving captured body: 59 bytes +732µs
server:response_writer Retrieving captured status code: 200 +307µs
server:sdk-frontend <<< SDK Response [routed:safeoutputs] status=200 duration=8.869687ms (non-JSON or stream) +8ms
server:sdk-frontend     Raw response: event: message
data: {"jsonrpc":"2.0","id":1,"result":{}}

 +616µs
tracing:provider Handling request: span=gateway.request, method=POST, path=/mcp/safeoutputs, remoteParent=false +18ms
tracing:provider Span started: span=gateway.request, traceID=00000000000000000000000000000000 +360µs
server:auth Authenticating request: method=POST, path=/mcp/safeoutputs, remote=127.0.0.1:33894 +19ms
auth:header Extracting session ID from auth header: sanitized=8Drv... +16ms
auth:header Using plain API key as session ID +394µs
server:sdk-frontend >>> SDK Request [routed:safeoutputs] session=8DrvBC6C... mcp-session=(none) method=POST path=/mcp/safeoutputs +9ms
server:sdk-frontend     JSON-RPC Request: method=initialize id=2 +338µs
server:response_writer Creating new response writer with default status 200 +11ms
server:session Extracting session from request: remote=127.0.0.1:33894, path=/mcp/safeoutputs +15ms
auth:header Extracting session ID from auth header: sanitized=8Drv... +1ms
auth:header Using plain API key as session ID +292µs
server:session Session extracted successfully: sessionID=8DrvBC6C..., remote=127.0.0.1:33894 +935µs
server:helpers Checking request body: method=POST, hasBody=true, sessionID=8DrvBC6C... +18ms
server:helpers Request body read: size=166 bytes, sessionID=8DrvBC6C..., backendID=safeoutputs +295µs
server:helpers Request body logged for debugging +670µs
server:session Injecting session context: sessionID=8DrvBC6C..., backendID=safeoutputs +1ms
guard:context Setting agent ID in context: 8DrvBC6CkFw5V9E0q5cLw8AcAjlVNp8oiX0clJWZeWhcAWyeyyruJY2Vh +19ms
server:session Adding backend ID to context: backendID=safeoutputs +594µs
server:session Session context injected successfully +304µs
server:routed [CACHE] Cache hit: key=safeoutputs/8DrvBC6C... +16ms
server:routed [INFO] server connecting +293µs
server:routed [INFO] server session connected session_id=DYGD6F677X5XDOZIQJKDMDJNOM +563µs
server:response_writer Writing response body: 209 bytes +5ms
server:response_writer Retrieving captured body: 209 bytes +376µs
server:response_writer Retrieving captured status code: 200 +301µs
server:sdk-frontend <<< SDK Response [routed:safeoutputs] status=200 duration=7.59891ms (non-JSON or stream) +7ms
server:sdk-frontend     Raw response: event: message
data: {"jsonrpc":"2.0","id":2,"result":{"capabilities":{"logging":{},"tools":{"listChanged":true}},"protocolVersion":"2024-11-05","serverInfo":{"name":"awmg-safeoutputs","version":"v0.3.19"}}}

 +298µs
tracing:provider Handling request: span=gateway.request, method=POST, path=/mcp/safeoutputs, remoteParent=false +21ms
tracing:provider Span started: span=gateway.request, traceID=00000000000000000000000000000000 +392µs
server:auth Authenticating request: method=POST, path=/mcp/safeoutputs, remote=127.0.0.1:33908 +21ms
auth:header Extracting session ID from auth header: sanitized=8Drv... +18ms
auth:header Using plain API key as session ID +281µs
server:sdk-frontend >>> SDK Request [routed:safeoutputs] session=8DrvBC6C... mcp-session=DYGD6F67... method=POST path=/mcp/safeoutputs +13ms
server:sdk-frontend     JSON-RPC Request: method=tools/list id=3 +536µs
server:response_writer Creating new response writer with default status 200 +15ms
server:response_writer Writing response body: 8550 bytes +646µs
server:response_writer Retrieving captured body: 8550 bytes +422µs
server:response_writer Retrieving captured status code: 200 +367µs
server:sdk-frontend <<< SDK Response [routed:safeoutputs] status=200 duration=3.017861ms (non-JSON or stream) +2ms
server:sdk-frontend     Raw response (truncated): event: message
data: {"jsonrpc":"2.0","id":3,"result":{"tools":[{"description":"[safeoutputs] WRITE-ONCE: do NOT call this tool with empty or placeholder arguments to probe or discover its schema — the required `body` field is listed in this schema; if you are not ready to post a real comment, call `noop` instead. Adds a comment to an existing GitHub issue, pull request, or discussion. Use this to provide feedback, answer questions, or add information to an existing conversation. For creating ... +304µs
tracing:provider Handling request: span=gateway.request, method=POST, path=/mcp/safeoutputs, remoteParent=false +140ms
tracing:provider Span started: span=gateway.request, traceID=00000000000000000000000000000000 +636µs
server:auth Authenticating request: method=POST, path=/mcp/safeoutputs, remote=127.0.0.1:33924 +141ms
auth:header Extracting session ID from auth header: sanitized=8Drv... +140ms
auth:header Using plain API key as session ID +332µs
server:sdk-frontend >>> SDK Request [routed:safeoutputs] session=8DrvBC6C... mcp-session=(none) method=POST path=/mcp/safeoutputs +137ms
server:sdk-frontend     JSON-RPC Request: method=initialize id=1 +371µs
server:response_writer Creating new response writer with default status 200 +148ms
server:session Extracting session from request: remote=127.0.0.1:33924, path=/mcp/safeoutputs +167ms
auth:header Extracting session ID from auth header: sanitized=8Drv... +10ms
auth:header Using plain API key as session ID +360µs
server:session Session extracted successfully: sessionID=8DrvBC6C..., remote=127.0.0.1:33924 +1ms
server:helpers Checking request body: method=POST, hasBody=true, sessionID=8DrvBC6C... +170ms
server:helpers Request body read: size=162 bytes, sessionID=8DrvBC6C..., backendID=safeoutputs +375µs
server:helpers Request body logged for debugging +686µs
server:session Injecting session context: sessionID=8DrvBC6C..., backendID=safeoutputs +1ms
guard:context Setting agent ID in context: 8DrvBC6CkFw5V9E0q5cLw8AcAjlVNp8oiX0clJWZeWhcAWyeyyruJY2Vh +171ms
server:session Adding backend ID to context: backendID=safeoutputs +702µs
server:session Session context injected successfully +304µs
server:routed [CACHE] Cache hit: key=safeoutputs/8DrvBC6C... +170ms
server:routed [INFO] server connecting +343µs
server:routed [INFO] server session connected session_id=7IVK7BQAHKGF4IAO4D45MPAFRS +333µs
server:response_writer Writing response body: 209 bytes +5ms
server:response_writer Retrieving captured body: 209 bytes +394µs
server:response_writer Retrieving captured status code: 200 +310µs
server:sdk-frontend <<< SDK Response [routed:safeoutputs] status=200 duration=16.703005ms (non-JSON or stream) +16ms
server:sdk-frontend     Raw response: event: message
data: {"jsonrpc":"2.0","id":1,"result":{"capabilities":{"logging":{},"tools":{"listChanged":true}},"protocolVersion":"2024-11-05","serverInfo":{"name":"awmg-safeoutputs","version":"v0.3.19"}}}

 +336µs
tracing:provider Handling request: span=gateway.request, method=POST, path=/mcp/safeoutputs, remoteParent=false +21ms
tracing:provider Span started: span=gateway.request, traceID=00000000000000000000000000000000 +413µs
server:auth Authenticating request: method=POST, path=/mcp/safeoutputs, remote=127.0.0.1:33924 +22ms
auth:header Extracting session ID from auth header: sanitized=8Drv... +10ms
auth:header Using plain API key as session ID +394µs
server:sdk-frontend >>> SDK Request [routed:safeoutputs] session=8DrvBC6C... mcp-session=7IVK7BQA... method=POST path=/mcp/safeoutputs +5ms
server:sdk-frontend     JSON-RPC Request: method=notifications/initialized id=<nil> +365µs
server:response_writer Creating new response writer with default status 200 +6ms
server:response_writer Setting response status code: 202 +375µs
server:routed [INFO] session initialized +8ms
server:response_writer Retrieving captured body: 0 bytes +353µs
server:response_writer Retrieving captured status code: 202 +618µs
server:sdk-frontend <<< SDK Response [routed:safeoutputs] status=202 duration=2.382217ms (empty body) +2ms
tracing:provider Handling request: span=gateway.request, method=POST, path=/mcp/safeoutputs, remoteParent=false +5ms
tracing:provider Span started: span=gateway.request, traceID=00000000000000000000000000000000 +337µs
server:auth Authenticating request: method=POST, path=/mcp/safeoutputs, remote=127.0.0.1:33924 +5ms
auth:header Extracting session ID from auth header: sanitized=8Drv... +5ms
auth:header Using plain API key as session ID +288µs
server:sdk-frontend >>> SDK Request [routed:safeoutputs] session=8DrvBC6C... mcp-session=7IVK7BQA... method=POST path=/mcp/safeoutputs +2ms
server:sdk-frontend     JSON-RPC Request: method=tools/list id=2 +373µs
server:response_writer Creating new response writer with default status 200 +4ms
server:response_writer Writing response body: 8550 bytes +561µs
server:response_writer Retrieving captured body: 8550 bytes +424µs
server:response_writer Retrieving captured status code: 200 +321µs
server:sdk-frontend <<< SDK Response [routed:safeoutputs] status=200 duration=2.689676ms (non-JSON or stream) +2ms
server:sdk-frontend     Raw response (truncated): event: message
data: {"jsonrpc":"2.0","id":2,"result":{"tools":[{"description":"[safeoutputs] WRITE-ONCE: do NOT call this tool with empty or placeholder arguments to probe or discover its schema — the required `body` field is listed in this schema; if you are not ready to post a real comment, call `noop` instead. Adds a comment to an existing GitHub issue, pull request, or discussion. Use this to provide feedback, answer questions, or add information to an existing conversation. For creating ... +323µs
tracing:provider Handling request: span=gateway.request, method=POST, path=/mcp/github, remoteParent=false +17.2s
tracing:provider Span started: span=gateway.request, traceID=00000000000000000000000000000000 +473µs
server:auth Authenticating request: method=POST, path=/mcp/github, remote=172.30.0.20:43046 +17.2s
auth:header Extracting session ID from auth header: sanitized=8Drv... +17.2s
auth:header Using plain API key as session ID +332µs
server:sdk-frontend >>> SDK Request [routed:github] session=8DrvBC6C... mcp-session=(none) method=POST path=/mcp/github +17.2s
server:sdk-frontend     JSON-RPC Request: method=initialize id=0 +393µs
server:response_writer Creating new response writer with default status 200 +17.2s
tracing:provider Handling request: span=gateway.request, method=POST, path=/mcp/safeoutputs, remoteParent=false +2ms
server:session Extracting session from request: remote=172.30.0.20:43046, path=/mcp/github +17.3s
auth:header Extracting session ID from auth header: sanitized=8Drv... +2ms
auth:header Using plain API key as session ID +326µs
server:session Session extracted successfully: sessionID=8DrvBC6C..., remote=172.30.0.20:43046 +993µs
tracing:provider Span started: span=gateway.request, traceID=00000000000000000000000000000000 +1ms
server:auth Authenticating request: method=POST, path=/mcp/safeoutputs, remote=172.30.0.20:43058 +4ms
auth:header Extracting session ID from auth header: sanitized=8Drv... +1ms
auth:header Using plain API key as session ID +457µs
server:helpers Checking request body: method=POST, hasBody=true, sessionID=8DrvBC6C... +17.3s
server:sdk-frontend >>> SDK Request [routed:safeoutputs] session=8DrvBC6C... mcp-session=(none) method=POST path=/mcp/safeoutputs +5ms
server:sdk-frontend     JSON-RPC Request: method=initialize id=0 +464µs
server:helpers Request body read: size=208 bytes, sessionID=8DrvBC6C..., backendID=github +1ms
server:helpers Request body logged for debugging +773µs
server:session Injecting session context: sessionID=8DrvBC6C..., backendID=github +5ms
server:response_writer Creating new response writer with default status 200 +7ms
server:session Extracting session from request: remote=172.30.0.20:43058, path=/mcp/safeoutputs +929µs
auth:header Extracting session ID from auth header: sanitized=8Drv... +5ms
guard:context Setting agent ID in context: 8DrvBC6CkFw5V9E0q5cLw8AcAjlVNp8oiX0clJWZeWhcAWyeyyruJY2Vh +17.3s
server:session Adding backend ID to context: backendID=github +946µs
server:session Session context injected successfully +302µs
server:routed [CACHE] Cache hit: key=github/8DrvBC6C... +17.2s
auth:header Using plain API key as session ID +1ms
server:session Session extracted successfully: sessionID=8DrvBC6C..., remote=172.30.0.20:43058 +948µs
server:helpers Checking request body: method=POST, hasBody=true, sessionID=8DrvBC6C... +4ms
server:helpers Request body read: size=208 bytes, sessionID=8DrvBC6C..., backendID=safeoutputs +323µs
server:routed [INFO] server connecting +1ms
server:routed [INFO] server session connected session_id=VIUN5BAS3NNJ6BKSUMX4VTH5GE +360µs
server:response_writer Writing response body: 204 bytes +4ms
server:helpers Request body logged for debugging +1ms
server:session Injecting session context: sessionID=8DrvBC6C..., backendID=safeoutputs +2ms
guard:context Setting agent ID in context: 8DrvBC6CkFw5V9E0q5cLw8AcAjlVNp8oiX0clJWZeWhcAWyeyyruJY2Vh +4ms
server:session Adding backend ID to context: backendID=safeoutputs +666µs
server:response_writer Retrieving captured body: 204 bytes +2ms
server:session Session context injected successfully +661µs
server:routed [CACHE] Cache hit: key=safeoutputs/8DrvBC6C... +3ms
server:routed [INFO] server connecting +387µs
server:routed [INFO] server session connected session_id=BSHL25ZEV7ZYQ4ECW5SMORDDXF +384µs
server:response_writer Retrieving captured status code: 200 +1ms
server:sdk-frontend <<< SDK Response [routed:github] status=200 duration=15.847056ms (non-JSON or stream) +10ms
server:sdk-frontend     Raw response: event: message
data: {"jsonrpc":"2.0","id":0,"result":{"capabilities":{"logging":{},"tools":{"listChanged":true}},"protocolVersion":"2025-11-25","serverInfo":{"name":"awmg-github","version":"v0.3.19"}}}

 +351µs
server:response_writer Writing response body: 209 bytes +1ms
server:response_writer Retrieving captured body: 209 bytes +407µs
server:response_writer Retrieving captured status code: 200 +351µs
server:sdk-frontend <<< SDK Response [routed:safeoutputs] status=200 duration=15.046056ms (non-JSON or stream) +1ms
server:sdk-frontend     Raw response: event: message
data: {"jsonrpc":"2.0","id":0,"result":{"capabilities":{"logging":{},"tools":{"listChanged":true}},"protocolVersion":"2025-11-25","serverInfo":{"name":"awmg-safeoutputs","version":"v0.3.19"}}}

 +513µs
tracing:provider Handling request: span=gateway.request, method=POST, path=/mcp/github, remoteParent=false +31ms
tracing:provider Span started: span=gateway.request, traceID=00000000000000000000000000000000 +376µs
server:auth Authenticating request: method=POST, path=/mcp/github, remote=172.30.0.20:43064 +32ms
auth:header Extracting session ID from auth header: sanitized=8Drv... +25ms
auth:header Using plain API key as session ID +399µs
server:sdk-frontend >>> SDK Request [routed:github] session=8DrvBC6C... mcp-session=VIUN5BAS... method=POST path=/mcp/github +17ms
server:sdk-frontend     JSON-RPC Request: method=notifications/initialized id=<nil> +486µs
tracing:provider Handling request: span=gateway.request, method=POST, path=/mcp/safeoutputs, remoteParent=false +2ms
server:response_writer Creating new response writer with default status 200 +19ms
server:response_writer Setting response status code: 202 +482µs
server:routed [INFO] session initialized +22ms
server:response_writer Retrieving captured body: 0 bytes +404µs
tracing:provider Span started: span=gateway.request, traceID=00000000000000000000000000000000 +1ms
server:response_writer Retrieving captured status code: 202 +1ms
server:sdk-frontend <<< SDK Response [routed:github] status=202 duration=2.770081ms (empty body) +2ms
server:auth Authenticating request: method=POST, path=/mcp/safeoutputs, remote=172.30.0.20:43072 +5ms
auth:header Extracting session ID from auth header: sanitized=8Drv... +5ms
auth:header Using plain API key as session ID +316µs
server:sdk-frontend >>> SDK Request [routed:safeoutputs] session=8DrvBC6C... mcp-session=BSHL25ZE... method=POST path=/mcp/safeoutputs +2ms
server:sdk-frontend     JSON-RPC Request: method=notifications/initialized id=<nil> +415µs
server:response_writer Creating new response writer with default status 200 +3ms
tracing:provider Handling request: span=gateway.request, method=GET, path=/mcp/github, remoteParent=false +4ms
server:response_writer Setting response status code: 202 +1ms
server:routed [INFO] session initialized +6ms
tracing:provider Span started: span=gateway.request, traceID=00000000000000000000000000000000 +1ms
server:auth Authenticating request: method=GET, path=/mcp/github, remote=172.30.0.20:43046 +4ms
server:response_writer Retrieving captured body: 0 bytes +981µs
server:response_writer Retrieving captured status code: 202 +369µs
auth:header Extracting session ID from auth header: sanitized=8Drv... +5ms
auth:header Using plain API key as session ID +455µs
server:sdk-frontend <<< SDK Response [routed:safeoutputs] status=202 duration=4.147222ms (empty body) +5ms
server:sdk-frontend >>> SDK Request [routed:github] session=8DrvBC6C... mcp-session=VIUN5BAS... method=GET path=/mcp/github +721µs
server:response_writer Creating new response writer with default status 200 +3ms
server:response_writer Setting response status code: 200 +520µs
tracing:provider Handling request: span=gateway.request, method=GET, path=/mcp/safeoutputs, remoteParent=false +6ms
tracing:provider Span started: span=gateway.request, traceID=00000000000000000000000000000000 +1ms
server:auth Authenticating request: method=GET, path=/mcp/safeoutputs, remote=172.30.0.20:43058 +8ms
auth:header Extracting session ID from auth header: sanitized=8Drv... +7ms
auth:header Using plain API key as session ID +722µs
server:sdk-frontend >>> SDK Request [routed:safeoutputs] session=8DrvBC6C... mcp-session=BSHL25ZE... method=GET path=/mcp/safeoutputs +7ms
server:response_writer Creating new response writer with default status 200 +7ms
server:response_writer Setting response status code: 200 +1ms
tracing:provider Handling request: span=gateway.request, method=POST, path=/mcp/safeoutputs, remoteParent=false +53ms
tracing:provider Handling request: span=gateway.request, method=POST, path=/mcp/github, remoteParent=false +47µs
tracing:provider Span started: span=gateway.request, traceID=00000000000000000000000000000000 +616µs
server:auth Authenticating request: method=POST, path=/mcp/safeoutputs, remote=172.30.0.20:43072 +53ms
tracing:provider Span started: span=gateway.request, traceID=00000000000000000000000000000000 +813µs
auth:header Extracting session ID from auth header: sanitized=8Drv... +52ms
server:auth Authenticating request: method=POST, path=/mcp/github, remote=172.30.0.20:43064 +1ms
auth:header Extracting session ID from auth header: sanitized=8Drv... +1ms
auth:header Using plain API key as session ID +574µs
auth:header Using plain API key as session ID +241µs
server:sdk-frontend >>> SDK Request [routed:github] session=8DrvBC6C... mcp-session=VIUN5BAS... method=POST path=/mcp/github +53ms
server:sdk-frontend     JSON-RPC Request: method=tools/list id=1 +499µs
server:response_writer Creating new response writer with default status 200 +53ms
server:sdk-frontend >>> SDK Request [routed:safeoutputs] session=8DrvBC6C... mcp-session=BSHL25ZE... method=POST path=/mcp/safeoutputs +1ms
server:sdk-frontend     JSON-RPC Request: method=tools/list id=1 +384µs
server:response_writer Writing response body: 4441 bytes +2ms
server:response_writer Creating new response writer with default status 200 +515µs
server:response_writer Retrieving captured body: 4441 bytes +1ms
server:response_writer Writing response body: 8550 bytes +569µs
server:response_writer Retrieving captured status code: 200 +20µs
server:sdk-frontend <<< SDK Response [routed:github] status=200 duration=6.923113ms (non-JSON or stream) +4ms
server:response_writer Retrieving captured body: 8550 bytes +1ms
server:sdk-frontend     Raw response (truncated): event: message
data: {"jsonrpc":"2.0","id":1,"result":{"tools":[{"description":"[github] Get a specific label from a repository.","inputSchema":{"properties":{"name":{"description":"Label name.","type":"string"},"owner":{"description":"Repository owner (username or organization name)","type":"string"},"repo":{"description":"Repository name","type":"string"}},"required":["owner","repo","name"],"type":"object"},"name":"get_label"},{"description":"[github] Get information about a specific issue in ... +938µs
server:response_writer Retrieving captured status code: 200 +1ms
server:sdk-frontend <<< SDK Response [routed:safeoutputs] status=200 duration=9.738009ms (non-JSON or stream) +1ms
server:sdk-frontend     Raw response (truncated): event: message
data: {"jsonrpc":"2.0","id":1,"result":{"tools":[{"description":"[safeoutputs] WRITE-ONCE: do NOT call this tool with empty or placeholder arguments to probe or discover its schema — the required `body` field is listed in this schema; if you are not ready to post a real comment, call `noop` instead. Adds a comment to an existing GitHub issue, pull request, or discussion. Use this to provide feedback, answer questions, or add information to an existing conversation. For creating ... +359µs
tracing:provider Handling request: span=gateway.request, method=POST, path=/mcp/github, remoteParent=false +52ms
tracing:provider Span started: span=gateway.request, traceID=00000000000000000000000000000000 +531µs
server:auth Authenticating request: method=POST, path=/mcp/github, remote=172.30.0.20:43082 +52ms
auth:header Extracting session ID from auth header: sanitized=8Drv... +51ms
auth:header Using plain API key as session ID +338µs
server:sdk-frontend >>> SDK Request [routed:github] session=8DrvBC6C... mcp-session=VIUN5BAS... method=POST path=/mcp/github +42ms
server:sdk-frontend     JSON-RPC Request: method=tools/list id=2 +360µs
tracing:provider Handling request: span=gateway.request, method=POST, path=/mcp/safeoutputs, remoteParent=false +2ms
server:response_writer Creating new response writer with default status 200 +44ms
server:response_writer Writing response body: 4441 bytes +694µs
tracing:provider Span started: span=gateway.request, traceID=00000000000000000000000000000000 +1ms
server:auth Authenticating request: method=POST, path=/mcp/safeoutputs, remote=172.30.0.20:43092 +3ms
auth:header Extracting session ID from auth header: sanitized=8Drv... +3ms
server:response_writer Retrieving captured body: 4441 bytes +1ms
server:response_writer Retrieving captured status code: 200 +406µs
server:sdk-frontend <<< SDK Response [routed:github] status=200 duration=4.121763ms (non-JSON or stream) +3ms
auth:header Using plain API key as session ID +1ms
server:sdk-frontend >>> SDK Request [routed:safeoutputs] session=8DrvBC6C... mcp-session=BSHL25ZE... method=POST path=/mcp/safeoutputs +719µs
server:sdk-frontend     JSON-RPC Request: method=tools/list id=2 +336µs
server:sdk-frontend     Raw response (truncated): event: message
data: {"jsonrpc":"2.0","id":2,"result":{"tools":[{"description":"[github] Get a specific label from a repository.","inputSchema":{"properties":{"name":{"description":"Label name.","type":"string"},"owner":{"description":"Repository owner (username or organization name)","type":"string"},"repo":{"description":"Repository name","type":"string"}},"required":["owner","repo","name"],"type":"object"},"name":"get_label"},{"description":"[github] Get information about a specific issue in ... +365µs
server:response_writer Creating new response writer with default status 200 +2ms
server:response_writer Writing response body: 8550 bytes +604µs
server:response_writer Retrieving captured body: 8550 bytes +693µs
server:response_writer Retrieving captured status code: 200 +878µs
server:sdk-frontend <<< SDK Response [routed:safeoutputs] status=200 duration=4.551141ms (non-JSON or stream) +3ms
server:sdk-frontend     Raw response (truncated): event: message
data: {"jsonrpc":"2.0","id":2,"result":{"tools":[{"description":"[safeoutputs] WRITE-ONCE: do NOT call this tool with empty or placeholder arguments to probe or discover its schema — the required `body` field is listed in this schema; if you are not ready to post a real comment, call `noop` instead. Adds a comment to an existing GitHub issue, pull request, or discussion. Use this to provide feedback, answer questions, or add information to an existing conversation. For creating ... +622µs
launcher:launcher Retrieved server IDs: count=2, ids=[github safeoutputs] +25.6s
launcher:health Running health check: checking 2 servers +30.0s
launcher:launcher Retrieved server IDs: count=2, ids=[github safeoutputs] +30.0s
launcher:health Running health check: checking 2 servers +30.0s
launcher:launcher Retrieved server IDs: count=2, ids=[github safeoutputs] +30.0s
launcher:health Running health check: checking 2 servers +30.0s
launcher:launcher Retrieved server IDs: count=2, ids=[github safeoutputs] +30.0s
launcher:health Running health check: checking 2 servers +30.0s
tracing:provider Handling request: span=gateway.request, method=DELETE, path=/mcp/github, remoteParent=false +1.7m
tracing:provider Handling request: span=gateway.request, method=DELETE, path=/mcp/safeoutputs, remoteParent=false +198µs
tracing:provider Span started: span=gateway.request, traceID=00000000000000000000000000000000 +295µs
server:auth Authenticating request: method=DELETE, path=/mcp/github, remote=172.30.0.20:60918 +1.7m
auth:header Extracting session ID from auth header: sanitized=8Drv... +1.7m
tracing:provider Span started: span=gateway.request, traceID=00000000000000000000000000000000 +1ms
server:auth Authenticating request: method=DELETE, path=/mcp/safeoutputs, remote=172.30.0.20:60928 +1ms
auth:header Extracting session ID from auth header: sanitized=8Drv... +1ms
auth:header Using plain API key as session ID +392µs
auth:header Using plain API key as session ID +373µs
server:sdk-frontend >>> SDK Request [routed:safeoutputs] session=8DrvBC6C... mcp-session=BSHL25ZE... method=DELETE path=/mcp/safeoutputs +1.7m
server:response_writer Creating new response writer with default status 200 +1.7m
server:sdk-frontend >>> SDK Request [routed:github] session=8DrvBC6C... mcp-session=VIUN5BAS... method=DELETE path=/mcp/github +682µs
server:response_writer Creating new response writer with default status 200 +667µs
server:response_writer Retrieving captured body: 0 bytes +357µs
server:routed [INFO] server session disconnected session_id=BSHL25ZEV7ZYQ4ECW5SMORDDXF +1.7m
server:response_writer Retrieving captured status code: 200 +364µs
server:response_writer Retrieving captured body: 0 bytes +315µs
server:routed [INFO] server session disconnected session_id=VIUN5BAS3NNJ6BKSUMX4VTH5GE +552µs
server:response_writer Setting response status code: 204 +341µs
server:sdk-frontend <<< SDK Response [routed:safeoutputs] status=200 duration=1m41.840704209s (empty body) +2ms
server:response_writer Retrieving captured status code: 200 +1ms
server:sdk-frontend <<< SDK Response [routed:github] status=200 duration=1m41.849363547s (empty body) +1ms
server:response_writer Setting response status code: 204 +664µs
server:response_writer Retrieving captured body: 0 bytes +339µs
server:response_writer Retrieving captured body: 0 bytes +697µs
server:response_writer Retrieving captured status code: 204 +313µs
server:sdk-frontend <<< SDK Response [routed:safeoutputs] status=204 duration=5.616473ms (empty body) +2ms
server:response_writer Retrieving captured status code: 204 +656µs
server:sdk-frontend <<< SDK Response [routed:github] status=204 duration=7.641685ms (empty body) +937µs
tracing:provider Handling request: span=gateway.request, method=POST, path=/mcp/github, remoteParent=false +6.2s
tracing:provider Span started: span=gateway.request, traceID=00000000000000000000000000000000 +493µs
server:auth Authenticating request: method=POST, path=/mcp/github, remote=172.30.0.20:36958 +6.2s
auth:header Extracting session ID from auth header: sanitized=8Drv... +6.2s
auth:header Using plain API key as session ID +353µs
server:sdk-frontend >>> SDK Request [routed:github] session=8DrvBC6C... mcp-session=(none) method=POST path=/mcp/github +6.2s
server:sdk-frontend     JSON-RPC Request: method=initialize id=0 +364µs
server:response_writer Creating new response writer with default status 200 +6.2s
tracing:provider Handling request: span=gateway.request, method=POST, path=/mcp/safeoutputs, remoteParent=false +2ms
server:session Extracting session from request: remote=172.30.0.20:36958, path=/mcp/github +1.8m
auth:header Extracting session ID from auth header: sanitized=8Drv... +2ms
auth:header Using plain API key as session ID +351µs
server:session Session extracted successfully: sessionID=8DrvBC6C..., remote=172.30.0.20:36958 +1ms
tracing:provider Span started: span=gateway.request, traceID=00000000000000000000000000000000 +1ms
server:auth Authenticating request: method=POST, path=/mcp/safeoutputs, remote=172.30.0.20:36974 +4ms
server:helpers Checking request body: method=POST, hasBody=true, sessionID=8DrvBC6C... +1.8m
server:helpers Request body read: size=208 bytes, sessionID=8DrvBC6C..., backendID=github +306µs
server:helpers Request body logged for debugging +728µs
auth:header Extracting session ID from auth header: sanitized=8Drv... +3ms
auth:header Using plain API key as session ID +394µs
server:sdk-frontend >>> SDK Request [routed:safeoutputs] session=8DrvBC6C... mcp-session=(none) method=POST path=/mcp/safeoutputs +6ms
server:session Injecting session context: sessionID=8DrvBC6C..., backendID=github +4ms
guard:context Setting agent ID in context: 8DrvBC6CkFw5V9E0q5cLw8AcAjlVNp8oiX0clJWZeWhcAWyeyyruJY2Vh +1.8m
server:sdk-frontend     JSON-RPC Request: method=initialize id=0 +1ms
server:session Adding backend ID to context: backendID=github +1ms
server:session Session context injected successfully +412µs
server:routed [CACHE] Cache hit: key=github/8DrvBC6C... +6.2s
server:routed [INFO] server connecting +415µs
server:response_writer Creating new response writer with default status 200 +8ms
server:session Extracting session from request: remote=172.30.0.20:36974, path=/mcp/safeoutputs +1ms
auth:header Extracting session ID from auth header: sanitized=8Drv... +4ms
server:routed [INFO] server session connected session_id=KOVGMEKB6K36EFGSCHGJNE7DXM +1ms
server:response_writer Writing response body: 204 bytes +1ms
auth:header Using plain API key as session ID +990µs
server:session Session extracted successfully: sessionID=8DrvBC6C..., remote=172.30.0.20:36974 +1ms
server:helpers Checking request body: method=POST, hasBody=true, sessionID=8DrvBC6C... +7ms
server:helpers Request body read: size=208 bytes, sessionID=8DrvBC6C..., backendID=safeoutputs +323µs
server:response_writer Retrieving captured body: 204 bytes +1ms
server:response_writer Retrieving captured status code: 200 +680µs
server:sdk-frontend <<< SDK Response [routed:github] status=200 duration=13.720799ms (non-JSON or stream) +6ms
server:sdk-frontend     Raw response: event: message
data: {"jsonrpc":"2.0","id":0,"result":{"capabilities":{"logging":{},"tools":{"listChanged":true}},"protocolVersion":"2025-11-25","serverInfo":{"name":"awmg-github","version":"v0.3.19"}}}

 +338µs
server:helpers Request body logged for debugging +2ms
server:session Injecting session context: sessionID=8DrvBC6C..., backendID=safeoutputs +3ms
guard:context Setting agent ID in context: 8DrvBC6CkFw5V9E0q5cLw8AcAjlVNp8oiX0clJWZeWhcAWyeyyruJY2Vh +8ms
server:session Adding backend ID to context: backendID=safeoutputs +754µs
server:session Session context injected successfully +368µs
server:routed [CACHE] Cache hit: key=safeoutputs/8DrvBC6C... +6ms
server:routed [INFO] server connecting +381µs
server:routed [INFO] server session connected session_id=VXRW6TN7RPC76OSBP7RJKNH3BI +419µs
server:response_writer Writing response body: 209 bytes +4ms
server:response_writer Retrieving captured body: 209 bytes +447µs
server:response_writer Retrieving captured status code: 200 +356µs
server:sdk-frontend <<< SDK Response [routed:safeoutputs] status=200 duration=13.008375ms (non-JSON or stream) +4ms
server:sdk-frontend     Raw response: event: message
data: {"jsonrpc":"2.0","id":0,"result":{"capabilities":{"logging":{},"tools":{"listChanged":true}},"protocolVersion":"2025-11-25","serverInfo":{"name":"awmg-safeoutputs","version":"v0.3.19"}}}

 +307µs
tracing:provider Handling request: span=gateway.request, method=POST, path=/mcp/github, remoteParent=false +30ms
tracing:provider Span started: span=gateway.request, traceID=00000000000000000000000000000000 +572µs
server:auth Authenticating request: method=POST, path=/mcp/github, remote=172.30.0.20:36976 +31ms
auth:header Extracting session ID from auth header: sanitized=8Drv... +24ms
auth:header Using plain API key as session ID +318µs
server:sdk-frontend >>> SDK Request [routed:github] session=8DrvBC6C... mcp-session=KOVGMEKB... method=POST path=/mcp/github +16ms
server:sdk-frontend     JSON-RPC Request: method=notifications/initialized id=<nil> +448µs
tracing:provider Handling request: span=gateway.request, method=POST, path=/mcp/safeoutputs, remoteParent=false +2ms
server:response_writer Creating new response writer with default status 200 +18ms
server:response_writer Setting response status code: 202 +346µs
server:routed [INFO] session initialized +20ms
server:response_writer Retrieving captured body: 0 bytes +379µs
tracing:provider Span started: span=gateway.request, traceID=00000000000000000000000000000000 +1ms
server:response_writer Retrieving captured status code: 202 +970µs
server:sdk-frontend <<< SDK Response [routed:github] status=202 duration=2.532247ms (empty body) +2ms
server:auth Authenticating request: method=POST, path=/mcp/safeoutputs, remote=172.30.0.20:36982 +5ms
auth:header Extracting session ID from auth header: sanitized=8Drv... +4ms
auth:header Using plain API key as session ID +336µs
server:sdk-frontend >>> SDK Request [routed:safeoutputs] session=8DrvBC6C... mcp-session=VXRW6TN7... method=POST path=/mcp/safeoutputs +2ms
server:sdk-frontend     JSON-RPC Request: method=notifications/initialized id=<nil> +398µs
tracing:provider Handling request: span=gateway.request, method=GET, path=/mcp/github, remoteParent=false +3ms
server:response_writer Creating new response writer with default status 200 +3ms
server:response_writer Setting response status code: 202 +411µs
server:routed [INFO] session initialized +5ms
server:response_writer Retrieving captured body: 0 bytes +444µs
tracing:provider Span started: span=gateway.request, traceID=00000000000000000000000000000000 +1ms
server:response_writer Retrieving captured status code: 202 +1ms
server:sdk-frontend <<< SDK Response [routed:safeoutputs] status=202 duration=2.623217ms (empty body) +3ms
server:auth Authenticating request: method=GET, path=/mcp/github, remote=172.30.0.20:36958 +5ms
auth:header Extracting session ID from auth header: sanitized=8Drv... +5ms
tracing:provider Handling request: span=gateway.request, method=GET, path=/mcp/safeoutputs, remoteParent=false +3ms
auth:header Using plain API key as session ID +589µs
tracing:provider Span started: span=gateway.request, traceID=00000000000000000000000000000000 +453µs
server:sdk-frontend >>> SDK Request [routed:github] session=8DrvBC6C... mcp-session=KOVGMEKB... method=GET path=/mcp/github +2ms
server:response_writer Creating new response writer with default status 200 +3ms
server:auth Authenticating request: method=GET, path=/mcp/safeoutputs, remote=172.30.0.20:36974 +2ms
auth:header Extracting session ID from auth header: sanitized=8Drv... +2ms
auth:header Using plain API key as session ID +361µs
server:response_writer Setting response status code: 200 +1ms
server:sdk-frontend >>> SDK Request [routed:safeoutputs] session=8DrvBC6C... mcp-session=VXRW6TN7... method=GET path=/mcp/safeoutputs +2ms
server:response_writer Creating new response writer with default status 200 +755µs
server:response_writer Setting response status code: 200 +879µs
tracing:provider Handling request: span=gateway.request, method=POST, path=/mcp/github, remoteParent=false +31ms
tracing:provider Span started: span=gateway.request, traceID=00000000000000000000000000000000 +541µs
server:auth Authenticating request: method=POST, path=/mcp/github, remote=172.30.0.20:36976 +31ms
auth:header Extracting session ID from auth header: sanitized=8Drv... +31ms
auth:header Using plain API key as session ID +488µs
server:sdk-frontend >>> SDK Request [routed:github] session=8DrvBC6C... mcp-session=KOVGMEKB... method=POST path=/mcp/github +31ms
server:sdk-frontend     JSON-RPC Request: method=tools/list id=1 +398µs
tracing:provider Handling request: span=gateway.request, method=POST, path=/mcp/safeoutputs, remoteParent=false +2ms
server:response_writer Creating new response writer with default status 200 +31ms
tracing:provider Span started: span=gateway.request, traceID=00000000000000000000000000000000 +1ms
server:auth Authenticating request: method=POST, path=/mcp/safeoutputs, remote=172.30.0.20:36982 +4ms
server:response_writer Writing response body: 4441 bytes +2ms
auth:header Extracting session ID from auth header: sanitized=8Drv... +4ms
auth:header Using plain API key as session ID +490µs
server:response_writer Retrieving captured body: 4441 bytes +1ms
server:response_writer Retrieving captured status code: 200 +358µs
server:sdk-frontend <<< SDK Response [routed:github] status=200 duration=5.677652ms (non-JSON or stream) +5ms
server:sdk-frontend >>> SDK Request [routed:safeoutputs] session=8DrvBC6C... mcp-session=VXRW6TN7... method=POST path=/mcp/safeoutputs +361µs
server:sdk-frontend     JSON-RPC Request: method=tools/list id=1 +369µs
server:sdk-frontend     Raw response (truncated): event: message
data: {"jsonrpc":"2.0","id":1,"result":{"tools":[{"description":"[github] Get a specific label from a repository.","inputSchema":{"properties":{"name":{"description":"Label name.","type":"string"},"owner":{"description":"Repository owner (username or organization name)","type":"string"},"repo":{"description":"Repository name","type":"string"}},"required":["owner","repo","name"],"type":"object"},"name":"get_label"},{"description":"[github] Get information about a specific issue in ... +302µs
server:response_writer Creating new response writer with default status 200 +2ms
server:response_writer Writing response body: 8550 bytes +538µs
server:response_writer Retrieving captured body: 8550 bytes +411µs
server:response_writer Retrieving captured status code: 200 +342µs
server:sdk-frontend <<< SDK Response [routed:safeoutputs] status=200 duration=4.723651ms (non-JSON or stream) +2ms
server:sdk-frontend     Raw response (truncated): event: message
data: {"jsonrpc":"2.0","id":1,"result":{"tools":[{"description":"[safeoutputs] WRITE-ONCE: do NOT call this tool with empty or placeholder arguments to probe or discover its schema — the required `body` field is listed in this schema; if you are not ready to post a real comment, call `noop` instead. Adds a comment to an existing GitHub issue, pull request, or discussion. Use this to provide feedback, answer questions, or add information to an existing conversation. For creating ... +353µs
tracing:provider Handling request: span=gateway.request, method=POST, path=/mcp/github, remoteParent=false +10ms
tracing:provider Span started: span=gateway.request, traceID=00000000000000000000000000000000 +406µs
server:auth Authenticating request: method=POST, path=/mcp/github, remote=172.30.0.20:36988 +10ms
auth:header Extracting session ID from auth header: sanitized=8Drv... +9ms
auth:header Using plain API key as session ID +458µs
server:sdk-frontend >>> SDK Request [routed:github] session=8DrvBC6C... mcp-session=KOVGMEKB... method=POST path=/mcp/github +4ms
server:sdk-frontend     JSON-RPC Request: method=tools/list id=2 +430µs
server:response_writer Creating new response writer with default status 200 +6ms
server:response_writer Writing response body: 4441 bytes +558µs
server:response_writer Retrieving captured body: 4441 bytes +404µs
server:response_writer Retrieving captured status code: 200 +316µs
server:sdk-frontend <<< SDK Response [routed:github] status=200 duration=2.819624ms (non-JSON or stream) +2ms
server:sdk-frontend     Raw response (truncated): event: message
data: {"jsonrpc":"2.0","id":2,"result":{"tools":[{"description":"[github] Get a specific label from a repository.","inputSchema":{"properties":{"name":{"description":"Label name.","type":"string"},"owner":{"description":"Repository owner (username or organization name)","type":"string"},"repo":{"description":"Repository name","type":"string"}},"required":["owner","repo","name"],"type":"object"},"name":"get_label"},{"description":"[github] Get information about a specific issue in ... +363µs
tracing:provider Handling request: span=gateway.request, method=POST, path=/mcp/safeoutputs, remoteParent=false +32ms
tracing:provider Span started: span=gateway.request, traceID=00000000000000000000000000000000 +578µs
server:auth Authenticating request: method=POST, path=/mcp/safeoutputs, remote=172.30.0.20:36992 +33ms
auth:header Extracting session ID from auth header: sanitized=8Drv... +34ms
auth:header Using plain API key as session ID +380µs
server:sdk-frontend >>> SDK Request [routed:safeoutputs] session=8DrvBC6C... mcp-session=VXRW6TN7... method=POST path=/mcp/safeoutputs +33ms
server:sdk-frontend     JSON-RPC Request: method=tools/list id=2 +521µs
server:response_writer Creating new response writer with default status 200 +35ms
server:response_writer Writing response body: 8550 bytes +772µs
server:response_writer Retrieving captured body: 8550 bytes +603µs
server:response_writer Retrieving captured status code: 200 +311µs
server:sdk-frontend <<< SDK Response [routed:safeoutputs] status=200 duration=4.910036ms (non-JSON or stream) +2ms
server:sdk-frontend     Raw response (truncated): event: message
data: {"jsonrpc":"2.0","id":2,"result":{"tools":[{"description":"[safeoutputs] WRITE-ONCE: do NOT call this tool with empty or placeholder arguments to probe or discover its schema — the required `body` field is listed in this schema; if you are not ready to post a real comment, call `noop` instead. Adds a comment to an existing GitHub issue, pull request, or discussion. Use this to provide feedback, answer questions, or add information to an existing conversation. For creating ... +306µs
launcher:launcher Retrieved server IDs: count=2, ids=[github safeoutputs] +30.0s
launcher:health Running health check: checking 2 servers +30.0s
launcher:launcher Retrieved server IDs: count=2, ids=[safeoutputs github] +30.0s
launcher:health Running health check: checking 2 servers +30.0s
launcher:launcher Retrieved server IDs: count=2, ids=[github safeoutputs] +30.0s
launcher:health Running health check: checking 2 servers +30.0s
tracing:provider Handling request: span=gateway.request, method=DELETE, path=/mcp/github, remoteParent=false +1.6m
tracing:provider Handling request: span=gateway.request, method=DELETE, path=/mcp/safeoutputs, remoteParent=false +122µs
tracing:provider Span started: span=gateway.request, traceID=00000000000000000000000000000000 +401µs
server:auth Authenticating request: method=DELETE, path=/mcp/github, remote=172.30.0.20:41470 +1.6m
auth:header Extracting session ID from auth header: sanitized=8Drv... +1.6m
tracing:provider Span started: span=gateway.request, traceID=00000000000000000000000000000000 +1ms
auth:header Using plain API key as session ID +828µs
server:sdk-frontend >>> SDK Request [routed:github] session=8DrvBC6C... mcp-session=KOVGMEKB... method=DELETE path=/mcp/github +1.6m
server:response_writer Creating new response writer with default status 200 +1.6m
server:response_writer Retrieving captured body: 0 bytes +481µs
server:routed [INFO] server session disconnected session_id=KOVGMEKB6K36EFGSCHGJNE7DXM +1.6m
server:auth Authenticating request: method=DELETE, path=/mcp/safeoutputs, remote=172.30.0.20:41484 +3ms
auth:header Extracting session ID from auth header: sanitized=8Drv... +2ms
auth:header Using plain API key as session ID +335µs
server:response_writer Retrieving captured status code: 200 +1ms
server:response_writer Setting response status code: 204 +331µs
server:sdk-frontend >>> SDK Request [routed:safeoutputs] session=8DrvBC6C... mcp-session=VXRW6TN7... method=DELETE path=/mcp/safeoutputs +3ms
server:response_writer Creating new response writer with default status 200 +686µs
server:response_writer Retrieving captured body: 0 bytes +350µs
server:routed [INFO] server session disconnected session_id=VXRW6TN7RPC76OSBP7RJKNH3BI +3ms
server:sdk-frontend <<< SDK Response [routed:github] status=200 duration=1m36.789611353s (empty body) +1ms
server:response_writer Retrieving captured body: 0 bytes +653µs
server:response_writer Retrieving captured status code: 200 +275µs
server:sdk-frontend <<< SDK Response [routed:safeoutputs] status=200 duration=1m36.789884895s (empty body) +937µs
server:response_writer Setting response status code: 204 +936µs
server:response_writer Retrieving captured status code: 204 +615µs
server:response_writer Retrieving captured body: 0 bytes +342µs
server:response_writer Retrieving captured status code: 204 +348µs
server:sdk-frontend <<< SDK Response [routed:safeoutputs] status=204 duration=4.881058ms (empty body) +2ms
server:sdk-frontend <<< SDK Response [routed:github] status=204 duration=5.857374ms (empty body) +324µs
tracing:provider Handling request: span=gateway.request, method=POST, path=/mcp/github, remoteParent=false +11.2s
tracing:provider Span started: span=gateway.request, traceID=00000000000000000000000000000000 +569µs
server:auth Authenticating request: method=POST, path=/mcp/github, remote=172.30.0.20:37004 +11.2s
auth:header Extracting session ID from auth header: sanitized=8Drv... +11.2s
auth:header Using plain API key as session ID +330µs
server:sdk-frontend >>> SDK Request [routed:github] session=8DrvBC6C... mcp-session=(none) method=POST path=/mcp/github +11.2s
server:sdk-frontend     JSON-RPC Request: method=initialize id=0 +543µs
tracing:provider Handling request: span=gateway.request, method=POST, path=/mcp/safeoutputs, remoteParent=false +3ms
server:response_writer Creating new response writer with default status 200 +11.2s
tracing:provider Span started: span=gateway.request, traceID=00000000000000000000000000000000 +367µs
server:auth Authenticating request: method=POST, path=/mcp/safeoutputs, remote=172.30.0.20:37010 +3ms
auth:header Extracting session ID from auth header: sanitized=8Drv... +2ms
server:session Extracting session from request: remote=172.30.0.20:37004, path=/mcp/github +1.8m
auth:header Extracting session ID from auth header: sanitized=8Drv... +845µs
auth:header Using plain API key as session ID +317µs
server:session Session extracted successfully: sessionID=8DrvBC6C..., remote=172.30.0.20:37004 +1ms
auth:header Using plain API key as session ID +658µs
server:sdk-frontend >>> SDK Request [routed:safeoutputs] session=8DrvBC6C... mcp-session=(none) method=POST path=/mcp/safeoutputs +4ms
server:sdk-frontend     JSON-RPC Request: method=initialize id=0 +345µs
server:helpers Checking request body: method=POST, hasBody=true, sessionID=8DrvBC6C... +1.8m
server:helpers Request body read: size=208 bytes, sessionID=8DrvBC6C..., backendID=github +371µs
server:response_writer Creating new response writer with default status 200 +5ms
server:session Extracting session from request: remote=172.30.0.20:37010, path=/mcp/safeoutputs +3ms
auth:header Extracting session ID from auth header: sanitized=8Drv... +3ms
auth:header Using plain API key as session ID +326µs
server:helpers Request body logged for debugging +2ms
server:session Injecting session context: sessionID=8DrvBC6C..., backendID=github +1ms
guard:context Setting agent ID in context: 8DrvBC6CkFw5V9E0q5cLw8AcAjlVNp8oiX0clJWZeWhcAWyeyyruJY2Vh +1.8m
server:session Adding backend ID to context: backendID=github +628µs
server:session Session context injected successfully +304µs
server:session Session extracted successfully: sessionID=8DrvBC6C..., remote=172.30.0.20:37010 +306µs
server:helpers Checking request body: method=POST, hasBody=true, sessionID=8DrvBC6C... +2ms
server:helpers Request body read: size=208 bytes, sessionID=8DrvBC6C..., backendID=safeoutputs +309µs
server:routed [CACHE] Cache hit: key=github/8DrvBC6C... +11.2s
server:routed [INFO] server connecting +405µs
server:routed [INFO] server session connected session_id=X6K4NPHYX7JM2Y37HRCQHKVFBC +339µs
server:response_writer Writing response body: 204 bytes +5ms
server:helpers Request body logged for debugging +2ms
server:session Injecting session context: sessionID=8DrvBC6C..., backendID=safeoutputs +3ms
guard:context Setting agent ID in context: 8DrvBC6CkFw5V9E0q5cLw8AcAjlVNp8oiX0clJWZeWhcAWyeyyruJY2Vh +4ms
server:session Adding backend ID to context: backendID=safeoutputs +692µs
server:response_writer Retrieving captured body: 204 bytes +1ms
server:session Session context injected successfully +630µs
server:routed [CACHE] Cache hit: key=safeoutputs/8DrvBC6C... +2ms
server:routed [INFO] server connecting +346µs
server:routed [INFO] server session connected session_id=IM4TV6JJO56RPCVYXA3QBGJ7Y4 +570µs
server:response_writer Writing response body: 209 bytes +1ms
server:response_writer Retrieving captured status code: 200 +218µs
server:sdk-frontend <<< SDK Response [routed:github] status=200 duration=14.961987ms (non-JSON or stream) +11ms
server:sdk-frontend     Raw response: event: message
data: {"jsonrpc":"2.0","id":0,"result":{"capabilities":{"logging":{},"tools":{"listChanged":true}},"protocolVersion":"2025-11-25","serverInfo":{"name":"awmg-github","version":"v0.3.19"}}}

 +447µs
server:response_writer Retrieving captured body: 209 bytes +1ms
server:response_writer Retrieving captured status code: 200 +315µs
server:sdk-frontend <<< SDK Response [routed:safeoutputs] status=200 duration=15.375887ms (non-JSON or stream) +1ms
server:sdk-frontend     Raw response: event: message
data: {"jsonrpc":"2.0","id":0,"result":{"capabilities":{"logging":{},"tools":{"listChanged":true}},"protocolVersion":"2025-11-25","serverInfo":{"name":"awmg-safeoutputs","version":"v0.3.19"}}}

 +355µs
tracing:provider Handling request: span=gateway.request, method=POST, path=/mcp/github, remoteParent=false +32ms
tracing:provider Span started: span=gateway.request, traceID=00000000000000000000000000000000 +364µs
server:auth Authenticating request: method=POST, path=/mcp/github, remote=172.30.0.20:37016 +32ms
auth:header Extracting session ID from auth header: sanitized=8Drv... +27ms
auth:header Using plain API key as session ID +353µs
server:sdk-frontend >>> SDK Request [routed:github] session=8DrvBC6C... mcp-session=X6K4NPHY... method=POST path=/mcp/github +16ms
server:sdk-frontend     JSON-RPC Request: method=notifications/initialized id=<nil> +343µs
tracing:provider Handling request: span=gateway.request, method=POST, path=/mcp/safeoutputs, remoteParent=false +2ms
server:response_writer Creating new response writer with default status 200 +18ms
server:response_writer Setting response status code: 202 +431µs
server:routed [INFO] session initialized +21ms
server:response_writer Retrieving captured body: 0 bytes +495µs
tracing:provider Span started: span=gateway.request, traceID=00000000000000000000000000000000 +1ms
server:response_writer Retrieving captured status code: 202 +939µs
server:sdk-frontend <<< SDK Response [routed:github] status=202 duration=2.589082ms (empty body) +2ms
server:auth Authenticating request: method=POST, path=/mcp/safeoutputs, remote=172.30.0.20:37024 +5ms
auth:header Extracting session ID from auth header: sanitized=8Drv... +4ms
auth:header Using plain API key as session ID +420µs
server:sdk-frontend >>> SDK Request [routed:safeoutputs] session=8DrvBC6C... mcp-session=IM4TV6JJ... method=POST path=/mcp/safeoutputs +2ms
server:sdk-frontend     JSON-RPC Request: method=notifications/initialized id=<nil> +346µs
tracing:provider Handling request: span=gateway.request, method=GET, path=/mcp/github, remoteParent=false +3ms
server:response_writer Creating new response writer with default status 200 +3ms
server:response_writer Setting response status code: 202 +336µs
server:routed [INFO] session initialized +5ms
server:response_writer Retrieving captured body: 0 bytes +297µs
server:response_writer Retrieving captured status code: 202 +301µs
server:sdk-frontend <<< SDK Response [routed:safeoutputs] status=202 duration=2.351119ms (empty body) +2ms
tracing:provider Span started: span=gateway.request, traceID=00000000000000000000000000000000 +2ms
server:auth Authenticating request: method=GET, path=/mcp/github, remote=172.30.0.20:37004 +5ms
tracing:provider Handling request: span=gateway.request, method=GET, path=/mcp/safeoutputs, remoteParent=false +1ms
auth:header Extracting session ID from auth header: sanitized=8Drv... +5ms
auth:header Using plain API key as session ID +401µs
server:sdk-frontend >>> SDK Request [routed:github] session=8DrvBC6C... mcp-session=X6K4NPHY... method=GET path=/mcp/github +3ms
server:response_writer Creating new response writer with default status 200 +4ms
server:response_writer Setting response status code: 200 +414µs
tracing:provider Span started: span=gateway.request, traceID=00000000000000000000000000000000 +1ms
server:auth Authenticating request: method=GET, path=/mcp/safeoutputs, remote=172.30.0.20:37010 +3ms
auth:header Extracting session ID from auth header: sanitized=8Drv... +2ms
auth:header Using plain API key as session ID +682µs
server:sdk-frontend >>> SDK Request [routed:safeoutputs] session=8DrvBC6C... mcp-session=IM4TV6JJ... method=GET path=/mcp/safeoutputs +3ms
server:response_writer Creating new response writer with default status 200 +2ms
server:response_writer Setting response status code: 200 +824µs
tracing:provider Handling request: span=gateway.request, method=POST, path=/mcp/github, remoteParent=false +30ms
tracing:provider Span started: span=gateway.request, traceID=00000000000000000000000000000000 +1ms
server:auth Authenticating request: method=POST, path=/mcp/github, remote=172.30.0.20:37016 +31ms
auth:header Extracting session ID from auth header: sanitized=8Drv... +31ms
auth:header Using plain API key as session ID +442µs
server:sdk-frontend >>> SDK Request [routed:github] session=8DrvBC6C... mcp-session=X6K4NPHY... method=POST path=/mcp/github +31ms
server:sdk-frontend     JSON-RPC Request: method=tools/list id=1 +392µs
tracing:provider Handling request: span=gateway.request, method=POST, path=/mcp/safeoutputs, remoteParent=false +3ms
tracing:provider Span started: span=gateway.request, traceID=00000000000000000000000000000000 +758µs
server:auth Authenticating request: method=POST, path=/mcp/safeoutputs, remote=172.30.0.20:37024 +3ms
auth:header Extracting session ID from auth header: sanitized=8Drv... +2ms
server:response_writer Creating new response writer with default status 200 +33ms
server:response_writer Writing response body: 4441 bytes +754µs
auth:header Using plain API key as session ID +1ms
server:response_writer Retrieving captured body: 4441 bytes +1ms
server:sdk-frontend >>> SDK Request [routed:safeoutputs] session=8DrvBC6C... mcp-session=IM4TV6JJ... method=POST path=/mcp/safeoutputs +4ms
server:sdk-frontend     JSON-RPC Request: method=tools/list id=1 +384µs
server:response_writer Creating new response writer with default status 200 +1ms
server:response_writer Retrieving captured status code: 200 +293µs
server:sdk-frontend <<< SDK Response [routed:github] status=200 duration=5.627346ms (non-JSON or stream) +1ms
server:sdk-frontend     Raw response (truncated): event: message
data: {"jsonrpc":"2.0","id":1,"result":{"tools":[{"description":"[github] Get a specific label from a repository.","inputSchema":{"properties":{"name":{"description":"Label name.","type":"string"},"owner":{"description":"Repository owner (username or organization name)","type":"string"},"repo":{"description":"Repository name","type":"string"}},"required":["owner","repo","name"],"type":"object"},"name":"get_label"},{"description":"[github] Get information about a specific issue in ... +852µs
server:response_writer Writing response body: 8550 bytes +1ms
server:response_writer Retrieving captured body: 8550 bytes +474µs
server:response_writer Retrieving captured status code: 200 +485µs
server:sdk-frontend <<< SDK Response [routed:safeoutputs] status=200 duration=6.352149ms (non-JSON or stream) +1ms
server:sdk-frontend     Raw response (truncated): event: message
data: {"jsonrpc":"2.0","id":1,"result":{"tools":[{"description":"[safeoutputs] WRITE-ONCE: do NOT call this tool with empty or placeholder arguments to probe or discover its schema — the required `body` field is listed in this schema; if you are not ready to post a real comment, call `noop` instead. Adds a comment to an existing GitHub issue, pull request, or discussion. Use this to provide feedback, answer questions, or add information to an existing conversation. For creating ... +322µs
tracing:provider Handling request: span=gateway.request, method=POST, path=/mcp/safeoutputs, remoteParent=false +44ms
tracing:provider Span started: span=gateway.request, traceID=00000000000000000000000000000000 +1ms
server:auth Authenticating request: method=POST, path=/mcp/safeoutputs, remote=172.30.0.20:37032 +45ms
auth:header Extracting session ID from auth header: sanitized=8Drv... +44ms
auth:header Using plain API key as session ID +326µs
server:sdk-frontend >>> SDK Request [routed:safeoutputs] session=8DrvBC6C... mcp-session=IM4TV6JJ... method=POST path=/mcp/safeoutputs +38ms
server:sdk-frontend     JSON-RPC Request: method=tools/list id=2 +376µs
tracing:provider Handling request: span=gateway.request, method=POST, path=/mcp/github, remoteParent=false +2ms
server:response_writer Creating new response writer with default status 200 +40ms
tracing:provider Span started: span=gateway.request, traceID=00000000000000000000000000000000 +1ms
server:auth Authenticating request: method=POST, path=/mcp/github, remote=172.30.0.20:37040 +3ms
auth:header Extracting session ID from auth header: sanitized=8Drv... +3ms
server:response_writer Writing response body: 8550 bytes +2ms
auth:header Using plain API key as session ID +778µs
server:response_writer Retrieving captured body: 8550 bytes +508µs
server:sdk-frontend >>> SDK Request [routed:github] session=8DrvBC6C... mcp-session=X6K4NPHY... method=POST path=/mcp/github +4ms
server:response_writer Retrieving captured status code: 200 +665µs
server:sdk-frontend <<< SDK Response [routed:safeoutputs] status=200 duration=4.840415ms (non-JSON or stream) +1ms
server:sdk-frontend     Raw response (truncated): event: message
data: {"jsonrpc":"2.0","id":2,"result":{"tools":[{"description":"[safeoutputs] WRITE-ONCE: do NOT call this tool with empty or placeholder arguments to probe or discover its schema — the required `body` field is listed in this schema; if you are not ready to post a real comment, call `noop` instead. Adds a comment to an existing GitHub issue, pull request, or discussion. Use this to provide feedback, answer questions, or add information to an existing conversation. For creating ... +375µs
server:sdk-frontend     JSON-RPC Request: method=tools/list id=2 +380µs
server:response_writer Creating new response writer with default status 200 +2ms
server:response_writer Writing response body: 4441 bytes +631µs
server:response_writer Retrieving captured body: 4441 bytes +441µs
server:response_writer Retrieving captured status code: 200 +288µs
server:sdk-frontend <<< SDK Response [routed:github] status=200 duration=5.808064ms (non-JSON or stream) +2ms
server:sdk-frontend     Raw response (truncated): event: message
data: {"jsonrpc":"2.0","id":2,"result":{"tools":[{"description":"[github] Get a specific label from a repository.","inputSchema":{"properties":{"name":{"description":"Label name.","type":"string"},"owner":{"description":"Repository owner (username or organization name)","type":"string"},"repo":{"description":"Repository name","type":"string"}},"required":["owner","repo","name"],"type":"object"},"name":"get_label"},{"description":"[github] Get information about a specific issue in ... +308µs
launcher:launcher Retrieved server IDs: count=2, ids=[safeoutputs github] +30.0s
launcher:health Running health check: checking 2 servers +30.0s
launcher:launcher Retrieved server IDs: count=2, ids=[github safeoutputs] +30.0s
launcher:health Running health check: checking 2 servers +30.0s
launcher:launcher Retrieved server IDs: count=2, ids=[github safeoutputs] +30.0s
launcher:health Running health check: checking 2 servers +30.0s
launcher:launcher Retrieved server IDs: count=2, ids=[github safeoutputs] +30.0s
launcher:health Running health check: checking 2 servers +30.0s
tracing:provider Handling request: span=gateway.request, method=DELETE, path=/mcp/github, remoteParent=false +1.7m
tracing:provider Handling request: span=gateway.request, method=DELETE, path=/mcp/safeoutputs, remoteParent=false +163µs
tracing:provider Span started: span=gateway.request, traceID=00000000000000000000000000000000 +266µs
server:auth Authenticating request: method=DELETE, path=/mcp/github, remote=172.30.0.20:58064 +1.7m
auth:header Extracting session ID from auth header: sanitized=8Drv... +1.7m
auth:header Using plain API key as session ID +378µs
tracing:provider Span started: span=gateway.request, traceID=00000000000000000000000000000000 +1ms
server:auth Authenticating request: method=DELETE, path=/mcp/safeoutputs, remote=172.30.0.20:58070 +1ms
auth:header Extracting session ID from auth header: sanitized=8Drv... +1ms
server:sdk-frontend >>> SDK Request [routed:github] session=8DrvBC6C... mcp-session=X6K4NPHY... method=DELETE path=/mcp/github +1.7m
server:response_writer Creating new response writer with default status 200 +1.7m
server:response_writer Retrieving captured body: 0 bytes +376µs
server:routed [INFO] server session disconnected session_id=X6K4NPHYX7JM2Y37HRCQHKVFBC +1.7m
server:response_writer Retrieving captured status code: 200 +304µs
auth:header Using plain API key as session ID +1ms
server:sdk-frontend >>> SDK Request [routed:safeoutputs] session=8DrvBC6C... mcp-session=IM4TV6JJ... method=DELETE path=/mcp/safeoutputs +1ms
server:response_writer Setting response status code: 204 +1ms
server:sdk-frontend <<< SDK Response [routed:github] status=200 duration=1m42.919736077s (empty body) +706µs
server:response_writer Creating new response writer with default status 200 +1ms
server:response_writer Retrieving captured body: 0 bytes +363µs
server:routed [INFO] server session disconnected session_id=IM4TV6JJO56RPCVYXA3QBGJ7Y4 +2ms
server:response_writer Retrieving captured body: 0 bytes +271µs
server:response_writer Retrieving captured status code: 204 +295µs
server:sdk-frontend <<< SDK Response [routed:github] status=204 duration=5.789138ms (empty body) +1ms
server:response_writer Retrieving captured status code: 200 +985µs
server:sdk-frontend <<< SDK Response [routed:safeoutputs] status=200 duration=1m42.919496773s (empty body) +1ms
server:response_writer Setting response status code: 204 +685µs
server:response_writer Retrieving captured body: 0 bytes +611µs
server:response_writer Retrieving captured status code: 204 +305µs
server:sdk-frontend <<< SDK Response [routed:safeoutputs] status=204 duration=6.582095ms (empty body) +1ms
launcher:launcher Retrieved server IDs: count=2, ids=[safeoutputs github] +30.0s
launcher:health Running health check: checking 2 servers +30.0s
tracing:provider Handling request: span=gateway.request, method=POST, path=/mcp/github, remoteParent=false +21.2s
tracing:provider Span started: span=gateway.request, traceID=00000000000000000000000000000000 +640µs
server:auth Authenticating request: method=POST, path=/mcp/github, remote=172.30.0.20:40972 +21.2s
auth:header Extracting session ID from auth header: sanitized=8Drv... +21.2s
auth:header Using plain API key as session ID +312µs
server:sdk-frontend >>> SDK Request [routed:github] session=8DrvBC6C... mcp-session=(none) method=POST path=/mcp/github +21.2s
server:sdk-frontend     JSON-RPC Request: method=initialize id=0 +379µs
server:response_writer Creating new response writer with default status 200 +21.2s
tracing:provider Handling request: span=gateway.request, method=POST, path=/mcp/safeoutputs, remoteParent=false +2ms
server:session Extracting session from request: remote=172.30.0.20:40972, path=/mcp/github +2.1m
auth:header Extracting session ID from auth header: sanitized=8Drv... +2ms
tracing:provider Span started: span=gateway.request, traceID=00000000000000000000000000000000 +1ms
server:auth Authenticating request: method=POST, path=/mcp/safeoutputs, remote=172.30.0.20:40984 +3ms
auth:header Extracting session ID from auth header: sanitized=8Drv... +1ms
auth:header Using plain API key as session ID +275µs
server:session Session extracted successfully: sessionID=8DrvBC6C..., remote=172.30.0.20:40972 +2ms
server:helpers Checking request body: method=POST, hasBody=true, sessionID=8DrvBC6C... +2.1m
auth:header Using plain API key as session ID +1ms
server:sdk-frontend >>> SDK Request [routed:safeoutputs] session=8DrvBC6C... mcp-session=(none) method=POST path=/mcp/safeoutputs +4ms
server:sdk-frontend     JSON-RPC Request: method=initialize id=0 +1ms
server:helpers Request body read: size=208 bytes, sessionID=8DrvBC6C..., backendID=github +2ms
server:helpers Request body logged for debugging +916µs
server:session Injecting session context: sessionID=8DrvBC6C..., backendID=github +4ms
server:response_writer Creating new response writer with default status 200 +8ms
server:session Extracting session from request: remote=172.30.0.20:40984, path=/mcp/safeoutputs +970µs
auth:header Extracting session ID from auth header: sanitized=8Drv... +5ms
guard:context Setting agent ID in context: 8DrvBC6CkFw5V9E0q5cLw8AcAjlVNp8oiX0clJWZeWhcAWyeyyruJY2Vh +2.1m
server:session Adding backend ID to context: backendID=github +1ms
server:session Session context injected successfully +349µs
server:routed [CACHE] Cache hit: key=github/8DrvBC6C... +21.2s
auth:header Using plain API key as session ID +1ms
server:session Session extracted successfully: sessionID=8DrvBC6C..., remote=172.30.0.20:40984 +1ms
server:helpers Checking request body: method=POST, hasBody=true, sessionID=8DrvBC6C... +4ms
server:routed [INFO] server connecting +1ms
server:routed [INFO] server session connected session_id=5C2CS7DBR3ZSOORB34MIWCDOHI +324µs
server:response_writer Writing response body: 204 bytes +4ms
server:helpers Request body read: size=208 bytes, sessionID=8DrvBC6C..., backendID=safeoutputs +1ms
server:helpers Request body logged for debugging +737µs
server:session Injecting session context: sessionID=8DrvBC6C..., backendID=safeoutputs +3ms
server:response_writer Retrieving captured body: 204 bytes +1ms
guard:context Setting agent ID in context: 8DrvBC6CkFw5V9E0q5cLw8AcAjlVNp8oiX0clJWZeWhcAWyeyyruJY2Vh +5ms
server:session Adding backend ID to context: backendID=safeoutputs +1ms
server:session Session context injected successfully +322µs
server:routed [CACHE] Cache hit: key=safeoutputs/8DrvBC6C... +3ms
server:response_writer Retrieving captured status code: 200 +1ms
server:sdk-frontend <<< SDK Response [routed:github] status=200 duration=16.299148ms (non-JSON or stream) +11ms
server:sdk-frontend     Raw response: event: message
data: {"jsonrpc":"2.0","id":0,"result":{"capabilities":{"logging":{},"tools":{"listChanged":true}},"protocolVersion":"2025-11-25","serverInfo":{"name":"awmg-github","version":"v0.3.19"}}}

 +391µs
server:routed [INFO] server connecting +1ms
server:routed [INFO] server session connected session_id=AIZ3MLKUVI3LIFX65FDD7PHERN +421µs
server:response_writer Writing response body: 209 bytes +2ms
server:response_writer Retrieving captured body: 209 bytes +452µs
server:response_writer Retrieving captured status code: 200 +385µs
server:sdk-frontend <<< SDK Response [routed:safeoutputs] status=200 duration=17.210353ms (non-JSON or stream) +3ms
server:sdk-frontend     Raw response: event: message
data: {"jsonrpc":"2.0","id":0,"result":{"capabilities":{"logging":{},"tools":{"listChanged":true}},"protocolVersion":"2025-11-25","serverInfo":{"name":"awmg-safeoutputs","version":"v0.3.19"}}}

 +389µs
tracing:provider Handling request: span=gateway.request, method=POST, path=/mcp/github, remoteParent=false +34ms
tracing:provider Span started: span=gateway.request, traceID=00000000000000000000000000000000 +643µs
server:auth Authenticating request: method=POST, path=/mcp/github, remote=172.30.0.20:41000 +35ms
auth:header Extracting session ID from auth header: sanitized=8Drv... +26ms
auth:header Using plain API key as session ID +328µs
server:sdk-frontend >>> SDK Request [routed:github] session=8DrvBC6C... mcp-session=5C2CS7DB... method=POST path=/mcp/github +17ms
server:sdk-frontend     JSON-RPC Request: method=notifications/initialized id=<nil> +357µs
tracing:provider Handling request: span=gateway.request, method=POST, path=/mcp/safeoutputs, remoteParent=false +2ms
server:response_writer Creating new response writer with default status 200 +19ms
tracing:provider Span started: span=gateway.request, traceID=00000000000000000000000000000000 +972µs
server:auth Authenticating request: method=POST, path=/mcp/safeoutputs, remote=172.30.0.20:41016 +3ms
auth:header Extracting session ID from auth header: sanitized=8Drv... +2ms
server:response_writer Setting response status code: 202 +1ms
server:routed [INFO] session initialized +22ms
server:response_writer Retrieving captured body: 0 bytes +352µs
server:response_writer Retrieving captured status code: 202 +316µs
server:sdk-frontend <<< SDK Response [routed:github] status=202 duration=3.739501ms (empty body) +3ms
auth:header Using plain API key as session ID +1ms
server:sdk-frontend >>> SDK Request [routed:safeoutputs] session=8DrvBC6C... mcp-session=AIZ3MLKU... method=POST path=/mcp/safeoutputs +1ms
server:sdk-frontend     JSON-RPC Request: method=notifications/initialized id=<nil> +373µs
server:response_writer Creating new response writer with default status 200 +2ms
server:response_writer Setting response status code: 202 +391µs
server:routed [INFO] session initialized +3ms
server:response_writer Retrieving captured body: 0 bytes +653µs
tracing:provider Handling request: span=gateway.request, method=GET, path=/mcp/github, remoteParent=false +6ms
server:response_writer Retrieving captured status code: 202 +510µs
server:sdk-frontend <<< SDK Response [routed:safeoutputs] status=202 duration=4.898285ms (empty body) +2ms
tracing:provider Span started: span=gateway.request, traceID=00000000000000000000000000000000 +1ms
server:auth Authenticating request: method=GET, path=/mcp/github, remote=172.30.0.20:40972 +7ms
auth:header Extracting session ID from auth header: sanitized=8Drv... +6ms
auth:header Using plain API key as session ID +364µs
server:sdk-frontend >>> SDK Request [routed:github] session=8DrvBC6C... mcp-session=5C2CS7DB... method=GET path=/mcp/github +2ms
server:response_writer Creating new response writer with default status 200 +3ms
tracing:provider Handling request: span=gateway.request, method=GET, path=/mcp/safeoutputs, remoteParent=false +2ms
server:response_writer Setting response status code: 200 +410µs
tracing:provider Span started: span=gateway.request, traceID=00000000000000000000000000000000 +1ms
server:auth Authenticating request: method=GET, path=/mcp/safeoutputs, remote=172.30.0.20:40984 +3ms
auth:header Extracting session ID from auth header: sanitized=8Drv... +2ms
auth:header Using plain API key as session ID +487µs
server:sdk-frontend >>> SDK Request [routed:safeoutputs] session=8DrvBC6C... mcp-session=AIZ3MLKU... method=GET path=/mcp/safeoutputs +3ms
server:response_writer Creating new response writer with default status 200 +2ms
server:response_writer Setting response status code: 200 +375µs
tracing:provider Handling request: span=gateway.request, method=POST, path=/mcp/github, remoteParent=false +29ms
tracing:provider Span started: span=gateway.request, traceID=00000000000000000000000000000000 +553µs
server:auth Authenticating request: method=POST, path=/mcp/github, remote=172.30.0.20:41000 +30ms
auth:header Extracting session ID from auth header: sanitized=8Drv... +29ms
auth:header Using plain API key as session ID +283µs
server:sdk-frontend >>> SDK Request [routed:github] session=8DrvBC6C... mcp-session=5C2CS7DB... method=POST path=/mcp/github +30ms
tracing:provider Handling request: span=gateway.request, method=POST, path=/mcp/safeoutputs, remoteParent=false +2ms
server:sdk-frontend     JSON-RPC Request: method=tools/list id=1 +539µs
tracing:provider Span started: span=gateway.request, traceID=00000000000000000000000000000000 +534µs
server:response_writer Creating new response writer with default status 200 +31ms
server:response_writer Writing response body: 4441 bytes +842µs
server:auth Authenticating request: method=POST, path=/mcp/safeoutputs, remote=172.30.0.20:41016 +4ms
auth:header Extracting session ID from auth header: sanitized=8Drv... +4ms
server:response_writer Retrieving captured body: 4441 bytes +1ms
auth:header Using plain API key as session ID +1ms
server:response_writer Retrieving captured status code: 200 +1ms
server:sdk-frontend <<< SDK Response [routed:github] status=200 duration=5.12178ms (non-JSON or stream) +5ms
server:sdk-frontend     Raw response (truncated): event: message
data: {"jsonrpc":"2.0","id":1,"result":{"tools":[{"description":"[github] Get a specific label from a repository.","inputSchema":{"properties":{"name":{"description":"Label name.","type":"string"},"owner":{"description":"Repository owner (username or organization name)","type":"string"},"repo":{"description":"Repository name","type":"string"}},"required":["owner","repo","name"],"type":"object"},"name":"get_label"},{"description":"[github] Get information about a specific issue in ... +348µs
server:sdk-frontend >>> SDK Request [routed:safeoutputs] session=8DrvBC6C... mcp-session=AIZ3MLKU... method=POST path=/mcp/safeoutputs +753µs
server:sdk-frontend     JSON-RPC Request: method=tools/list id=1 +470µs
server:response_writer Creating new response writer with default status 200 +2ms
server:response_writer Writing response body: 8550 bytes +808µs
server:response_writer Retrieving captured body: 8550 bytes +506µs
server:response_writer Retrieving captured status code: 200 +452µs
server:sdk-frontend <<< SDK Response [routed:safeoutputs] status=200 duration=5.541736ms (non-JSON or stream) +2ms
server:sdk-frontend     Raw response (truncated): event: message
data: {"jsonrpc":"2.0","id":1,"result":{"tools":[{"description":"[safeoutputs] WRITE-ONCE: do NOT call this tool with empty or placeholder arguments to probe or discover its schema — the required `body` field is listed in this schema; if you are not ready to post a real comment, call `noop` instead. Adds a comment to an existing GitHub issue, pull request, or discussion. Use this to provide feedback, answer questions, or add information to an existing conversation. For creating ... +340µs
tracing:provider Handling request: span=gateway.request, method=POST, path=/mcp/github, remoteParent=false +38ms
tracing:provider Span started: span=gateway.request, traceID=00000000000000000000000000000000 +515µs
server:auth Authenticating request: method=POST, path=/mcp/github, remote=172.30.0.20:41018 +37ms
auth:header Extracting session ID from auth header: sanitized=8Drv... +35ms
auth:header Using plain API key as session ID +335µs
server:sdk-frontend >>> SDK Request [routed:github] session=8DrvBC6C... mcp-session=5C2CS7DB... method=POST path=/mcp/github +31ms
server:sdk-frontend     JSON-RPC Request: method=tools/list id=2 +382µs
tracing:provider Handling request: span=gateway.request, method=POST, path=/mcp/safeoutputs, remoteParent=false +2ms
server:response_writer Creating new response writer with default status 200 +32ms
server:response_writer Writing response body: 4441 bytes +740µs
tracing:provider Span started: span=gateway.request, traceID=00000000000000000000000000000000 +1ms
server:response_writer Retrieving captured body: 4441 bytes +631µs
server:auth Authenticating request: method=POST, path=/mcp/safeoutputs, remote=172.30.0.20:41020 +4ms
auth:header Extracting session ID from auth header: sanitized=8Drv... +3ms
auth:header Using plain API key as session ID +404µs
server:response_writer Retrieving captured status code: 200 +1ms
server:sdk-frontend <<< SDK Response [routed:github] status=200 duration=3.189785ms (non-JSON or stream) +4ms
server:sdk-frontend     Raw response (truncated): event: message
data: {"jsonrpc":"2.0","id":2,"result":{"tools":[{"description":"[github] Get a specific label from a repository.","inputSchema":{"properties":{"name":{"description":"Label name.","type":"string"},"owner":{"description":"Repository owner (username or organization name)","type":"string"},"repo":{"description":"Repository name","type":"string"}},"required":["owner","repo","name"],"type":"object"},"name":"get_label"},{"description":"[github] Get information about a specific issue in ... +403µs
server:sdk-frontend >>> SDK Request [routed:safeoutputs] session=8DrvBC6C... mcp-session=AIZ3MLKU... method=POST path=/mcp/safeoutputs +722µs
server:sdk-frontend     JSON-RPC Request: method=tools/list id=2 +320µs
server:response_writer Creating new response writer with default status 200 +2ms
server:response_writer Writing response body: 8550 bytes +645µs
server:response_writer Retrieving captured body: 8550 bytes +438µs
server:response_writer Retrieving captured status code: 200 +357µs
server:sdk-frontend <<< SDK Response [routed:safeoutputs] status=200 duration=4.290541ms (non-JSON or stream) +2ms
server:sdk-frontend     Raw response (truncated): event: message
data: {"jsonrpc":"2.0","id":2,"result":{"tools":[{"description":"[safeoutputs] WRITE-ONCE: do NOT call this tool with empty or placeholder arguments to probe or discover its schema — the required `body` field is listed in this schema; if you are not ready to post a real comment, call `noop` instead. Adds a comment to an existing GitHub issue, pull request, or discussion. Use this to provide feedback, answer questions, or add information to an existing conversation. For creating ... +311µs
launcher:launcher Retrieved server IDs: count=2, ids=[github safeoutputs] +30.0s
launcher:health Running health check: checking 2 servers +30.0s
launcher:launcher Retrieved server IDs: count=2, ids=[github safeoutputs] +30.0s
launcher:health Running health check: checking 2 servers +30.0s
launcher:launcher Retrieved server IDs: count=2, ids=[safeoutputs github] +30.0s
launcher:health Running health check: checking 2 servers +30.0s
tracing:provider Handling request: span=gateway.request, method=DELETE, path=/mcp/github, remoteParent=false +1.6m
tracing:provider Handling request: span=gateway.request, method=DELETE, path=/mcp/safeoutputs, remoteParent=false +194µs
tracing:provider Span started: span=gateway.request, traceID=00000000000000000000000000000000 +360µs
server:auth Authenticating request: method=DELETE, path=/mcp/github, remote=172.30.0.20:53448 +1.6m
auth:header Extracting session ID from auth header: sanitized=8Drv... +1.6m
tracing:provider Span started: span=gateway.request, traceID=00000000000000000000000000000000 +1ms
server:auth Authenticating request: method=DELETE, path=/mcp/safeoutputs, remote=172.30.0.20:53462 +1ms
auth:header Extracting session ID from auth header: sanitized=8Drv... +1ms
auth:header Using plain API key as session ID +306µs
server:sdk-frontend >>> SDK Request [routed:github] session=8DrvBC6C... mcp-session=5C2CS7DB... method=DELETE path=/mcp/github +1.6m
server:response_writer Creating new response writer with default status 200 +1.6m
server:response_writer Retrieving captured body: 0 bytes +407µs
server:routed [INFO] server session disconnected session_id=5C2CS7DBR3ZSOORB34MIWCDOHI +1.6m
auth:header Using plain API key as session ID +1ms
server:sdk-frontend >>> SDK Request [routed:safeoutputs] session=8DrvBC6C... mcp-session=AIZ3MLKU... method=DELETE path=/mcp/safeoutputs +1ms
server:response_writer Retrieving captured status code: 200 +1ms
server:response_writer Setting response status code: 204 +367µs
server:response_writer Retrieving captured body: 0 bytes +317µs
server:response_writer Retrieving captured status code: 204 +313µs
server:sdk-frontend <<< SDK Response [routed:github] status=204 duration=4.503506ms (empty body) +1ms
server:response_writer Creating new response writer with default status 200 +693µs
server:sdk-frontend <<< SDK Response [routed:github] status=200 duration=1m34.875685855s (empty body) +646µs
server:response_writer Retrieving captured body: 0 bytes +976µs
server:routed [INFO] server session disconnected session_id=AIZ3MLKUVI3LIFX65FDD7PHERN +3ms
server:response_writer Retrieving captured status code: 200 +688µs
server:sdk-frontend <<< SDK Response [routed:safeoutputs] status=200 duration=1m34.876217105s (empty body) +1ms
server:response_writer Setting response status code: 204 +977µs
server:response_writer Retrieving captured body: 0 bytes +300µs
server:response_writer Retrieving captured status code: 204 +290µs
server:sdk-frontend <<< SDK Response [routed:safeoutputs] status=204 duration=7.082965ms (empty body) +1ms
server:response_writer Creating new response writer with default status 200 +1.7s
server:auth Authenticating request: method=POST, path=/close, remote=[::1]:45400 +1.7s
2026/08/25 13:50:28 [[::1]:45400] POST /close
server:handlers Initiating gateway shutdown +7.6m
launcher:health Stopping health monitor, waiting for background goroutine to finish +8.9s
launcher:health Health monitor stopped +354µs
launcher:launcher Retrieved server IDs: count=2, ids=[github safeoutputs] +8.9s
launcher:launcher Closing launcher: connections=2, hasSessionPool=true +686µs
launcher:launcher Closing 2 connections +303µs
mcp:connection Closing connection: serverID=safeoutputs, isHTTP=true +7.6m
mcp:connection Closing connection: serverID=github, isHTTP=false +1ms
launcher:launcher Stopping session connection pool +3ms
launcher:pool Stopping connection pool +7.7m
launcher:pool Context cancelled, stopping cleanup +324µs
launcher:pool Cleanup goroutine stopped +392µs
launcher:pool Connection pool stopped +498µs
launcher:launcher Launcher closed successfully +1ms
guard:wasm Closing global compilation cache +7.7m
guard:wasm Global compilation cache closed +332µs
server:handlers Shutdown completed: servers_terminated=2 +10ms
httputil:httputil Writing JSON response: statusCode=200 +7.6m
server:response_writer Setting response status code: 200 +12ms
httputil:httputil JSON response body size: 80 bytes +679µs
server:response_writer Writing response body: 80 bytes +665µs
2026/08/25 13:50:28 Gateway shutdown initiated. Terminated 2 server(s)
server:response_writer Retrieving captured body: 80 bytes +872µs
server:response_writer Retrieving captured body: 80 bytes +384µs
server:response_writer Retrieving captured status code: 200 +377µs
server:helpers [[::1]:45400] POST /close - Status: 200, Response: {"message":"Gateway shutdown initiated","serversTerminated":2,"status":"closed"} +1.6m
cmd:root Shutting down tracing provider +7.6m
2026/08/25 13:50:28 Shutting down...
cmd:root Tracing provider shut down successfully +859µs
