[INFO] Starting MCP Gateway in containerized mode...
[INFO] Auto-detected baked-in WASM guards at /guards
[INFO] MCP_GATEWAY_WASM_GUARDS_DIR=/guards
[INFO] Running in containerized environment
[WARN] Could not determine container ID
[INFO] Docker daemon is accessible
[INFO] Required environment variables are set
[INFO] Set DOCKER_API_VERSION=1.48 (server current)
[INFO] Detecting host IP for container networking...
[INFO] Method 1 (primary interface): 10.1.1.217
[INFO] Using host IP: 10.1.1.217
[INFO] host.docker.internal already exists in /etc/hosts
[INFO] Gateway will listen on 0.0.0.0:8080
[INFO] Log directory: /tmp/gh-aw/mcp-logs/
[INFO] Command: ./awmg --routed --listen 0.0.0.0:8080 --config-stdin --log-dir /tmp/gh-aw/mcp-logs/
[INFO] Waiting for JSON configuration on stdin...
[INFO] 
[INFO] IMPORTANT: Configuration must be provided via stdin.
[INFO] No default configuration is used in containerized mode.
[INFO] 
config:feature Registered defaults setter: total=1 +84µs
config:feature Registered defaults setter: total=2 +10µs
config:feature Registered stdin converter: total=1 +2µs
cmd:root Checking for baked-in guard at /guards/github/00-github-guard.wasm +2µs
cmd:root Auto-detected baked-in guard: /guards/github/00-github-guard.wasm +37µs
cmd:root WASM cache dir resolved from default (logDir="/tmp/gh-aw/mcp-logs/"): "/tmp/gh-aw/mcp-logs/wazero-cache" +19µs
cmd:root Registering 5 flag groups +49µs
cmd:root WASM cache dir resolved from default (logDir="/tmp/gh-aw/mcp-logs/"): "/tmp/gh-aw/mcp-logs/wazero-cache" +62µs
cmd:root Flag group registration complete +14µs
cmd:root Registering flag completion functions +3µs
main:main Starting MCP Gateway application +761ns
version:version BuildVersionString: mainVersion="v0.3.19", gitCommit="", buildDate="" +3ms
version:version vcsCommitFromBuildInfo: vcs.revision not found in build settings +16µs
version:version BuildVersionString: result="v0.3.19" +21µs
main:main Built version string: v0.3.19 +45µs
version:version Setting gateway version: v0.3.19 +37µs
main:main Executing root command +37µs
2026/10/02 13:36:03 Logging level: DEBUG=* (from environment)
2026/10/02 13:36:03 Logging to file: /tmp/gh-aw/mcp-logs/mcp-gateway.log
2026/10/02 13:36:03 Initialized per-serverID logging in directory: /tmp/gh-aw/mcp-logs/
2026/10/02 13:36:03 Tools logging to file: /tmp/gh-aw/mcp-logs/tools.json
cmd:root Starting MCPG with config: stdin, listen: 0.0.0.0:8080 +2ms
cmd:root WASM cache dir resolved from default (logDir="/tmp/gh-aw/mcp-logs/"): "/tmp/gh-aw/mcp-logs/wazero-cache" +234µs
cmd:root Configuring WASM compilation cache: resolvedDir="/tmp/gh-aw/mcp-logs/wazero-cache", flagChanged=false +239µs
guard:wasm Configuring global compilation cache: dir="/tmp/gh-aw/mcp-logs/wazero-cache" +6ms
guard:wasm Creating disk-backed compilation cache: dir=/tmp/gh-aw/mcp-logs/wazero-cache +262µs
guard:wasm Global compilation cache replaced successfully +359µs
cmd:root WASM compilation cache configured: mode=disk, dir="/tmp/gh-aw/mcp-logs/wazero-cache" +1ms
2026/10/02 13:36:03 WASM compilation cache directory: /tmp/gh-aw/mcp-logs/wazero-cache
2026/10/02 13:36:03 Reading configuration from stdin...
config:config Loading configuration from stdin JSON +5ms
config:config Read 733 bytes from stdin +220µs
config:validation Expanding variables: context=raw JSON data +6ms
config:validation Expanded variable: GITHUB_SERVER_URL (found in environment) +225µs
config:validation Expanded variable: GITHUB_MCP_SERVER_TOKEN (found in environment) +225µs
config:validation Expanded variable: GH_AW_SAFE_OUTPUTS_API_KEY (found in environment) +240µs
config:validation Variable expansion completed: context=raw JSON data, undefined_count=0 +268µs
config:validation_schema Starting JSON schema validation: data_size=1114 bytes +7ms
config:validation_schema Compiling JSON schema for the first time +245µs
config:validation_schema Applied customServerConfig type fix: replaced negative-lookahead pattern with not-enum constraint +446µs
config:validation_schema Applied customSchemas patternProperties fix: replaced negative-lookahead key "^(?!stdio$|http$)[a-z][a-z0-9-]*$" with ^[a-z][a-z0-9-]*$ +240µs
config:validation_schema Added registry and Added guard-policies fields in stdioServerConfig +232µs
config:validation_schema Added registry and Updated guard-policies fields in httpServerConfig +236µs
config:validation_schema Added trustedBots and keepaliveInterval fields to gatewayConfig +280µs
config:validation_schema Schema fixes applied in 1.842139ms +625µs
config:validation_schema Schema compiled and cached successfully +2ms
config:validation_schema Schema compilation/retrieval took: 4.829577ms +243µs
config:validation_schema JSON parsing took: 18.034µs +393µs
config:validation_schema Schema validation took: 96.009µs +384µs
config:validation_schema Total validation completed successfully in 6.102015ms +249µs
config:config Parsed stdin config with 2 servers +8ms
config:validation_schema Validating string patterns: server_count=2 +631µs
config:validation_schema Validating server: name=github, type=stdio +227µs
config:validation_schema Validating server: name=safeoutputs, type=http +246µs
config:validation Validating gateway configuration +7ms
config:validation Validating gateway port: 8080 +276µs
config:rules Validating port range: port=8080, jsonPath=gateway.port +18ms
config:validation Validating payload directory: /tmp/gh-aw/mcp-payloads +585µs
config:rules Validating absolute path: field=payloadDir, value=/tmp/gh-aw/mcp-payloads, jsonPath=gateway.payloadDir +624µs
config:rules Valid Unix absolute path: /tmp/gh-aw/mcp-payloads +212µs
config:validation Gateway config validation passed +737µs
config:validation Validating gateway configuration +214µs
config:validation Validating gateway port: 8080 +215µs
config:rules Validating port range: port=8080, jsonPath=gateway.port +962µs
config:validation Validating payload directory: /tmp/gh-aw/mcp-payloads +521µs
config:rules Validating absolute path: field=payloadDir, value=/tmp/gh-aw/mcp-payloads, jsonPath=gateway.payloadDir +481µs
config:rules Valid Unix absolute path: /tmp/gh-aw/mcp-payloads +228µs
config:validation Gateway config validation passed +742µs
config:config_stdin Converting stdin config: 2 servers +18ms
config:config MCP_GATEWAY_TOOL_TIMEOUT not set in environment +4ms
config:feature Applying 2 default setter(s) +18ms
config:feature All default setters applied +254µs
config:validation Validating server config: name=github, type=stdio +1ms
config:validation Server config validation passed: name=github, type=stdio +237µs
config:config_stdin Server "github": expanding 4 environment variable(s) +1ms
config:validation Expanding env variables for server: github, count=4 +503µs
config:validation Expanding variables: context=jsonPath=mcpServers.github.env.GITHUB_HOST +235µs
config:validation Variable expansion completed: context=jsonPath=mcpServers.github.env.GITHUB_HOST, undefined_count=0 +223µs
config:validation Expanding variables: context=jsonPath=mcpServers.github.env.GITHUB_PERSONAL_ACCESS_TOKEN +228µs
config:validation Variable expansion completed: context=jsonPath=mcpServers.github.env.GITHUB_PERSONAL_ACCESS_TOKEN, undefined_count=0 +292µs
config:validation Expanding variables: context=jsonPath=mcpServers.github.env.GITHUB_READ_ONLY +231µs
config:validation Variable expansion completed: context=jsonPath=mcpServers.github.env.GITHUB_READ_ONLY, undefined_count=0 +210µs
config:validation Expanding variables: context=jsonPath=mcpServers.github.env.GITHUB_TOOLSETS +218µs
config:validation Variable expansion completed: context=jsonPath=mcpServers.github.env.GITHUB_TOOLSETS, undefined_count=0 +244µs
config:validation Env variable expansion completed for server: github +231µs
config:config_stdin Converting server "github": type=stdio +2ms
config:config_stdin Server "github": configured stdio container=ghcr.io/github/github-mcp-server:v1.0.4, env_vars=4, mounts=0 +238µs
config:config Configured stdio MCP server: name=github, container=ghcr.io/github/github-mcp-server:v1.0.4 +4ms
config:validation Validating server config: name=safeoutputs, type=http +958µs
config:validation Server config validation passed: name=safeoutputs, type=http +228µs
config:config_stdin Server "safeoutputs": expanding 1 HTTP header(s) +995µs
config:validation Expanding env variables for server: safeoutputs, count=1 +507µs
config:validation Expanding variables: context=jsonPath=mcpServers.safeoutputs.env.Authorization +481µs
config:validation Variable expansion completed: context=jsonPath=mcpServers.safeoutputs.env.Authorization, undefined_count=0 +259µs
config:validation Env variable expansion completed for server: safeoutputs +236µs
config:config_stdin Converting server "safeoutputs": type=http +1ms
config:config Configured HTTP MCP server: name=safeoutputs, url=http://host.docker.internal:3001 +2ms
2026/10/02 13:36:03 [CONFIG] Configured HTTP MCP server: safeoutputs -> http://host.docker.internal:3001
config:feature Applying 1 stdin converter(s) +6ms
config:feature All stdin converters applied +228µs
config:validation Validating guard policies: count=0 +1ms
config:config Converted stdin config to internal format with 2 servers +962µs
cmd:root Configuration loaded with 2 servers +21ms
2026/10/02 13:36:03 Loaded 2 MCP server(s)
config:guard_policy ResolveGuardPolicyOverride: cliChanged=false, hasCLIPolicyJSON=false, allowOnlyPublic=false, owner="", repo="", minIntegrity="" +27ms
config:guard_policy ResolveGuardPolicyOverride: no guard policy configured (nil) +225µs
difc:sink_server_ids Setting sink server IDs: input_count=0 +30ms
difc:sink_server_ids No sink server IDs provided, clearing configuration +265µs
2026/10/02 13:36:03 Guards sink server ID logging enrichment disabled (no sink server IDs configured)
2026/10/02 13:36:03 Parallel server launching enabled (default)
cmd:root Server mode: routed, guards mode: strict +2ms
cmd:root Initializing tracing provider +385µs
tracing:provider Tracing disabled: no OTLP endpoint configured +29ms
cmd:root Tracing provider initialized successfully +555µs
2026/10/02 13:36:03 OpenTelemetry tracing disabled (no OTLP endpoint configured)
server:unified Creating new unified server: sequentialLaunch=false, servers=2 +29ms
launcher:launcher Creating new launcher with 2 configured servers +31ms
sys:container Detecting container environment +34ms
sys:container Container detected via /.dockerenv +241µs
2026/10/02 13:36:03 [LAUNCHER] Detected running inside a container
config:config Resolved gateway config after defaulting: port=8080, startupTimeout=30, toolTimeout=60, keepaliveInterval=1500 +5ms
config:feature Applying 2 default setter(s) +6ms
config:feature All default setters applied +239µs
launcher:launcher Using startup timeout: 30s +1ms
launcher:pool Creating new session connection pool: idleTimeout=6h0m0s, cleanupInterval=5m0s, maxErrors=10 +32ms
server:unified Payload configuration: dir=/tmp/gh-aw/mcp-payloads, pathPrefix=, sizeThreshold=524288 bytes (512.00 KB) +2ms
launcher:pool Cleanup goroutine started +421µs
difc:agent Creating agent registry with defaults: secrecyTags=0, integrityTags=0 +36ms
difc:capabilities Creating new capabilities set +36ms
launcher:launcher Retrieved server IDs: count=2, ids=[github safeoutputs] +1ms
server:system_tools Creating new SysServer with 2 servers: [github safeoutputs] +33ms
server:unified Built allowed tool sets: 0 server(s) with tool restrictions +1ms
server:circuit_breaker Creating circuit breaker: serverID=github, threshold=3, cooldown=1m0s +33ms
server:circuit_breaker Created circuit breaker for server github: threshold=0, cooldown=0s +597µs
server:circuit_breaker Creating circuit breaker: serverID=safeoutputs, threshold=3, cooldown=1m0s +266µs
server:circuit_breaker Created circuit breaker for server safeoutputs: threshold=0, cooldown=0s +275µs
server:circuit_breaker buildCircuitBreakers: created 2 circuit breakers +252µs
guard:registry Creating new guard registry +39ms
launcher:launcher Retrieved server IDs: count=2, ids=[safeoutputs github] +2ms
server:guard_init Searching for WASM guard file: serverID=safeoutputs, dir=/guards/safeoutputs +36ms
server:guard_init No WASM guard directory found for serverID=safeoutputs +293µs
server:guard_init Resolving guard policy: serverID=safeoutputs +231µs
config:guard_policy ParseServerGuardPolicy: serverID=safeoutputs, keyCount=1 +11ms
config:guard_policy ParsePolicyMap: hasAllowOnly=false, hasWriteSink=true, keyCount=1 +223µs
config:guard_policy Parsing guard policy JSON: len=31 +264µs
config:guard_policy UnmarshalJSON: parsing guard policy, keys=1 +240µs
config:guard_policy UnmarshalJSON: guard policy type is write-sink +244µs
config:guard_policy ValidateGuardPolicy: delegating to write-sink validation, acceptCount=1 +221µs
config:guard_policy ValidateWriteSinkPolicy: acceptCount=1 +223µs
config:guard_policy ValidateWriteSinkPolicy: wildcard accept, policy is valid +254µs
server:guard_init Using server-level guard policy: serverID=safeoutputs +2ms
guard:write-sink Creating write-sink guard with 1 accept patterns +43ms
server:guard_init Resolving guard policy: serverID=safeoutputs +960µs
config:guard_policy ParseServerGuardPolicy: serverID=safeoutputs, keyCount=1 +1ms
config:guard_policy ParsePolicyMap: hasAllowOnly=false, hasWriteSink=true, keyCount=1 +253µs
config:guard_policy Parsing guard policy JSON: len=31 +220µs
config:guard_policy UnmarshalJSON: parsing guard policy, keys=1 +252µs
config:guard_policy UnmarshalJSON: guard policy type is write-sink +223µs
config:guard_policy ValidateGuardPolicy: delegating to write-sink validation, acceptCount=1 +235µs
config:guard_policy ValidateWriteSinkPolicy: acceptCount=1 +293µs
config:guard_policy ValidateWriteSinkPolicy: wildcard accept, policy is valid +214µs
server:guard_init Using server-level guard policy: serverID=safeoutputs +2ms
guard:registry Registering guard for serverID=safeoutputs, guardName=write-sink +7ms
server:guard_init Searching for WASM guard file: serverID=github, dir=/guards/github +1ms
server:guard_init Found WASM guard file: serverID=github, path=/guards/github/00-github-guard.wasm +374µs
guard:wasm Creating WASM guard: name=github, path=/guards/github/00-github-guard.wasm +41ms
guard:wasm Creating WASM guard from bytes: name=github, size=310015 +288µs
guard:wasm Instantiating WASM host functions: guard=github +656µs
guard:wasm WASM host functions instantiated: guard=github (call_backend, host_log) +321µs
guard:wasm WASM guard created successfully: name=github +113ms
server:guard_init Resolving guard policy: serverID=github +115ms
config:guard_policy ParseServerGuardPolicy: serverID=github, keyCount=1 +118ms
config:guard_policy ParsePolicyMap: hasAllowOnly=true, hasWriteSink=false, keyCount=1 +262µs
config:guard_policy Parsing guard policy JSON: len=112 +280µs
config:guard_policy UnmarshalJSON: parsing guard policy, keys=1 +240µs
config:guard_policy UnmarshalJSON: parsing allow-only policy, fields=5 +276µs
config:guard_policy UnmarshalJSON: allow-only policy parsed, repos=string, minIntegrity=none +244µs
config:guard_policy UnmarshalJSON: guard policy type is allow-only +221µs
config:guard_policy ValidateGuardPolicy: delegating to allow-only normalization +216µs
config:guard_policy Normalizing guard policy: integrity=none, reposType=string +219µs
config:guard_policy Guard policy normalized: scopeKind=all, integrity=none +234µs
server:guard_init Using server-level guard policy: serverID=github +2ms
guard:registry Registering guard for serverID=github, guardName=github +120ms
server:unified Auto-enabled DIFC: non-noop guard, global policy, or per-server guard policies detected +130ms
launcher:launcher Retrieved server IDs: count=2, ids=[safeoutputs github] +129ms
server:unified Registered 2 sys tools +1ms
launcher:launcher Retrieved server IDs: count=2, ids=[github safeoutputs] +1ms
server:unified Registering tools in parallel from 2 backends +528µs
server:unified Registering tools from backend: safeoutputs +305µs
server:unified Registering tools from backend: github +1µs
launcher:launcher Connection not found in cache, launching new: serverID=safeoutputs +2ms
launcher:launcher Retrieved server config: serverID=safeoutputs, type=http +448µs
mcp:http_transport Wrapping HTTP client with 1 custom header(s) +170ms
mcp:http_transport Attempting streamable HTTP transport: serverID=safeoutputs, url=http://host.docker.internal:3001, connectTimeout=30s +511µs
mcp:http_transport Creating HTTP connection: serverID=safeoutputs, url=http://host.docker.internal:3001, transport=streamable, headers=1, keepAlive=25m0s, connectTimeout=30s +4ms
mcp:connection Connected with streamable HTTP transport +176ms
launcher:launcher Recorded server start: serverID=safeoutputs +7ms
launcher:launcher Connection not found in cache, launching new: serverID=github +266µs
launcher:launcher Retrieved server config: serverID=github, type=stdio +260µs
launcher:launcher Launching new server: serverID=github, command=docker, inContainer=true, isDirectCommand=false +1ms
mcp:connection Dispatching SDK method: tools/list, serverID=safeoutputs +2ms
2026/10/02 13:36:04 [LAUNCHER] Command: docker
2026/10/02 13:36:04 [LAUNCHER] Args: [run --rm -i -e NO_COLOR=... -e TERM=... -e PYTHONUNBUFFERED=... -e GITHUB_PERSONAL_ACCESS_TOKEN=ghs_... -e GITHUB_READ_ONLY=... -e GITHUB_TOOLSETS=issu... -e GITHUB_HOST=http... ghcr.io/github/github-mcp-server:v1.0.4]
2026/10/02 13:36:04 [LAUNCHER] Starting server with 30s timeout
launcher:launcher Starting server with timeout: serverID=github, sessionID=, timeout=30s +243µs
launcher:launcher Starting connection goroutine: serverID=github +249µs
envutil:expand Expanding env args: input_count=18 +182ms
envutil:expand Env args expansion complete: output_count=18 +235µs
mcp:connection Expanded args for Docker env: [run --rm -i -e NO_COLOR=... -e TERM=... -e PYTHONUNBUFFERED=... -e GITHUB_PERSONAL_ACCESS_TOKEN=ghs_... -e GITHUB_READ_ONLY=... -e GITHUB_TOOLSETS=issu... -e GITHUB_HOST=http... ghcr.io/github/github-mcp-server:v1.0.4] +1ms
mcp:connection listTools: listing tools from serverID=safeoutputs +223µs
mcp:connection listtools: requesting tools list from backend serverID=safeoutputs +270µs
mcp:connection Initiating MCP server connection and handshake +1ms
mcp:connection listtools: received page of 6 tools from serverID=safeoutputs +951µs
mcp:connection listtools: received 6 tools total from serverID=safeoutputs +418µs
mcp:schema Normalizing input schema for tool: safeoutputs___add_comment +197ms
mcp:schema Tool safeoutputs___add_comment schema analysis: hasType=true +301µs
mcp:schema Tool safeoutputs___add_comment object type schema: hasProperties=true, hasAdditionalProperties=true +369µs
mcp:schema Tool safeoutputs___add_comment schema is valid, no normalization needed +276µs
middleware:jqschema ShouldApplyMiddleware: tool=safeoutputs___add_comment, applies=true +198ms
middleware:jqschema WrapToolHandler: wrapping tool=safeoutputs___add_comment, sizeThreshold=524288 bytes, baseDir=/tmp/gh-aw/mcp-payloads, pathPrefixSet=false +324µs
server:unified Registered tool: safeoutputs-add_comment +31ms
mcp:schema Normalizing input schema for tool: safeoutputs___add_labels +1ms
mcp:schema Tool safeoutputs___add_labels schema analysis: hasType=true +767µs
mcp:schema Tool safeoutputs___add_labels object type schema: hasProperties=true, hasAdditionalProperties=true +480µs
mcp:schema Tool safeoutputs___add_labels schema is valid, no normalization needed +428µs
middleware:jqschema ShouldApplyMiddleware: tool=safeoutputs___add_labels, applies=true +2ms
middleware:jqschema WrapToolHandler: wrapping tool=safeoutputs___add_labels, sizeThreshold=524288 bytes, baseDir=/tmp/gh-aw/mcp-payloads, pathPrefixSet=false +485µs
server:unified Registered tool: safeoutputs-add_labels +3ms
mcp:schema Normalizing input schema for tool: safeoutputs___missing_tool +1ms
mcp:schema Tool safeoutputs___missing_tool schema analysis: hasType=true +339µs
mcp:schema Tool safeoutputs___missing_tool object type schema: hasProperties=true, hasAdditionalProperties=true +558µs
mcp:schema Tool safeoutputs___missing_tool schema is valid, no normalization needed +359µs
middleware:jqschema ShouldApplyMiddleware: tool=safeoutputs___missing_tool, applies=true +2ms
middleware:jqschema WrapToolHandler: wrapping tool=safeoutputs___missing_tool, sizeThreshold=524288 bytes, baseDir=/tmp/gh-aw/mcp-payloads, pathPrefixSet=false +299µs
server:unified Registered tool: safeoutputs-missing_tool +2ms
mcp:schema Normalizing input schema for tool: safeoutputs___noop +1ms
mcp:schema Tool safeoutputs___noop schema analysis: hasType=true +233µs
mcp:schema Tool safeoutputs___noop object type schema: hasProperties=true, hasAdditionalProperties=true +318µs
mcp:schema Tool safeoutputs___noop schema is valid, no normalization needed +250µs
middleware:jqschema ShouldApplyMiddleware: tool=safeoutputs___noop, applies=true +1ms
middleware:jqschema WrapToolHandler: wrapping tool=safeoutputs___noop, sizeThreshold=524288 bytes, baseDir=/tmp/gh-aw/mcp-payloads, pathPrefixSet=false +242µs
server:unified Registered tool: safeoutputs-noop +2ms
mcp:schema Normalizing input schema for tool: safeoutputs___missing_data +1ms
mcp:schema Tool safeoutputs___missing_data schema analysis: hasType=true +287µs
mcp:schema Tool safeoutputs___missing_data object type schema: hasProperties=true, hasAdditionalProperties=true +235µs
mcp:schema Tool safeoutputs___missing_data schema is valid, no normalization needed +359µs
middleware:jqschema ShouldApplyMiddleware: tool=safeoutputs___missing_data, applies=true +1ms
middleware:jqschema WrapToolHandler: wrapping tool=safeoutputs___missing_data, sizeThreshold=524288 bytes, baseDir=/tmp/gh-aw/mcp-payloads, pathPrefixSet=false +205µs
server:unified Registered tool: safeoutputs-missing_data +1ms
mcp:schema Normalizing input schema for tool: safeoutputs___report_incomplete +1ms
mcp:schema Tool safeoutputs___report_incomplete schema analysis: hasType=true +220µs
mcp:schema Tool safeoutputs___report_incomplete object type schema: hasProperties=true, hasAdditionalProperties=true +272µs
mcp:schema Tool safeoutputs___report_incomplete schema is valid, no normalization needed +413µs
middleware:jqschema ShouldApplyMiddleware: tool=safeoutputs___report_incomplete, applies=true +1ms
middleware:jqschema WrapToolHandler: wrapping tool=safeoutputs___report_incomplete, sizeThreshold=524288 bytes, baseDir=/tmp/gh-aw/mcp-payloads, pathPrefixSet=false +940µs
server:unified Registered tool: safeoutputs-report_incomplete +2ms
server:unified Registered 6 tools from safeoutputs: safeoutputs-add_comment, safeoutputs-add_labels, safeoutputs-missing_tool, safeoutputs-noop, safeoutputs-missing_data, safeoutputs-report_incomplete +229µs
launcher:launcher Connection established: serverID=github +157ms
launcher:launcher Recorded server start: serverID=github +551µs
mcp:connection Dispatching SDK method: tools/list, serverID=github +156ms
mcp:connection listTools: listing tools from serverID=github +203µs
mcp:connection listtools: requesting tools list from backend serverID=github +276µs
mcp:connection listtools: received page of 6 tools from serverID=github +1ms
mcp:connection listtools: received 6 tools total from serverID=github +273µs
mcp:schema Normalizing input schema for tool: github___get_label +159ms
mcp:schema Tool github___get_label schema analysis: hasType=true +301µs
mcp:schema Tool github___get_label object type schema: hasProperties=true, hasAdditionalProperties=false +256µs
mcp:schema Tool github___get_label schema is valid, no normalization needed +260µs
middleware:jqschema ShouldApplyMiddleware: tool=github___get_label, applies=true +159ms
middleware:jqschema WrapToolHandler: wrapping tool=github___get_label, sizeThreshold=524288 bytes, baseDir=/tmp/gh-aw/mcp-payloads, pathPrefixSet=false +243µs
server:unified Registered tool: github-get_label +159ms
mcp:schema Normalizing input schema for tool: github___issue_read +1ms
mcp:schema Tool github___issue_read schema analysis: hasType=true +229µs
mcp:schema Tool github___issue_read object type schema: hasProperties=true, hasAdditionalProperties=false +258µs
mcp:schema Tool github___issue_read schema is valid, no normalization needed +214µs
middleware:jqschema ShouldApplyMiddleware: tool=github___issue_read, applies=true +1ms
middleware:jqschema WrapToolHandler: wrapping tool=github___issue_read, sizeThreshold=524288 bytes, baseDir=/tmp/gh-aw/mcp-payloads, pathPrefixSet=false +244µs
server:unified Registered tool: github-issue_read +1ms
mcp:schema Normalizing input schema for tool: github___list_issue_types +980µs
mcp:schema Tool github___list_issue_types schema analysis: hasType=true +230µs
mcp:schema Tool github___list_issue_types object type schema: hasProperties=true, hasAdditionalProperties=false +219µs
mcp:schema Tool github___list_issue_types schema is valid, no normalization needed +373µs
middleware:jqschema ShouldApplyMiddleware: tool=github___list_issue_types, applies=true +1ms
middleware:jqschema WrapToolHandler: wrapping tool=github___list_issue_types, sizeThreshold=524288 bytes, baseDir=/tmp/gh-aw/mcp-payloads, pathPrefixSet=false +214µs
server:unified Registered tool: github-list_issue_types +1ms
mcp:schema Normalizing input schema for tool: github___list_issues +953µs
mcp:schema Tool github___list_issues schema analysis: hasType=true +217µs
mcp:schema Tool github___list_issues object type schema: hasProperties=true, hasAdditionalProperties=false +224µs
mcp:schema Tool github___list_issues schema is valid, no normalization needed +232µs
middleware:jqschema ShouldApplyMiddleware: tool=github___list_issues, applies=true +1ms
middleware:jqschema WrapToolHandler: wrapping tool=github___list_issues, sizeThreshold=524288 bytes, baseDir=/tmp/gh-aw/mcp-payloads, pathPrefixSet=false +226µs
server:unified Registered tool: github-list_issues +1ms
mcp:schema Normalizing input schema for tool: github___list_label +3ms
mcp:schema Tool github___list_label schema analysis: hasType=true +306µs
mcp:schema Tool github___list_label object type schema: hasProperties=true, hasAdditionalProperties=false +250µs
mcp:schema Tool github___list_label schema is valid, no normalization needed +288µs
middleware:jqschema ShouldApplyMiddleware: tool=github___list_label, applies=true +4ms
middleware:jqschema WrapToolHandler: wrapping tool=github___list_label, sizeThreshold=524288 bytes, baseDir=/tmp/gh-aw/mcp-payloads, pathPrefixSet=false +231µs
server:unified Registered tool: github-list_label +4ms
mcp:schema Normalizing input schema for tool: github___search_issues +1ms
mcp:schema Tool github___search_issues schema analysis: hasType=true +242µs
mcp:schema Tool github___search_issues object type schema: hasProperties=true, hasAdditionalProperties=false +243µs
mcp:schema Tool github___search_issues schema is valid, no normalization needed +269µs
middleware:jqschema ShouldApplyMiddleware: tool=github___search_issues, applies=true +1ms
middleware:jqschema WrapToolHandler: wrapping tool=github___search_issues, sizeThreshold=524288 bytes, baseDir=/tmp/gh-aw/mcp-payloads, pathPrefixSet=false +265µs
server:unified Registered tool: github-search_issues +1ms
server:unified Registered 6 tools from github: github-get_label, github-issue_read, github-list_issue_types, github-list_issues, github-list_label, github-search_issues +261µs
server:unified Successfully registered tools from safeoutputs (took 45.165394ms) +244µs
server:unified Successfully registered tools from github (took 215.717987ms) +706µs
launcher:health Creating health monitor: interval=30s, maxRestartFailures=3 +384ms
launcher:health Starting health monitor: interval=30s +385µs
server:unified Unified server created successfully with 14 tools +1ms
launcher:health Health monitor goroutine started: interval=30s +564µs
2026/10/02 13:36:04 Starting MCPG in ROUTED mode on 0.0.0.0:8080
launcher:launcher Retrieved server IDs: count=2, ids=[github safeoutputs] +48ms
2026/10/02 13:36:04 Routes: /mcp/<server> where <server> is one of: [github safeoutputs]
server:routed Creating HTTP server for routed mode: addr=0.0.0.0:8080 +386ms
launcher:launcher Retrieved server IDs: count=2, ids=[github safeoutputs] +941µs
server:routed Registering routes for 2 backends: [github safeoutputs] +452µs
server:http_server Building MCP HTTP server: addr=0.0.0.0:8080, auth_enabled=true, hmac_enabled=false +386ms
server:handlers Creating OAuth discovery handler +387ms
server:handlers Creating OAuth discovery handler +263µs
server:handlers Creating close handler +258µs
server:auth Initialized auth middleware +387ms
server:http_server Session timeout configured: 6h0m0s +1ms
server:routed [CACHE] Creating filtered server cache: ttl=6h0m0s, maxSize=1000 +1ms
server:helpers Wrapping handler with middleware: logTag=routed:github, authEnabled=true, hmacEnabled=false +388ms
server:auth Initialized auth middleware +984µs
tracing:provider Registering HTTP handler with OTel span: span=gateway.request, extraAttrs=1 +360ms
server:helpers Middleware wrapping complete: logTag=routed:github +749µs
2026/10/02 13:36:04 Registered route: /mcp/github
server:helpers Wrapping handler with middleware: logTag=routed:safeoutputs, authEnabled=true, hmacEnabled=false +255µs
server:auth Initialized auth middleware +1ms
tracing:provider Registering HTTP handler with OTel span: span=gateway.request, extraAttrs=1 +1ms
server:helpers Middleware wrapping complete: logTag=routed:safeoutputs +738µs
2026/10/02 13:36:04 Registered route: /mcp/safeoutputs
server:http_server MCP HTTP server scaffold ready: addr=0.0.0.0:8080 +2ms
server:http_server Creating HTTP server: addr=0.0.0.0:8080 +270µs
2026/10/02 13:36:04 TLS not configured — listening on http://0.0.0.0:8080 (set --tls-cert/--tls-key to enable)
cmd:root Writing gateway config: listenAddr=0.0.0.0:8080, mode=routed, serverCount=2 +362ms
cmd:root Parsed listen address: host=0.0.0.0, port=8080 +249µs
cmd:root Resolved gateway address: host=0.0.0.0, port=8080 +219µs
cmd:root Gateway config: auth_enabled=true +224µs
cmd:root Gateway auth: apiKeyConfigured=true +311µs
cmd:root Writing server config: name=github, url=http://127.0.0.1:8080/mcp/github, toolCount=0 +234µs
cmd:root Wrote server config entry: name=github, url=http://127.0.0.1:8080/mcp/github, toolCount=0 +211µs
cmd:root Writing server config: name=safeoutputs, url=http://127.0.0.1:8080/mcp/safeoutputs, toolCount=0 +226µs
cmd:root Wrote server config entry: name=safeoutputs, url=http://127.0.0.1:8080/mcp/safeoutputs, toolCount=0 +285µs
cmd:root Gateway config written successfully: serverCount=2 +274µs
server:response_writer Creating new response writer with default status 200 +4.8s
server:health Health check request: method=GET, remote=[::1]:44334 +4.8s
server:health Building health response +281µs
launcher:launcher Retrieved server IDs: count=2, ids=[github safeoutputs] +4.4s
server:health Retrieved status for 2 servers +478µs
server:health Overall health status determined: healthy +235µs
server:health Health response: status=healthy, servers=2 +219µs
httputil:httputil Writing JSON response: statusCode=200 +4.8s
server:response_writer Setting response status code: 200 +2ms
httputil:httputil JSON response body size: 168 bytes +571µs
server:response_writer Writing response body: 168 bytes +546µs
server:response_writer Retrieving captured body: 168 bytes +226µs
server:response_writer Retrieving captured body: 168 bytes +231µs
server:response_writer Retrieving captured status code: 200 +326µs
server:helpers [[::1]:44334] GET /health - Status: 200, Response: {"status":"healthy","specVersion":"1.9.0","gatewayVersion":"v0.3.19","servers":{"github":{"status":"running","uptime":4},"safeoutputs":{"status":"running","uptime":4}}} +4.4s
tracing:provider Handling request: span=gateway.request, method=POST, path=/mcp/github, remoteParent=false +4.5s
tracing:provider Span started: span=gateway.request, traceID=00000000000000000000000000000000 +550µs
server:auth Authenticating request: method=POST, path=/mcp/github, remote=127.0.0.1:37162 +4.5s
auth:header Extracting session ID from auth header: sanitized=82ET... +4.9s
auth:header Using plain API key as session ID +299µs
server:sdk-frontend >>> SDK Request [routed:github] session=82ETMfnF... mcp-session=(none) method=POST path=/mcp/github +4.9s
server:sdk-frontend     JSON-RPC Request: method=ping id=1 +290µs
server:response_writer Creating new response writer with default status 200 +68ms
server:session Extracting session from request: remote=127.0.0.1:37162, path=/mcp/github +4.9s
auth:header Extracting session ID from auth header: sanitized=82ET... +1ms
auth:header Using plain API key as session ID +208µs
server:session Session extracted successfully: sessionID=82ETMfnF..., remote=127.0.0.1:37162 +623µs
server:helpers Checking request body: method=POST, hasBody=true, sessionID=82ETMfnF... +69ms
server:helpers Request body read: size=40 bytes, sessionID=82ETMfnF..., backendID=github +257µs
server:helpers Request body logged for debugging +539µs
server:session Injecting session context: sessionID=82ETMfnF..., backendID=github +1ms
guard:context Setting agent ID in context: 82ETMfnFu36zOUTFvF5DvaYhGvCyRqzWHl94ozcKa3T25DueoUaz61vzUl +4.9s
server:session Adding backend ID to context: backendID=github +764µs
server:session Session context injected successfully +249µs
server:routed [CACHE] Creating new filtered server: backend=github, session=82ETMfnF... +4.5s
server:routed Creating filtered server: backend=github +314µs
server:unified GetToolsForBackend: backendID=github, found=6 tools +4.5s
2026/10/02 13:36:08 Creating filtered server for github with 6 tools
server:routed Backend github has 6 tools available +504µs
server:routed [INFO] server connecting +431µs
server:routed [INFO] server session connected session_id=J7M5GIB7RAGSYIJKJF6I35XWB3 +259µs
server:response_writer Writing response body: 59 bytes +5ms
server:routed [INFO] server session disconnected session_id=J7M5GIB7RAGSYIJKJF6I35XWB3 +625µs
server:response_writer Retrieving captured body: 59 bytes +545µs
server:response_writer Retrieving captured status code: 200 +226µs
server:sdk-frontend <<< SDK Response [routed:github] status=200 duration=7.478123ms (non-JSON or stream) +7ms
server:sdk-frontend     Raw response: event: message
data: {"jsonrpc":"2.0","id":1,"result":{}}

 +236µs
tracing:provider Handling request: span=gateway.request, method=POST, path=/mcp/github, remoteParent=false +17ms
tracing:provider Span started: span=gateway.request, traceID=00000000000000000000000000000000 +295µs
server:auth Authenticating request: method=POST, path=/mcp/github, remote=127.0.0.1:37174 +17ms
auth:header Extracting session ID from auth header: sanitized=82ET... +15ms
auth:header Using plain API key as session ID +245µs
server:sdk-frontend >>> SDK Request [routed:github] session=82ETMfnF... mcp-session=(none) method=POST path=/mcp/github +9ms
server:sdk-frontend     JSON-RPC Request: method=initialize id=2 +241µs
server:response_writer Creating new response writer with default status 200 +10ms
server:session Extracting session from request: remote=127.0.0.1:37174, path=/mcp/github +13ms
auth:header Extracting session ID from auth header: sanitized=82ET... +1ms
auth:header Using plain API key as session ID +293µs
server:session Session extracted successfully: sessionID=82ETMfnF..., remote=127.0.0.1:37174 +785µs
server:helpers Checking request body: method=POST, hasBody=true, sessionID=82ETMfnF... +16ms
server:helpers Request body read: size=166 bytes, sessionID=82ETMfnF..., backendID=github +413µs
server:helpers Request body logged for debugging +660µs
server:session Injecting session context: sessionID=82ETMfnF..., backendID=github +1ms
guard:context Setting agent ID in context: 82ETMfnFu36zOUTFvF5DvaYhGvCyRqzWHl94ozcKa3T25DueoUaz61vzUl +17ms
server:session Adding backend ID to context: backendID=github +636µs
server:session Session context injected successfully +280µs
server:routed [CACHE] Cache hit: key=github/82ETMfnF... +15ms
server:routed [INFO] server connecting +278µs
server:routed [INFO] server session connected session_id=JA7RSDL4ZNFQ2XEJY63PLFMY2X +345µs
server:response_writer Writing response body: 204 bytes +5ms
server:response_writer Retrieving captured body: 204 bytes +280µs
server:response_writer Retrieving captured status code: 200 +288µs
server:sdk-frontend <<< SDK Response [routed:github] status=200 duration=6.686538ms (non-JSON or stream) +6ms
server:sdk-frontend     Raw response: event: message
data: {"jsonrpc":"2.0","id":2,"result":{"capabilities":{"logging":{},"tools":{"listChanged":true}},"protocolVersion":"2024-11-05","serverInfo":{"name":"awmg-github","version":"v0.3.19"}}}

 +230µs
tracing:provider Handling request: span=gateway.request, method=POST, path=/mcp/github, remoteParent=false +19ms
tracing:provider Span started: span=gateway.request, traceID=00000000000000000000000000000000 +306µs
server:auth Authenticating request: method=POST, path=/mcp/github, remote=127.0.0.1:37180 +20ms
auth:header Extracting session ID from auth header: sanitized=82ET... +18ms
auth:header Using plain API key as session ID +236µs
server:sdk-frontend >>> SDK Request [routed:github] session=82ETMfnF... mcp-session=JA7RSDL4... method=POST path=/mcp/github +13ms
server:sdk-frontend     JSON-RPC Request: method=tools/list id=3 +256µs
server:response_writer Creating new response writer with default status 200 +14ms
server:response_writer Writing response body: 4441 bytes +429µs
server:response_writer Retrieving captured body: 4441 bytes +370µs
server:response_writer Retrieving captured status code: 200 +257µs
server:sdk-frontend <<< SDK Response [routed:github] status=200 duration=2.063425ms (non-JSON or stream) +1ms
server:sdk-frontend     Raw response (truncated): event: message
data: {"jsonrpc":"2.0","id":3,"result":{"tools":[{"description":"[github] Get a specific label from a repository.","inputSchema":{"properties":{"name":{"description":"Label name.","type":"string"},"owner":{"description":"Repository owner (username or organization name)","type":"string"},"repo":{"description":"Repository name","type":"string"}},"required":["owner","repo","name"],"type":"object"},"name":"get_label"},{"description":"[github] Get information about a specific issue in ... +243µs
tracing:provider Handling request: span=gateway.request, method=POST, path=/mcp/safeoutputs, remoteParent=false +30ms
tracing:provider Span started: span=gateway.request, traceID=00000000000000000000000000000000 +372µs
server:auth Authenticating request: method=POST, path=/mcp/safeoutputs, remote=127.0.0.1:37184 +30ms
auth:header Extracting session ID from auth header: sanitized=82ET... +30ms
auth:header Using plain API key as session ID +401µs
server:sdk-frontend >>> SDK Request [routed:safeoutputs] session=82ETMfnF... mcp-session=(none) method=POST path=/mcp/safeoutputs +28ms
server:sdk-frontend     JSON-RPC Request: method=ping id=1 +313µs
server:response_writer Creating new response writer with default status 200 +29ms
server:session Extracting session from request: remote=127.0.0.1:37184, path=/mcp/safeoutputs +47ms
auth:header Extracting session ID from auth header: sanitized=82ET... +1ms
auth:header Using plain API key as session ID +238µs
server:session Session extracted successfully: sessionID=82ETMfnF..., remote=127.0.0.1:37184 +720µs
server:helpers Checking request body: method=POST, hasBody=true, sessionID=82ETMfnF... +49ms
server:helpers Request body read: size=40 bytes, sessionID=82ETMfnF..., backendID=safeoutputs +247µs
server:helpers Request body logged for debugging +479µs
server:session Injecting session context: sessionID=82ETMfnF..., backendID=safeoutputs +1ms
guard:context Setting agent ID in context: 82ETMfnFu36zOUTFvF5DvaYhGvCyRqzWHl94ozcKa3T25DueoUaz61vzUl +50ms
server:session Adding backend ID to context: backendID=safeoutputs +450µs
server:session Session context injected successfully +244µs
server:routed [CACHE] Creating new filtered server: backend=safeoutputs, session=82ETMfnF... +49ms
server:routed Creating filtered server: backend=safeoutputs +236µs
server:unified GetToolsForBackend: backendID=safeoutputs, found=6 tools +67ms
2026/10/02 13:36:08 Creating filtered server for safeoutputs with 6 tools
server:routed Backend safeoutputs has 6 tools available +586µs
server:routed [INFO] server connecting +396µs
server:routed [INFO] server session connected session_id=W6MTQQWNUVM5ZWD6KTVL7AAYJF +259µs
server:response_writer Writing response body: 59 bytes +5ms
server:routed [INFO] server session disconnected session_id=W6MTQQWNUVM5ZWD6KTVL7AAYJF +567µs
server:response_writer Retrieving captured body: 59 bytes +557µs
server:response_writer Retrieving captured status code: 200 +249µs
server:sdk-frontend <<< SDK Response [routed:safeoutputs] status=200 duration=7.078497ms (non-JSON or stream) +6ms
server:sdk-frontend     Raw response: event: message
data: {"jsonrpc":"2.0","id":1,"result":{}}

 +214µs
tracing:provider Handling request: span=gateway.request, method=POST, path=/mcp/safeoutputs, remoteParent=false +16ms
tracing:provider Span started: span=gateway.request, traceID=00000000000000000000000000000000 +296µs
server:auth Authenticating request: method=POST, path=/mcp/safeoutputs, remote=127.0.0.1:37188 +16ms
auth:header Extracting session ID from auth header: sanitized=82ET... +14ms
auth:header Using plain API key as session ID +324µs
server:sdk-frontend >>> SDK Request [routed:safeoutputs] session=82ETMfnF... mcp-session=(none) method=POST path=/mcp/safeoutputs +9ms
server:sdk-frontend     JSON-RPC Request: method=initialize id=2 +309µs
server:response_writer Creating new response writer with default status 200 +10ms
server:session Extracting session from request: remote=127.0.0.1:37188, path=/mcp/safeoutputs +13ms
auth:header Extracting session ID from auth header: sanitized=82ET... +1ms
auth:header Using plain API key as session ID +214µs
server:session Session extracted successfully: sessionID=82ETMfnF..., remote=127.0.0.1:37188 +670µs
server:helpers Checking request body: method=POST, hasBody=true, sessionID=82ETMfnF... +15ms
server:helpers Request body read: size=166 bytes, sessionID=82ETMfnF..., backendID=safeoutputs +283µs
server:helpers Request body logged for debugging +598µs
server:session Injecting session context: sessionID=82ETMfnF..., backendID=safeoutputs +1ms
guard:context Setting agent ID in context: 82ETMfnFu36zOUTFvF5DvaYhGvCyRqzWHl94ozcKa3T25DueoUaz61vzUl +16ms
server:session Adding backend ID to context: backendID=safeoutputs +455µs
server:session Session context injected successfully +243µs
server:routed [CACHE] Cache hit: key=safeoutputs/82ETMfnF... +14ms
server:routed [INFO] server connecting +240µs
server:routed [INFO] server session connected session_id=NCUB2UTJHPLMB5FYHQOQ7DQY7N +260µs
server:response_writer Writing response body: 209 bytes +4ms
server:response_writer Retrieving captured body: 209 bytes +302µs
server:response_writer Retrieving captured status code: 200 +230µs
server:sdk-frontend <<< SDK Response [routed:safeoutputs] status=200 duration=5.966282ms (non-JSON or stream) +5ms
server:sdk-frontend     Raw response: event: message
data: {"jsonrpc":"2.0","id":2,"result":{"capabilities":{"logging":{},"tools":{"listChanged":true}},"protocolVersion":"2024-11-05","serverInfo":{"name":"awmg-safeoutputs","version":"v0.3.19"}}}

 +245µs
tracing:provider Handling request: span=gateway.request, method=POST, path=/mcp/safeoutputs, remoteParent=false +19ms
tracing:provider Span started: span=gateway.request, traceID=00000000000000000000000000000000 +421µs
server:auth Authenticating request: method=POST, path=/mcp/safeoutputs, remote=127.0.0.1:37192 +19ms
auth:header Extracting session ID from auth header: sanitized=82ET... +17ms
auth:header Using plain API key as session ID +244µs
server:sdk-frontend >>> SDK Request [routed:safeoutputs] session=82ETMfnF... mcp-session=NCUB2UTJ... method=POST path=/mcp/safeoutputs +13ms
server:sdk-frontend     JSON-RPC Request: method=tools/list id=3 +248µs
server:response_writer Creating new response writer with default status 200 +14ms
server:response_writer Writing response body: 8550 bytes +460µs
server:response_writer Retrieving captured body: 8550 bytes +429µs
server:response_writer Retrieving captured status code: 200 +259µs
server:sdk-frontend <<< SDK Response [routed:safeoutputs] status=200 duration=2.19387ms (non-JSON or stream) +1ms
server:sdk-frontend     Raw response (truncated): event: message
data: {"jsonrpc":"2.0","id":3,"result":{"tools":[{"description":"[safeoutputs] WRITE-ONCE: do NOT call this tool with empty or placeholder arguments to probe or discover its schema — the required `body` field is listed in this schema; if you are not ready to post a real comment, call `noop` instead. Adds a comment to an existing GitHub issue, pull request, or discussion. Use this to provide feedback, answer questions, or add information to an existing conversation. For creating ... +230µs
tracing:provider Handling request: span=gateway.request, method=POST, path=/mcp/safeoutputs, remoteParent=false +140ms
tracing:provider Span started: span=gateway.request, traceID=00000000000000000000000000000000 +585µs
server:auth Authenticating request: method=POST, path=/mcp/safeoutputs, remote=127.0.0.1:37206 +140ms
auth:header Extracting session ID from auth header: sanitized=82ET... +140ms
auth:header Using plain API key as session ID +272µs
server:sdk-frontend >>> SDK Request [routed:safeoutputs] session=82ETMfnF... mcp-session=(none) method=POST path=/mcp/safeoutputs +138ms
server:sdk-frontend     JSON-RPC Request: method=initialize id=1 +296µs
server:response_writer Creating new response writer with default status 200 +139ms
server:session Extracting session from request: remote=127.0.0.1:37206, path=/mcp/safeoutputs +157ms
auth:header Extracting session ID from auth header: sanitized=82ET... +1ms
auth:header Using plain API key as session ID +306µs
server:session Session extracted successfully: sessionID=82ETMfnF..., remote=127.0.0.1:37206 +812µs
server:helpers Checking request body: method=POST, hasBody=true, sessionID=82ETMfnF... +159ms
server:helpers Request body read: size=162 bytes, sessionID=82ETMfnF..., backendID=safeoutputs +243µs
server:helpers Request body logged for debugging +590µs
server:session Injecting session context: sessionID=82ETMfnF..., backendID=safeoutputs +1ms
guard:context Setting agent ID in context: 82ETMfnFu36zOUTFvF5DvaYhGvCyRqzWHl94ozcKa3T25DueoUaz61vzUl +160ms
server:session Adding backend ID to context: backendID=safeoutputs +635µs
server:session Session context injected successfully +224µs
server:routed [CACHE] Cache hit: key=safeoutputs/82ETMfnF... +160ms
server:routed [INFO] server connecting +239µs
server:routed [INFO] server session connected session_id=7LBAVH75DIB7TU4HQJSJ7WYXAR +301µs
server:response_writer Writing response body: 209 bytes +5ms
server:response_writer Retrieving captured body: 209 bytes +739µs
server:response_writer Retrieving captured status code: 200 +285µs
server:sdk-frontend <<< SDK Response [routed:safeoutputs] status=200 duration=7.071065ms (non-JSON or stream) +6ms
server:sdk-frontend     Raw response: event: message
data: {"jsonrpc":"2.0","id":1,"result":{"capabilities":{"logging":{},"tools":{"listChanged":true}},"protocolVersion":"2024-11-05","serverInfo":{"name":"awmg-safeoutputs","version":"v0.3.19"}}}

 +301µs
tracing:provider Handling request: span=gateway.request, method=POST, path=/mcp/safeoutputs, remoteParent=false +11ms
tracing:provider Span started: span=gateway.request, traceID=00000000000000000000000000000000 +292µs
server:auth Authenticating request: method=POST, path=/mcp/safeoutputs, remote=127.0.0.1:37206 +11ms
auth:header Extracting session ID from auth header: sanitized=82ET... +9ms
auth:header Using plain API key as session ID +247µs
server:sdk-frontend >>> SDK Request [routed:safeoutputs] session=82ETMfnF... mcp-session=7LBAVH75... method=POST path=/mcp/safeoutputs +4ms
server:sdk-frontend     JSON-RPC Request: method=notifications/initialized id=<nil> +240µs
server:response_writer Creating new response writer with default status 200 +5ms
server:response_writer Setting response status code: 202 +268µs
server:routed [INFO] session initialized +7ms
server:response_writer Retrieving captured body: 0 bytes +298µs
server:response_writer Retrieving captured status code: 202 +281µs
server:sdk-frontend <<< SDK Response [routed:safeoutputs] status=202 duration=1.780866ms (empty body) +1ms
tracing:provider Handling request: span=gateway.request, method=POST, path=/mcp/safeoutputs, remoteParent=false +4ms
tracing:provider Span started: span=gateway.request, traceID=00000000000000000000000000000000 +264µs
server:auth Authenticating request: method=POST, path=/mcp/safeoutputs, remote=127.0.0.1:37206 +4ms
auth:header Extracting session ID from auth header: sanitized=82ET... +4ms
auth:header Using plain API key as session ID +281µs
server:sdk-frontend >>> SDK Request [routed:safeoutputs] session=82ETMfnF... mcp-session=7LBAVH75... method=POST path=/mcp/safeoutputs +2ms
server:sdk-frontend     JSON-RPC Request: method=tools/list id=2 +375µs
server:response_writer Creating new response writer with default status 200 +3ms
server:response_writer Writing response body: 8550 bytes +450µs
server:response_writer Retrieving captured body: 8550 bytes +345µs
server:response_writer Retrieving captured status code: 200 +242µs
server:sdk-frontend <<< SDK Response [routed:safeoutputs] status=200 duration=2.141141ms (non-JSON or stream) +1ms
server:sdk-frontend     Raw response (truncated): event: message
data: {"jsonrpc":"2.0","id":2,"result":{"tools":[{"description":"[safeoutputs] WRITE-ONCE: do NOT call this tool with empty or placeholder arguments to probe or discover its schema — the required `body` field is listed in this schema; if you are not ready to post a real comment, call `noop` instead. Adds a comment to an existing GitHub issue, pull request, or discussion. Use this to provide feedback, answer questions, or add information to an existing conversation. For creating ... +243µs
tracing:provider Handling request: span=gateway.request, method=POST, path=/mcp/github, remoteParent=false +16.4s
tracing:provider Span started: span=gateway.request, traceID=00000000000000000000000000000000 +404µs
server:auth Authenticating request: method=POST, path=/mcp/github, remote=172.30.0.20:45112 +16.4s
auth:header Extracting session ID from auth header: sanitized=82ET... +16.4s
auth:header Using plain API key as session ID +219µs
server:sdk-frontend >>> SDK Request [routed:github] session=82ETMfnF... mcp-session=(none) method=POST path=/mcp/github +16.4s
server:sdk-frontend     JSON-RPC Request: method=initialize id=0 +272µs
server:response_writer Creating new response writer with default status 200 +16.4s
server:session Extracting session from request: remote=172.30.0.20:45112, path=/mcp/github +16.5s
auth:header Extracting session ID from auth header: sanitized=82ET... +1ms
tracing:provider Handling request: span=gateway.request, method=POST, path=/mcp/safeoutputs, remoteParent=false +2ms
auth:header Using plain API key as session ID +269µs
server:session Session extracted successfully: sessionID=82ETMfnF..., remote=172.30.0.20:45112 +775µs
server:helpers Checking request body: method=POST, hasBody=true, sessionID=82ETMfnF... +16.5s
server:helpers Request body read: size=208 bytes, sessionID=82ETMfnF..., backendID=github +262µs
tracing:provider Span started: span=gateway.request, traceID=00000000000000000000000000000000 +1ms
server:auth Authenticating request: method=POST, path=/mcp/safeoutputs, remote=172.30.0.20:45128 +4ms
auth:header Extracting session ID from auth header: sanitized=82ET... +2ms
auth:header Using plain API key as session ID +334µs
server:helpers Request body logged for debugging +2ms
server:session Injecting session context: sessionID=82ETMfnF..., backendID=github +3ms
guard:context Setting agent ID in context: 82ETMfnFu36zOUTFvF5DvaYhGvCyRqzWHl94ozcKa3T25DueoUaz61vzUl +16.5s
server:session Adding backend ID to context: backendID=github +465µs
server:sdk-frontend >>> SDK Request [routed:safeoutputs] session=82ETMfnF... mcp-session=(none) method=POST path=/mcp/safeoutputs +5ms
server:sdk-frontend     JSON-RPC Request: method=initialize id=0 +315µs
server:session Session context injected successfully +871µs
server:routed [CACHE] Cache hit: key=github/82ETMfnF... +16.4s
server:routed [INFO] server connecting +389µs
server:routed [INFO] server session connected session_id=3H4QIZWTKK5TJXIKOSCVEL4GJU +291µs
server:response_writer Creating new response writer with default status 200 +7ms
server:session Extracting session from request: remote=172.30.0.20:45128, path=/mcp/safeoutputs +1ms
auth:header Extracting session ID from auth header: sanitized=82ET... +4ms
server:response_writer Writing response body: 204 bytes +867µs
auth:header Using plain API key as session ID +543µs
server:session Session extracted successfully: sessionID=82ETMfnF..., remote=172.30.0.20:45128 +1ms
server:helpers Checking request body: method=POST, hasBody=true, sessionID=82ETMfnF... +4ms
server:helpers Request body read: size=208 bytes, sessionID=82ETMfnF..., backendID=safeoutputs +259µs
server:response_writer Retrieving captured body: 204 bytes +1ms
server:response_writer Retrieving captured status code: 200 +547µs
server:sdk-frontend <<< SDK Response [routed:github] status=200 duration=10.854392ms (non-JSON or stream) +5ms
server:sdk-frontend     Raw response: event: message
data: {"jsonrpc":"2.0","id":0,"result":{"capabilities":{"logging":{},"tools":{"listChanged":true}},"protocolVersion":"2025-11-25","serverInfo":{"name":"awmg-github","version":"v0.3.19"}}}

 +378µs
server:helpers Request body logged for debugging +2ms
server:session Injecting session context: sessionID=82ETMfnF..., backendID=safeoutputs +3ms
guard:context Setting agent ID in context: 82ETMfnFu36zOUTFvF5DvaYhGvCyRqzWHl94ozcKa3T25DueoUaz61vzUl +7ms
server:session Adding backend ID to context: backendID=safeoutputs +541µs
server:session Session context injected successfully +235µs
server:routed [CACHE] Cache hit: key=safeoutputs/82ETMfnF... +6ms
server:routed [INFO] server connecting +255µs
server:routed [INFO] server session connected session_id=A4ZGYUOBKCOTP42WMWSJX2A4LL +355µs
server:response_writer Writing response body: 209 bytes +3ms
server:response_writer Retrieving captured body: 209 bytes +324µs
server:response_writer Retrieving captured status code: 200 +231µs
server:sdk-frontend <<< SDK Response [routed:safeoutputs] status=200 duration=11.195224ms (non-JSON or stream) +3ms
server:sdk-frontend     Raw response: event: message
data: {"jsonrpc":"2.0","id":0,"result":{"capabilities":{"logging":{},"tools":{"listChanged":true}},"protocolVersion":"2025-11-25","serverInfo":{"name":"awmg-safeoutputs","version":"v0.3.19"}}}

 +279µs
tracing:provider Handling request: span=gateway.request, method=POST, path=/mcp/github, remoteParent=false +26ms
tracing:provider Span started: span=gateway.request, traceID=00000000000000000000000000000000 +425µs
server:auth Authenticating request: method=POST, path=/mcp/github, remote=172.30.0.20:45136 +26ms
auth:header Extracting session ID from auth header: sanitized=82ET... +21ms
auth:header Using plain API key as session ID +347µs
server:sdk-frontend >>> SDK Request [routed:github] session=82ETMfnF... mcp-session=3H4QIZWT... method=POST path=/mcp/github +15ms
server:sdk-frontend     JSON-RPC Request: method=notifications/initialized id=<nil> +271µs
tracing:provider Handling request: span=gateway.request, method=POST, path=/mcp/safeoutputs, remoteParent=false +1ms
server:response_writer Creating new response writer with default status 200 +16ms
server:response_writer Setting response status code: 202 +267µs
server:routed [INFO] session initialized +18ms
server:response_writer Retrieving captured body: 0 bytes +358µs
tracing:provider Span started: span=gateway.request, traceID=00000000000000000000000000000000 +1ms
server:auth Authenticating request: method=POST, path=/mcp/safeoutputs, remote=172.30.0.20:45142 +3ms
auth:header Extracting session ID from auth header: sanitized=82ET... +2ms
server:response_writer Retrieving captured status code: 202 +1ms
auth:header Using plain API key as session ID +837µs
server:sdk-frontend >>> SDK Request [routed:safeoutputs] session=82ETMfnF... mcp-session=A4ZGYUOB... method=POST path=/mcp/safeoutputs +3ms
server:sdk-frontend     JSON-RPC Request: method=notifications/initialized id=<nil> +291µs
server:sdk-frontend <<< SDK Response [routed:github] status=202 duration=2.004099ms (empty body) +234µs
server:response_writer Creating new response writer with default status 200 +1ms
server:response_writer Setting response status code: 202 +367µs
server:routed [INFO] session initialized +4ms
server:response_writer Retrieving captured body: 0 bytes +229µs
server:response_writer Retrieving captured status code: 202 +288µs
server:sdk-frontend <<< SDK Response [routed:safeoutputs] status=202 duration=3.054641ms (empty body) +2ms
tracing:provider Handling request: span=gateway.request, method=GET, path=/mcp/github, remoteParent=false +5ms
tracing:provider Span started: span=gateway.request, traceID=00000000000000000000000000000000 +884µs
server:auth Authenticating request: method=GET, path=/mcp/github, remote=172.30.0.20:45112 +6ms
auth:header Extracting session ID from auth header: sanitized=82ET... +5ms
auth:header Using plain API key as session ID +416µs
server:sdk-frontend >>> SDK Request [routed:github] session=82ETMfnF... mcp-session=3H4QIZWT... method=GET path=/mcp/github +3ms
server:response_writer Creating new response writer with default status 200 +4ms
server:response_writer Setting response status code: 200 +301µs
tracing:provider Handling request: span=gateway.request, method=GET, path=/mcp/safeoutputs, remoteParent=false +2ms
tracing:provider Span started: span=gateway.request, traceID=00000000000000000000000000000000 +405µs
server:auth Authenticating request: method=GET, path=/mcp/safeoutputs, remote=172.30.0.20:45128 +3ms
auth:header Extracting session ID from auth header: sanitized=82ET... +2ms
auth:header Using plain API key as session ID +243µs
server:sdk-frontend >>> SDK Request [routed:safeoutputs] session=82ETMfnF... mcp-session=A4ZGYUOB... method=GET path=/mcp/safeoutputs +2ms
server:response_writer Creating new response writer with default status 200 +2ms
server:response_writer Setting response status code: 200 +257µs
tracing:provider Handling request: span=gateway.request, method=POST, path=/mcp/github, remoteParent=false +30ms
tracing:provider Span started: span=gateway.request, traceID=00000000000000000000000000000000 +466µs
server:auth Authenticating request: method=POST, path=/mcp/github, remote=172.30.0.20:45136 +30ms
auth:header Extracting session ID from auth header: sanitized=82ET... +30ms
auth:header Using plain API key as session ID +227µs
server:sdk-frontend >>> SDK Request [routed:github] session=82ETMfnF... mcp-session=3H4QIZWT... method=POST path=/mcp/github +30ms
server:sdk-frontend     JSON-RPC Request: method=tools/list id=1 +258µs
tracing:provider Handling request: span=gateway.request, method=POST, path=/mcp/safeoutputs, remoteParent=false +1ms
server:response_writer Creating new response writer with default status 200 +31ms
tracing:provider Span started: span=gateway.request, traceID=00000000000000000000000000000000 +830µs
server:response_writer Writing response body: 4441 bytes +1ms
server:auth Authenticating request: method=POST, path=/mcp/safeoutputs, remote=172.30.0.20:45142 +3ms
server:response_writer Retrieving captured body: 4441 bytes +757µs
auth:header Extracting session ID from auth header: sanitized=82ET... +3ms
auth:header Using plain API key as session ID +370µs
server:sdk-frontend >>> SDK Request [routed:safeoutputs] session=82ETMfnF... mcp-session=A4ZGYUOB... method=POST path=/mcp/safeoutputs +3ms
server:response_writer Retrieving captured status code: 200 +1ms
server:sdk-frontend     JSON-RPC Request: method=tools/list id=1 +857µs
server:response_writer Creating new response writer with default status 200 +1ms
server:response_writer Writing response body: 8550 bytes +711µs
server:sdk-frontend <<< SDK Response [routed:github] status=200 duration=3.305755ms (non-JSON or stream) +1ms
server:sdk-frontend     Raw response (truncated): event: message
data: {"jsonrpc":"2.0","id":1,"result":{"tools":[{"description":"[github] Get a specific label from a repository.","inputSchema":{"properties":{"name":{"description":"Label name.","type":"string"},"owner":{"description":"Repository owner (username or organization name)","type":"string"},"repo":{"description":"Repository name","type":"string"}},"required":["owner","repo","name"],"type":"object"},"name":"get_label"},{"description":"[github] Get information about a specific issue in ... +295µs
server:response_writer Retrieving captured body: 8550 bytes +735µs
server:response_writer Retrieving captured status code: 200 +213µs
server:sdk-frontend <<< SDK Response [routed:safeoutputs] status=200 duration=3.522056ms (non-JSON or stream) +1ms
server:sdk-frontend     Raw response (truncated): event: message
data: {"jsonrpc":"2.0","id":1,"result":{"tools":[{"description":"[safeoutputs] WRITE-ONCE: do NOT call this tool with empty or placeholder arguments to probe or discover its schema — the required `body` field is listed in this schema; if you are not ready to post a real comment, call `noop` instead. Adds a comment to an existing GitHub issue, pull request, or discussion. Use this to provide feedback, answer questions, or add information to an existing conversation. For creating ... +205µs
tracing:provider Handling request: span=gateway.request, method=POST, path=/mcp/github, remoteParent=false +38ms
tracing:provider Span started: span=gateway.request, traceID=00000000000000000000000000000000 +411µs
server:auth Authenticating request: method=POST, path=/mcp/github, remote=172.30.0.20:45144 +38ms
auth:header Extracting session ID from auth header: sanitized=82ET... +37ms
auth:header Using plain API key as session ID +318µs
server:sdk-frontend >>> SDK Request [routed:github] session=82ETMfnF... mcp-session=3H4QIZWT... method=POST path=/mcp/github +33ms
server:sdk-frontend     JSON-RPC Request: method=tools/list id=2 +295µs
tracing:provider Handling request: span=gateway.request, method=POST, path=/mcp/safeoutputs, remoteParent=false +1ms
server:response_writer Creating new response writer with default status 200 +35ms
tracing:provider Span started: span=gateway.request, traceID=00000000000000000000000000000000 +1ms
server:auth Authenticating request: method=POST, path=/mcp/safeoutputs, remote=172.30.0.20:45158 +2ms
auth:header Extracting session ID from auth header: sanitized=82ET... +2ms
server:response_writer Writing response body: 4441 bytes +1ms
auth:header Using plain API key as session ID +710µs
server:sdk-frontend >>> SDK Request [routed:safeoutputs] session=82ETMfnF... mcp-session=A4ZGYUOB... method=POST path=/mcp/safeoutputs +3ms
server:sdk-frontend     JSON-RPC Request: method=tools/list id=2 +340µs
server:response_writer Retrieving captured body: 4441 bytes +1ms
server:response_writer Creating new response writer with default status 200 +546µs
server:response_writer Retrieving captured status code: 200 +736µs
server:response_writer Writing response body: 8550 bytes +16µs
server:sdk-frontend <<< SDK Response [routed:github] status=200 duration=4.614643ms (non-JSON or stream) +1ms
server:sdk-frontend     Raw response (truncated): event: message
data: {"jsonrpc":"2.0","id":2,"result":{"tools":[{"description":"[github] Get a specific label from a repository.","inputSchema":{"properties":{"name":{"description":"Label name.","type":"string"},"owner":{"description":"Repository owner (username or organization name)","type":"string"},"repo":{"description":"Repository name","type":"string"}},"required":["owner","repo","name"],"type":"object"},"name":"get_label"},{"description":"[github] Get information about a specific issue in ... +233µs
server:response_writer Retrieving captured body: 8550 bytes +1ms
server:response_writer Retrieving captured status code: 200 +276µs
server:sdk-frontend <<< SDK Response [routed:safeoutputs] status=200 duration=4.14042ms (non-JSON or stream) +1ms
server:sdk-frontend     Raw response (truncated): event: message
data: {"jsonrpc":"2.0","id":2,"result":{"tools":[{"description":"[safeoutputs] WRITE-ONCE: do NOT call this tool with empty or placeholder arguments to probe or discover its schema — the required `body` field is listed in this schema; if you are not ready to post a real comment, call `noop` instead. Adds a comment to an existing GitHub issue, pull request, or discussion. Use this to provide feedback, answer questions, or add information to an existing conversation. For creating ... +235µs
tracing:provider Handling request: span=gateway.request, method=POST, path=/mcp/github, remoteParent=false +2.8s
tracing:provider Span started: span=gateway.request, traceID=00000000000000000000000000000000 +674µs
server:auth Authenticating request: method=POST, path=/mcp/github, remote=172.30.0.20:45136 +2.8s
auth:header Extracting session ID from auth header: sanitized=82ET... +2.8s
auth:header Using plain API key as session ID +396µs
server:sdk-frontend >>> SDK Request [routed:github] session=82ETMfnF... mcp-session=3H4QIZWT... method=POST path=/mcp/github +2.7s
server:sdk-frontend     JSON-RPC Request: method=tools/call id=3 +322µs
tracing:provider Handling request: span=gateway.request, method=POST, path=/mcp/github, remoteParent=false +1ms
server:response_writer Creating new response writer with default status 200 +2.8s
2026/10/02 13:36:28 [ROUTED] Calling unified handler for: search_issues
server:session Extracted session ID from context: 82ETMfnF... +2.9s
tracing:provider Span started: span=gateway.request, traceID=00000000000000000000000000000000 +1ms
server:auth Authenticating request: method=POST, path=/mcp/github, remote=172.30.0.20:45142 +3ms
auth:header Extracting session ID from auth header: sanitized=82ET... +3ms
mcp:tool_result Parsing arguments for tool: search_issues +24.5s
mcp:tool_result Parsed 4 arguments +286µs
server:session Extracted session ID from context: 82ETMfnF... +2ms
auth:header Using plain API key as session ID +1ms
server:sdk-frontend >>> SDK Request [routed:github] session=82ETMfnF... mcp-session=3H4QIZWT... method=POST path=/mcp/github +4ms
server:sdk-frontend     JSON-RPC Request: method=tools/call id=4 +268µs
server:session Extracted session ID from context: 82ETMfnF... +1ms
server:session Checking session: sessionID=82ETMfnF... +261µs
server:session Auto-creating session for ID: 82ETMfnF... +259µs
server:session Creating new session: sessionID=82ETMfnF..., has_token=false +295µs
server:response_writer Creating new response writer with default status 200 +5ms
2026/10/02 13:36:28 [ROUTED] Calling unified handler for: list_label
server:session Extracted session ID from context: 82ETMfnF... +1ms
mcp:tool_result Parsing arguments for tool: list_label +4ms
server:session Session auto-created for ID: 82ETMfnF... +725µs
server:session Created session directory: /tmp/gh-aw/mcp-payloads/82ETMfnFu36zOUTFvF5DvaYhGvCyRqzWHl94ozcKa3T25DueoUaz61vzUl +362µs
mcp:tool_result Parsed 2 arguments +807µs
server:session Extracted session ID from context: 82ETMfnF... +473µs
server:session Extracted session ID from context: 82ETMfnF... +499µs
server:session Checking session: sessionID=82ETMfnF... +407µs
server:session Session validated for ID: 82ETMfnF... +225µs
server:unified callBackendTool: serverID=github, toolName=search_issues, args=map[order:asc perPage:30 query:repo:apache/cloudstack is:issue is:open no:label sort:created] +19.5s
guard:registry Getting guard for serverID=github +24.3s
server:session Session validated for ID: 82ETMfnF... +944µs
server:unified callBackendTool: serverID=github, toolName=list_label, args=map[owner:apache repo:cloudstack] +852µs
guard:registry Getting guard for serverID=github +794µs
guard:registry Found guard for serverID=github, guardName=github +235µs
server:session Extracted session ID from context: 82ETMfnF... +992µs
guard:registry Found guard for serverID=github, guardName=github +483µs
server:session Extracted session ID from context: 82ETMfnF... +532µs
server:guard_init Resolving guard policy: serverID=github +24.3s
config:guard_policy ParseServerGuardPolicy: serverID=github, keyCount=1 +24.3s
config:guard_policy ParsePolicyMap: hasAllowOnly=true, hasWriteSink=false, keyCount=1 +411µs
server:guard_init Resolving guard policy: serverID=github +946µs
config:guard_policy Parsing guard policy JSON: len=112 +486µs
config:guard_policy UnmarshalJSON: parsing guard policy, keys=1 +314µs
config:guard_policy UnmarshalJSON: parsing allow-only policy, fields=5 +263µs
config:guard_policy ParseServerGuardPolicy: serverID=github, keyCount=1 +485µs
config:guard_policy ParsePolicyMap: hasAllowOnly=true, hasWriteSink=false, keyCount=1 +727µs
config:guard_policy Parsing guard policy JSON: len=112 +454µs
config:guard_policy UnmarshalJSON: allow-only policy parsed, repos=string, minIntegrity=none +289µs
config:guard_policy UnmarshalJSON: guard policy type is allow-only +351µs
config:guard_policy ValidateGuardPolicy: delegating to allow-only normalization +319µs
config:guard_policy UnmarshalJSON: parsing guard policy, keys=1 +280µs
config:guard_policy UnmarshalJSON: parsing allow-only policy, fields=5 +352µs
config:guard_policy UnmarshalJSON: allow-only policy parsed, repos=string, minIntegrity=none +263µs
config:guard_policy UnmarshalJSON: guard policy type is allow-only +336µs
config:guard_policy ValidateGuardPolicy: delegating to allow-only normalization +367µs
config:guard_policy Normalizing guard policy: integrity=none, reposType=string +216µs
config:guard_policy Guard policy normalized: scopeKind=all, integrity=none +302µs
config:guard_policy Normalizing guard policy: integrity=none, reposType=string +284µs
config:guard_policy Guard policy normalized: scopeKind=all, integrity=none +277µs
server:guard_init Using server-level guard policy: serverID=github +6ms
guard:wasm BuildLabelAgentPayload: trustedBots=0, trustedUsers=0 +24.3s
server:guard_init Using server-level guard policy: serverID=github +877µs
guard:wasm BuildLabelAgentPayload: trustedBots=0, trustedUsers=0 +925µs
guard:context Retrieved agent ID from context: 82ETMfnFu36zOUTFvF5DvaYhGvCyRqzWHl94ozcKa3T25DueoUaz61vzUl +2.9s
difc:agent GetOrCreate called for agentID=82ETMfnFu36zOUTFvF5DvaYhGvCyRqzWHl94ozcKa3T25DueoUaz61vzUl +24.4s
difc:agent Creating agent labels with tags: agentID=82ETMfnFu36zOUTFvF5DvaYhGvCyRqzWHl94ozcKa3T25DueoUaz61vzUl, secrecyTags=[], integrityTags=[] +255µs
difc:labels Creating label with 0 initial tags: [] +24.5s
difc:labels Creating label with 0 initial tags: [] +246µs
difc:agent Created new agent: 82ETMfnFu36zOUTFvF5DvaYhGvCyRqzWHl94ozcKa3T25DueoUaz61vzUl with default labels (secrecy: [], integrity: []) +776µs
guard:label_agent Calling LabelAgent: guard=github +24.5s
guard:context Retrieved agent ID from context: 82ETMfnFu36zOUTFvF5DvaYhGvCyRqzWHl94ozcKa3T25DueoUaz61vzUl +1ms
difc:agent GetOrCreate called for agentID=82ETMfnFu36zOUTFvF5DvaYhGvCyRqzWHl94ozcKa3T25DueoUaz61vzUl +874µs
guard:label_agent Calling LabelAgent: guard=github +709µs
guard:wasm LabelAgent called: guard=github +3ms
guard:wasm normalizePolicyPayload: received non-string policy, passing through +257µs
guard:wasm LabelAgent normalized policy: guard=github, policy={"allow-only":{"repos":"all","min-integrity":"none"}} +305µs
guard:wasm LabelAgent called: guard=github +203µs
guard:wasm normalizePolicyPayload: received non-string policy, passing through +211µs
guard:wasm LabelAgent normalized policy: guard=github, policy={"allow-only":{"repos":"all","min-integrity":"none"}} +255µs
guard:wasm buildStrictLabelAgentPayload: validating policy payload +234µs
guard:wasm buildStrictLabelAgentPayload: policy validated successfully, repos=all, min-integrity=none +238µs
guard:wasm label_agent input JSON (53 bytes): {"allow-only":{"min-integrity":"none","repos":"all"}} +214µs
guard:wasm buildStrictLabelAgentPayload: validating policy payload +176µs
guard:wasm buildStrictLabelAgentPayload: policy validated successfully, repos=all, min-integrity=none +216µs
guard:wasm tryCallWasmFunction: guard=github, func=<unknown>, inputSize=53, outputSize=4194304 +460µs
guard:wasm Using guard allocator path: guard=github +189µs
guard:wasm [guard:github] DEBUG: >>> alloc(53) +231µs
guard:wasm [guard:github] DEBUG: <<< alloc returning ptr=1107776 +253µs
guard:wasm wasmAlloc: guard=github, size=53, ptr=1107776 +216µs
guard:wasm [guard:github] DEBUG: >>> alloc(4194304) +245µs
guard:wasm [guard:github] DEBUG: <<< alloc returning ptr=1107840 +1ms
guard:wasm wasmAlloc: guard=github, size=4194304, ptr=1107840 +279µs
guard:wasm [guard:github] INFO: >>> label_agent called +406µs
guard:wasm [guard:github] INFO: <<< label_agent returning 134 bytes +532µs
guard:wasm [guard:github] DEBUG: >>> dealloc(ptr=1107840, size=4194304) +315µs
guard:wasm [guard:github] DEBUG: <<< dealloc complete +364µs
guard:wasm [guard:github] DEBUG: >>> dealloc(ptr=1107776, size=53) +294µs
guard:wasm [guard:github] DEBUG: <<< dealloc complete +268µs
guard:wasm LabelAgent raw response JSON (134 bytes): {"agent":{"secrecy":[],"integrity":["none:all"]},"difc_mode":"filter","normalized_policy":{"scope_kind":"All","min-integrity":"none"}} +215µs
guard:wasm label_agent input JSON (53 bytes): {"allow-only":{"min-integrity":"none","repos":"all"}} +24µs
guard:wasm LabelAgent parsed response: guard=github, response={"agent":{"secrecy":[],"integrity":["none:all"]},"difc_mode":"filter","normalized_policy":{"min-integrity":"none","scope_kind":"All"}} +254µs
guard:guard Applying label agent result: difc_mode="filter", secrecy_tags=0, integrity_tags=1, defaultMode=strict +24.5s
guard:guard Enforcement mode overridden: default=strict, override=filter +211µs
difc:agent Agent 82ETMfnFu36zOUTFvF5DvaYhGvCyRqzWHl94ozcKa3T25DueoUaz61vzUl adding 0 secrecy tags +9ms
difc:agent Agent 82ETMfnFu36zOUTFvF5DvaYhGvCyRqzWHl94ozcKa3T25DueoUaz61vzUl adding 1 integrity tags +235µs
difc:agent Agent 82ETMfnFu36zOUTFvF5DvaYhGvCyRqzWHl94ozcKa3T25DueoUaz61vzUl gained integrity tags: [none:all] +240µs
guard:wasm tryCallWasmFunction: guard=github, func=<unknown>, inputSize=53, outputSize=4194304 +1ms
guard:wasm Using guard allocator path: guard=github +227µs
guard:wasm [guard:github] DEBUG: >>> alloc(53) +292µs
guard:wasm [guard:github] DEBUG: <<< alloc returning ptr=1107776 +261µs
guard:guard Label agent result applied: effective_mode=filter +1ms
guard:label_agent LabelAgent completed: guard=github, mode=filter +11ms
guard:wasm wasmAlloc: guard=github, size=53, ptr=1107776 +1ms
guard:wasm [guard:github] DEBUG: >>> alloc(4194304) +350µs
guard:wasm [guard:github] DEBUG: <<< alloc returning ptr=1107840 +274µs
guard:wasm wasmAlloc: guard=github, size=4194304, ptr=1107840 +253µs
guard:wasm [guard:github] INFO: >>> label_agent called +759µs
guard:context Retrieved agent ID from context: 82ETMfnFu36zOUTFvF5DvaYhGvCyRqzWHl94ozcKa3T25DueoUaz61vzUl +14ms
difc:agent GetOrCreate called for agentID=82ETMfnFu36zOUTFvF5DvaYhGvCyRqzWHl94ozcKa3T25DueoUaz61vzUl +4ms
guard:wasm [guard:github] INFO: <<< label_agent returning 134 bytes +1ms
server:unified [DIFC] Agent 82ETMfnFu36zOUTFvF5DvaYhGvCyRqzWHl94ozcKa3T25DueoUaz61vzUl | Secrecy: [] | Integrity: [none:all] +28ms
guard:context Setting request state in context +1ms
guard:wasm [guard:github] DEBUG: >>> dealloc(ptr=1107840, size=4194304) +1ms
guard:wasm [guard:github] DEBUG: <<< dealloc complete +312µs
guard:wasm [guard:github] DEBUG: >>> dealloc(ptr=1107776, size=53) +309µs
guard:wasm [guard:github] DEBUG: <<< dealloc complete +229µs
guard:wasm LabelAgent raw response JSON (134 bytes): {"agent":{"secrecy":[],"integrity":["none:all"]},"difc_mode":"filter","normalized_policy":{"scope_kind":"All","min-integrity":"none"}} +281µs
guard:wasm LabelAgent parsed response: guard=github, response={"agent":{"secrecy":[],"integrity":["none:all"]},"difc_mode":"filter","normalized_policy":{"min-integrity":"none","scope_kind":"All"}} +383µs
guard:wasm LabelResource called: toolName=list_label, args=map[owner:apache repo:cloudstack] +251µs
guard:wasm label_resource input JSON (95 bytes): {"capabilities":{},"tool_args":{"owner":"apache","repo":"cloudstack"},"tool_name":"list_label"} +288µs
guard:wasm tryCallWasmFunction: guard=github, func=<unknown>, inputSize=95, outputSize=4194304 +251µs
guard:wasm Using guard allocator path: guard=github +238µs
guard:guard Applying label agent result: difc_mode="filter", secrecy_tags=0, integrity_tags=1, defaultMode=strict +7ms
guard:guard Enforcement mode overridden: default=strict, override=filter +222µs
guard:wasm [guard:github] DEBUG: >>> alloc(95) +721µs
difc:agent Agent 82ETMfnFu36zOUTFvF5DvaYhGvCyRqzWHl94ozcKa3T25DueoUaz61vzUl adding 0 secrecy tags +4ms
difc:agent Agent 82ETMfnFu36zOUTFvF5DvaYhGvCyRqzWHl94ozcKa3T25DueoUaz61vzUl adding 1 integrity tags +291µs
guard:wasm [guard:github] DEBUG: <<< alloc returning ptr=1107776 +742µs
guard:wasm wasmAlloc: guard=github, size=95, ptr=1107776 +241µs
difc:agent Agent 82ETMfnFu36zOUTFvF5DvaYhGvCyRqzWHl94ozcKa3T25DueoUaz61vzUl gained integrity tags: [none:all] +692µs
guard:guard Label agent result applied: effective_mode=filter +1ms
guard:wasm [guard:github] DEBUG: >>> alloc(4194304) +740µs
guard:label_agent LabelAgent completed: guard=github, mode=filter +9ms
guard:wasm [guard:github] DEBUG: <<< alloc returning ptr=1107888 +668µs
guard:wasm wasmAlloc: guard=github, size=4194304, ptr=1107888 +588µs
guard:context Retrieved agent ID from context: 82ETMfnFu36zOUTFvF5DvaYhGvCyRqzWHl94ozcKa3T25DueoUaz61vzUl +6ms
difc:agent GetOrCreate called for agentID=82ETMfnFu36zOUTFvF5DvaYhGvCyRqzWHl94ozcKa3T25DueoUaz61vzUl +2ms
server:unified [DIFC] Agent 82ETMfnFu36zOUTFvF5DvaYhGvCyRqzWHl94ozcKa3T25DueoUaz61vzUl | Secrecy: [] | Integrity: [none:all] +7ms
guard:wasm [guard:github] INFO: >>> label_resource called +982µs
guard:context Setting request state in context +1ms
guard:wasm LabelResource called: toolName=search_issues, args=map[order:asc perPage:30 query:repo:apache/cloudstack is:issue is:open no:label sort:created] +681µs
guard:wasm [guard:github] INFO:     input_len=95, output_size=4194304 +460µs
guard:wasm [guard:github] INFO:     tool_name=list_label +268µs
guard:wasm [guard:github] DEBUG: Checking repo visibility for apache/cloudstack +239µs
guard:wasm [guard:github] INFO: >>> call_backend: tool=search_repositories +853µs
guard:wasm [guard:github] DEBUG:     args={"perPage":10,"query":"repo:apache/cloudstack"} +247µs
guard:wasm WASM guard calling backend: tool=search_repositories +221µs
server:unified [DIFC] Guard calling backend github tool search_repositories for metadata +3ms
server:unified executeBackendToolCall: serverID=github, toolName=search_repositories +248µs
launcher:launcher Checking session pool: serverID=github, sessionID=82ETMfnFu36zOUTFvF5DvaYhGvCyRqzWHl94ozcKa3T25DueoUaz61vzUl +19.7s
launcher:pool Connection not found: backend=github, session=82ETMfnFu36zOUTFvF5DvaYhGvCyRqzWHl94ozcKa3T25DueoUaz61vzUl +24.5s
launcher:launcher Session connection not found, creating new: serverID=github, sessionID=82ETMfnFu36zOUTFvF5DvaYhGvCyRqzWHl94ozcKa3T25DueoUaz61vzUl +492µs
launcher:pool Connection not found: backend=github, session=82ETMfnFu36zOUTFvF5DvaYhGvCyRqzWHl94ozcKa3T25DueoUaz61vzUl +433µs
launcher:launcher Launching new session server: serverID=github, sessionID=82ETMfnFu36zOUTFvF5DvaYhGvCyRqzWHl94ozcKa3T25DueoUaz61vzUl, command=docker +1ms
2026/10/02 13:36:28 [LAUNCHER] Command: docker
2026/10/02 13:36:28 [LAUNCHER] Args: [run --rm -i -e NO_COLOR=... -e TERM=... -e PYTHONUNBUFFERED=... -e GITHUB_PERSONAL_ACCESS_TOKEN=ghs_... -e GITHUB_READ_ONLY=... -e GITHUB_TOOLSETS=issu... -e GITHUB_HOST=http... ghcr.io/github/github-mcp-server:v1.0.4]
2026/10/02 13:36:28 [LAUNCHER] Starting server with 30s timeout
launcher:launcher Starting server with timeout: serverID=github, sessionID=82ETMfnFu36zOUTFvF5DvaYhGvCyRqzWHl94ozcKa3T25DueoUaz61vzUl, timeout=30s +227µs
launcher:launcher Starting connection goroutine: serverID=github +233µs
envutil:expand Expanding env args: input_count=18 +24.3s
envutil:expand Env args expansion complete: output_count=18 +222µs
mcp:connection Expanded args for Docker env: [run --rm -i -e NO_COLOR=... -e TERM=... -e PYTHONUNBUFFERED=... -e GITHUB_PERSONAL_ACCESS_TOKEN=ghs_... -e GITHUB_READ_ONLY=... -e GITHUB_TOOLSETS=issu... -e GITHUB_HOST=http... ghcr.io/github/github-mcp-server:v1.0.4] +24.2s
mcp:connection Initiating MCP server connection and handshake +598µs
launcher:launcher Connection established: serverID=github for session '82ETMfnFu36zOUTFvF5DvaYhGvCyRqzWHl94ozcKa3T25DueoUaz61vzUl' +129ms
launcher:pool Added new connection to pool: backend=github, session=82ETMfnFu36zOUTFvF5DvaYhGvCyRqzWHl94ozcKa3T25DueoUaz61vzUl +131ms
mcp:connection Dispatching SDK method: tools/call, serverID=github +130ms
mcp:connection callTool: parsed name=search_repositories, argumentCount=2 +252µs
guard:wasm Backend call failed: calling "tools/call": unknown tool "search_repositories" +136ms
guard:wasm [guard:github] ERROR: <<< call_backend FAILED with code -1 +232µs
guard:wasm [guard:github] WARN: Backend call search_repositories failed with code -1 +447µs
guard:wasm [guard:github] DEBUG: Checking repo visibility for apache/cloudstack +440µs
guard:wasm [guard:github] INFO: >>> call_backend: tool=search_repositories +236µs
guard:wasm [guard:github] DEBUG:     args={"perPage":10,"query":"repo:apache/cloudstack"} +1ms
guard:wasm WASM guard calling backend: tool=search_repositories +319µs
server:unified [DIFC] Guard calling backend github tool search_repositories for metadata +139ms
server:unified executeBackendToolCall: serverID=github, toolName=search_repositories +227µs
launcher:launcher Checking session pool: serverID=github, sessionID=82ETMfnFu36zOUTFvF5DvaYhGvCyRqzWHl94ozcKa3T25DueoUaz61vzUl +7ms
launcher:pool Reusing connection: backend=github, session=82ETMfnFu36zOUTFvF5DvaYhGvCyRqzWHl94ozcKa3T25DueoUaz61vzUl, requests=0 +7ms
mcp:connection Dispatching SDK method: tools/call, serverID=github +7ms
mcp:connection callTool: parsed name=search_repositories, argumentCount=2 +222µs
guard:wasm Backend call failed: calling "tools/call": unknown tool "search_repositories" +4ms
guard:wasm [guard:github] ERROR: <<< call_backend FAILED with code -1 +220µs
guard:wasm [guard:github] WARN: Backend call search_repositories failed with code -1 +431µs
guard:wasm [guard:github] INFO:     desc=resource:list_label +452µs
guard:wasm [guard:github] INFO:     secrecy=[] (public) +264µs
guard:wasm [guard:github] INFO:     integrity=["none:all", "unapproved:all", "approved:all"] +228µs
guard:wasm [guard:github] INFO:     operation=read +233µs
guard:wasm [guard:github] INFO: <<< label_resource returning 139 bytes +239µs
guard:wasm [guard:github] DEBUG: >>> dealloc(ptr=1107888, size=4194304) +233µs
guard:wasm [guard:github] DEBUG: <<< dealloc complete +236µs
guard:wasm [guard:github] DEBUG: >>> dealloc(ptr=1107776, size=95) +221µs
guard:wasm [guard:github] DEBUG: <<< dealloc complete +211µs
difc:labels Creating label with 0 initial tags: [] +174ms
guard:wasm label_resource input JSON (164 bytes): {"capabilities":{},"tool_args":{"order":"asc","perPage":30,"query":"repo:apache/cloudstack is:issue is:open no:label","sort":"created"},"tool_name":"search_issues"} +256µs
difc:labels Creating label with 3 initial tags: [none:all unapproved:all approved:all] +261µs
guard:wasm Parsed resource response: description="resource:list_label", operation=read +469µs
server:unified [DIFC] Resource: resource:list_label | Operation: read | Secrecy: [] | Integrity: [approved:all none:all unapproved:all] +8ms
difc:pipeline_decisions ShouldBypassCoarseDeny: operation=read, bypass=true +24.7s
difc:evaluator Evaluating access: operation=read, resource=resource:list_label +24.7s
difc:evaluator Evaluating read access (mode=filter): resource=resource:list_label, agentSecrecy=[], agentIntegrity=[none:all] +259µs
guard:wasm tryCallWasmFunction: guard=github, func=<unknown>, inputSize=164, outputSize=4194304 +1ms
guard:wasm Using guard allocator path: guard=github +261µs
guard:wasm [guard:github] DEBUG: >>> alloc(164) +252µs
guard:wasm [guard:github] DEBUG: <<< alloc returning ptr=1107776 +271µs
guard:wasm wasmAlloc: guard=github, size=164, ptr=1107776 +349µs
difc:evaluator Read access allowed: resource=resource:list_label +1ms
server:unified [DIFC] Access ALLOWED for agent 82ETMfnFu36zOUTFvF5DvaYhGvCyRqzWHl94ozcKa3T25DueoUaz61vzUl to resource:list_label +2ms
server:unified executeBackendToolCall: serverID=github, toolName=list_label +391µs
guard:wasm [guard:github] DEBUG: >>> alloc(4194304) +1ms
guard:wasm [guard:github] DEBUG: <<< alloc returning ptr=1107952 +249µs
guard:wasm wasmAlloc: guard=github, size=4194304, ptr=1107952 +277µs
guard:wasm [guard:github] INFO: >>> label_resource called +216µs
guard:wasm [guard:github] INFO:     input_len=164, output_size=4194304 +300µs
launcher:launcher Checking session pool: serverID=github, sessionID=82ETMfnFu36zOUTFvF5DvaYhGvCyRqzWHl94ozcKa3T25DueoUaz61vzUl +12ms
launcher:pool Reusing connection: backend=github, session=82ETMfnFu36zOUTFvF5DvaYhGvCyRqzWHl94ozcKa3T25DueoUaz61vzUl, requests=1 +12ms
guard:wasm [guard:github] INFO:     tool_name=search_issues +924µs
guard:wasm [guard:github] DEBUG: Checking repo visibility for apache/cloudstack +918µs
mcp:connection Dispatching SDK method: tools/call, serverID=github +11ms
guard:wasm [guard:github] INFO: >>> call_backend: tool=search_repositories +361µs
mcp:connection callTool: parsed name=list_label, argumentCount=2 +270µs
guard:wasm [guard:github] DEBUG:     args={"perPage":10,"query":"repo:apache/cloudstack"} +739µs
guard:wasm WASM guard calling backend: tool=search_repositories +256µs
server:unified [DIFC] Guard calling backend github tool search_repositories for metadata +5ms
server:unified executeBackendToolCall: serverID=github, toolName=search_repositories +212µs
launcher:launcher Checking session pool: serverID=github, sessionID=82ETMfnFu36zOUTFvF5DvaYhGvCyRqzWHl94ozcKa3T25DueoUaz61vzUl +4ms
launcher:pool Reusing connection: backend=github, session=82ETMfnFu36zOUTFvF5DvaYhGvCyRqzWHl94ozcKa3T25DueoUaz61vzUl, requests=2 +4ms
mcp:connection Dispatching SDK method: tools/call, serverID=github +3ms
mcp:connection callTool: parsed name=search_repositories, argumentCount=2 +272µs
guard:wasm Backend call failed: calling "tools/call": unknown tool "search_repositories" +4ms
guard:wasm [guard:github] ERROR: <<< call_backend FAILED with code -1 +235µs
guard:wasm [guard:github] WARN: Backend call search_repositories failed with code -1 +525µs
guard:wasm [guard:github] DEBUG: Checking repo visibility for apache/cloudstack +475µs
guard:wasm [guard:github] INFO: >>> call_backend: tool=search_repositories +217µs
guard:wasm [guard:github] DEBUG:     args={"perPage":10,"query":"repo:apache/cloudstack"} +223µs
guard:wasm WASM guard calling backend: tool=search_repositories +202µs
server:unified [DIFC] Guard calling backend github tool search_repositories for metadata +6ms
server:unified executeBackendToolCall: serverID=github, toolName=search_repositories +232µs
launcher:launcher Checking session pool: serverID=github, sessionID=82ETMfnFu36zOUTFvF5DvaYhGvCyRqzWHl94ozcKa3T25DueoUaz61vzUl +6ms
launcher:pool Reusing connection: backend=github, session=82ETMfnFu36zOUTFvF5DvaYhGvCyRqzWHl94ozcKa3T25DueoUaz61vzUl, requests=3 +6ms
mcp:connection Dispatching SDK method: tools/call, serverID=github +6ms
mcp:connection callTool: parsed name=search_repositories, argumentCount=2 +225µs
guard:wasm Backend call failed: calling "tools/call": unknown tool "search_repositories" +5ms
guard:wasm [guard:github] ERROR: <<< call_backend FAILED with code -1 +277µs
guard:wasm [guard:github] WARN: Backend call search_repositories failed with code -1 +404µs
guard:wasm [guard:github] INFO:     desc=search_issues:apache/cloudstack +464µs
guard:wasm [guard:github] INFO:     secrecy=[] (public) +201µs
guard:wasm [guard:github] INFO:     integrity=["none:all"] +214µs
guard:wasm [guard:github] INFO:     operation=read +200µs
guard:wasm [guard:github] INFO: <<< label_resource returning 119 bytes +208µs
guard:wasm [guard:github] DEBUG: >>> dealloc(ptr=1107952, size=4194304) +241µs
guard:wasm [guard:github] DEBUG: <<< dealloc complete +1ms
guard:wasm [guard:github] DEBUG: >>> dealloc(ptr=1107776, size=164) +308µs
guard:wasm [guard:github] DEBUG: <<< dealloc complete +282µs
difc:labels Creating label with 0 initial tags: [] +24ms
difc:labels Creating label with 1 initial tags: [none:all] +296µs
guard:wasm Parsed resource response: description="search_issues:apache/cloudstack", operation=read +928µs
server:unified [DIFC] Resource: search_issues:apache/cloudstack | Operation: read | Secrecy: [] | Integrity: [none:all] +9ms
difc:pipeline_decisions ShouldBypassCoarseDeny: operation=read, bypass=true +24ms
difc:evaluator Evaluating access: operation=read, resource=search_issues:apache/cloudstack +22ms
difc:evaluator Evaluating read access (mode=filter): resource=search_issues:apache/cloudstack, agentSecrecy=[], agentIntegrity=[none:all] +208µs
difc:evaluator Read access allowed: resource=search_issues:apache/cloudstack +209µs
server:unified [DIFC] Access ALLOWED for agent 82ETMfnFu36zOUTFvF5DvaYhGvCyRqzWHl94ozcKa3T25DueoUaz61vzUl to search_issues:apache/cloudstack +1ms
server:unified executeBackendToolCall: serverID=github, toolName=search_issues +193µs
launcher:launcher Checking session pool: serverID=github, sessionID=82ETMfnFu36zOUTFvF5DvaYhGvCyRqzWHl94ozcKa3T25DueoUaz61vzUl +11ms
launcher:pool Reusing connection: backend=github, session=82ETMfnFu36zOUTFvF5DvaYhGvCyRqzWHl94ozcKa3T25DueoUaz61vzUl, requests=4 +11ms
mcp:connection Dispatching SDK method: tools/call, serverID=github +10ms
mcp:connection callTool: parsed name=search_issues, argumentCount=4 +233µs
difc:pipeline_decisions ShouldCallLabelResponse: operation=read, mode=filter, result=true +234ms
guard:wasm LabelResponse called: toolName=search_issues +235ms
guard:context Retrieved request state from context +410ms
guard:wasm label_response input JSON (266 bytes): {"capabilities":{},"tool_args":{"order":"asc","perPage":30,"query":"repo:apache/cloudstack is:issue is:open no:label","sort":"created"},"tool_name":"search_issues","tool_result":{"content":[{"text":"{\"total_count\":0,\"incomplete_results\":false}","type":"text"}]}} +591µs
guard:wasm tryCallWasmFunction: guard=github, func=<unknown>, inputSize=266, outputSize=4194304 +232µs
guard:wasm Using guard allocator path: guard=github +288µs
guard:wasm [guard:github] DEBUG: >>> alloc(266) +275µs
guard:wasm [guard:github] DEBUG: <<< alloc returning ptr=1107776 +241µs
guard:wasm wasmAlloc: guard=github, size=266, ptr=1107776 +335µs
guard:wasm [guard:github] DEBUG: >>> alloc(4194304) +360µs
guard:wasm [guard:github] DEBUG: <<< alloc returning ptr=1108048 +1ms
guard:wasm wasmAlloc: guard=github, size=4194304, ptr=1108048 +361µs
guard:wasm [guard:github] INFO: >>> label_response called +269µs
guard:wasm [guard:github] INFO:     input_len=266, output_size=4194304 +256µs
guard:wasm [guard:github] INFO:     input_preview={"capabilities":{},"tool_args":{"order":"asc","perPage":30,"query":"repo:apache/cloudstack is:issue is:open no:label","sort":"created"},"tool_name":"search_issues","tool_result":{"content":[{"text":"{\"total_count\":0,\"incomplete_results\":false}","type":"text"}]}} +235µs
guard:wasm [guard:github] INFO:     tool_name=search_issues +549µs
guard:wasm [guard:github] DEBUG: extract_mcp_response: top-level keys=["content"] +231µs
guard:wasm [guard:github] DEBUG: extract_mcp_response: found content array with 1 items +219µs
guard:wasm [guard:github] DEBUG: extract_mcp_response: found text field, len=44 +245µs
guard:wasm [guard:github] DEBUG: extract_mcp_response: parsed content[0].text as JSON +247µs
guard:wasm [guard:github] INFO:     using legacy item-based labeling +219µs
guard:wasm [guard:github] DEBUG: extract_mcp_response: top-level keys=["content"] +239µs
guard:wasm [guard:github] DEBUG: extract_mcp_response: found content array with 1 items +209µs
guard:wasm [guard:github] DEBUG: extract_mcp_response: found text field, len=44 +266µs
guard:wasm [guard:github] DEBUG: extract_mcp_response: parsed content[0].text as JSON +259µs
guard:wasm [guard:github] DEBUG: Checking repo visibility for apache/cloudstack +276µs
guard:wasm [guard:github] INFO: >>> call_backend: tool=search_repositories +290µs
guard:wasm [guard:github] DEBUG:     args={"perPage":10,"query":"repo:apache/cloudstack"} +228µs
guard:wasm WASM guard calling backend: tool=search_repositories +261µs
server:unified [DIFC] Guard calling backend github tool search_repositories for metadata +241ms
server:unified executeBackendToolCall: serverID=github, toolName=search_repositories +255µs
launcher:launcher Checking session pool: serverID=github, sessionID=82ETMfnFu36zOUTFvF5DvaYhGvCyRqzWHl94ozcKa3T25DueoUaz61vzUl +242ms
launcher:pool Reusing connection: backend=github, session=82ETMfnFu36zOUTFvF5DvaYhGvCyRqzWHl94ozcKa3T25DueoUaz61vzUl, requests=5 +242ms
mcp:connection Dispatching SDK method: tools/call, serverID=github +241ms
mcp:connection callTool: parsed name=search_repositories, argumentCount=2 +289µs
guard:wasm Backend call failed: calling "tools/call": unknown tool "search_repositories" +7ms
guard:wasm [guard:github] ERROR: <<< call_backend FAILED with code -1 +267µs
guard:wasm [guard:github] WARN: Backend call search_repositories failed with code -1 +819µs
guard:wasm [guard:github] DEBUG: extract_mcp_response: top-level keys=["content"] +998µs
guard:wasm [guard:github] DEBUG: extract_mcp_response: found content array with 1 items +672µs
guard:wasm [guard:github] DEBUG: extract_mcp_response: found text field, len=44 +275µs
guard:wasm [guard:github] DEBUG: extract_mcp_response: parsed content[0].text as JSON +372µs
guard:wasm [guard:github] INFO:     server metadata (text message or empty search), integrity=["none:all", "unapproved:all", "approved:all"] +418µs
guard:wasm [guard:github] INFO:     generated 1 labeled items +382µs
guard:wasm [guard:github] INFO:     output_preview={"items":[{"data":{"content":[{"text":"{\"total_count\":0,\"incomplete_results\":false}","type":"text"}]},"labels":{"description":"metadata:search_issues","secrecy":[],"integrity":["none:all","unapproved:all","approved:all"]}}]} +438µs
guard:wasm [guard:github] INFO: <<< label_response returning 228 bytes +278µs
guard:wasm [guard:github] DEBUG: >>> dealloc(ptr=1108048, size=4194304) +271µs
guard:wasm [guard:github] DEBUG: <<< dealloc complete +374µs
guard:wasm [guard:github] DEBUG: >>> dealloc(ptr=1107776, size=266) +441µs
guard:wasm [guard:github] DEBUG: <<< dealloc complete +237µs
guard:wasm parseCollectionLabeledData: itemCount=1 +299µs
difc:labels Creating label with 0 initial tags: [] +258ms
difc:labels Creating label with 3 initial tags: [none:all unapproved:all approved:all] +401µs
guard:wasm parseCollectionLabeledData: parsed 1 labeled items from 1 input items +1ms
difc:evaluator Filtering collection: operation=read, totalItems=1 +257ms
difc:evaluator Evaluating access: operation=read, resource=metadata:search_issues +321µs
difc:evaluator Evaluating read access (mode=filter): resource=metadata:search_issues, agentSecrecy=[], agentIntegrity=[none:all] +258µs
difc:evaluator Read access allowed: resource=metadata:search_issues +355µs
difc:evaluator Collection filtered: accessible=1, filtered=0, total=1 +256µs
server:unified [DIFC] Filtered collection: 1/1 items accessible +16ms
difc:pipeline_decisions ShouldBlockFilteredResponse: mode=filter, filteredCount=0, block=false +26ms
difc:resource FilteredCollectionLabeledData.ToResult: returning 1 accessible items (filter_reason=DIFC policy) +24.9s
difc:pipeline_decisions ShouldAccumulateReadLabels: operation=read, mode=filter, accumulate=false +518µs
mcp:tool_result Converting backend result to CallToolResult +476ms
mcp:tool_result Backend returned array, wrapping as text +216µs
server:response_writer Writing response body: 203 bytes +478ms
server:response_writer Retrieving captured body: 203 bytes +310µs
server:response_writer Retrieving captured status code: 200 +261µs
server:sdk-frontend <<< SDK Response [routed:github] status=200 duration=486.634435ms (non-JSON or stream) +481ms
server:sdk-frontend     Raw response: event: message
data: {"jsonrpc":"2.0","id":3,"result":{"content":[{"type":"text","text":"[{\"content\":[{\"text\":\"{\\\"total_count\\\":0,\\\"incomplete_results\\\":false}\",\"type\":\"text\"}]}]"}]}}

 +286µs
difc:pipeline_decisions ShouldCallLabelResponse: operation=read, mode=filter, result=true +5ms
guard:wasm LabelResponse called: toolName=list_label +8ms
guard:context Retrieved request state from context +31ms
guard:wasm label_response input JSON (11482 bytes): {"capabilities":{},"tool_args":{"owner":"apache","repo":"cloudstack"},"tool_name":"list_label","tool_result":{"content":[{"text":"{\"labels\":[{\"color\":\"000000\",\"description\":\"\",\"id\":\"MDU6TGFiZWwzNzg0MzM2NQ==\",\"name\":\"status:duplicate\"},{\"color\":\"e6e6e6\",\"description\":\"\",\"id\":\"MDU6TGFiZWwzNzg0MzM2Nw==\",\"name\":\"status:invalid\"},{\"color\":\"ffffff\",\"description\":\"\",\"id\":\"MDU6TGFiZWwzNzg0MzM2OQ==\",\"name\":\"status:wontfix\"},{\"color\":\"fc2929\",\"description\":\"\",\"id\":\"MDU6TGFiZWwzNzg0MzM2NA==\",\"name\":\"type:bug\"},{\"color\":\"84b6eb\",\"description\":\"\",\"id\":\"MDU6TGFiZWwzNzg0MzM2Ng==\",\"name\":\"type:enhancement\"},{\"color\":\"cc317c\",\"description\":\"\",\"id\":\"MDU6TGFiZWwzNzg0MzM2OA==\",\"name\":\"type:question\"},{\"color\":\"006b75\",\"description\":\"\",\"id\":\"MDU6TGFiZWw1ODQwNzI5NzE=\",\"name\":\"component:kvm\"},{\"color\":\"bfdadc\",\"description\":\"\",\"id\":\"MDU6TGFiZWw1ODQwNzMwMjg=\",\"name\":\"component:ceph\"},{\"color\":\"0e8a16\",\"description\":\"\",\"id\":\"MDU6TGFiZWw1ODQwNzMxMzQ=\",\"name\":\"component:management-server\"},{\"color\":\"006b75\",\"description\":\"\",\"id\":\"MDU6TGFiZWw1ODQwNzMxODQ=\",\"name\":\"component:XenServer\"},{\"color\":\"fef2c0\",\"description\":\"\",\"id\":\"MDU6TGFiZWw1ODQwNzMyMDc=\",\"name\":\"component:vmware\"},{\"color\":\"5319e7\",\"description\":\"\",\"id\":\"MDU6TGFiZWw1ODQwNzMyNzg=\",\"name\":\"component:primary-storage\"},{\"color\":\"f9d0c4\",\"description\":\"\",\"id\":\"MDU6TGFiZWw1ODQwNzMzMDc=\",\"name\":\"component:secondary-storage\"},{\"color\":\"c2e0c6\",\"description\":\"\",\"id\":\"MDU6TGFiZWw1ODQwNzMzMzY=\",\"name\":\"component:ipv6\"},{\"color\":\"fef2c0\",\"description\":\"\",\"id\":\"MDU6TGFiZWw1ODQwNzMzNTE=\",\"name\":\"component:vpc\"},{\"color\":\"ffaaeb\",\"description\":\"\",\"id\":\"MDU6TGFiZWw1ODQwNzMzOTE=\",\"name\":\"component:virtual-router\"},{\"color\":\"15E8EE\",\"description\":\"\",\"id\":\"MDU6TGFiZWw1ODQwNzM0Mjc=\",\"name\":\"component:console-proxy\"},{\"color\":\"c5def5\",\"description\":\"\",\"id\":\"MDU6TGFiZWw1ODQwNzM0NDk=\",\"name\":\"component:ssvm\"},{\"color\":\"0e8a16\",\"description\":\"\",\"id\":\"MDU6TGFiZWw1ODQwNzM3ODg=\",\"name\":\"component:iscsi\"},{\"color\":\"1DB401\",\"description\":\"\",\"id\":\"MDU6TGFiZWw1ODQwNzM4NTM=\",\"name\":\"component:api\"},{\"color\":\"5319e7\",\"description\":\"\",\"id\":\"MDU6TGFiZWw1ODQwNzM4ODI=\",\"name\":\"type:config\"},{\"color\":\"bfdadc\",\"description\":\"\",\"id\":\"MDU6TGFiZWw1ODQwNzQzMTI=\",\"name\":\"component:libvirt\"},{\"color\":\"fef2c0\",\"description\":\"\",\"id\":\"MDU6TGFiZWw1ODQwNzQ2MjI=\",\"name\":\"component:mysql\"},{\"color\":\"1d76db\",\"description\":\"\",\"id\":\"MDU6TGFiZWw1ODQwNzQ2NTg=\",\"name\":\"component:security-group\"},{\"color\":\"bfdadc\",\"description\":\"\",\"id\":\"MDU6TGFiZWw1ODQwNzQ2ODA=\",\"name\":\"type:security\"},{\"color\":\"c5def5\",\"description\":\"\",\"id\":\"MDU6TGFiZWw1ODQwNzUwMTE=\",\"name\":\"component:plugin\"},{\"color\":\"c2e0c6\",\"description\":\"\",\"id\":\"MDU6TGFiZWw1ODQwNzY0MzU=\",\"name\":\"component:packaging\"},{\"color\":\"f9d0c4\",\"description\":\"\",\"id\":\"MDU6TGFiZWw1ODQwNzY0NzE=\",\"name\":\"component:systemd\"},{\"color\":\"006b75\",\"description\":\"\",\"id\":\"MDU6TGFiZWw1ODkxMzUyNzU=\",\"name\":\"component:usage-server\"},{\"color\":\"bfd4f2\",\"description\":\"\",\"id\":\"MDU6TGFiZWw1ODkxNjIwODk=\",\"name\":\"status:work-in-progress\"},{\"color\":\"b60205\",\"description\":\"\",\"id\":\"MDU6TGFiZWw1OTIyODAyODg=\",\"name\":\"status:testing\"},{\"color\":\"ff0000\",\"description\":\"\",\"id\":\"MDU6TGFiZWw1OTIyODA4ODU=\",\"name\":\"status:blocked\"},{\"color\":\"006b75\",\"description\":\"\",\"id\":\"MDU6TGFiZWw1OTIzMTUyMjM=\",\"name\":\"status:needs-CI\"},{\"color\":\"d4c5f9\",\"description\":\"\",\"id\":\"MDU6TGFiZWw1OTIzMTU0ODM=\",\"name\":\"status:waiting-for-author\"},{\"color\":\"bfdadc\",\"description\":\"\",\"id\":\"MDU6TGFiZWw1OTIzMTYwNDQ=\",\"name\":\"status:CI-running\"},{\"color\":\"0052cc\",\"description\":\"\",\"id\":\"MDU6TGFiZWw1OTIzODkwNDg=\",\"name\":\"status:ready-for-merge\"},{\"color\":\"f9d0c4\",\"description\":\"\",\"id\":\"MDU6TGFiZWw1OTI1NTkyMTk=\",\"name\":\"component:networking\"},{\"color\":\"b60205\",\"description\":\"\",\"id\":\"MDU6TGFiZWw1OTI5NTMyMjY=\",\"name\":\"Severity:BLOCKER\"},{\"color\":\"DA70D6\",\"description\":\"\",\"id\":\"MDU6TGFiZWw1OTMwODQwMjM=\",\"name\":\"status:waiting-for-reviewer\"},{\"color\":\"fbca04\",\"description\":\"\",\"id\":\"MDU6TGFiZWw2MDIyODEzMjI=\",\"name\":\"status:depreciated\"},{\"color\":\"ff3030\",\"description\":\"\",\"id\":\"MDU6TGFiZWw2MDIyODMzNzY=\",\"name\":\"status:needs-work\"},{\"color\":\"0e8a16\",\"description\":\"\",\"id\":\"MDU6TGFiZWw2MDMwNTMwMTA=\",\"name\":\"status:reviews-complete\"},{\"color\":\"c5def5\",\"description\":\"\",\"id\":\"MDU6TGFiZWw2MDUyMDkxMzk=\",\"name\":\"component:systemvm-template\"},{\"color\":\"d9d90b\",\"description\":\"\",\"id\":\"MDU6TGFiZWw2NTY3NzgwMzE=\",\"name\":\"status:closable\"},{\"color\":\"ea62a8\",\"description\":\"\",\"id\":\"MDU6TGFiZWw3MzkzNzQ3Njc=\",\"name\":\"component:UI\"},{\"color\":\"98f29b\",\"description\":\"\",\"id\":\"MDU6TGFiZWw3Nzk5MDQ2NDc=\",\"name\":\"type:healthcheckrun\"},{\"color\":\"2ea9c1\",\"description\":\"\",\"id\":\"MDU6TGFiZWw3OTU5MzYxMzE=\",\"name\":\"component:basic-network\"},{\"color\":\"720bc1\",\"description\":\"\",\"id\":\"MDU6TGFiZWw4MTQyNzc5NzQ=\",\"name\":\"component:upgrade\"},{\"color\":\"a5f9ff\",\"description\":\"\",\"id\":\"MDU6TGFiZWw4MTc0MjA0Mjg=\",\"name\":\"type:improvement\"},{\"color\":\"0e8a16\",\"description\":\"\",\"id\":\"MDU6TGFiZWw4MjE3MTYxMTM=\",\"name\":\"type:cleanup\"},{\"color\":\"a1b1e2\",\"description\":\"\",\"id\":\"MDU6TGFiZWw4NjgxNzM4NTI=\",\"name\":\"type:admin/housekeeping\"},{\"color\":\"ffc0cb\",\"description\":\"\",\"id\":\"MDU6TGFiZWw4OTEyOTI5MDI=\",\"name\":\"status:Help-wanted\"},{\"color\":\"edef73\",\"description\":\"\",\"id\":\"MDU6TGFiZWw4OTM3ODg5MTI=\",\"name\":\"component:saml\"},{\"color\":\"a9b50e\",\"description\":\"Warning... Python code Ahead!\",\"id\":\"MDU6TGFiZWw5MDQwNTE3ODE=\",\"name\":\"Python\"},{\"color\":\"2CFACC\",\"description\":\"\",\"id\":\"MDU6TGFiZWw5MTYwODUwNzU=\",\"name\":\"component:database\"},{\"color\":\"900606\",\"description\":\"Critical bug\",\"id\":\"MDU6TGFiZWw5MjgwODQ0OTI=\",\"name\":\"Severity:Critical\"},{\"color\":\"D93F0B\",\"description\":\"\",\"id\":\"MDU6TGFiZWw5NTY1MjY0OTg=\",\"name\":\"status:has-conflicts\"},{\"color\":\"15728e\",\"description\":\"\",\"id\":\"MDU6TGFiZWw5NTc3NjkzMzg=\",\"name\":\"status:waiting-for-smoketest-results\"},{\"color\":\"9dd0dd\",\"description\":\"\",\"id\":\"MDU6TGFiZWw5ODQ1MjM2MzA=\",\"name\":\"component:local-storage\"},{\"color\":\"9bd1dd\",\"description\":\"\",\"id\":\"MDU6TGFiZWwxMDExOTcwOTI1\",\"name\":\"component:managed-storage\"},{\"color\":\"a1ea91\",\"description\":\"\",\"id\":\"MDU6TGFiZWwxMDI3MzQzNzgz\",\"name\":\"status:Has a PR\"},{\"color\":\"991821\",\"description\":\"\",\"id\":\"MDU6TGFiZWwxMDI5NzMzOTcw\",\"name\":\"status:cant replicate\"},{\"color\":\"47cc59\",\"description\":\"\",\"id\":\"MDU6TGFiZWwxMDU5OTQyMDg2\",\"name\":\"component:openvswitch\"},{\"color\":\"5fefdc\",\"description\":\"\",\"id\":\"MDU6TGFiZWwxMDc2ODg3MDgw\",\"name\":\"component:dhcp\"},{\"color\":\"eaa498\",\"description\":\"\",\"id\":\"MDU6TGFiZWwxMDgyMzc0MTcx\",\"name\":\"component:logging\"},{\"color\":\"6cddb4\",\"description\":\"\",\"id\":\"MDU6TGFiZWwxMDg4ODcyMzY0\",\"name\":\"status:Not a problem\"},{\"color\":\"80e5e2\",\"description\":\"\",\"id\":\"MDU6TGFiZWwxMDkyODY5OTQz\",\"name\":\"component:agent\"},{\"color\":\"5bf7ae\",\"description\":\"\",\"id\":\"MDU6TGFiZWwxMTE4MzcyNzU0\",\"name\":\"status:marvin-tests-passing\"},{\"color\":\"5319e7\",\"description\":\"\",\"id\":\"MDU6TGFiZWwxMTE4MzczODI2\",\"name\":\"status:marvin-tests-failing\"},{\"color\":\"221596\",\"description\":\"\",\"id\":\"MDU6TGFiZWwxMTE4Mzc0MjA3\",\"name\":\"status:marvin-test-not-run\"},{\"color\":\"68eda1\",\"description\":\"\",\"id\":\"MDU6TGFiZWwxMTE4Mzc0NTE4\",\"name\":\"status:manual-tests-passing\"},{\"color\":\"d347ef\",\"description\":\"\",\"id\":\"MDU6TGFiZWwxMTE4Mzc0ODM1\",\"name\":\"status:manual-tests-failing\"},{\"color\":\"0d55e5\",\"description\":\"\",\"id\":\"MDU6TGFiZWwxMTE4Mzc1MDM1\",\"name\":\"status:manual-tests-not-run\"},{\"color\":\"c1d134\",\"description\":\"\",\"id\":\"MDU6TGFiZWwxMTI1OTEyOTU4\",\"name\":\"status:proof-of-concept\"},{\"color\":\"99fcc4\",\"description\":\"VXLAN\",\"id\":\"MDU6TGFiZWwxMTM0NzA1MjI5\",\"name\":\"component:vxlan\"},{\"color\":\"afffb2\",\"description\":\"\",\"id\":\"MDU6TGFiZWwxMTM2NjgxNzc0\",\"name\":\"component:advanced-networking\"},{\"color\":\"880205\",\"description\":\"\",\"id\":\"MDU6TGFiZWwxMTQ5OTY1OTk2\",\"name\":\"status:not-a-bug\"},{\"color\":\"4471c4\",\"description\":\"\",\"id\":\"MDU6TGFiZWwxMTUwNjc1NTQ5\",\"name\":\"type:new-feature\"},{\"color\":\"3B90D6\",\"description\":\"\",\"id\":\"MDU6TGFiZWwxMTUyOTU3NTcx\",\"name\":\"component:compute\"},{\"color\":\"ef97b6\",\"description\":\"\",\"id\":\"MDU6TGFiZWwxMTUyOTY5OTY2\",\"name\":\"component:templates\"},{\"color\":\"6e1ec9\",\"description\":\"\",\"id\":\"MDU6TGFiZWwxMTUyOTc4MDEz\",\"name\":\"component:build\"},{\"color\":\"f4b2be\",\"description\":\"\",\"id\":\"MDU6TGFiZWwxMTUzMDAzMDY1\",\"name\":\"component:projects\"},{\"color\":\"105787\",\"description\":\"\",\"id\":\"MDU6TGFiZWwxMTUzNjYwNDIy\",\"name\":\"component:unit-test\"},{\"color\":\"4e62fc\",\"description\":\"\",\"id\":\"MDU6TGFiZWwxMTU1MDE2OTEw\",\"name\":\"status:needs-reproducing\"},{\"color\":\"dbd348\",\"description\":\"\",\"id\":\"MDU6TGFiZWwxMTY3MDU0Mjk0\",\"name\":\"component:marvin\"},{\"color\":\"ccdcff\",\"description\":\"\",\"id\":\"MDU6TGFiZWwxMjUwMDUxMzYy\",\"name\":\"python3\"},{\"color\":\"66a3dd\",\"description\":\"\",\"id\":\"MDU6TGFiZWwxMjk5MDE5MTY5\",\"name\":\"component:dpdk\"},{\"color\":\"7ff4ee\",\"description\":\"\",\"id\":\"MDU6TGFiZWwxMzMzNDEwMTEz\",\"name\":\"type:regression\"},{\"color\":\"6020bf\",\"description\":\"\",\"id\":\"MDU6TGFiZWwxMzMzNDEwODYy\",\"name\":\"component:migration\"},{\"color\":\"e08888\",\"description\":\"\",\"id\":\"MDU6TGFiZWwxMzkxOTY3OTc5\",\"name\":\"Severity:Trivial\"},{\"color\":\"906666\",\"description\":\"\",\"id\":\"MDU6TGFiZWwxMzkxOTY4NjEw\",\"name\":\"Severity:Minor\"},{\"color\":\"b2ef67\",\"description\":\"\",\"id\":\"MDU6TGFiZWwxMzkxOTc4ODg1\",\"name\":\"component:LDAP\"},{\"color\":\"e4ccff\",\"description\":\"\",\"id\":\"MDU6TGFiZWwxNjQ1MDYyODY2\",\"name\":\"component:simulator\"},{\"color\":\"0db7ed\",\"description\":\"\",\"id\":\"MDU6TGFiZWwxNjQ1MDY0NDk1\",\"name\":\"docker\"},{\"color\":\"0366d6\",\"description\":\"Pull requests that update a dependency file\",\"id\":\"MDU6TGFiZWwxNjUxNjQ4MTI4\",\"name\":\"dependencies\"},{\"color\":\"903636\",\"description\":\"\",\"id\":\"MDU6TGFiZWwxNjYzOTY5NTIx\",\"name\":\"Severity:Major\"},{\"color\":\"0db7ed\",\"description\":\"\",\"id\":\"MDU6TGFiZWwxNzAwMTE5OTEy\",\"name\":\"component:kubernetes\"},{\"color\":\"3085D3\",\"description\":\"\",\"id\":\"MDU6TGFiZWwxNzgyOTYyNDM2\",\"name\":\"component:csvm\"},{\"color\":\"9e1737\",\"description\":\"\",\"id\":\"MDU6TGFiZWwxODcwMTY5NjEx\",\"name\":\"component:JDK\"},{\"color\":\"52a8ea\",\"description\":\"\",\"id\":\"MDU6TGFiZWwxOTAwMzM3MzM1\",\"name\":\"type:technical-debt\"}],\"totalCount\":231}","type":"text"}]}} +603µs
guard:wasm tryCallWasmFunction: guard=github, func=<unknown>, inputSize=11482, outputSize=4194304 +495µs
guard:wasm Using guard allocator path: guard=github +510µs
guard:wasm [guard:github] DEBUG: >>> alloc(11482) +304µs
guard:wasm [guard:github] DEBUG: <<< alloc returning ptr=1107776 +254µs
guard:wasm wasmAlloc: guard=github, size=11482, ptr=1107776 +294µs
guard:wasm [guard:github] DEBUG: >>> alloc(4194304) +317µs
guard:wasm [guard:github] DEBUG: <<< alloc returning ptr=5302576 +2ms
guard:wasm wasmAlloc: guard=github, size=4194304, ptr=5302576 +395µs
guard:wasm [guard:github] INFO: >>> label_response called +294µs
guard:wasm [guard:github] INFO:     input_len=11482, output_size=4194304 +262µs
guard:wasm [guard:github] INFO:     input_preview={"capabilities":{},"tool_args":{"owner":"apache","repo":"cloudstack"},"tool_name":"list_label","tool_result":{"content":[{"text":"{\"labels\":[{\"color\":\"000000\",\"description\":\"\",\"id\":\"MDU6TGFiZWwzNzg0MzM2NQ==\",\"name\":\"status:duplicate\"},{\"color\":\"e6e6e6\",\"description\":\"\",\"id\":\"MDU6TGFiZWwzNzg0MzM2Nw==\",\"name\":\"status:invalid\"},{\"color\":\"ffffff\",\"description\":\"\",\"id\":\"MDU6TGFiZWwzNzg0MzM2OQ==\",\"name\":\"status:wontfix\"},{\"color\":\"fc2929\",\"descrip +273µs
guard:wasm [guard:github] INFO:     tool_name=list_label +512µs
guard:wasm [guard:github] DEBUG: extract_mcp_response: top-level keys=["content"] +245µs
guard:wasm [guard:github] DEBUG: extract_mcp_response: found content array with 1 items +338µs
guard:wasm [guard:github] DEBUG: extract_mcp_response: found text field, len=9729 +282µs
guard:wasm [guard:github] DEBUG: extract_mcp_response: parsed content[0].text as JSON +778µs
guard:wasm [guard:github] INFO:     using legacy item-based labeling +508µs
guard:wasm [guard:github] DEBUG: extract_mcp_response: top-level keys=["content"] +246µs
guard:wasm [guard:github] DEBUG: extract_mcp_response: found content array with 1 items +261µs
guard:wasm [guard:github] DEBUG: extract_mcp_response: found text field, len=9729 +270µs
guard:wasm [guard:github] DEBUG: extract_mcp_response: parsed content[0].text as JSON +756µs
guard:wasm [guard:github] DEBUG: extract_mcp_response: top-level keys=["content"] +411µs
guard:wasm [guard:github] DEBUG: extract_mcp_response: found content array with 1 items +288µs
guard:wasm [guard:github] DEBUG: extract_mcp_response: found text field, len=9729 +573µs
guard:wasm [guard:github] DEBUG: extract_mcp_response: parsed content[0].text as JSON +620µs
guard:wasm [guard:github] INFO:     no fine-grained items, creating fallback single-item label +259µs
guard:wasm [guard:github] DEBUG: Checking repo visibility for apache/cloudstack +291µs
guard:wasm [guard:github] INFO: >>> call_backend: tool=search_repositories +284µs
guard:wasm [guard:github] DEBUG:     args={"perPage":10,"query":"repo:apache/cloudstack"} +239µs
guard:wasm WASM guard calling backend: tool=search_repositories +253µs
server:unified [DIFC] Guard calling backend github tool search_repositories for metadata +20ms
server:unified executeBackendToolCall: serverID=github, toolName=search_repositories +289µs
launcher:launcher Checking session pool: serverID=github, sessionID=82ETMfnFu36zOUTFvF5DvaYhGvCyRqzWHl94ozcKa3T25DueoUaz61vzUl +37ms
launcher:pool Reusing connection: backend=github, session=82ETMfnFu36zOUTFvF5DvaYhGvCyRqzWHl94ozcKa3T25DueoUaz61vzUl, requests=6 +37ms
mcp:connection Dispatching SDK method: tools/call, serverID=github +37ms
mcp:connection callTool: parsed name=search_repositories, argumentCount=2 +257µs
guard:wasm Backend call failed: calling "tools/call": unknown tool "search_repositories" +5ms
guard:wasm [guard:github] ERROR: <<< call_backend FAILED with code -1 +265µs
guard:wasm [guard:github] WARN: Backend call search_repositories failed with code -1 +596µs
guard:wasm [guard:github] DEBUG: Checking repo visibility for apache/cloudstack +504µs
guard:wasm [guard:github] INFO: >>> call_backend: tool=search_repositories +280µs
guard:wasm [guard:github] DEBUG:     args={"perPage":10,"query":"repo:apache/cloudstack"} +276µs
guard:wasm WASM guard calling backend: tool=search_repositories +298µs
server:unified [DIFC] Guard calling backend github tool search_repositories for metadata +7ms
server:unified executeBackendToolCall: serverID=github, toolName=search_repositories +268µs
launcher:launcher Checking session pool: serverID=github, sessionID=82ETMfnFu36zOUTFvF5DvaYhGvCyRqzWHl94ozcKa3T25DueoUaz61vzUl +7ms
launcher:pool Reusing connection: backend=github, session=82ETMfnFu36zOUTFvF5DvaYhGvCyRqzWHl94ozcKa3T25DueoUaz61vzUl, requests=7 +7ms
mcp:connection Dispatching SDK method: tools/call, serverID=github +7ms
mcp:connection callTool: parsed name=search_repositories, argumentCount=2 +283µs
guard:wasm Backend call failed: calling "tools/call": unknown tool "search_repositories" +5ms
guard:wasm [guard:github] ERROR: <<< call_backend FAILED with code -1 +250µs
guard:wasm [guard:github] WARN: Backend call search_repositories failed with code -1 +482µs
guard:wasm [guard:github] INFO:     fallback labels: secrecy=[], integrity=["none:all", "unapproved:all", "approved:all"] +531µs
guard:wasm [guard:github] INFO:     generated 1 labeled items +309µs
guard:wasm [guard:github] INFO:     output_preview={"items":[{"data":{"content":[{"text":"{\"labels\":[{\"color\":\"000000\",\"description\":\"\",\"id\":\"MDU6TGFiZWwzNzg0MzM2NQ==\",\"name\":\"status:duplicate\"},{\"color\":\"e6e6e6\",\"description\":\"\",\"id\":\"MDU6TGFiZWwzNzg0MzM2Nw==\",\"name\":\"status:invalid\"},{\"color\":\"ffffff\",\"description\":\"\",\"id\":\"MDU6TGFiZWwzNzg0MzM2OQ==\",\"name\":\"status:wontfix\"},{\"color\":\"fc2929\",\"description\":\"\",\"id\":\"MDU6TGFiZWwzNzg0MzM2NA==\",\"name\":\"type:bug\"},{\"color\":\"84b6eb\ +852µs
guard:wasm [guard:github] INFO: <<< label_response returning 11510 bytes +268µs
guard:wasm [guard:github] DEBUG: >>> dealloc(ptr=5302576, size=4194304) +288µs
guard:wasm [guard:github] DEBUG: <<< dealloc complete +265µs
guard:wasm [guard:github] DEBUG: >>> dealloc(ptr=1107776, size=11482) +308µs
guard:wasm [guard:github] DEBUG: <<< dealloc complete +319µs
guard:wasm parseCollectionLabeledData: itemCount=1 +472µs
difc:labels Creating label with 0 initial tags: [] +40ms
difc:labels Creating label with 3 initial tags: [none:all unapproved:all approved:all] +285µs
guard:wasm parseCollectionLabeledData: parsed 1 labeled items from 1 input items +814µs
difc:evaluator Filtering collection: operation=read, totalItems=1 +39ms
difc:evaluator Evaluating access: operation=read, resource=resource:list_label +244µs
difc:evaluator Evaluating read access (mode=filter): resource=resource:list_label, agentSecrecy=[], agentIntegrity=[none:all] +237µs
difc:evaluator Read access allowed: resource=resource:list_label +317µs
difc:evaluator Collection filtered: accessible=1, filtered=0, total=1 +228µs
server:unified [DIFC] Filtered collection: 1/1 items accessible +11ms
difc:pipeline_decisions ShouldBlockFilteredResponse: mode=filter, filteredCount=0, block=false +34ms
difc:resource FilteredCollectionLabeledData.ToResult: returning 1 accessible items (filter_reason=DIFC policy) +40ms
difc:pipeline_decisions ShouldAccumulateReadLabels: operation=read, mode=filter, accumulate=false +484µs
mcp:tool_result Converting backend result to CallToolResult +40ms
mcp:tool_result Backend returned array, wrapping as text +246µs
server:response_writer Writing response body: 14688 bytes +49ms
server:response_writer Retrieving captured body: 14688 bytes +398µs
server:response_writer Retrieving captured status code: 200 +373µs
server:sdk-frontend <<< SDK Response [routed:github] status=200 duration=533.687432ms (non-JSON or stream) +50ms
server:sdk-frontend     Raw response (truncated): event: message
data: {"jsonrpc":"2.0","id":4,"result":{"content":[{"type":"text","text":"[{\"content\":[{\"text\":\"{\\\"labels\\\":[{\\\"color\\\":\\\"000000\\\",\\\"description\\\":\\\"\\\",\\\"id\\\":\\\"MDU6TGFiZWwzNzg0MzM2NQ==\\\",\\\"name\\\":\\\"status:duplicate\\\"},{\\\"color\\\":\\\"e6e6e6\\\",\\\"description\\\":\\\"\\\",\\\"id\\\":\\\"MDU6TGFiZWwzNzg0MzM2Nw==\\\",\\\"name\\\":\\\"status:invalid\\\"},{\\\"color\\\":\\\"ffffff\\\",\\\"description\\\":\\\"\\\",\\\"id\\\":\\\"MDU6TGFiZWw... +296µs
tracing:provider Handling request: span=gateway.request, method=POST, path=/mcp/github, remoteParent=false +3.5s
tracing:provider Span started: span=gateway.request, traceID=00000000000000000000000000000000 +518µs
server:auth Authenticating request: method=POST, path=/mcp/github, remote=172.30.0.20:45136 +3.5s
auth:header Extracting session ID from auth header: sanitized=82ET... +3.5s
auth:header Using plain API key as session ID +225µs
server:sdk-frontend >>> SDK Request [routed:github] session=82ETMfnF... mcp-session=3H4QIZWT... method=POST path=/mcp/github +3.0s
server:sdk-frontend     JSON-RPC Request: method=tools/call id=5 +266µs
server:response_writer Creating new response writer with default status 200 +3.0s
2026/10/02 13:36:31 [ROUTED] Calling unified handler for: search_issues
server:session Extracted session ID from context: 82ETMfnF... +3.5s
mcp:tool_result Parsing arguments for tool: search_issues +3.0s
mcp:tool_result Parsed 2 arguments +300µs
server:session Extracted session ID from context: 82ETMfnF... +982µs
server:session Extracted session ID from context: 82ETMfnF... +537µs
server:session Checking session: sessionID=82ETMfnF... +208µs
server:session Session validated for ID: 82ETMfnF... +252µs
server:unified callBackendTool: serverID=github, toolName=search_issues, args=map[perPage:30 query:repo:apache/cloudstack is:issue is:open no:label] +3.0s
guard:registry Getting guard for serverID=github +3.5s
guard:registry Found guard for serverID=github, guardName=github +623µs
server:session Extracted session ID from context: 82ETMfnF... +1ms
server:guard_init Resolving guard policy: serverID=github +3.5s
config:guard_policy ParseServerGuardPolicy: serverID=github, keyCount=1 +3.5s
config:guard_policy ParsePolicyMap: hasAllowOnly=true, hasWriteSink=false, keyCount=1 +220µs
config:guard_policy Parsing guard policy JSON: len=112 +259µs
config:guard_policy UnmarshalJSON: parsing guard policy, keys=1 +272µs
config:guard_policy UnmarshalJSON: parsing allow-only policy, fields=5 +395µs
config:guard_policy UnmarshalJSON: allow-only policy parsed, repos=string, minIntegrity=none +304µs
config:guard_policy UnmarshalJSON: guard policy type is allow-only +311µs
config:guard_policy ValidateGuardPolicy: delegating to allow-only normalization +241µs
config:guard_policy Normalizing guard policy: integrity=none, reposType=string +254µs
config:guard_policy Guard policy normalized: scopeKind=all, integrity=none +242µs
server:guard_init Using server-level guard policy: serverID=github +3ms
guard:wasm BuildLabelAgentPayload: trustedBots=0, trustedUsers=0 +3.0s
server:guard_init Guard session cache hit: server=github, session=82ETMfnFu36zOUTFvF5DvaYhGvCyRqzWHl94ozcKa3T25DueoUaz61vzUl, mode=filter +544µs
guard:context Retrieved agent ID from context: 82ETMfnFu36zOUTFvF5DvaYhGvCyRqzWHl94ozcKa3T25DueoUaz61vzUl +3.1s
difc:agent GetOrCreate called for agentID=82ETMfnFu36zOUTFvF5DvaYhGvCyRqzWHl94ozcKa3T25DueoUaz61vzUl +3.5s
server:unified [DIFC] Agent 82ETMfnFu36zOUTFvF5DvaYhGvCyRqzWHl94ozcKa3T25DueoUaz61vzUl | Secrecy: [] | Integrity: [none:all] +5ms
guard:context Setting request state in context +773µs
guard:wasm LabelResource called: toolName=search_issues, args=map[perPage:30 query:repo:apache/cloudstack is:issue is:open no:label] +1ms
guard:wasm label_resource input JSON (133 bytes): {"capabilities":{},"tool_args":{"perPage":30,"query":"repo:apache/cloudstack is:issue is:open no:label"},"tool_name":"search_issues"} +262µs
guard:wasm tryCallWasmFunction: guard=github, func=<unknown>, inputSize=133, outputSize=4194304 +220µs
guard:wasm Using guard allocator path: guard=github +300µs
guard:wasm [guard:github] DEBUG: >>> alloc(133) +286µs
guard:wasm [guard:github] DEBUG: <<< alloc returning ptr=1107776 +271µs
guard:wasm wasmAlloc: guard=github, size=133, ptr=1107776 +286µs
guard:wasm [guard:github] DEBUG: >>> alloc(4194304) +340µs
guard:wasm [guard:github] DEBUG: <<< alloc returning ptr=1107920 +312µs
guard:wasm wasmAlloc: guard=github, size=4194304, ptr=1107920 +252µs
guard:wasm [guard:github] INFO: >>> label_resource called +294µs
guard:wasm [guard:github] INFO:     input_len=133, output_size=4194304 +230µs
guard:wasm [guard:github] INFO:     tool_name=search_issues +263µs
guard:wasm [guard:github] DEBUG: Checking repo visibility for apache/cloudstack +289µs
guard:wasm [guard:github] INFO: >>> call_backend: tool=search_repositories +405µs
guard:wasm [guard:github] DEBUG:     args={"perPage":10,"query":"repo:apache/cloudstack"} +238µs
guard:wasm WASM guard calling backend: tool=search_repositories +216µs
server:unified [DIFC] Guard calling backend github tool search_repositories for metadata +5ms
server:unified executeBackendToolCall: serverID=github, toolName=search_repositories +234µs
launcher:launcher Checking session pool: serverID=github, sessionID=82ETMfnFu36zOUTFvF5DvaYhGvCyRqzWHl94ozcKa3T25DueoUaz61vzUl +3.0s
launcher:pool Reusing connection: backend=github, session=82ETMfnFu36zOUTFvF5DvaYhGvCyRqzWHl94ozcKa3T25DueoUaz61vzUl, requests=8 +3.0s
mcp:connection Dispatching SDK method: tools/call, serverID=github +3.0s
mcp:connection callTool: parsed name=search_repositories, argumentCount=2 +254µs
guard:wasm Backend call failed: calling "tools/call": unknown tool "search_repositories" +4ms
guard:wasm [guard:github] ERROR: <<< call_backend FAILED with code -1 +237µs
guard:wasm [guard:github] WARN: Backend call search_repositories failed with code -1 +422µs
guard:wasm [guard:github] DEBUG: Checking repo visibility for apache/cloudstack +446µs
guard:wasm [guard:github] INFO: >>> call_backend: tool=search_repositories +254µs
guard:wasm [guard:github] DEBUG:     args={"perPage":10,"query":"repo:apache/cloudstack"} +283µs
guard:wasm WASM guard calling backend: tool=search_repositories +227µs
server:unified [DIFC] Guard calling backend github tool search_repositories for metadata +6ms
server:unified executeBackendToolCall: serverID=github, toolName=search_repositories +212µs
launcher:launcher Checking session pool: serverID=github, sessionID=82ETMfnFu36zOUTFvF5DvaYhGvCyRqzWHl94ozcKa3T25DueoUaz61vzUl +7ms
launcher:pool Reusing connection: backend=github, session=82ETMfnFu36zOUTFvF5DvaYhGvCyRqzWHl94ozcKa3T25DueoUaz61vzUl, requests=9 +7ms
mcp:connection Dispatching SDK method: tools/call, serverID=github +7ms
mcp:connection callTool: parsed name=search_repositories, argumentCount=2 +274µs
guard:wasm Backend call failed: calling "tools/call": unknown tool "search_repositories" +5ms
guard:wasm [guard:github] ERROR: <<< call_backend FAILED with code -1 +220µs
guard:wasm [guard:github] WARN: Backend call search_repositories failed with code -1 +477µs
guard:wasm [guard:github] INFO:     desc=search_issues:apache/cloudstack +413µs
guard:wasm [guard:github] INFO:     secrecy=[] (public) +219µs
guard:wasm [guard:github] INFO:     integrity=["none:all"] +200µs
guard:wasm [guard:github] INFO:     operation=read +197µs
guard:wasm [guard:github] INFO: <<< label_resource returning 119 bytes +202µs
guard:wasm [guard:github] DEBUG: >>> dealloc(ptr=1107920, size=4194304) +205µs
guard:wasm [guard:github] DEBUG: <<< dealloc complete +215µs
guard:wasm [guard:github] DEBUG: >>> dealloc(ptr=1107776, size=133) +220µs
guard:wasm [guard:github] DEBUG: <<< dealloc complete +228µs
difc:labels Creating label with 0 initial tags: [] +3.1s
difc:labels Creating label with 1 initial tags: [none:all] +205µs
guard:wasm Parsed resource response: description="search_issues:apache/cloudstack", operation=read +658µs
server:unified [DIFC] Resource: search_issues:apache/cloudstack | Operation: read | Secrecy: [] | Integrity: [none:all] +8ms
difc:pipeline_decisions ShouldBypassCoarseDeny: operation=read, bypass=true +3.0s
difc:evaluator Evaluating access: operation=read, resource=search_issues:apache/cloudstack +3.1s
difc:evaluator Evaluating read access (mode=filter): resource=search_issues:apache/cloudstack, agentSecrecy=[], agentIntegrity=[none:all] +199µs
difc:evaluator Read access allowed: resource=search_issues:apache/cloudstack +225µs
server:unified [DIFC] Access ALLOWED for agent 82ETMfnFu36zOUTFvF5DvaYhGvCyRqzWHl94ozcKa3T25DueoUaz61vzUl to search_issues:apache/cloudstack +1ms
server:unified executeBackendToolCall: serverID=github, toolName=search_issues +191µs
launcher:launcher Checking session pool: serverID=github, sessionID=82ETMfnFu36zOUTFvF5DvaYhGvCyRqzWHl94ozcKa3T25DueoUaz61vzUl +9ms
launcher:pool Reusing connection: backend=github, session=82ETMfnFu36zOUTFvF5DvaYhGvCyRqzWHl94ozcKa3T25DueoUaz61vzUl, requests=10 +9ms
mcp:connection Dispatching SDK method: tools/call, serverID=github +8ms
mcp:connection callTool: parsed name=search_issues, argumentCount=2 +232µs
difc:pipeline_decisions ShouldCallLabelResponse: operation=read, mode=filter, result=true +228ms
guard:wasm LabelResponse called: toolName=search_issues +229ms
guard:context Retrieved request state from context +250ms
guard:wasm label_response input JSON (235 bytes): {"capabilities":{},"tool_args":{"perPage":30,"query":"repo:apache/cloudstack is:issue is:open no:label"},"tool_name":"search_issues","tool_result":{"content":[{"text":"{\"total_count\":0,\"incomplete_results\":false}","type":"text"}]}} +530µs
guard:wasm tryCallWasmFunction: guard=github, func=<unknown>, inputSize=235, outputSize=4194304 +283µs
guard:wasm Using guard allocator path: guard=github +279µs
guard:wasm [guard:github] DEBUG: >>> alloc(235) +343µs
guard:wasm [guard:github] DEBUG: <<< alloc returning ptr=1107776 +417µs
guard:wasm wasmAlloc: guard=github, size=235, ptr=1107776 +298µs
guard:wasm [guard:github] DEBUG: >>> alloc(4194304) +271µs
guard:wasm [guard:github] DEBUG: <<< alloc returning ptr=1108016 +293µs
guard:wasm wasmAlloc: guard=github, size=4194304, ptr=1108016 +255µs
guard:wasm [guard:github] INFO: >>> label_response called +247µs
guard:wasm [guard:github] INFO:     input_len=235, output_size=4194304 +270µs
guard:wasm [guard:github] INFO:     input_preview={"capabilities":{},"tool_args":{"perPage":30,"query":"repo:apache/cloudstack is:issue is:open no:label"},"tool_name":"search_issues","tool_result":{"content":[{"text":"{\"total_count\":0,\"incomplete_results\":false}","type":"text"}]}} +236µs
guard:wasm [guard:github] INFO:     tool_name=search_issues +241µs
guard:wasm [guard:github] DEBUG: extract_mcp_response: top-level keys=["content"] +236µs
guard:wasm [guard:github] DEBUG: extract_mcp_response: found content array with 1 items +259µs
guard:wasm [guard:github] DEBUG: extract_mcp_response: found text field, len=44 +242µs
guard:wasm [guard:github] DEBUG: extract_mcp_response: parsed content[0].text as JSON +255µs
guard:wasm [guard:github] INFO:     using legacy item-based labeling +229µs
guard:wasm [guard:github] DEBUG: extract_mcp_response: top-level keys=["content"] +280µs
guard:wasm [guard:github] DEBUG: extract_mcp_response: found content array with 1 items +267µs
guard:wasm [guard:github] DEBUG: extract_mcp_response: found text field, len=44 +248µs
guard:wasm [guard:github] DEBUG: extract_mcp_response: parsed content[0].text as JSON +257µs
guard:wasm [guard:github] DEBUG: Checking repo visibility for apache/cloudstack +264µs
guard:wasm [guard:github] INFO: >>> call_backend: tool=search_repositories +268µs
guard:wasm [guard:github] DEBUG:     args={"perPage":10,"query":"repo:apache/cloudstack"} +235µs
guard:wasm WASM guard calling backend: tool=search_repositories +332µs
server:unified [DIFC] Guard calling backend github tool search_repositories for metadata +235ms
server:unified executeBackendToolCall: serverID=github, toolName=search_repositories +229µs
launcher:launcher Checking session pool: serverID=github, sessionID=82ETMfnFu36zOUTFvF5DvaYhGvCyRqzWHl94ozcKa3T25DueoUaz61vzUl +236ms
launcher:pool Reusing connection: backend=github, session=82ETMfnFu36zOUTFvF5DvaYhGvCyRqzWHl94ozcKa3T25DueoUaz61vzUl, requests=11 +236ms
mcp:connection Dispatching SDK method: tools/call, serverID=github +236ms
mcp:connection callTool: parsed name=search_repositories, argumentCount=2 +240µs
guard:wasm Backend call failed: calling "tools/call": unknown tool "search_repositories" +4ms
guard:wasm [guard:github] ERROR: <<< call_backend FAILED with code -1 +267µs
guard:wasm [guard:github] WARN: Backend call search_repositories failed with code -1 +446µs
guard:wasm [guard:github] DEBUG: extract_mcp_response: top-level keys=["content"] +509µs
guard:wasm [guard:github] DEBUG: extract_mcp_response: found content array with 1 items +265µs
guard:wasm [guard:github] DEBUG: extract_mcp_response: found text field, len=44 +232µs
guard:wasm [guard:github] DEBUG: extract_mcp_response: parsed content[0].text as JSON +250µs
guard:wasm [guard:github] INFO:     server metadata (text message or empty search), integrity=["none:all", "unapproved:all", "approved:all"] +281µs
guard:wasm [guard:github] INFO:     generated 1 labeled items +257µs
guard:wasm [guard:github] INFO:     output_preview={"items":[{"data":{"content":[{"text":"{\"total_count\":0,\"incomplete_results\":false}","type":"text"}]},"labels":{"description":"metadata:search_issues","secrecy":[],"integrity":["none:all","unapproved:all","approved:all"]}}]} +260µs
guard:wasm [guard:github] INFO: <<< label_response returning 228 bytes +227µs
guard:wasm [guard:github] DEBUG: >>> dealloc(ptr=1108016, size=4194304) +289µs
guard:wasm [guard:github] DEBUG: <<< dealloc complete +264µs
guard:wasm [guard:github] DEBUG: >>> dealloc(ptr=1107776, size=235) +221µs
guard:wasm [guard:github] DEBUG: <<< dealloc complete +262µs
guard:wasm parseCollectionLabeledData: itemCount=1 +321µs
difc:labels Creating label with 0 initial tags: [] +246ms
difc:labels Creating label with 3 initial tags: [none:all unapproved:all approved:all] +235µs
guard:wasm parseCollectionLabeledData: parsed 1 labeled items from 1 input items +909µs
difc:evaluator Filtering collection: operation=read, totalItems=1 +246ms
difc:evaluator Evaluating access: operation=read, resource=metadata:search_issues +272µs
difc:evaluator Evaluating read access (mode=filter): resource=metadata:search_issues, agentSecrecy=[], agentIntegrity=[none:all] +356µs
difc:evaluator Read access allowed: resource=metadata:search_issues +263µs
difc:evaluator Collection filtered: accessible=1, filtered=0, total=1 +243µs
server:unified [DIFC] Filtered collection: 1/1 items accessible +11ms
difc:pipeline_decisions ShouldBlockFilteredResponse: mode=filter, filteredCount=0, block=false +19ms
difc:resource FilteredCollectionLabeledData.ToResult: returning 1 accessible items (filter_reason=DIFC policy) +3.3s
difc:pipeline_decisions ShouldAccumulateReadLabels: operation=read, mode=filter, accumulate=false +522µs
mcp:tool_result Converting backend result to CallToolResult +278ms
mcp:tool_result Backend returned array, wrapping as text +225µs
server:response_writer Writing response body: 203 bytes +280ms
server:response_writer Retrieving captured body: 203 bytes +340µs
server:response_writer Retrieving captured status code: 200 +297µs
server:sdk-frontend <<< SDK Response [routed:github] status=200 duration=282.070853ms (non-JSON or stream) +281ms
server:sdk-frontend     Raw response: event: message
data: {"jsonrpc":"2.0","id":5,"result":{"content":[{"type":"text","text":"[{\"content\":[{\"text\":\"{\\\"total_count\\\":0,\\\"incomplete_results\\\":false}\",\"type\":\"text\"}]}]"}]}}

 +245µs
launcher:launcher Retrieved server IDs: count=2, ids=[github safeoutputs] +2.1s
launcher:health Running health check: checking 2 servers +30.0s
tracing:provider Handling request: span=gateway.request, method=POST, path=/mcp/github, remoteParent=false +4.0s
tracing:provider Span started: span=gateway.request, traceID=00000000000000000000000000000000 +538µs
server:auth Authenticating request: method=POST, path=/mcp/github, remote=172.30.0.20:45136 +4.0s
auth:header Extracting session ID from auth header: sanitized=82ET... +4.0s
auth:header Using plain API key as session ID +269µs
server:sdk-frontend >>> SDK Request [routed:github] session=82ETMfnF... mcp-session=3H4QIZWT... method=POST path=/mcp/github +3.7s
server:sdk-frontend     JSON-RPC Request: method=tools/call id=6 +373µs
server:response_writer Creating new response writer with default status 200 +3.7s
2026/10/02 13:36:35 [ROUTED] Calling unified handler for: search_issues
server:session Extracted session ID from context: 82ETMfnF... +4.0s
mcp:tool_result Parsing arguments for tool: search_issues +3.7s
mcp:tool_result Parsed 4 arguments +291µs
server:session Extracted session ID from context: 82ETMfnF... +1ms
server:session Extracted session ID from context: 82ETMfnF... +553µs
server:session Checking session: sessionID=82ETMfnF... +223µs
server:session Session validated for ID: 82ETMfnF... +234µs
server:unified callBackendTool: serverID=github, toolName=search_issues, args=map[order:asc perPage:30 query:repo:apache/cloudstack is:issue is:open sort:created] +3.7s
guard:registry Getting guard for serverID=github +4.0s
guard:registry Found guard for serverID=github, guardName=github +331µs
server:session Extracted session ID from context: 82ETMfnF... +1ms
server:guard_init Resolving guard policy: serverID=github +4.0s
config:guard_policy ParseServerGuardPolicy: serverID=github, keyCount=1 +4.0s
config:guard_policy ParsePolicyMap: hasAllowOnly=true, hasWriteSink=false, keyCount=1 +229µs
config:guard_policy Parsing guard policy JSON: len=112 +219µs
config:guard_policy UnmarshalJSON: parsing guard policy, keys=1 +274µs
config:guard_policy UnmarshalJSON: parsing allow-only policy, fields=5 +313µs
config:guard_policy UnmarshalJSON: allow-only policy parsed, repos=string, minIntegrity=none +239µs
config:guard_policy UnmarshalJSON: guard policy type is allow-only +242µs
config:guard_policy ValidateGuardPolicy: delegating to allow-only normalization +220µs
config:guard_policy Normalizing guard policy: integrity=none, reposType=string +235µs
config:guard_policy Guard policy normalized: scopeKind=all, integrity=none +362µs
server:guard_init Using server-level guard policy: serverID=github +2ms
guard:wasm BuildLabelAgentPayload: trustedBots=0, trustedUsers=0 +3.7s
server:guard_init Guard session cache hit: server=github, session=82ETMfnFu36zOUTFvF5DvaYhGvCyRqzWHl94ozcKa3T25DueoUaz61vzUl, mode=filter +480µs
guard:context Retrieved agent ID from context: 82ETMfnFu36zOUTFvF5DvaYhGvCyRqzWHl94ozcKa3T25DueoUaz61vzUl +3.7s
difc:agent GetOrCreate called for agentID=82ETMfnFu36zOUTFvF5DvaYhGvCyRqzWHl94ozcKa3T25DueoUaz61vzUl +4.0s
server:unified [DIFC] Agent 82ETMfnFu36zOUTFvF5DvaYhGvCyRqzWHl94ozcKa3T25DueoUaz61vzUl | Secrecy: [] | Integrity: [none:all] +5ms
guard:context Setting request state in context +690µs
guard:wasm LabelResource called: toolName=search_issues, args=map[order:asc perPage:30 query:repo:apache/cloudstack is:issue is:open sort:created] +1ms
guard:wasm label_resource input JSON (155 bytes): {"capabilities":{},"tool_args":{"order":"asc","perPage":30,"query":"repo:apache/cloudstack is:issue is:open","sort":"created"},"tool_name":"search_issues"} +231µs
guard:wasm tryCallWasmFunction: guard=github, func=<unknown>, inputSize=155, outputSize=4194304 +282µs
guard:wasm Using guard allocator path: guard=github +293µs
guard:wasm [guard:github] DEBUG: >>> alloc(155) +375µs
guard:wasm [guard:github] DEBUG: <<< alloc returning ptr=1107776 +308µs
guard:wasm wasmAlloc: guard=github, size=155, ptr=1107776 +380µs
guard:wasm [guard:github] DEBUG: >>> alloc(4194304) +314µs
guard:wasm [guard:github] DEBUG: <<< alloc returning ptr=1107936 +252µs
guard:wasm wasmAlloc: guard=github, size=4194304, ptr=1107936 +282µs
guard:wasm [guard:github] INFO: >>> label_resource called +253µs
guard:wasm [guard:github] INFO:     input_len=155, output_size=4194304 +230µs
guard:wasm [guard:github] INFO:     tool_name=search_issues +238µs
guard:wasm [guard:github] DEBUG: Checking repo visibility for apache/cloudstack +269µs
guard:wasm [guard:github] INFO: >>> call_backend: tool=search_repositories +349µs
guard:wasm [guard:github] DEBUG:     args={"perPage":10,"query":"repo:apache/cloudstack"} +297µs
guard:wasm WASM guard calling backend: tool=search_repositories +302µs
server:unified [DIFC] Guard calling backend github tool search_repositories for metadata +5ms
server:unified executeBackendToolCall: serverID=github, toolName=search_repositories +251µs
launcher:launcher Checking session pool: serverID=github, sessionID=82ETMfnFu36zOUTFvF5DvaYhGvCyRqzWHl94ozcKa3T25DueoUaz61vzUl +1.6s
launcher:pool Reusing connection: backend=github, session=82ETMfnFu36zOUTFvF5DvaYhGvCyRqzWHl94ozcKa3T25DueoUaz61vzUl, requests=12 +3.7s
mcp:connection Dispatching SDK method: tools/call, serverID=github +3.7s
mcp:connection callTool: parsed name=search_repositories, argumentCount=2 +306µs
guard:wasm Backend call failed: calling "tools/call": unknown tool "search_repositories" +5ms
guard:wasm [guard:github] ERROR: <<< call_backend FAILED with code -1 +273µs
guard:wasm [guard:github] WARN: Backend call search_repositories failed with code -1 +537µs
guard:wasm [guard:github] DEBUG: Checking repo visibility for apache/cloudstack +655µs
guard:wasm [guard:github] INFO: >>> call_backend: tool=search_repositories +280µs
guard:wasm [guard:github] DEBUG:     args={"perPage":10,"query":"repo:apache/cloudstack"} +270µs
guard:wasm WASM guard calling backend: tool=search_repositories +293µs
server:unified [DIFC] Guard calling backend github tool search_repositories for metadata +7ms
server:unified executeBackendToolCall: serverID=github, toolName=search_repositories +237µs
launcher:launcher Checking session pool: serverID=github, sessionID=82ETMfnFu36zOUTFvF5DvaYhGvCyRqzWHl94ozcKa3T25DueoUaz61vzUl +7ms
launcher:pool Reusing connection: backend=github, session=82ETMfnFu36zOUTFvF5DvaYhGvCyRqzWHl94ozcKa3T25DueoUaz61vzUl, requests=13 +7ms
mcp:connection Dispatching SDK method: tools/call, serverID=github +7ms
mcp:connection callTool: parsed name=search_repositories, argumentCount=2 +241µs
guard:wasm Backend call failed: calling "tools/call": unknown tool "search_repositories" +5ms
guard:wasm [guard:github] ERROR: <<< call_backend FAILED with code -1 +267µs
guard:wasm [guard:github] WARN: Backend call search_repositories failed with code -1 +459µs
guard:wasm [guard:github] INFO:     desc=search_issues:apache/cloudstack +492µs
guard:wasm [guard:github] INFO:     secrecy=[] (public) +265µs
guard:wasm [guard:github] INFO:     integrity=["none:all"] +236µs
guard:wasm [guard:github] INFO:     operation=read +262µs
guard:wasm [guard:github] INFO: <<< label_resource returning 119 bytes +236µs
guard:wasm [guard:github] DEBUG: >>> dealloc(ptr=1107936, size=4194304) +251µs
guard:wasm [guard:github] DEBUG: <<< dealloc complete +240µs
guard:wasm [guard:github] DEBUG: >>> dealloc(ptr=1107776, size=155) +261µs
guard:wasm [guard:github] DEBUG: <<< dealloc complete +336µs
difc:labels Creating label with 0 initial tags: [] +3.7s
difc:labels Creating label with 1 initial tags: [none:all] +282µs
guard:wasm Parsed resource response: description="search_issues:apache/cloudstack", operation=read +899µs
server:unified [DIFC] Resource: search_issues:apache/cloudstack | Operation: read | Secrecy: [] | Integrity: [none:all] +9ms
difc:pipeline_decisions ShouldBypassCoarseDeny: operation=read, bypass=true +3.7s
difc:evaluator Evaluating access: operation=read, resource=search_issues:apache/cloudstack +3.7s
difc:evaluator Evaluating read access (mode=filter): resource=search_issues:apache/cloudstack, agentSecrecy=[], agentIntegrity=[none:all] +248µs
difc:evaluator Read access allowed: resource=search_issues:apache/cloudstack +232µs
server:unified [DIFC] Access ALLOWED for agent 82ETMfnFu36zOUTFvF5DvaYhGvCyRqzWHl94ozcKa3T25DueoUaz61vzUl to search_issues:apache/cloudstack +1ms
server:unified executeBackendToolCall: serverID=github, toolName=search_issues +328µs
launcher:launcher Checking session pool: serverID=github, sessionID=82ETMfnFu36zOUTFvF5DvaYhGvCyRqzWHl94ozcKa3T25DueoUaz61vzUl +11ms
launcher:pool Reusing connection: backend=github, session=82ETMfnFu36zOUTFvF5DvaYhGvCyRqzWHl94ozcKa3T25DueoUaz61vzUl, requests=14 +10ms
mcp:connection Dispatching SDK method: tools/call, serverID=github +11ms
mcp:connection callTool: parsed name=search_issues, argumentCount=4 +281µs
difc:pipeline_decisions ShouldCallLabelResponse: operation=read, mode=filter, result=true +978ms
guard:wasm LabelResponse called: toolName=search_issues +979ms
guard:context Retrieved request state from context +1.0s
guard:wasm label_response input JSON (220010 bytes): {"capabilities":{},"tool_args":{"order":"asc","perPage":30,"query":"repo:apache/cloudstack is:issue is:open","sort":"created"},"tool_name":"search_issues","tool_result":{"content":[{"text":"{\"total_count\":657,\"incomplete_results\":false,\"items\":[{\"id\":364540980,\"number\":2865,\"state\":\"open\",\"locked\":false,\"title\":\"DNS records for additional local IP addresses\",\"body\":\"##### ISSUE TYPE\\r\\n * Feature Idea\\r\\n\\r\\n##### COMPONENT NAME\\r\\n* DNS\\r\\n\\r\\n##### CLOUDSTACK VERSION\\r\\n/\\r\\n\\r\\n##### CONFIGURATION\\r\\n* for customer isolated network\\r\\n\\r\\n##### OS / ENVIRONMENT\\r\\n/\\r\\n\\r\\n##### SUMMARY\\r\\nFor adaptive computing it's important to get use of additional application local IP addresses which you can move between machines in case of a failure of one of the virtual machines or for upgrades.\\r\\n\\r\\nI can attach an additional IP to a VM using ACS. But I cannot give that a separate name which does not belong to the actual hostname of the VM.\\r\\n\\r\\n\\r\\n##### STEPS TO REPRODUCE\\r\\n\\r\\n\\r\\n##### EXPECTED RESULTS\\r\\n* possibility to add a DNS name for the additional local IP address\\r\\n* possibility to move an IP from one system to another (no delete and recreate - IP could be taken in the steps between)\\r\\n\\r\\n##### ACTUAL RESULTS\\r\\n* currently the additional IP resolves into the same name as the original IP which is the hostname\",\"author_association\":\"NONE\",\"user\":{\"login\":\"IngoJochim\",\"id\":38244286,\"node_id\":\"MDQ6VXNlcjM4MjQ0Mjg2\",\"avatar_url\":\"https://avatars.githubusercontent.com/u/38244286?v=4\",\"html_url\":\"https://github.com/IngoJochim\",\"gravatar_id\":\"\",\"type\":\"User\",\"site_admin\":false,\"url\":\"https://api.github.com/users/IngoJochim\",\"events_url\":\"https://api.github.com/users/IngoJochim/events{/privacy}\",\"following_url\":\"https://api.github.com/users/IngoJochim/following{/other_user}\",\"followers_url\":\"https://api.github.com/users/IngoJochim/followers\",\"gists_url\":\"https://api.github.com/users/IngoJochim/gists{/gist_id}\",\"organizations_url\":\"https://api.github.com/users/IngoJochim/orgs\",\"received_events_url\":\"https://api.github.com/users/IngoJochim/received_events\",\"repos_url\":\"https://api.github.com/users/IngoJochim/repos\",\"starred_url\":\"https://api.github.com/users/IngoJochim/starred{/owner}{/repo}\",\"subscriptions_url\":\"https://api.github.com/users/IngoJochim/subscriptions\"},\"labels\":[{\"id\":592559219,\"url\":\"https://api.github.com/repos/apache/cloudstack/labels/component:networking\",\"name\":\"component:networking\",\"color\":\"f9d0c4\",\"description\":\"\",\"default\":false,\"node_id\":\"MDU6TGFiZWw1OTI1NTkyMTk=\"},{\"id\":1150675549,\"url\":\"https://api.github.com/repos/apache/cloudstack/labels/type:new-feature\",\"name\":\"type:new-feature\",\"color\":\"4471c4\",\"description\":\"\",\"default\":false,\"node_id\":\"MDU6TGFiZWwxMTUwNjc1NTQ5\"},{\"id\":9849008471,\"url\":\"https://api.github.com/repos/apache/cloudstack/labels/no-issue-activity\",\"name\":\"no-issue-activity\",\"color\":\"ededed\",\"default\":false,\"node_id\":\"LA_kwDOAJTq2M8AAAACSwvxVw\"}],\"comments\":5,\"created_at\":\"2018-09-27T15:48:32Z\",\"updated_at\":\"2026-05-10T02:17:03Z\",\"url\":\"https://api.github.com/repos/apache/cloudstack/issues/2865\",\"html_url\":\"https://github.com/apache/cloudstack/issues/2865\",\"comments_url\":\"https://api.github.com/repos/apache/cloudstack/issues/2865/comments\",\"events_url\":\"https://api.github.com/repos/apache/cloudstack/issues/2865/events\",\"labels_url\":\"https://api.github.com/repos/apache/cloudstack/issues/2865/labels{/name}\",\"repository_url\":\"https://api.github.com/repos/apache/cloudstack\",\"parent_issue_url\":\"https://api.github.com/repos/apache/cloudstack/issues/9958\",\"milestone\":{\"url\":\"https://api.github.com/repos/apache/cloudstack/milestones/19\",\"html_url\":\"https://github.com/apache/cloudstack/milestone/19\",\"labels_url\":\"https://api.github.com/repos/apache/cloudstack/milestones/19/labels\",\"id\":6265435,\"number\":19,\"state\":\"open\",\"title\":\"unplanned\",\"creator\":{\"login\":\"DaanHoogland\",\"id\":2486961,\"node_id\":\"MDQ6VXNlcjI0ODY5NjE=\",\"avatar_url\":\"https://avatars.githubusercontent.com/u/2486961?v=4\",\"html_url\":\"https://github.com/DaanHoogland\",\"gravatar_id\":\"\",\"type\":\"User\",\"site_admin\":false,\"url\":\"https://api.github.com/users/DaanHoogland\",\"events_url\":\"https://api.github.com/users/DaanHoogland/events{/privacy}\",\"following_url\":\"https://api.github.com/users/DaanHoogland/following{/other_user}\",\"followers_url\":\"https://api.github.com/users/DaanHoogland/followers\",\"gists_url\":\"https://api.github.com/users/DaanHoogland/gists{/gist_id}\",\"organizations_url\":\"https://api.github.com/users/DaanHoogland/orgs\",\"received_events_url\":\"https://api.github.com/users/DaanHoogland/received_events\",\"repos_url\":\"https://api.github.com/users/DaanHoogland/repos\",\"starred_url\":\"https://api.github.com/users/DaanHoogland/starred{/owner}{/repo}\",\"subscriptions_url\":\"https://api.github.com/users/DaanHoogland/subscriptions\"},\"open_issues\":185,\"closed_issues\":1302,\"created_at\":\"2021-01-04T09:07:50Z\",\"updated_at\":\"2026-09-24T11:01:33Z\",\"node_id\":\"MDk6TWlsZXN0b25lNjI2NTQzNQ==\"},\"reactions\":{\"total_count\":0,\"+1\":0,\"-1\":0,\"laugh\":0,\"confused\":0,\"heart\":0,\"hooray\":0,\"rocket\":0,\"eyes\":0,\"url\":\"https://api.github.com/repos/apache/cloudstack/issues/2865/reactions\"},\"node_id\":\"MDU6SXNzdWUzNjQ1NDA5ODA=\",\"type\":{\"id\":93574,\"node_id\":\"IT_kwDNuP_OAAFthg\",\"name\":\"Feature\",\"description\":\"A request, idea, or new functionality\",\"color\":\"blue\",\"created_at\":\"2024-01-25T09:11:09Z\",\"updated_at\":\"2024-10-08T08:30:20Z\"}},{\"id\":427758451,\"number\":3253,\"state\":\"open\",\"state_reason\":\"reopened\",\"locked\":false,\"title\":\"Load balancer appcookie configuration deprecated in HAproxy\",\"body\":\"\\r\\n##### ISSUE TYPE\\r\\n * Improvement Request\\r\\n\\r\\n##### COMPONENT NAME\\r\\n* ACS 4.11.x VR load balancing with AppCookie stickiness\\r\\n\\r\\n##### CLOUDSTACK VERSION\\r\\n* ACS 4.11.x\\r\\n\\r\\n##### CONFIGURATION\\r\\n* Advanced zone, guest isolated network with LB configuration on public IP\\r\\n\\r\\n\\r\\n##### OS / ENVIRONMENT\\r\\n* N/A\\r\\n\\r\\n##### SUMMARY\\r\\n* AppCookie configuration is deprecated in HAproxy\\r\\n* https://cbonte.github.io/haproxy-dconv/1.7/configuration.html#appsession\\r\\n\\r\\n##### STEPS TO REPRODUCE\\r\\n* Create new LB rule with AppCookie stickiness\\r\\n* Observe haproxy logs on VR stating:\\r\\n03:59:09 r-1667-VM haproxy[40552]: [ALERT] 090/035909 (40552) : parsing [/etc/haproxy/haproxy.cfg:38] : 'appsession' is not supported anymore, please check the documentation.\\r\\n\\r\\n##### EXPECTED RESULTS\\r\\n* N/A\\r\\n\\r\\n##### ACTUAL RESULTS\\r\\n* Error as above\\r\\n\",\"author_association\":\"NONE\",\"user\":{\"login\":\"DagSonsteboSB\",\"id\":12859582,\"node_id\":\"MDQ6VXNlcjEyODU5NTgy\",\"avatar_url\":\"https://avatars.githubusercontent.com/u/12859582?v=4\",\"html_url\":\"https://github.com/DagSonsteboSB\",\"gravatar_id\":\"\",\"type\":\"User\",\"site_admin\":false,\"url\":\"https://api.github.com/users/DagSonsteboSB\",\"events_url\":\"https://api.github.com/users/DagSonsteboSB/events{/privacy}\",\"following_url\":\"https://api.github.com/users/DagSonsteboSB/following{/other_user}\",\"followers_url\":\"https://api.github.com/users/DagSonsteboSB/followers\",\"gists_url\":\"https://api.github.com/users/DagSonsteboSB/gists{/gist_id}\",\"organizations_url\":\"https://api.github.com/users/DagSonsteboSB/orgs\",\"received_events_url\":\"https://api.github.com/users/DagSonsteboSB/received_events\",\"repos_url\":\"https://api.github.com/users/DagSonsteboSB/repos\",\"starred_url\":\"https://api.github.com/users/DagSonsteboSB/starred{/owner}{/repo}\",\"subscriptions_url\":\"https://api.github.com/users/DagSonsteboSB/subscriptions\"},\"labels\":[{\"id\":817420428,\"url\":\"https://api.github.com/repos/apache/cloudstack/labels/type:improvement\",\"name\":\"type:improvement\",\"color\":\"a5f9ff\",\"description\":\"\",\"default\":false,\"node_id\":\"MDU6TGFiZWw4MTc0MjA0Mjg=\"},{\"id\":821716113,\"url\":\"https://api.github.com/repos/apache/cloudstack/labels/type:cleanup\",\"name\":\"type:cleanup\",\"color\":\"0e8a16\",\"description\":\"\",\"default\":false,\"node_id\":\"MDU6TGFiZWw4MjE3MTYxMTM=\"},{\"id\":1663969521,\"url\":\"https://api.github.com/repos/apache/cloudstack/labels/Severity:Major\",\"name\":\"Severity:Major\",\"color\":\"903636\",\"description\":\"\",\"default\":false,\"node_id\":\"MDU6TGFiZWwxNjYzOTY5NTIx\"},{\"id\":6890295339,\"url\":\"https://api.github.com/repos/apache/cloudstack/labels/status:stale\",\"name\":\"status:stale\",\"color\":\"E43179\",\"description\":\"\",\"default\":false,\"node_id\":\"LA_kwDOAJTq2M8AAAABmrGQKw\"}],\"comments\":3,\"created_at\":\"2019-04-01T15:04:56Z\",\"updated_at\":\"2026-05-26T15:48:25Z\",\"url\":\"https://api.github.com/repos/apache/cloudstack/issues/3253\",\"html_url\":\"https://github.com/apache/cloudstack/issues/3253\",\"comments_url\":\"https://api.github.com/repos/apache/cloudstack/issues/3253/comments\",\"events_url\":\"https://api.github.com/repos/apache/cloudstack/issues/3253/events\",\"labels_url\":\"https://api.github.com/repos/apache/cloudstack/issues/3253/labels{/name}\",\"repository_url\":\"https://api.github.com/repos/apache/cloudstack\",\"milestone\":{\"url\":\"https://api.github.com/repos/apache/cloudstack/milestones/46\",\"html_url\":\"https://github.com/apache/cloudstack/milestone/46\",\"labels_url\":\"https://api.github.com/repos/apache/cloudstack/milestones/46/labels\",\"id\":15514689,\"number\":46,\"state\":\"open\",\"title\":\"4.22.2\",\"description\":\"\",\"creator\":{\"login\":\"sureshanaparti\",\"id\":12028987,\"node_id\":\"MDQ6VXNlcjEyMDI4OTg3\",\"avatar_url\":\"https://avatars.githubusercontent.com/u/12028987?v=4\",\"html_url\":\"https://github.com/sureshanaparti\",\"gravatar_id\":\"\",\"type\":\"User\",\"site_admin\":false,\"url\":\"https://api.github.com/users/sureshanaparti\",\"events_url\":\"https://api.github.com/users/sureshanaparti/events{/privacy}\",\"following_url\":\"https://api.github.com/users/sureshanaparti/following{/other_user}\",\"followers_url\":\"https://api.github.com/users/sureshanaparti/followers\",\"gists_url\":\"https://api.github.com/users/sureshanaparti/gists{/gist_id}\",\"organizations_url\":\"https://api.github.com/users/sureshanaparti/orgs\",\"received_events_url\":\"https://api.github.com/users/sureshanaparti/received_events\",\"repos_url\":\"https://api.github.com/users/sureshanaparti/repos\",\"starred_url\":\"https://api.github.com/users/sureshanaparti/starred{/owner}{/repo}\",\"subscriptions_url\":\"https://api.github.com/users/sureshanaparti/subscriptions\"},\"open_issues\":264,\"closed_issues\":116,\"created_at\":\"2026-04-13T07:02:43Z\",\"updated_at\":\"2026-10-01T15:03:42Z\",\"node_id\":\"MI_kwDOAJTq2M4A7LxB\"},\"reactions\":{\"total_count\":0,\"+1\":0,\"-1\":0,\"laugh\":0,\"confused\":0,\"heart\":0,\"hooray\":0,\"rocket\":0,\"eyes\":0,\"url\":\"https://api.github.com/repos/apache/cloudstack/issues/3253/reactions\"},\"node_id\":\"MDU6SXNzdWU0Mjc3NTg0NTE=\"},{\"id\":449140959,\"number\":3360,\"state\":\"open\",\"locked\":false,\"title\":\"details is an ambigue parameter name\",\"body\":\"\\u003c!--\\nVerify first that your issue/request is not already reported on GitHub.\\nAlso test if the latest release and master branch are affected too.\\nAlways add information AFTER of these HTML comments, but no need to delete the comments.\\n--\\u003e\\nthe parameter name 'details' can mean different things in different API calls. These should be aligned and/or renamed. see the discussion in #3331\\n\\n##### ISSUE TYPE\\n * Improvement Request\\n\\n##### COMPONENT NAME\\n\\u003c!--\\nCategorize the issue, e.g. API, VR, VPN, UI, etc.\\n--\\u003e\\n~~~\\nAPI\\n~~~\\n\\n##### CLOUDSTACK VERSION\\n\\u003c!--\\nNew line separated list of affected versions, commit ID for issues on master branch.\\n--\\u003e\\n\\n~~~\\nall\\n~~~\\n\\n##### SUMMARY\\n\\n\\n| type of details field | class |\\n| - | -  |\\n| | Commands: |\\n| Map | RegisterOAuthProviderCmd.java |\\nMap | BaseUpdateTemplateOrIsoCmd.java\\nList\\\\\\u003cString\\u003e | ListHostsCmd.java\\nMap | UpdateZoneCmd.java\\nMap | CreateNetworkOfferingCmd.java\\nMap | UpdateBgpPeerCmd.java\\nMap | CreateBgpPeerCmd.java\\nMap\\u003cString, String\\u003e | UpgradeSystemVMCmd.java\\nMap\\u003cString, String\\u003e | ScaleSystemVMCmd.java\\nMap | UpdateStoragePoolCmd.java\\nMap | UpdateCloudToUseObjectStoreCmd.java\\nMap | AddImageStoreCmd.java\\nMap\\u003cString, ? extends Map\\u003cString, String\\u003e\\u003e | CreateSecondaryStagingStoreCmd.java\\nMap | AddObjectStoragePoolCmd.java\\nMap | CreateStoragePoolCmd.java\\nMap\\u003cString, String\\u003e | ImportUnmanagedInstanceCmd.java\\nMap | AddGuestOsCmd.java\\nMap | UpdateGuestOsCmd.java\\nMap | CreateDiskOfferingCmd.java\\n| List\\\\\\u003cString\\u003e | ListDomainsCmd.java\\nMap | CreateTemplateCmd.java\\nMap | GetUploadParamsForTemplateCmd.java\\nMap | RegisterTemplateCmd.java\\nList\\\\\\u003cString\\u003e | ListTemplatesCmd.java\\nList\\\\\\u003cString\\u003e | ListProjectsCmd.java\\nMap\\u003cString, String\\u003e | UpgradeVMCmd.java\\nList\\\\\\u003cString\\u003e | ListVMsCmd.java\\nMap | DeployVMCmd.java\\nMap\\u003cString, String\\u003e | UpdateVMCmd.java\\nMap | RestoreVMCmd.java\\n| Map\\u003cString, String\\u003e | ScaleVMCmd.java |\\n| List\\\\\\u003cString\\u003e | ListAccountsCmd.java |\\n| Map | AddResourceDetailCmd.java |\\n| | Responses: |\\n| Map\\u003cString, String\\u003e | TemplateResponse.java |\\nMap | NetworkOfferingResponse.java\\nMap | VolumeForImportResponse.java\\nString | DirectDownloadCertificateHostStatusResponse.java\\nMap | NetworkProtocolResponse.java\\nMap | UserVmResponse.java\\nMap | BgpPeerResponse.java\\nMap\\u003cString, String\\u003e | DiskOfferingResponse.java\\nMap | NetworkResponse.java\\nString | CreateConsoleEndpointResponse.java\\nString | RouterHealthCheckResultResponse.java\\nMap\\u003cString, List\\\\\\u003cString\\u003e\\u003e | DetailOptionsResponse.java\\nMap | HostResponse.java\\nString | UnmanageVMInstanceResponse.java\\n\\nIn addtion to these there are some details related parameters that also have different types i.e. \\u003csome entity type\\u003edetails and some of them even as boolean.\\n\\nThere are two improvements to make here:\\n1. make sure there are no ambiguities for users when they encounter a in- or output field named “details”\\n2. make sure maintainers do not mix different patterns for the same basic functionality\\nthe first being the more important one\\n\\nIn addition to all this there are backwards compatibility concerns. Some can be changed “under the hood” others will have to be marked as “deprecated\\\" to the user and and copied into a in-/output field with a new name, only considering the old one if the new one is missing.\\n\\n##### EXPECTED RESULTS\\nA clear pattern from both user and developer point of view.\\n\\n\",\"author_association\":\"CONTRIBUTOR\",\"user\":{\"login\":\"DaanHoogland\",\"id\":2486961,\"node_id\":\"MDQ6VXNlcjI0ODY5NjE=\",\"avatar_url\":\"https://avatars.githubusercontent.com/u/2486961?v=4\",\"html_url\":\"https://github.com/DaanHoogland\",\"gravatar_id\":\"\",\"type\":\"User\",\"site_admin\":false,\"url\":\"https://api.github.com/users/DaanHoogland\",\"events_url\":\"https://api.github.com/users/DaanHoogland/events{/privacy}\",\"following_url\":\"https://api.github.com/users/DaanHoogland/following{/other_user}\",\"followers_url\":\"https://api.github.com/users/DaanHoogland/followers\",\"gists_url\":\"https://api.github.com/users/DaanHoogland/gists{/gist_id}\",\"organizations_url\":\"https://api.github.com/users/DaanHoogland/orgs\",\"received_events_url\":\"https://api.github.com/users/DaanHoogland/received_events\",\"repos_url\":\"https://api.github.com/users/DaanHoogland/repos\",\"starred_url\":\"https://api.github.com/users/DaanHoogland/starred{/owner}{/repo}\",\"subscriptions_url\":\"https://api.github.com/users/DaanHoogland/subscriptions\"},\"labels\":[{\"id\":817420428,\"url\":\"https://api.github.com/repos/apache/cloudstack/labels/type:improvement\",\"name\":\"type:improvement\",\"color\":\"a5f9ff\",\"description\":\"\",\"default\":false,\"node_id\":\"MDU6TGFiZWw4MTc0MjA0Mjg=\"},{\"id\":821716113,\"url\":\"https://api.github.com/repos/apache/cloudstack/labels/type:cleanup\",\"name\":\"type:cleanup\",\"color\":\"0e8a16\",\"description\":\"\",\"default\":false,\"node_id\":\"MDU6TGFiZWw4MjE3MTYxMTM=\"},{\"id\":1900337335,\"url\":\"https://api.github.com/repos/apache/cloudstack/labels/type:technical-debt\",\"name\":\"type:technical-debt\",\"color\":\"52a8ea\",\"description\":\"\",\"default\":false,\"node_id\":\"MDU6TGFiZWwxOTAwMzM3MzM1\"}],\"comments\":4,\"created_at\":\"2019-05-28T08:46:51Z\",\"updated_at\":\"2026-05-21T14:47:28Z\",\"url\":\"https://api.github.com/repos/apache/cloudstack/issues/3360\",\"html_url\":\"https://github.com/apache/cloudstack/issues/3360\",\"comments_url\":\"https://api.github.com/repos/apache/cloudstack/issues/3360/comments\",\"events_url\":\"https://api.github.com/repos/apache/cloudstack/issues/3360/events\",\"labels_url\":\"https://api.github.com/repos/apache/cloudstack/issues/3360/labels{/name}\",\"repository_url\":\"https://api.github.com/repos/apache/cloudstack\",\"milestone\":{\"url\":\"https://api.github.com/repos/apache/cloudstack/milestones/45\",\"html_url\":\"https://github.com/apache/cloudstack/milestone/45\",\"labels_url\":\"https://api.github.com/repos/apache/cloudstack/milestones/45/labels\",\"id\":14595362,\"number\":45,\"state\":\"open\",\"title\":\"4.20.4\",\"creator\":{\"login\":\"DaanHoogland\",\"id\":2486961,\"node_id\":\"MDQ6VXNlcjI0ODY5NjE=\",\"avatar_url\":\"https://avatars.githubusercontent.com/u/2486961?v=4\",\"html_url\":\"https://github.com/DaanHoogland\",\"gravatar_id\":\"\",\"type\":\"User\",\"site_admin\":false,\"url\":\"https://api.github.com/users/DaanHoogland\",\"events_url\":\"https://api.github.com/users/DaanHoogland/events{/privacy}\",\"following_url\":\"https://api.github.com/users/DaanHoogland/following{/other_user}\",\"followers_url\":\"https://api.github.com/users/DaanHoogland/followers\",\"gists_url\":\"https://api.github.com/users/DaanHoogland/gists{/gist_id}\",\"organizations_url\":\"https://api.github.com/users/DaanHoogland/orgs\",\"received_events_url\":\"https://api.github.com/users/DaanHoogland/received_events\",\"repos_url\":\"https://api.github.com/users/DaanHoogland/repos\",\"starred_url\":\"https://api.github.com/users/DaanHoogland/starred{/owner}{/repo}\",\"subscriptions_url\":\"https://api.github.com/users/DaanHoogland/subscriptions\"},\"open_issues\":133,\"closed_issues\":81,\"created_at\":\"2026-01-21T11:18:05Z\",\"updated_at\":\"2026-10-01T14:41:34Z\",\"node_id\":\"MI_kwDOAJTq2M4A3rUi\"},\"reactions\":{\"total_count\":0,\"+1\":0,\"-1\":0,\"laugh\":0,\"confused\":0,\"heart\":0,\"hooray\":0,\"rocket\":0,\"eyes\":0,\"url\":\"https://api.github.com/repos/apache/cloudstack/issues/3360/reactions\"},\"node_id\":\"MDU6SXNzdWU0NDkxNDA5NTk=\",\"type\":{\"id\":93568,\"node_id\":\"IT_kwDNuP_OAAFtgA\",\"name\":\"Task\",\"description\":\"A specific piece of work\",\"color\":\"yellow\",\"created_at\":\"2024-01-25T09:11:09Z\",\"updated_at\":\"2024-07-26T10:04:57Z\"}},{\"id\":521445102,\"number\":3679,\"state\":\"open\",\"locked\":false,\"title\":\"marvin tests in plugin directory are not considered to be in python package\",\"body\":\"\\u003c!--\\r\\nVerify first that your issue/request is not already reported on GitHub.\\r\\nAlso test if the latest release and master branch are affected too.\\r\\nAlways add information AFTER of these HTML comments, but no need to delete the comments.\\r\\n--\\u003e\\r\\nwhen creating tests in the `tests/integration/plugins` directory, and then executing them in a deployed marvin environment like trillian, local imports do not work. This makes it impossible to modularise tests for plugins to be reused in other environments. The `plugins` directory should work as the `smoke` and `component` directories do.\\r\\n\\r\\n##### ISSUE TYPE\\r\\n\\u003c!-- Pick one below and delete the rest --\\u003e\\r\\n * Improvement Request\\r\\n * Enhancement Request\\r\\n\\r\\n##### COMPONENT NAME\\r\\n\\u003c!--\\r\\nCategorize the issue, e.g. API, VR, VPN, UI, etc.\\r\\n--\\u003e\\r\\n~~~\\r\\n\\r\\n~~~\\r\\n\\r\\n##### CLOUDSTACK VERSION\\r\\n\\u003c!--\\r\\nNew line separated list of affected versions, commit ID for issues on master branch.\\r\\n--\\u003e\\r\\n\\r\\n~~~\\r\\n\\r\\n~~~\\r\\n\\r\\n##### CONFIGURATION\\r\\n\\u003c!--\\r\\nInformation about the configuration if relevant, e.g. basic network, advanced networking, etc.  N/A otherwise\\r\\n--\\u003e\\r\\n\\r\\n\\r\\n##### OS / ENVIRONMENT\\r\\n\\u003c!--\\r\\nInformation about the environment if relevant, N/A otherwise\\r\\n--\\u003e\\r\\n\\r\\n\\r\\n##### SUMMARY\\r\\n\\u003c!-- Explain the problem/feature briefly --\\u003e\\r\\n\\r\\n\\r\\n##### STEPS TO REPRODUCE\\r\\n\\u003c!--\\r\\nFor bugs, show exactly how to reproduce the problem, using a minimal test-case. Use Screenshots if accurate.\\r\\n\\r\\nFor new features, show how the feature would be used.\\r\\n--\\u003e\\r\\n\\r\\n\\u003c!-- Paste example playbooks or commands between quotes below --\\u003e\\r\\n~~~\\r\\n\\r\\n~~~\\r\\n\\r\\n\\u003c!-- You can also paste gist.github.com links for larger files --\\u003e\\r\\n\\r\\n##### EXPECTED RESULTS\\r\\n\\u003c!-- What did you expect to happen when running the steps above? --\\u003e\\r\\n\\r\\n~~~\\r\\n\\r\\n~~~\\r\\n\\r\\n##### ACTUAL RESULTS\\r\\n\\u003c!-- What actually happened? --\\u003e\\r\\n\\r\\n\\u003c!-- Paste verbatim command output between quotes below --\\u003e\\r\\n~~~\\r\\n\\r\\n~~~\\r\\n\",\"author_association\":\"CONTRIBUTOR\",\"user\":{\"login\":\"DaanHoogland\",\"id\":2486961,\"node_id\":\"MDQ6VXNlcjI0ODY5NjE=\",\"avatar_url\":\"https://avatars.githubusercontent.com/u/2486961?v=4\",\"html_url\":\"https://github.com/DaanHoogland\",\"gravatar_id\":\"\",\"type\":\"User\",\"site_admin\":false,\"url\":\"https://api.github.com/users/DaanHoogland\",\"events_url\":\"https://api.github.com/users/DaanHoogland/events{/privacy}\",\"following_url\":\"https://api.github.com/users/DaanHoogland/following{/other_user}\",\"followers_url\":\"https://api.github.com/users/DaanHoogland/followers\",\"gists_url\":\"https://api.github.com/users/DaanHoogland/gists{/gist_id}\",\"organizations_url\":\"https://api.github.com/users/DaanHoogland/orgs\",\"received_events_url\":\"https://api.github.com/users/DaanHoogland/received_events\",\"repos_url\":\"https://api.github.com/users/DaanHoogland/repos\",\"starred_url\":\"https://api.github.com/users/DaanHoogland/starred{/owner}{/repo}\",\"subscriptions_url\":\"https://api.github.com/users/DaanHoogland/subscriptions\"},\"labels\":[{\"id\":817420428,\"url\":\"https://api.github.com/repos/apache/cloudstack/labels/type:improvement\",\"name\":\"type:improvement\",\"color\":\"a5f9ff\",\"description\":\"\",\"default\":false,\"node_id\":\"MDU6TGFiZWw4MTc0MjA0Mjg=\"},{\"id\":1900337335,\"url\":\"https://api.github.com/repos/apache/cloudstack/labels/type:technical-debt\",\"name\":\"type:technical-debt\",\"color\":\"52a8ea\",\"description\":\"\",\"default\":false,\"node_id\":\"MDU6TGFiZWwxOTAwMzM3MzM1\"},{\"id\":2510052725,\"url\":\"https://api.github.com/repos/apache/cloudstack/labels/component:integration-test\",\"name\":\"component:integration-test\",\"color\":\"e858a2\",\"description\":\"\",\"default\":false,\"node_id\":\"MDU6TGFiZWwyNTEwMDUyNzI1\"}],\"assignee\":{\"login\":\"DaanHoogland\",\"id\":2486961,\"node_id\":\"MDQ6VXNlcjI0ODY5NjE=\",\"avatar_url\":\"https://avatars.githubusercontent.com/u/2486961?v=4\",\"html_url\":\"https://github.com/DaanHoogland\",\"gravatar_id\":\"\",\"type\":\"User\",\"site_admin\":false,\"url\":\"https://api.github.com/users/DaanHoogland\",\"events_url\":\"https://api.github.com/users/DaanHoogland/events{/privacy}\",\"following_url\":\"https://api.github.com/users/DaanHoogland/following{/other_user}\",\"followers_url\":\"https://api.github.com/users/DaanHoogland/followers\",\"gists_url\":\"https://api.github.com/users/DaanHoogland/gists{/gist_id}\",\"organizations_url\":\"https://api.github.com/users/DaanHoogland/orgs\",\"received_events_url\":\"https://api.github.com/users/DaanHoogland/received_events\",\"repos_url\":\"https://api.github.com/users/DaanHoogland/repos\",\"starred_url\":\"https://api.github.com/users/DaanHoogland/starred{/owner}{/repo}\",\"subscriptions_url\":\"https://api.github.com/users/DaanHoogland/subscriptions\"},\"comments\":1,\"created_at\":\"2019-11-12T09:58:04Z\",\"updated_at\":\"2026-06-30T12:12:33Z\",\"url\":\"https://api.github.com/repos/apache/cloudstack/issues/3679\",\"html_url\":\"https://github.com/apache/cloudstack/issues/3679\",\"comments_url\":\"https://api.github.com/repos/apache/cloudstack/issues/3679/comments\",\"events_url\":\"https://api.github.com/repos/apache/cloudstack/issues/3679/events\",\"labels_url\":\"https://api.github.com/repos/apache/cloudstack/issues/3679/labels{/name}\",\"repository_url\":\"https://api.github.com/repos/apache/cloudstack\",\"milestone\":{\"url\":\"https://api.github.com/repos/apache/cloudstack/milestones/46\",\"html_url\":\"https://github.com/apache/cloudstack/milestone/46\",\"labels_url\":\"https://api.github.com/repos/apache/cloudstack/milestones/46/labels\",\"id\":15514689,\"number\":46,\"state\":\"open\",\"title\":\"4.22.2\",\"description\":\"\",\"creator\":{\"login\":\"sureshanaparti\",\"id\":12028987,\"node_id\":\"MDQ6VXNlcjEyMDI4OTg3\",\"avatar_url\":\"https://avatars.githubusercontent.com/u/12028987?v=4\",\"html_url\":\"https://github.com/sureshanaparti\",\"gravatar_id\":\"\",\"type\":\"User\",\"site_admin\":false,\"url\":\"https://api.github.com/users/sureshanaparti\",\"events_url\":\"https://api.github.com/users/sureshanaparti/events{/privacy}\",\"following_url\":\"https://api.github.com/users/sureshanaparti/following{/other_user}\",\"followers_url\":\"https://api.github.com/users/sureshanaparti/followers\",\"gists_url\":\"https://api.github.com/users/sureshanaparti/gists{/gist_id}\",\"organizations_url\":\"https://api.github.com/users/sureshanaparti/orgs\",\"received_events_url\":\"https://api.github.com/users/sureshanaparti/received_events\",\"repos_url\":\"https://api.github.com/users/sureshanaparti/repos\",\"starred_url\":\"https://api.github.com/users/sureshanaparti/starred{/owner}{/repo}\",\"subscriptions_url\":\"https://api.github.com/users/sureshanaparti/subscriptions\"},\"open_issues\":264,\"closed_issues\":116,\"created_at\":\"2026-04-13T07:02:43Z\",\"updated_at\":\"2026-10-01T15:03:42Z\",\"node_id\":\"MI_kwDOAJTq2M4A7LxB\"},\"reactions\":{\"total_count\":0,\"+1\":0,\"-1\":0,\"laugh\":0,\"confused\":0,\"heart\":0,\"hooray\":0,\"rocket\":0,\"eyes\":0,\"url\":\"https://api.github.com/repos/apache/cloudstack/issues/3679/reactions\"},\"assignees\":[{\"login\":\"DaanHoogland\",\"id\":2486961,\"node_id\":\"MDQ6VXNlcjI0ODY5NjE=\",\"avatar_url\":\"https://avatars.githubusercontent.com/u/2486961?v=4\",\"html_url\":\"https://github.com/DaanHoogland\",\"gravatar_id\":\"\",\"type\":\"User\",\"site_admin\":false,\"url\":\"https://api.github.com/users/DaanHoogland\",\"events_url\":\"https://api.github.com/users/DaanHoogland/events{/privacy}\",\"following_url\":\"https://api.github.com/users/DaanHoogland/following{/other_user}\",\"followers_url\":\"https://api.github.com/users/DaanHoogland/followers\",\"gists_url\":\"https://api.github.com/users/DaanHoogland/gists{/gist_id}\",\"organizations_url\":\"https://api.github.com/users/DaanHoogland/orgs\",\"received_events_url\":\"https://api.github.com/users/DaanHoogland/received_events\",\"repos_url\":\"https://api.github.com/users/DaanHoogland/repos\",\"starred_url\":\"https://api.github.com/users/DaanHoogland/starred{/owner}{/repo}\",\"subscriptions_url\":\"https://api.github.com/users/DaanHoogland/subscriptions\"}],\"node_id\":\"MDU6SXNzdWU1MjE0NDUxMDI=\",\"type\":{\"id\":93570,\"node_id\":\"IT_kwDNuP_OAAFtgg\",\"name\":\"Bug\",\"description\":\"An unexpected problem or behavior\",\"color\":\"red\",\"created_at\":\"2024-01-25T09:11:09Z\",\"updated_at\":\"2024-07-26T10:04:57Z\"}},{\"id\":522822461,\"number\":3687,\"state\":\"open\",\"locked\":false,\"title\":\"Domain admins not able to add LDAP users\",\"body\":\"\\u003c!--\\r\\nVerify first that your issue/request is not already reported on GitHub.\\r\\nAlso test if the latest release and master branch are affected too.\\r\\nAlways add information AFTER of these HTML comments, but no need to delete the comments.\\r\\n--\\u003e\\r\\n\\r\\n##### ISSUE TYPE\\r\\n\\u003c!-- Pick one below and delete the rest --\\u003e\\r\\n * Improvement Request\\r\\n\\r\\n\\r\\n##### COMPONENT NAME\\r\\n\\u003c!--\\r\\nCategorize the issue, e.g. API, VR, VPN, UI, etc.\\r\\n--\\u003e\\r\\n~~~\\r\\nUI, API\\r\\n~~~\\r\\n\\r\\n##### CLOUDSTACK VERSION\\r\\n\\u003c!--\\r\\nNew line separated list of affected versions, commit ID for issues on master branch.\\r\\n--\\u003e\\r\\n\\r\\n~~~\\r\\n4.14 \\r\\n~~~\\r\\n\\r\\n\\r\\n##### SUMMARY\\r\\n\\u003c!-- Explain the problem/feature briefly --\\u003e\\r\\nDomain admins are not able to see the ‘Add LDAP Account' button at both “Account” tab and Domain - \\u003e Accounts tab. \\r\\nIt would be really good if they can manage that as well, since they manage native users within the domain\\r\\n\\r\\n\",\"author_association\":\"CONTRIBUTOR\",\"user\":{\"login\":\"borisstoyanov\",\"id\":13551960,\"node_id\":\"MDQ6VXNlcjEzNTUxOTYw\",\"avatar_url\":\"https://avatars.githubusercontent.com/u/13551960?v=4\",\"html_url\":\"https://github.com/borisstoyanov\",\"gravatar_id\":\"\",\"type\":\"User\",\"site_admin\":false,\"url\":\"https://api.github.com/users/borisstoyanov\",\"events_url\":\"https://api.github.com/users/borisstoyanov/events{/privacy}\",\"following_url\":\"https://api.github.com/users/borisstoyanov/following{/other_user}\",\"followers_url\":\"https://api.github.com/users/borisstoyanov/followers\",\"gists_url\":\"https://api.github.com/users/borisstoyanov/gists{/gist_id}\",\"organizations_url\":\"https://api.github.com/users/borisstoyanov/orgs\",\"received_events_url\":\"https://api.github.com/users/borisstoyanov/received_events\",\"repos_url\":\"https://api.github.com/users/borisstoyanov/repos\",\"starred_url\":\"https://api.github.com/users/borisstoyanov/starred{/owner}{/repo}\",\"subscriptions_url\":\"https://api.github.com/users/borisstoyanov/subscriptions\"},\"labels\":[{\"id\":37843366,\"url\":\"https://api.github.com/repos/apache/cloudstack/labels/type:enhancement\",\"name\":\"type:enhancement\",\"color\":\"84b6eb\",\"description\":\"\",\"default\":false,\"node_id\":\"MDU6TGFiZWwzNzg0MzM2Ng==\"},{\"id\":584073853,\"url\":\"https://api.github.com/repos/apache/cloudstack/labels/component:api\",\"name\":\"component:api\",\"color\":\"1DB401\",\"description\":\"\",\"default\":false,\"node_id\":\"MDU6TGFiZWw1ODQwNzM4NTM=\"},{\"id\":739374767,\"url\":\"https://api.github.com/repos/apache/cloudstack/labels/component:UI\",\"name\":\"component:UI\",\"color\":\"ea62a8\",\"description\":\"\",\"default\":false,\"node_id\":\"MDU6TGFiZWw3MzkzNzQ3Njc=\"},{\"id\":817420428,\"url\":\"https://api.github.com/repos/apache/cloudstack/labels/type:improvement\",\"name\":\"type:improvement\",\"color\":\"a5f9ff\",\"description\":\"\",\"default\":false,\"node_id\":\"MDU6TGFiZWw4MTc0MjA0Mjg=\"},{\"id\":1391978885,\"url\":\"https://api.github.com/repos/apache/cloudstack/labels/component:LDAP\",\"name\":\"component:LDAP\",\"color\":\"b2ef67\",\"description\":\"\",\"default\":false,\"node_id\":\"MDU6TGFiZWwxMzkxOTc4ODg1\"},{\"id\":2630836378,\"url\":\"https://api.github.com/repos/apache/cloudstack/labels/status:needs-functional-definition\",\"name\":\"status:needs-functional-definition\",\"color\":\"951862\",\"description\":\"\",\"default\":false,\"node_id\":\"MDU6TGFiZWwyNjMwODM2Mzc4\"}],\"assignee\":{\"login\":\"DaanHoogland\",\"id\":2486961,\"node_id\":\"MDQ6VXNlcjI0ODY5NjE=\",\"avatar_url\":\"https://avatars.githubusercontent.com/u/2486961?v=4\",\"html_url\":\"https://github.com/DaanHoogland\",\"gravatar_id\":\"\",\"type\":\"User\",\"site_admin\":false,\"url\":\"https://api.github.com/users/DaanHoogland\",\"events_url\":\"https://api.github.com/users/DaanHoogland/events{/privacy}\",\"following_url\":\"https://api.github.com/users/DaanHoogland/following{/other_user}\",\"followers_url\":\"https://api.github.com/users/DaanHoogland/followers\",\"gists_url\":\"https://api.github.com/users/DaanHoogland/gists{/gist_id}\",\"organizations_url\":\"https://api.github.com/users/DaanHoogland/orgs\",\"received_events_url\":\"https://api.github.com/users/DaanHoogland/received_events\",\"repos_url\":\"https://api.github.com/users/DaanHoogland/repos\",\"starred_url\":\"https://api.github.com/users/DaanHoogland/starred{/owner}{/repo}\",\"subscriptions_url\":\"https://api.github.com/users/DaanHoogland/subscriptions\"},\"comments\":6,\"created_at\":\"2019-11-14T12:20:34Z\",\"updated_at\":\"2026-08-13T15:07:55Z\",\"url\":\"https://api.github.com/repos/apache/cloudstack/issues/3687\",\"html_url\":\"https://github.com/apache/cloudstack/issues/3687\",\"comments_url\":\"https://api.github.com/repos/apache/cloudstack/issues/3687/comments\",\"events_url\":\"https://api.github.com/repos/apache/cloudstack/issues/3687/events\",\"labels_url\":\"https://api.github.com/repos/apache/cloudstack/issues/3687/labels{/name}\",\"repository_url\":\"https://api.github.com/repos/apache/cloudstack\",\"milestone\":{\"url\":\"https://api.github.com/repos/apache/cloudstack/milestones/47\",\"html_url\":\"https://github.com/apache/cloudstack/milestone/47\",\"labels_url\":\"https://api.github.com/repos/apache/cloudstack/milestones/47/labels\",\"id\":15843055,\"number\":47,\"state\":\"open\",\"title\":\"24.0\",\"description\":\"\",\"creator\":{\"login\":\"weizhouapache\",\"id\":57355700,\"node_id\":\"MDQ6VXNlcjU3MzU1NzAw\",\"avatar_url\":\"https://avatars.githubusercontent.com/u/57355700?v=4\",\"html_url\":\"https://github.com/weizhouapache\",\"gravatar_id\":\"\",\"type\":\"User\",\"site_admin\":false,\"url\":\"https://api.github.com/users/weizhouapache\",\"events_url\":\"https://api.github.com/users/weizhouapache/events{/privacy}\",\"following_url\":\"https://api.github.com/users/weizhouapache/following{/other_user}\",\"followers_url\":\"https://api.github.com/users/weizhouapache/followers\",\"gists_url\":\"https://api.github.com/users/weizhouapache/gists{/gist_id}\",\"organizations_url\":\"https://api.github.com/users/weizhouapache/orgs\",\"received_events_url\":\"https://api.github.com/users/weizhouapache/received_events\",\"repos_url\":\"https://api.github.com/users/weizhouapache/repos\",\"starred_url\":\"https://api.github.com/users/weizhouapache/starred{/owner}{/repo}\",\"subscriptions_url\":\"https://api.github.com/users/weizhouapache/subscriptions\"},\"open_issues\":274,\"closed_issues\":39,\"created_at\":\"2026-05-08T06:15:20Z\",\"updated_at\":\"2026-10-02T08:13:00Z\",\"node_id\":\"MI_kwDOAJTq2M4A8b7v\"},\"reactions\":{\"total_count\":0,\"+1\":0,\"-1\":0,\"laugh\":0,\"confused\":0,\"heart\":0,\"hooray\":0,\"rocket\":0,\"eyes\":0,\"url\":\"https://api.github.com/repos/apache/cloudstack/issues/3687/reactions\"},\"assignees\":[{\"login\":\"DaanHoogland\",\"id\":2486961,\"node_id\":\"MDQ6VXNlcjI0ODY5NjE=\",\"avatar_url\":\"https://avatars.githubusercontent.com/u/2486961?v=4\",\"html_url\":\"https://github.com/DaanHoogland\",\"gravatar_id\":\"\",\"type\":\"User\",\"site_admin\":false,\"url\":\"https://api.github.com/users/DaanHoogland\",\"events_url\":\"https://api.github.com/users/DaanHoogland/events{/privacy}\",\"following_url\":\"https://api.github.com/users/DaanHoogland/following{/other_user}\",\"followers_url\":\"https://api.github.com/users/DaanHoogland/followers\",\"gists_url\":\"https://api.github.com/users/DaanHoogland/gists{/gist_id}\",\"organizations_url\":\"https://api.github.com/users/DaanHoogland/orgs\",\"received_events_url\":\"https://api.github.com/users/DaanHoogland/received_events\",\"repos_url\":\"https://api.github.com/users/DaanHoogland/repos\",\"starred_url\":\"https://api.github.com/users/DaanHoogland/starred{/owner}{/repo}\",\"subscriptions_url\":\"https://api.github.com/users/DaanHoogland/subscriptions\"}],\"node_id\":\"MDU6SXNzdWU1MjI4MjI0NjE=\",\"type\":{\"id\":93574,\"node_id\":\"IT_kwDNuP_OAAFthg\",\"name\":\"Feature\",\"description\":\"A request, idea, or new functionality\",\"color\":\"blue\",\"created_at\":\"2024-01-25T09:11:09Z\",\"updated_at\":\"2024-10-08T08:30:20Z\"}},{\"id\":525033423,\"number\":3693,\"state\":\"open\",\"locked\":false,\"title\":\"cleanup test resources\",\"body\":\"\\u003c!--\\r\\nVerify first that your issue/request is not already reported on GitHub.\\r\\nAlso test if the latest release and master branch are affected too.\\r\\nAlways add information AFTER of these HTML comments, but no need to delete the comments.\\r\\n--\\u003e\\r\\nThis is to clean-up tests that create resources and do not clean-up after themselves. The idea is that the entire test-suite should be able to be run in a production environment without harming or messing up. In smoke tests running in Trillian we found the following tests to leave stuff around (the checks fixed in scope of this pr are just for simulator):\\r\\n\\r\\n- [X] test_accounts #3657 #4473\\r\\n- [x] test_affinity_groups_projects #4473\\r\\n- [x] test_async_job #4473\\r\\n- [ ] test_deploy_vm_iso\\r\\n- [x] test_deploy_vms_with_varied_deploymentplanners #4289\\r\\n- [ ] test_deploy_vm_with_userdata\\r\\n- [x] test_diagnostics #4289\\r\\n- [ ] test_domain_service_offerings\\r\\n- [x] test_internal_lb #4727\\r\\n- [ ] test_list_ids_parameter\\r\\n- [ ] test_loadbalance\\r\\n- [ ] test_metrics_api\\r\\n- [ ] test_multipleips_per_nic\\r\\n- [ ] test_nested_virtualization\\r\\n- [ ] test_network_acl\\r\\n- [ ] test_network\\r\\n- [ ] test_nic_adapter_type\\r\\n- [ ] test_password_server\\r\\n- [ ] test_portforwardingrules\\r\\n- [ ] test_privategw_acl\\r\\n- [x] test_projects #3657\\r\\n- [ ] test_reset_vm_on_reboot\\r\\n- [ ] test_resource_accounting\\r\\n- [ ] test_router_dhcphosts #5562 \\r\\n- [ ] test_router_dns\\r\\n- [ ] test_router_dnsservice\\r\\n- [ ] test_routers_iptables_default_policy\\r\\n- [ ] test_routers_network_ops\\r\\n- [x] test_routers #4289\\r\\n- [ ] test_service_offerings\\r\\n- [ ] test_snapshots\\r\\n- [ ] test_templates\\r\\n- [x] test_vm_deployment_planner #7183 - some work might be remaining due to the way VMs are created in this test-suite\\r\\n- [ ] test_vpc_redundant\\r\\n- [ ] test_vpc_router_nics\\r\\n- [x] test_vpc_vpn #4289\\r\\n- [ ] test_hostha_kvm #8196 - disabling and enabling host HA, not sure if this should be a smoke test!?\\r\\n\\r\\n##### ISSUE TYPE\\r\\n\\u003c!-- Pick one below and delete the rest --\\u003e\\r\\n * Bug Report\\r\\n * Other: test improvements\\r\\n\",\"author_association\":\"CONTRIBUTOR\",\"user\":{\"login\":\"DaanHoogland\",\"id\":2486961,\"node_id\":\"MDQ6VXNlcjI0ODY5NjE=\",\"avatar_url\":\"https://avatars.githubusercontent.com/u/2486961?v=4\",\"html_url\":\"https://github.com/DaanHoogland\",\"gravatar_id\":\"\",\"type\":\"User\",\"site_admin\":false,\"url\":\"https://api.github.com/users/DaanHoogland\",\"events_url\":\"https://api.github.com/users/DaanHoogland/events{/privacy}\",\"following_url\":\"https://api.github.com/users/DaanHoogland/following{/other_user}\",\"followers_url\":\"https://api.github.com/users/DaanHoogland/followers\",\"gists_url\":\"https://api.github.com/users/DaanHoogland/gists{/gist_id}\",\"organizations_url\":\"https://api.github.com/users/DaanHoogland/orgs\",\"received_events_url\":\"https://api.github.com/users/DaanHoogland/received_events\",\"repos_url\":\"https://api.github.com/users/DaanHoogland/repos\",\"starred_url\":\"https://api.github.com/users/DaanHoogland/starred{/owner}{/repo}\",\"subscriptions_url\":\"https://api.github.com/users/DaanHoogland/subscriptions\"},\"labels\":[{\"id\":589162089,\"url\":\"https://api.github.com/repos/apache/cloudstack/labels/status:work-in-progress\",\"name\":\"status:work-in-progress\",\"color\":\"bfd4f2\",\"description\":\"\",\"default\":false,\"node_id\":\"MDU6TGFiZWw1ODkxNjIwODk=\"},{\"id\":821716113,\"url\":\"https://api.github.com/repos/apache/cloudstack/labels/type:cleanup\",\"name\":\"type:cleanup\",\"color\":\"0e8a16\",\"description\":\"\",\"default\":false,\"node_id\":\"MDU6TGFiZWw4MjE3MTYxMTM=\"},{\"id\":1900337335,\"url\":\"https://api.github.com/repos/apache/cloudstack/labels/type:technical-debt\",\"name\":\"type:technical-debt\",\"color\":\"52a8ea\",\"description\":\"\",\"default\":false,\"node_id\":\"MDU6TGFiZWwxOTAwMzM3MzM1\"},{\"id\":2510052725,\"url\":\"https://api.github.com/repos/apache/cloudstack/labels/component:integration-test\",\"name\":\"component:integration-test\",\"color\":\"e858a2\",\"description\":\"\",\"default\":false,\"node_id\":\"MDU6TGFiZWwyNTEwMDUyNzI1\"}],\"assignee\":{\"login\":\"DaanHoogland\",\"id\":2486961,\"node_id\":\"MDQ6VXNlcjI0ODY5NjE=\",\"avatar_url\":\"https://avatars.githubusercontent.com/u/2486961?v=4\",\"html_url\":\"https://github.com/DaanHoogland\",\"gravatar_id\":\"\",\"type\":\"User\",\"site_admin\":false,\"url\":\"https://api.github.com/users/DaanHoogland\",\"events_url\":\"https://api.github.com/users/DaanHoogland/events{/privacy}\",\"following_url\":\"https://api.github.com/users/DaanHoogland/following{/other_user}\",\"followers_url\":\"https://api.github.com/users/DaanHoogland/followers\",\"gists_url\":\"https://api.github.com/users/DaanHoogland/gists{/gist_id}\",\"organizations_url\":\"https://api.github.com/users/DaanHoogland/orgs\",\"received_events_url\":\"https://api.github.com/users/DaanHoogland/received_events\",\"repos_url\":\"https://api.github.com/users/DaanHoogland/repos\",\"starred_url\":\"https://api.github.com/users/DaanHoogland/starred{/owner}{/repo}\",\"subscriptions_url\":\"https://api.github.com/users/DaanHoogland/subscriptions\"},\"comments\":13,\"created_at\":\"2019-11-19T14:10:03Z\",\"updated_at\":\"2026-06-27T14:43:33Z\",\"url\":\"https://api.github.com/repos/apache/cloudstack/issues/3693\",\"html_url\":\"https://github.com/apache/cloudstack/issues/3693\",\"comments_url\":\"https://api.github.com/repos/apache/cloudstack/issues/3693/comments\",\"events_url\":\"https://api.github.com/repos/apache/cloudstack/issues/3693/events\",\"labels_url\":\"https://api.github.com/repos/apache/cloudstack/issues/3693/labels{/name}\",\"repository_url\":\"https://api.github.com/repos/apache/cloudstack\",\"milestone\":{\"url\":\"https://api.github.com/repos/apache/cloudstack/milestones/47\",\"html_url\":\"https://github.com/apache/cloudstack/milestone/47\",\"labels_url\":\"https://api.github.com/repos/apache/cloudstack/milestones/47/labels\",\"id\":15843055,\"number\":47,\"state\":\"open\",\"title\":\"24.0\",\"description\":\"\",\"creator\":{\"login\":\"weizhouapache\",\"id\":57355700,\"node_id\":\"MDQ6VXNlcjU3MzU1NzAw\",\"avatar_url\":\"https://avatars.githubusercontent.com/u/57355700?v=4\",\"html_url\":\"https://github.com/weizhouapache\",\"gravatar_id\":\"\",\"type\":\"User\",\"site_admin\":false,\"url\":\"https://api.github.com/users/weizhouapache\",\"events_url\":\"https://api.github.com/users/weizhouapache/events{/privacy}\",\"following_url\":\"https://api.github.com/users/weizhouapache/following{/other_user}\",\"followers_url\":\"https://api.github.com/users/weizhouapache/followers\",\"gists_url\":\"https://api.github.com/users/weizhouapache/gists{/gist_id}\",\"organizations_url\":\"https://api.github.com/users/weizhouapache/orgs\",\"received_events_url\":\"https://api.github.com/users/weizhouapache/received_events\",\"repos_url\":\"https://api.github.com/users/weizhouapache/repos\",\"starred_url\":\"https://api.github.com/users/weizhouapache/starred{/owner}{/repo}\",\"subscriptions_url\":\"https://api.github.com/users/weizhouapache/subscriptions\"},\"open_issues\":274,\"closed_issues\":39,\"created_at\":\"2026-05-08T06:15:20Z\",\"updated_at\":\"2026-10-02T08:13:00Z\",\"node_id\":\"MI_kwDOAJTq2M4A8b7v\"},\"reactions\":{\"total_count\":0,\"+1\":0,\"-1\":0,\"laugh\":0,\"confused\":0,\"heart\":0,\"hooray\":0,\"rocket\":0,\"eyes\":0,\"url\":\"https://api.github.com/repos/apache/cloudstack/issues/3693/reactions\"},\"assignees\":[{\"login\":\"DaanHoogland\",\"id\":2486961,\"node_id\":\"MDQ6VXNlcjI0ODY5NjE=\",\"avatar_url\":\"https://avatars.githubusercontent.com/u/2486961?v=4\",\"html_url\":\"https://github.com/DaanHoogland\",\"gravatar_id\":\"\",\"type\":\"User\",\"site_admin\":false,\"url\":\"https://api.github.com/users/DaanHoogland\",\"events_url\":\"https://api.github.com/users/DaanHoogland/events{/privacy}\",\"following_url\":\"https://api.github.com/users/DaanHoogland/following{/other_user}\",\"followers_url\":\"https://api.github.com/users/DaanHoogland/followers\",\"gists_url\":\"https://api.github.com/users/DaanHoogland/gists{/gist_id}\",\"organizations_url\":\"https://api.github.com/users/DaanHoogland/orgs\",\"received_events_url\":\"https://api.github.com/users/DaanHoogland/received_events\",\"repos_url\":\"https://api.github.com/users/DaanHoogland/repos\",\"starred_url\":\"https://api.github.com/users/DaanHoogland/starred{/owner}{/repo}\",\"subscriptions_url\":\"https://api.github.com/users/DaanHoogland/subscriptions\"}],\"node_id\":\"MDU6SXNzdWU1MjUwMzM0MjM=\",\"type\":{\"id\":93568,\"node_id\":\"IT_kwDNuP_OAAFtgA\",\"name\":\"Task\",\"description\":\"A specific piece of work\",\"color\":\"yellow\",\"created_at\":\"2024-01-25T09:11:09Z\",\"updated_at\":\"2024-07-26T10:04:57Z\"}},{\"id\":534553127,\"number\":3751,\"state\":\"open\",\"locked\":false,\"title\":\"Add iscsi as secondary storage\",\"body\":\"It seems iscsi has better performance in comparison to NFS, specially in vmware environment.\\r\\nSo I think it will be a good idea to add support of iscsi to secondary storage.\",\"author_association\":\"CONTRIBUTOR\",\"user\":{\"login\":\"aleskxyz\",\"id\":39186039,\"node_id\":\"MDQ6VXNlcjM5MTg2MDM5\",\"avatar_url\":\"https://avatars.githubusercontent.com/u/39186039?v=4\",\"html_url\":\"https://github.com/aleskxyz\",\"gravatar_id\":\"\",\"type\":\"User\",\"site_admin\":false,\"url\":\"https://api.github.com/users/aleskxyz\",\"events_url\":\"https://api.github.com/users/aleskxyz/events{/privacy}\",\"following_url\":\"https://api.github.com/users/aleskxyz/following{/other_user}\",\"followers_url\":\"https://api.github.com/users/aleskxyz/followers\",\"gists_url\":\"https://api.github.com/users/aleskxyz/gists{/gist_id}\",\"organizations_url\":\"https://api.github.com/users/aleskxyz/orgs\",\"received_events_url\":\"https://api.github.com/users/aleskxyz/received_events\",\"repos_url\":\"https://api.github.com/users/aleskxyz/repos\",\"starred_url\":\"https://api.github.com/users/aleskxyz/starred{/owner}{/repo}\",\"subscriptions_url\":\"https://api.github.com/users/aleskxyz/subscriptions\"},\"labels\":[{\"id\":584073449,\"url\":\"https://api.github.com/repos/apache/cloudstack/labels/component:ssvm\",\"name\":\"component:ssvm\",\"color\":\"c5def5\",\"description\":\"\",\"default\":false,\"node_id\":\"MDU6TGFiZWw1ODQwNzM0NDk=\"},{\"id\":584073788,\"url\":\"https://api.github.com/repos/apache/cloudstack/labels/component:iscsi\",\"name\":\"component:iscsi\",\"color\":\"0e8a16\",\"description\":\"\",\"default\":false,\"node_id\":\"MDU6TGFiZWw1ODQwNzM3ODg=\"},{\"id\":1150675549,\"url\":\"https://api.github.com/repos/apache/cloudstack/labels/type:new-feature\",\"name\":\"type:new-feature\",\"color\":\"4471c4\",\"description\":\"\",\"default\":false,\"node_id\":\"MDU6TGFiZWwxMTUwNjc1NTQ5\"},{\"id\":9849008471,\"url\":\"https://api.github.com/repos/apache/cloudstack/labels/no-issue-activity\",\"name\":\"no-issue-activity\",\"color\":\"ededed\",\"default\":false,\"node_id\":\"LA_kwDOAJTq2M8AAAACSwvxVw\"},{\"id\":9851088157,\"url\":\"https://api.github.com/repos/apache/cloudstack/labels/long-term-plan\",\"name\":\"long-term-plan\",\"color\":\"aaaaaa\",\"description\":\"remove this label if you plan to pick up this issue.\",\"default\":false,\"node_id\":\"LA_kwDOAJTq2M8AAAACSyutHQ\"}],\"assignee\":{\"login\":\"winterhazel\",\"id\":25729641,\"node_id\":\"MDQ6VXNlcjI1NzI5NjQx\",\"avatar_url\":\"https://avatars.githubusercontent.com/u/25729641?v=4\",\"html_url\":\"https://github.com/winterhazel\",\"gravatar_id\":\"\",\"type\":\"User\",\"site_admin\":false,\"url\":\"https://api.github.com/users/winterhazel\",\"events_url\":\"https://api.github.com/users/winterhazel/events{/privacy}\",\"following_url\":\"https://api.github.com/users/winterhazel/following{/other_user}\",\"followers_url\":\"https://api.github.com/users/winterhazel/followers\",\"gists_url\":\"https://api.github.com/users/winterhazel/gists{/gist_id}\",\"organizations_url\":\"https://api.github.com/users/winterhazel/orgs\",\"received_events_url\":\"https://api.github.com/users/winterhazel/received_events\",\"repos_url\":\"https://api.github.com/users/winterhazel/repos\",\"starred_url\":\"https://api.github.com/users/winterhazel/starred{/owner}{/repo}\",\"subscriptions_url\":\"https://api.github.com/users/winterhazel/subscriptions\"},\"comments\":10,\"created_at\":\"2019-12-08T14:55:47Z\",\"updated_at\":\"2026-05-08T12:10:19Z\",\"url\":\"https://api.github.com/repos/apache/cloudstack/issues/3751\",\"html_url\":\"https://github.com/apache/cloudstack/issues/3751\",\"comments_url\":\"https://api.github.com/repos/apache/cloudstack/issues/3751/comments\",\"events_url\":\"https://api.github.com/repos/apache/cloudstack/issues/3751/events\",\"labels_url\":\"https://api.github.com/repos/apache/cloudstack/issues/3751/labels{/name}\",\"repository_url\":\"https://api.github.com/repos/apache/cloudstack\",\"milestone\":{\"url\":\"https://api.github.com/repos/apache/cloudstack/milestones/19\",\"html_url\":\"https://github.com/apache/cloudstack/milestone/19\",\"labels_url\":\"https://api.github.com/repos/apache/cloudstack/milestones/19/labels\",\"id\":6265435,\"number\":19,\"state\":\"open\",\"title\":\"unplanned\",\"creator\":{\"login\":\"DaanHoogland\",\"id\":2486961,\"node_id\":\"MDQ6VXNlcjI0ODY5NjE=\",\"avatar_url\":\"https://avatars.githubusercontent.com/u/2486961?v=4\",\"html_url\":\"https://github.com/DaanHoogland\",\"gravatar_id\":\"\",\"type\":\"User\",\"site_admin\":false,\"url\":\"https://api.github.com/users/DaanHoogland\",\"events_url\":\"https://api.github.com/users/DaanHoogland/events{/privacy}\",\"following_url\":\"https://api.github.com/users/DaanHoogland/following{/other_user}\",\"followers_url\":\"https://api.github.com/users/DaanHoogland/followers\",\"gists_url\":\"https://api.github.com/users/DaanHoogland/gists{/gist_id}\",\"organizations_url\":\"https://api.github.com/users/DaanHoogland/orgs\",\"received_events_url\":\"https://api.github.com/users/DaanHoogland/received_events\",\"repos_url\":\"https://api.github.com/users/DaanHoogland/repos\",\"starred_url\":\"https://api.github.com/users/DaanHoogland/starred{/owner}{/repo}\",\"subscriptions_url\":\"https://api.github.com/users/DaanHoogland/subscriptions\"},\"open_issues\":185,\"closed_issues\":1302,\"created_at\":\"2021-01-04T09:07:50Z\",\"updated_at\":\"2026-09-24T11:01:33Z\",\"node_id\":\"MDk6TWlsZXN0b25lNjI2NTQzNQ==\"},\"reactions\":{\"total_count\":0,\"+1\":0,\"-1\":0,\"laugh\":0,\"confused\":0,\"heart\":0,\"hooray\":0,\"rocket\":0,\"eyes\":0,\"url\":\"https://api.github.com/repos/apache/cloudstack/issues/3751/reactions\"},\"assignees\":[{\"login\":\"winterhazel\",\"id\":25729641,\"node_id\":\"MDQ6VXNlcjI1NzI5NjQx\",\"avatar_url\":\"https://avatars.githubusercontent.com/u/25729641?v=4\",\"html_url\":\"https://github.com/winterhazel\",\"gravatar_id\":\"\",\"type\":\"User\",\"site_admin\":false,\"url\":\"https://api.github.com/users/winterhazel\",\"events_url\":\"https://api.github.com/users/winterhazel/events{/privacy}\",\"following_url\":\"https://api.github.com/users/winterhazel/following{/other_user}\",\"followers_url\":\"https://api.github.com/users/winterhazel/followers\",\"gists_url\":\"https://api.github.com/users/winterhazel/gists{/gist_id}\",\"organizations_url\":\"https://api.github.com/users/winterhazel/orgs\",\"received_events_url\":\"https://api.github.com/users/winterhazel/received_events\",\"repos_url\":\"https://api.github.com/users/winterhazel/repos\",\"starred_url\":\"https://api.github.com/users/winterhazel/starred{/owner}{/repo}\",\"subscriptions_url\":\"https://api.github.com/users/winterhazel/subscriptions\"}],\"node_id\":\"MDU6SXNzdWU1MzQ1NTMxMjc=\",\"type\":{\"id\":93574,\"node_id\":\"IT_kwDNuP_OAAFthg\",\"name\":\"Feature\",\"description\":\"A request, idea, or new functionality\",\"color\":\"blue\",\"created_at\":\"2024-01-25T09:11:09Z\",\"updated_at\":\"2024-10-08T08:30:20Z\"}},{\"id\":714793126,\"number\":4370,\"state\":\"open\",\"state_reason\":\"reopened\",\"locked\":false,\"title\":\"more fine grained categorisation for tests\",\"body\":\"\\u003c!--\\r\\nVerify first that your issue/request is not already reported on GitHub.\\r\\nAlso test if the latest release and master branch are affected too.\\r\\nAlways add information AFTER of these HTML comments, but no need to delete the comments.\\r\\n--\\u003e\\r\\nas a tester, one would want a more fine grained categorisation than \\\"smoke\\\", \\\"component\\\", \\\"integration\\\" to be able to quickly test a PR against features it touches on.\\r\\n\\r\\n##### ISSUE TYPE\\r\\n\\u003c!-- Pick one below and delete the rest --\\u003e\\r\\n * Improvement Request\\r\\n * Enhancement Request\\r\\n * Feature Idea\\r\\n * Other : testing aid\\r\\n\\r\\n##### COMPONENT NAME\\r\\n\\u003c!--\\r\\nCategorize the issue, e.g. API, VR, VPN, UI, etc.\\r\\n--\\u003e\\r\\n~~~\\r\\nMarvin\\r\\n~~~\\r\\n\\r\\n##### CLOUDSTACK VERSION\\r\\n\\u003c!--\\r\\nNew line separated list of affected versions, commit ID for issues on master branch.\\r\\n--\\u003e\\r\\n\\r\\n~~~\\r\\n\\r\\n~~~\\r\\n\\r\\n##### CONFIGURATION\\r\\n\\u003c!--\\r\\nInformation about the configuration if relevant, e.g. basic network, advanced networking, etc.  N/A otherwise\\r\\n--\\u003e\\r\\n\\r\\n\\r\\n##### OS / ENVIRONMENT\\r\\n\\u003c!--\\r\\nInformation about the environment if relevant, N/A otherwise\\r\\n--\\u003e\\r\\n\\r\\n\\r\\n##### SUMMARY\\r\\n\\u003c!-- Explain the problem/feature briefly --\\u003e\\r\\nwhen a PR is tested it is usually tested against a set of smoke tests in travis or a private cloud with s.moke tests and than maybe avery feature specific (often manual) test. A better categorisation would help in testing more related code and would allow for bypassing any tests that have no baring on the subject of the change.\\r\\nA blueorangutan smoke test run takes anywhere between 8 and 15 hours and fails only once after the run, albeit with multiple reports. It would be helpful to run a smaller set of basic tests. if this set passes than a more high level batch could be choosen for a next step.\\r\\n\\r\\n##### STEPS TO REPRODUCE\\r\\n\\u003c!--\\r\\nFor bugs, show exactly how to reproduce the problem, using a minimal test-case. Use Screenshots if accurate.\\r\\n\\r\\nFor new features, show how the feature would be used.\\r\\n--\\u003e\\r\\n\\r\\n\\u003c!-- Paste example playbooks or commands between quotes below --\\u003e\\r\\n~~~\\r\\ngo-test smoke\\r\\ngo-test accounts-and-roles\\r\\ngo-test instance-groups\\r\\ngo-test ...\\r\\n~~~\\r\\n\\r\\n`go-test` could be any test infra structure like blueorangutan. It is used to illustrate the categorisation, not the test-infrastructure.\\r\\n\\r\\n\\u003c!-- You can also paste gist.github.com links for larger files --\\u003e\\r\\n\\r\\n##### EXPECTED RESULTS\\r\\n\\u003c!-- What did you expect to happen when running the steps above? --\\u003e\\r\\n\\r\\n~~~\\r\\n\\r\\n~~~\\r\\n\\r\\n##### ACTUAL RESULTS\\r\\n\\u003c!-- What actually happened? --\\u003e\\r\\n\\r\\n\\u003c!-- Paste verbatim command output between quotes below --\\u003e\\r\\n~~~\\r\\n\\r\\n~~~\\r\\n\",\"author_association\":\"CONTRIBUTOR\",\"user\":{\"login\":\"DaanHoogland\",\"id\":2486961,\"node_id\":\"MDQ6VXNlcjI0ODY5NjE=\",\"avatar_url\":\"https://avatars.githubusercontent.com/u/2486961?v=4\",\"html_url\":\"https://github.com/DaanHoogland\",\"gravatar_id\":\"\",\"type\":\"User\",\"site_admin\":false,\"url\":\"https://api.github.com/users/DaanHoogland\",\"events_url\":\"https://api.github.com/users/DaanHoogland/events{/privacy}\",\"following_url\":\"https://api.github.com/users/DaanHoogland/following{/other_user}\",\"followers_url\":\"https://api.github.com/users/DaanHoogland/followers\",\"gists_url\":\"https://api.github.com/users/DaanHoogland/gists{/gist_id}\",\"organizations_url\":\"https://api.github.com/users/DaanHoogland/orgs\",\"received_events_url\":\"https://api.github.com/users/DaanHoogland/received_events\",\"repos_url\":\"https://api.github.com/users/DaanHoogland/repos\",\"starred_url\":\"https://api.github.com/users/DaanHoogland/starred{/owner}{/repo}\",\"subscriptions_url\":\"https://api.github.com/users/DaanHoogland/subscriptions\"},\"labels\":[{\"id\":1663969521,\"url\":\"https://api.github.com/repos/apache/cloudstack/labels/Severity:Major\",\"name\":\"Severity:Major\",\"color\":\"903636\",\"description\":\"\",\"default\":false,\"node_id\":\"MDU6TGFiZWwxNjYzOTY5NTIx\"},{\"id\":2510052725,\"url\":\"https://api.github.com/repos/apache/cloudstack/labels/component:integration-test\",\"name\":\"component:integration-test\",\"color\":\"e858a2\",\"description\":\"\",\"default\":false,\"node_id\":\"MDU6TGFiZWwyNTEwMDUyNzI1\"},{\"id\":9839977590,\"url\":\"https://api.github.com/repos/apache/cloudstack/labels/status:on-hold\",\"name\":\"status:on-hold\",\"color\":\"1C6534\",\"description\":\"\",\"default\":false,\"node_id\":\"LA_kwDOAJTq2M8AAAACSoIkdg\"},{\"id\":9851088157,\"url\":\"https://api.github.com/repos/apache/cloudstack/labels/long-term-plan\",\"name\":\"long-term-plan\",\"color\":\"aaaaaa\",\"description\":\"remove this label if you plan to pick up this issue.\",\"default\":false,\"node_id\":\"LA_kwDOAJTq2M8AAAACSyutHQ\"}],\"comments\":6,\"created_at\":\"2020-10-05T12:24:50Z\",\"updated_at\":\"2026-05-08T12:09:40Z\",\"url\":\"https://api.github.com/repos/apache/cloudstack/issues/4370\",\"html_url\":\"https://github.com/apache/cloudstack/issues/4370\",\"comments_url\":\"https://api.github.com/repos/apache/cloudstack/issues/4370/comments\",\"events_url\":\"https://api.github.com/repos/apache/cloudstack/issues/4370/events\",\"labels_url\":\"https://api.github.com/repos/apache/cloudstack/issues/4370/labels{/name}\",\"repository_url\":\"https://api.github.com/repos/apache/cloudstack\",\"milestone\":{\"url\":\"https://api.github.com/repos/apache/cloudstack/milestones/19\",\"html_url\":\"https://github.com/apache/cloudstack/milestone/19\",\"labels_url\":\"https://api.github.com/repos/apache/cloudstack/milestones/19/labels\",\"id\":6265435,\"number\":19,\"state\":\"open\",\"title\":\"unplanned\",\"creator\":{\"login\":\"DaanHoogland\",\"id\":2486961,\"node_id\":\"MDQ6VXNlcjI0ODY5NjE=\",\"avatar_url\":\"https://avatars.githubusercontent.com/u/2486961?v=4\",\"html_url\":\"https://github.com/DaanHoogland\",\"gravatar_id\":\"\",\"type\":\"User\",\"site_admin\":false,\"url\":\"https://api.github.com/users/DaanHoogland\",\"events_url\":\"https://api.github.com/users/DaanHoogland/events{/privacy}\",\"following_url\":\"https://api.github.com/users/DaanHoogland/following{/other_user}\",\"followers_url\":\"https://api.github.com/users/DaanHoogland/followers\",\"gists_url\":\"https://api.github.com/users/DaanHoogland/gists{/gist_id}\",\"organizations_url\":\"https://api.github.com/users/DaanHoogland/orgs\",\"received_events_url\":\"https://api.github.com/users/DaanHoogland/received_events\",\"repos_url\":\"https://api.github.com/users/DaanHoogland/repos\",\"starred_url\":\"https://api.github.com/users/DaanHoogland/starred{/owner}{/repo}\",\"subscriptions_url\":\"https://api.github.com/users/DaanHoogland/subscriptions\"},\"open_issues\":185,\"closed_issues\":1302,\"created_at\":\"2021-01-04T09:07:50Z\",\"updated_at\":\"2026-09-24T11:01:33Z\",\"node_id\":\"MDk6TWlsZXN0b25lNjI2NTQzNQ==\"},\"reactions\":{\"total_count\":1,\"+1\":1,\"-1\":0,\"laugh\":0,\"confused\":0,\"heart\":0,\"hooray\":0,\"rocket\":0,\"eyes\":0,\"url\":\"https://api.github.com/repos/apache/cloudstack/issues/4370/reactions\"},\"node_id\":\"MDU6SXNzdWU3MTQ3OTMxMjY=\",\"type\":{\"id\":93574,\"node_id\":\"IT_kwDNuP_OAAFthg\",\"name\":\"Feature\",\"description\":\"A request, idea, or new functionality\",\"color\":\"blue\",\"created_at\":\"2024-01-25T09:11:09Z\",\"updated_at\":\"2024-10-08T08:30:20Z\"}},{\"id\":766468471,\"number\":4542,\"state\":\"open\",\"locked\":false,\"title\":\"Reserve IP address for out of bounds machines\",\"body\":\"\\u003c!--\\r\\nVerify first that your issue/request is not already reported on GitHub.\\r\\nAlso test if the latest release and master branch are affected too.\\r\\nAlways add information AFTER of these HTML comments, but no need to delete the comments.\\r\\n--\\u003e\\r\\nAbility to define IP address beside of choosing VMs in Static NAT, Port Forward and Load balancer services to provide those services to servers outside of CloudStack.\\r\\n##### ISSUE TYPE\\r\\n\\u003c!-- Pick one below and delete the rest --\\u003e\\r\\n * Feature Idea\\r\\n\\r\\n##### COMPONENT NAME\\r\\n\\u003c!--\\r\\nCategorize the issue, e.g. API, VR, VPN, UI, etc.\\r\\n--\\u003e\\r\\n~~~\\r\\nVR\\r\\n~~~\\r\\n\\r\\n##### CLOUDSTACK VERSION\\r\\n\\u003c!--\\r\\nNew line separated list of affected versions, commit ID for issues on master branch.\\r\\n--\\u003e\\r\\n\\r\\n~~~\\r\\nAll versions\\r\\n~~~\\r\\n\\r\\n##### CONFIGURATION\\r\\n\\u003c!--\\r\\nInformation about the configuration if relevant, e.g. basic network, advanced networking, etc.  N/A otherwise\\r\\n--\\u003e\\r\\nAdvanced networking\\r\\n\\r\\n##### OS / ENVIRONMENT\\r\\n\\u003c!--\\r\\nInformation about the environment if relevant, N/A otherwise\\r\\n--\\u003e\\r\\nN/A\\r\\n\\r\\n##### SUMMARY\\r\\n\\u003c!-- Explain the problem/feature briefly --\\u003e\\r\\n\\r\\nIn some network services we need to specify which VM should use it. For example Static NAT, Port Forward and Load balancer.\\r\\nIt would be a good idea if we can also specify IP address of a server which is not managed by CloudStack.\\r\\nThis feature helps us to use network services provided by virtual router for physical servers or even VMs outside of CloudStack management area but share a common L2 network with other VMs in CloudStack.\\r\\nThis feature also requires reserve IP address capability in all type of networks. We can expand the issue #4357 for private IPs in isolated networks too.\\r\\n\\r\\n##### STEPS TO REPRODUCE\\r\\n\\u003c!--\\r\\nFor bugs, show exactly how to reproduce the problem, using a minimal test-case. Use Screenshots if accurate.\\r\\n\\r\\nFor new features, show how the feature would be used.\\r\\n--\\u003e\\r\\n\\r\\n\\u003c!-- Paste example playbooks or commands between quotes below --\\u003e\\r\\n~~~\\r\\n\\r\\n1. Create an isolated network\\r\\n2. In Port forward section define a new rule\\r\\n3. In \\\"Add VM\\\" panel write IP address of the server outside of CloudStack\\r\\n\\r\\n~~~\\r\\n\\r\\n\\u003c!-- You can also paste gist.github.com links for larger files --\\u003e\\r\\n\\r\\n##### EXPECTED RESULTS\\r\\n\\u003c!-- What did you expect to happen when running the steps above? --\\u003e\\r\\n\\r\\n~~~\\r\\n\\r\\nAn iptables rule created in virtual router to forward desired port to the server IP\\r\\n\\r\\n~~~\\r\\n\\r\\n##### ACTUAL RESULTS\\r\\n\\u003c!-- What actually happened? --\\u003e\\r\\n\\r\\n\\u003c!-- Paste verbatim command output between quotes below --\\u003e\\r\\n~~~\\r\\n\\r\\nIt is not possible to mention IP address of the server outside of CloudStack\\r\\n\\r\\n~~~\\r\\n\",\"author_association\":\"CONTRIBUTOR\",\"user\":{\"login\":\"aleskxyz\",\"id\":39186039,\"node_id\":\"MDQ6VXNlcjM5MTg2MDM5\",\"avatar_url\":\"https://avatars.githubusercontent.com/u/39186039?v=4\",\"html_url\":\"https://github.com/aleskxyz\",\"gravatar_id\":\"\",\"type\":\"User\",\"site_admin\":false,\"url\":\"https://api.github.com/users/aleskxyz\",\"events_url\":\"https://api.github.com/users/aleskxyz/events{/privacy}\",\"following_url\":\"https://api.github.com/users/aleskxyz/following{/other_user}\",\"followers_url\":\"https://api.github.com/users/aleskxyz/followers\",\"gists_url\":\"https://api.github.com/users/aleskxyz/gists{/gist_id}\",\"organizations_url\":\"https://api.github.com/users/aleskxyz/orgs\",\"received_events_url\":\"https://api.github.com/users/aleskxyz/received_events\",\"repos_url\":\"https://api.github.com/users/aleskxyz/repos\",\"starred_url\":\"https://api.github.com/users/aleskxyz/starred{/owner}{/repo}\",\"subscriptions_url\":\"https://api.github.com/users/aleskxyz/subscriptions\"},\"labels\":[{\"id\":592559219,\"url\":\"https://api.github.com/repos/apache/cloudstack/labels/component:networking\",\"name\":\"component:networking\",\"color\":\"f9d0c4\",\"description\":\"\",\"default\":false,\"node_id\":\"MDU6TGFiZWw1OTI1NTkyMTk=\"},{\"id\":2249631279,\"url\":\"https://api.github.com/repos/apache/cloudstack/labels/type:experimental-feature\",\"name\":\"type:experimental-feature\",\"color\":\"c1fca4\",\"description\":\"\",\"default\":false,\"node_id\":\"MDU6TGFiZWwyMjQ5NjMxMjc5\"},{\"id\":2531618875,\"url\":\"https://api.github.com/repos/apache/cloudstack/labels/complexity:simple\",\"name\":\"complexity:simple\",\"color\":\"000088\",\"description\":\"a few days to a couple of weeks\",\"default\":false,\"node_id\":\"MDU6TGFiZWwyNTMxNjE4ODc1\"},{\"id\":9851088157,\"url\":\"https://api.github.com/repos/apache/cloudstack/labels/long-term-plan\",\"name\":\"long-term-plan\",\"color\":\"aaaaaa\",\"description\":\"remove this label if you plan to pick up this issue.\",\"default\":false,\"node_id\":\"LA_kwDOAJTq2M8AAAACSyutHQ\"}],\"comments\":26,\"created_at\":\"2020-12-14T13:58:37Z\",\"updated_at\":\"2026-08-25T06:46:30Z\",\"url\":\"https://api.github.com/repos/apache/cloudstack/issues/4542\",\"html_url\":\"https://github.com/apache/cloudstack/issues/4542\",\"comments_url\":\"https://api.github.com/repos/apache/cloudstack/issues/4542/comments\",\"events_url\":\"https://api.github.com/repos/apache/cloudstack/issues/4542/events\",\"labels_url\":\"https://api.github.com/repos/apache/cloudstack/issues/4542/labels{/name}\",\"repository_url\":\"https://api.github.com/repos/apache/cloudstack\",\"parent_issue_url\":\"https://api.github.com/repos/apache/cloudstack/issues/9958\",\"milestone\":{\"url\":\"https://api.github.com/repos/apache/cloudstack/milestones/19\",\"html_url\":\"https://github.com/apache/cloudstack/milestone/19\",\"labels_url\":\"https://api.github.com/repos/apache/cloudstack/milestones/19/labels\",\"id\":6265435,\"number\":19,\"state\":\"open\",\"title\":\"unplanned\",\"creator\":{\"login\":\"DaanHoogland\",\"id\":2486961,\"node_id\":\"MDQ6VXNlcjI0ODY5NjE=\",\"avatar_url\":\"https://avatars.githubusercontent.com/u/2486961?v=4\",\"html_url\":\"https://github.com/DaanHoogland\",\"gravatar_id\":\"\",\"type\":\"User\",\"site_admin\":false,\"url\":\"https://api.github.com/users/DaanHoogland\",\"events_url\":\"https://api.github.com/users/DaanHoogland/events{/privacy}\",\"following_url\":\"https://api.github.com/users/DaanHoogland/following{/other_user}\",\"followers_url\":\"https://api.github.com/users/DaanHoogland/followers\",\"gists_url\":\"https://api.github.com/users/DaanHoogland/gists{/gist_id}\",\"organizations_url\":\"https://api.github.com/users/DaanHoogland/orgs\",\"received_events_url\":\"https://api.github.com/users/DaanHoogland/received_events\",\"repos_url\":\"https://api.github.com/users/DaanHoogland/repos\",\"starred_url\":\"https://api.github.com/users/DaanHoogland/starred{/owner}{/repo}\",\"subscriptions_url\":\"https://api.github.com/users/DaanHoogland/subscriptions\"},\"open_issues\":185,\"closed_issues\":1302,\"created_at\":\"2021-01-04T09:07:50Z\",\"updated_at\":\"2026-09-24T11:01:33Z\",\"node_id\":\"MDk6TWlsZXN0b25lNjI2NTQzNQ==\"},\"reactions\":{\"total_count\":1,\"+1\":1,\"-1\":0,\"laugh\":0,\"confused\":0,\"heart\":0,\"hooray\":0,\"rocket\":0,\"eyes\":0,\"url\":\"https://api.github.com/repos/apache/cloudstack/issues/4542/reactions\"},\"node_id\":\"MDU6SXNzdWU3NjY0Njg0NzE=\",\"type\":{\"id\":93574,\"node_id\":\"IT_kwDNuP_OAAFthg\",\"name\":\"Feature\",\"description\":\"A request, idea, or new functionality\",\"color\":\"blue\",\"created_at\":\"2024-01-25T09:11:09Z\",\"updated_at\":\"2024-10-08T08:30:20Z\"}},{\"id\":933905046,\"number\":5174,\"state\":\"open\",\"locked\":false,\"title\":\"methods implemented twice in marvin code\",\"body\":\"\\u003c!--\\r\\nVerify first that your issue/request is not already reported on GitHub.\\r\\nAlso test if the latest release and main branch are affected too.\\r\\nAlways add information AFTER of these HTML comments, but no need to delete the comments.\\r\\n--\\u003e\\r\\nin the marvin python code some methods are implemented twice.\\r\\nexample:\\r\\nformat_volume_to_ext3(ssh_client, device=\\\"/dev/sda\\\") in `marvin/lib/util.py` and in `marvin/sandbox/demo/simulator/testcase/libs/utils.py`\\r\\n\\r\\nmore can surely be found.\\r\\n\\r\\n##### ISSUE TYPE\\r\\n\\u003c!-- Pick one below and delete the rest --\\u003e\\r\\n * Bug Report\\r\\n * Improvement Request\\r\\n * Enhancement Request\\r\\n * Feature Idea\\r\\n * Documentation Report\\r\\n * Other\\r\\n\\r\\n##### COMPONENT NAME\\r\\n\\u003c!--\\r\\nCategorize the issue, e.g. API, VR, VPN, UI, etc.\\r\\n--\\u003e\\r\\n~~~\\r\\n\\r\\n~~~\\r\\n\\r\\n##### CLOUDSTACK VERSION\\r\\n\\u003c!--\\r\\nNew line separated list of affected versions, commit ID for issues on main branch.\\r\\n--\\u003e\\r\\n\\r\\n~~~\\r\\n\\r\\n~~~\\r\\n\\r\\n##### CONFIGURATION\\r\\n\\u003c!--\\r\\nInformation about the configuration if relevant, e.g. basic network, advanced networking, etc.  N/A otherwise\\r\\n--\\u003e\\r\\n\\r\\n\\r\\n##### OS / ENVIRONMENT\\r\\n\\u003c!--\\r\\nInformation about the environment if relevant, N/A otherwise\\r\\n--\\u003e\\r\\n\\r\\n\\r\\n##### SUMMARY\\r\\n\\u003c!-- Explain the problem/feature briefly --\\u003e\\r\\n\\r\\n\\r\\n##### STEPS TO REPRODUCE\\r\\n\\u003c!--\\r\\nFor bugs, show exactly how to reproduce the problem, using a minimal test-case. Use Screenshots if accurate.\\r\\n\\r\\nFor new features, show how the feature would be used.\\r\\n--\\u003e\\r\\n\\r\\n\\u003c!-- Paste example playbooks or commands between quotes below --\\u003e\\r\\n~~~\\r\\n\\r\\n~~~\\r\\n\\r\\n\\u003c!-- You can also paste gist.github.com links for larger files --\\u003e\\r\\n\\r\\n##### EXPECTED RESULTS\\r\\n\\u003c!-- What did you expect to happen when running the steps above? --\\u003e\\r\\n\\r\\n~~~\\r\\n\\r\\n~~~\\r\\n\\r\\n##### ACTUAL RESULTS\\r\\n\\u003c!-- What actually happened? --\\u003e\\r\\n\\r\\n\\u003c!-- Paste verbatim command output between quotes below --\\u003e\\r\\n~~~\\r\\n\\r\\n~~~\\r\\n\",\"author_association\":\"CONTRIBUTOR\",\"user\":{\"login\":\"DaanHoogland\",\"id\":2486961,\"node_id\":\"MDQ6VXNlcjI0ODY5NjE=\",\"avatar_url\":\"https://avatars.githubusercontent.com/u/2486961?v=4\",\"html_url\":\"https://github.com/DaanHoogland\",\"gravatar_id\":\"\",\"type\":\"User\",\"site_admin\":false,\"url\":\"https://api.github.com/users/DaanHoogland\",\"events_url\":\"https://api.github.com/users/DaanHoogland/events{/privacy}\",\"following_url\":\"https://api.github.com/users/DaanHoogland/following{/other_user}\",\"followers_url\":\"https://api.github.com/users/DaanHoogland/followers\",\"gists_url\":\"https://api.github.com/users/DaanHoogland/gists{/gist_id}\",\"organizations_url\":\"https://api.github.com/users/DaanHoogland/orgs\",\"received_events_url\":\"https://api.github.com/users/DaanHoogland/received_events\",\"repos_url\":\"https://api.github.com/users/DaanHoogland/repos\",\"starred_url\":\"https://api.github.com/users/DaanHoogland/starred{/owner}{/repo}\",\"subscriptions_url\":\"https://api.github.com/users/DaanHoogland/subscriptions\"},\"labels\":[{\"id\":592280288,\"url\":\"https://api.github.com/repos/apache/cloudstack/labels/status:testing\",\"name\":\"status:testing\",\"color\":\"b60205\",\"description\":\"\",\"default\":false,\"node_id\":\"MDU6TGFiZWw1OTIyODAyODg=\"},{\"id\":821716113,\"url\":\"https://api.github.com/repos/apache/cloudstack/labels/type:cleanup\",\"name\":\"type:cleanup\",\"color\":\"0e8a16\",\"description\":\"\",\"default\":false,\"node_id\":\"MDU6TGFiZWw4MjE3MTYxMTM=\"},{\"id\":1167054294,\"url\":\"https://api.github.com/repos/apache/cloudstack/labels/component:marvin\",\"name\":\"component:marvin\",\"color\":\"dbd348\",\"description\":\"\",\"default\":false,\"node_id\":\"MDU6TGFiZWwxMTY3MDU0Mjk0\"},{\"id\":1900337335,\"url\":\"https://api.github.com/repos/apache/cloudstack/labels/type:technical-debt\",\"name\":\"type:technical-debt\",\"color\":\"52a8ea\",\"description\":\"\",\"default\":false,\"node_id\":\"MDU6TGFiZWwxOTAwMzM3MzM1\"},{\"id\":6890295339,\"url\":\"https://api.github.com/repos/apache/cloudstack/labels/status:stale\",\"name\":\"status:stale\",\"color\":\"E43179\",\"description\":\"\",\"default\":false,\"node_id\":\"LA_kwDOAJTq2M8AAAABmrGQKw\"},{\"id\":9849008471,\"url\":\"https://api.github.com/repos/apache/cloudstack/labels/no-issue-activity\",\"name\":\"no-issue-activity\",\"color\":\"ededed\",\"default\":false,\"node_id\":\"LA_kwDOAJTq2M8AAAACSwvxVw\"}],\"comments\":3,\"created_at\":\"2021-06-30T16:48:22Z\",\"updated_at\":\"2026-05-06T02:17:01Z\",\"url\":\"https://api.github.com/repos/apache/cloudstack/issues/5174\",\"html_url\":\"https://github.com/apache/cloudstack/issues/5174\",\"comments_url\":\"https://api.github.com/repos/apache/cloudstack/issues/5174/comments\",\"events_url\":\"https://api.github.com/repos/apache/cloudstack/issues/5174/events\",\"labels_url\":\"https://api.github.com/repos/apache/cloudstack/issues/5174/labels{/name}\",\"repository_url\":\"https://api.github.com/repos/apache/cloudstack\",\"milestone\":{\"url\":\"https://api.github.com/repos/apache/cloudstack/milestones/19\",\"html_url\":\"https://github.com/apache/cloudstack/milestone/19\",\"labels_url\":\"https://api.github.com/repos/apache/cloudstack/milestones/19/labels\",\"id\":6265435,\"number\":19,\"state\":\"open\",\"title\":\"unplanned\",\"creator\":{\"login\":\"DaanHoogland\",\"id\":2486961,\"node_id\":\"MDQ6VXNlcjI0ODY5NjE=\",\"avatar_url\":\"https://avatars.githubusercontent.com/u/2486961?v=4\",\"html_url\":\"https://github.com/DaanHoogland\",\"gravatar_id\":\"\",\"type\":\"User\",\"site_admin\":false,\"url\":\"https://api.github.com/users/DaanHoogland\",\"events_url\":\"https://api.github.com/users/DaanHoogland/events{/privacy}\",\"following_url\":\"https://api.github.com/users/DaanHoogland/following{/other_user}\",\"followers_url\":\"https://api.github.com/users/DaanHoogland/followers\",\"gists_url\":\"https://api.github.com/users/DaanHoogland/gists{/gist_id}\",\"organizations_url\":\"https://api.github.com/users/DaanHoogland/orgs\",\"received_events_url\":\"https://api.github.com/users/DaanHoogland/received_events\",\"repos_url\":\"https://api.github.com/users/DaanHoogland/repos\",\"starred_url\":\"https://api.github.com/users/DaanHoogland/starred{/owner}{/repo}\",\"subscriptions_url\":\"https://api.github.com/users/DaanHoogland/subscriptions\"},\"open_issues\":185,\"closed_issues\":1302,\"created_at\":\"2021-01-04T09:07:50Z\",\"updated_at\":\"2026-09-24T11:01:33Z\",\"node_id\":\"MDk6TWlsZXN0b25lNjI2NTQzNQ==\"},\"reactions\":{\"total_count\":0,\"+1\":0,\"-1\":0,\"laugh\":0,\"confused\":0,\"heart\":0,\"hooray\":0,\"rocket\":0,\"eyes\":0,\"url\":\"https://api.github.com/repos/apache/cloudstack/issues/5174/reactions\"},\"node_id\":\"MDU6SXNzdWU5MzM5MDUwNDY=\",\"type\":{\"id\":93568,\"node_id\":\"IT_kwDNuP_OAAFtgA\",\"name\":\"Task\",\"description\":\"A specific piece of work\",\"color\":\"yellow\",\"created_at\":\"2024-01-25T09:11:09Z\",\"updated_at\":\"2024-07-26T10:04:57Z\"}},{\"id\":1053343038,\"number\":5686,\"state\":\"open\",\"locked\":false,\"title\":\"Improvement: Filesystem permission check\",\"body\":\"##### ISSUE TYPE\\r\\n * Improvement Request\\r\\n\\r\\n##### COMPONENT NAME\\r\\n\\r\\n~~~\\r\\ncloudstack-sysvmadm\\r\\n~~~\\r\\n\\r\\n##### CLOUDSTACK VERSION\\r\\n~~~\\r\\nN/A\\r\\n~~~\\r\\n\\r\\n##### CONFIGURATION\\r\\n\\r\\nN/A\\r\\n\\r\\n##### OS / ENVIRONMENT\\r\\nCloudstack running on linux systems\\r\\n\\r\\n##### SUMMARY\\r\\nCheck filesystem permission before upgrading systemvms\\r\\n\\r\\n##### STEPS TO REPRODUCE\\r\\n\\u003c!--\\r\\nFor bugs, show exactly how to reproduce the problem, using a minimal test-case. Use Screenshots if accurate.\\r\\n\\r\\nFor new features, show how the feature would be used.\\r\\n--\\u003e\\r\\nCurrently, when issuing the cloudstack-sysvmadm script for upgrading the systemvms (or doing it manually), the process starts without any prechecks.\\r\\nWhen there is somehow an issue with filesystem permissions, the new systemvm.iso cannot be copied to the new location.  It would be a nice enhancement, when cloudstack had a health check or at least the cloudstack-sysvmadm script a permission check.\\r\\n\\r\\nA newly introduced health check could continuously check some relevant cloudstack metrics, including the filesystem permissions and show a simple go/nogo somewhere in the admin ui. Or the simple way: a script or the modified sysvmadm script which checks first all storage paths for the correct rights. \\r\\n\\r\\n\\r\\n\\r\\n\\u003c!-- Paste example playbooks or commands between quotes below --\\u003e\\r\\n~~~\\r\\n\\r\\n~~~\\r\\n\\r\\n\\u003c!-- You can also paste gist.github.com links for larger files --\\u003e\\r\\n\\r\\n##### EXPECTED RESULTS\\r\\n\\u003c!-- What did you expect to happen when running the steps above? --\\u003e\\r\\n\\r\\n~~~\\r\\n\\r\\n~~~\\r\\n\\r\\n##### ACTUAL RESULTS\\r\\n\\u003c!-- What actually happened? --\\u003e\\r\\n\\r\\n\\u003c!-- Paste verbatim command output between quotes below --\\u003e\\r\\n~~~\\r\\n\\r\\n~~~\\r\\n\",\"author_association\":\"NONE\",\"user\":{\"login\":\"ngrosc\",\"id\":71492633,\"node_id\":\"MDQ6VXNlcjcxNDkyNjMz\",\"avatar_url\":\"https://avatars.githubusercontent.com/u/71492633?v=4\",\"html_url\":\"https://github.com/ngrosc\",\"gravatar_id\":\"\",\"type\":\"User\",\"site_admin\":false,\"url\":\"https://api.github.com/users/ngrosc\",\"events_url\":\"https://api.github.com/users/ngrosc/events{/privacy}\",\"following_url\":\"https://api.github.com/users/ngrosc/following{/other_user}\",\"followers_url\":\"https://api.github.com/users/ngrosc/followers\",\"gists_url\":\"https://api.github.com/users/ngrosc/gists{/gist_id}\",\"organizations_url\":\"https://api.github.com/users/ngrosc/orgs\",\"received_events_url\":\"https://api.github.com/users/ngrosc/received_events\",\"repos_url\":\"https://api.github.com/users/ngrosc/repos\",\"starred_url\":\"https://api.github.com/users/ngrosc/starred{/owner}{/repo}\",\"subscriptions_url\":\"https://api.github.com/users/ngrosc/subscriptions\"},\"labels\":[{\"id\":37843366,\"url\":\"https://api.github.com/repos/apache/cloudstack/labels/type:enhancement\",\"name\":\"type:enhancement\",\"color\":\"84b6eb\",\"description\":\"\",\"default\":false,\"node_id\":\"MDU6TGFiZWwzNzg0MzM2Ng==\"},{\"id\":814277974,\"url\":\"https://api.github.com/repos/apache/cloudstack/labels/component:upgrade\",\"name\":\"component:upgrade\",\"color\":\"720bc1\",\"description\":\"\",\"default\":false,\"node_id\":\"MDU6TGFiZWw4MTQyNzc5NzQ=\"},{\"id\":6890295339,\"url\":\"https://api.github.com/repos/apache/cloudstack/labels/status:stale\",\"name\":\"status:stale\",\"color\":\"E43179\",\"description\":\"\",\"default\":false,\"node_id\":\"LA_kwDOAJTq2M8AAAABmrGQKw\"},{\"id\":9849008471,\"url\":\"https://api.github.com/repos/apache/cloudstack/labels/no-issue-activity\",\"name\":\"no-issue-activity\",\"color\":\"ededed\",\"default\":false,\"node_id\":\"LA_kwDOAJTq2M8AAAACSwvxVw\"}],\"comments\":4,\"created_at\":\"2021-11-15T08:17:23Z\",\"updated_at\":\"2026-05-06T02:17:00Z\",\"url\":\"https://api.github.com/repos/apache/cloudstack/issues/5686\",\"html_url\":\"https://github.com/apache/cloudstack/issues/5686\",\"comments_url\":\"https://api.github.com/repos/apache/cloudstack/issues/5686/comments\",\"events_url\":\"https://api.github.com/repos/apache/cloudstack/issues/5686/events\",\"labels_url\":\"https://api.github.com/repos/apache/cloudstack/issues/5686/labels{/name}\",\"repository_url\":\"https://api.github.com/repos/apache/cloudstack\",\"milestone\":{\"url\":\"https://api.github.com/repos/apache/cloudstack/milestones/19\",\"html_url\":\"https://github.com/apache/cloudstack/milestone/19\",\"labels_url\":\"https://api.github.com/repos/apache/cloudstack/milestones/19/labels\",\"id\":6265435,\"number\":19,\"state\":\"open\",\"title\":\"unplanned\",\"creator\":{\"login\":\"DaanHoogland\",\"id\":2486961,\"node_id\":\"MDQ6VXNlcjI0ODY5NjE=\",\"avatar_url\":\"https://avatars.githubusercontent.com/u/2486961?v=4\",\"html_url\":\"https://github.com/DaanHoogland\",\"gravatar_id\":\"\",\"type\":\"User\",\"site_admin\":false,\"url\":\"https://api.github.com/users/DaanHoogland\",\"events_url\":\"https://api.github.com/users/DaanHoogland/events{/privacy}\",\"following_url\":\"https://api.github.com/users/DaanHoogland/following{/other_user}\",\"followers_url\":\"https://api.github.com/users/DaanHoogland/followers\",\"gists_url\":\"https://api.github.com/users/DaanHoogland/gists{/gist_id}\",\"organizations_url\":\"https://api.github.com/users/DaanHoogland/orgs\",\"received_events_url\":\"https://api.github.com/users/DaanHoogland/received_events\",\"repos_url\":\"https://api.github.com/users/DaanHoogland/repos\",\"starred_url\":\"https://api.github.com/users/DaanHoogland/starred{/owner}{/repo}\",\"subscriptions_url\":\"https://api.github.com/users/DaanHoogland/subscriptions\"},\"open_issues\":185,\"closed_issues\":1302,\"created_at\":\"2021-01-04T09:07:50Z\",\"updated_at\":\"2026-09-24T11:01:33Z\",\"node_id\":\"MDk6TWlsZXN0b25lNjI2NTQzNQ==\"},\"reactions\":{\"total_count\":0,\"+1\":0,\"-1\":0,\"laugh\":0,\"confused\":0,\"heart\":0,\"hooray\":0,\"rocket\":0,\"eyes\":0,\"url\":\"https://api.github.com/repos/apache/cloudstack/issues/5686/reactions\"},\"node_id\":\"I_kwDOAJTq2M4-yL0-\",\"type\":{\"id\":93574,\"node_id\":\"IT_kwDNuP_OAAFthg\",\"name\":\"Feature\",\"description\":\"A request, idea, or new functionality\",\"color\":\"blue\",\"created_at\":\"2024-01-25T09:11:09Z\",\"updated_at\":\"2024-10-08T08:30:20Z\"}},{\"id\":1056795111,\"number\":5697,\"state\":\"open\",\"locked\":false,\"title\":\"Storage bandwidth is wasted during template uploads/imports\",\"body\":\"At the moment when a template is being imported (via url or upload) there is a phase called \\\"Installing template\\\" or something similar. From what I noticed this phase calculates a hash and saves it to the database by reading the downloaded file over the storage network.\\r\\nDuring this phase the template is not usable and I believe that should not be the case. I understand that the hash has a purpose and I am not saying it should be removed but I believe this should be an optional task that should be done in background.\\r\\n\\r\\nIn the following examples I do not consider disk speeds, just network speed/bandwidth.\\r\\nFor normal templates this is not necessarily noticeable. Consider this scenario (best case):\\r\\nTemplate size: 4GB\\r\\nIngress bandwidth: 100 mb/s\\r\\nStorage bandwidth: 1 gb/s\\r\\nDownload time required: 5.45 seconds\\r\\nInstalling template time required: ~0.6 seconds\\r\\n\\r\\nMost templates (not ISOs) however are considerably larger, some could be even up to 500 GB (I do have a few templates that I have to import with very large sizes).\\r\\nIn such a case, installing template time required would be about 75 seconds (best case). \\r\\n\\r\\nDuring this time (installing template time) the whole bandwidth available for the storage network (if it even is on a separate NIC) would be used up by this process resulting in bad performance for the cluster. \\r\\n\\r\\nWays to fix this would be:\\r\\n  1. either compute the hash as the transfer is happening.\\r\\n  2. make it optional (maybe even opt-in) and do it in background only (maybe even limit the bandwidth used for this)\",\"author_association\":\"CONTRIBUTOR\",\"user\":{\"login\":\"alexandru-bagu\",\"id\":5436943,\"node_id\":\"MDQ6VXNlcjU0MzY5NDM=\",\"avatar_url\":\"https://avatars.githubusercontent.com/u/5436943?v=4\",\"html_url\":\"https://github.com/alexandru-bagu\",\"gravatar_id\":\"\",\"type\":\"User\",\"site_admin\":false,\"url\":\"https://api.github.com/users/alexandru-bagu\",\"events_url\":\"https://api.github.com/users/alexandru-bagu/events{/privacy}\",\"following_url\":\"https://api.github.com/users/alexandru-bagu/following{/other_user}\",\"followers_url\":\"https://api.github.com/users/alexandru-bagu/followers\",\"gists_url\":\"https://api.github.com/users/alexandru-bagu/gists{/gist_id}\",\"organizations_url\":\"https://api.github.com/users/alexandru-bagu/orgs\",\"received_events_url\":\"https://api.github.com/users/alexandru-bagu/received_events\",\"repos_url\":\"https://api.github.com/users/alexandru-bagu/repos\",\"starred_url\":\"https://api.github.com/users/alexandru-bagu/starred{/owner}{/repo}\",\"subscriptions_url\":\"https://api.github.com/users/alexandru-bagu/subscriptions\"},\"labels\":[{\"id\":584073307,\"url\":\"https://api.github.com/repos/apache/cloudstack/labels/component:secondary-storage\",\"name\":\"component:secondary-storage\",\"color\":\"f9d0c4\",\"description\":\"\",\"default\":false,\"node_id\":\"MDU6TGFiZWw1ODQwNzMzMDc=\"},{\"id\":817420428,\"url\":\"https://api.github.com/repos/apache/cloudstack/labels/type:improvement\",\"name\":\"type:improvement\",\"color\":\"a5f9ff\",\"description\":\"\",\"default\":false,\"node_id\":\"MDU6TGFiZWw4MTc0MjA0Mjg=\"},{\"id\":1152969966,\"url\":\"https://api.github.com/repos/apache/cloudstack/labels/component:templates\",\"name\":\"component:templates\",\"color\":\"ef97b6\",\"description\":\"\",\"default\":false,\"node_id\":\"MDU6TGFiZWwxMTUyOTY5OTY2\"},{\"id\":6890295339,\"url\":\"https://api.github.com/repos/apache/cloudstack/labels/status:stale\",\"name\":\"status:stale\",\"color\":\"E43179\",\"description\":\"\",\"default\":false,\"node_id\":\"LA_kwDOAJTq2M8AAAABmrGQKw\"},{\"id\":9849008471,\"url\":\"https://api.github.com/repos/apache/cloudstack/labels/no-issue-activity\",\"name\":\"no-issue-activity\",\"color\":\"ededed\",\"default\":false,\"node_id\":\"LA_kwDOAJTq2M8AAAACSwvxVw\"}],\"comments\":6,\"created_at\":\"2021-11-18T00:42:50Z\",\"updated_at\":\"2026-05-06T02:16:58Z\",\"url\":\"https://api.github.com/repos/apache/cloudstack/issues/5697\",\"html_url\":\"https://github.com/apache/cloudstack/issues/5697\",\"comments_url\":\"https://api.github.com/repos/apache/cloudstack/issues/5697/comments\",\"events_url\":\"https://api.github.com/repos/apache/cloudstack/issues/5697/events\",\"labels_url\":\"https://api.github.com/repos/apache/cloudstack/issues/5697/labels{/name}\",\"repository_url\":\"https://api.github.com/repos/apache/cloudstack\",\"milestone\":{\"url\":\"https://api.github.com/repos/apache/cloudstack/milestones/19\",\"html_url\":\"https://github.com/apache/cloudstack/milestone/19\",\"labels_url\":\"https://api.github.com/repos/apache/cloudstack/milestones/19/labels\",\"id\":6265435,\"number\":19,\"state\":\"open\",\"title\":\"unplanned\",\"creator\":{\"login\":\"DaanHoogland\",\"id\":2486961,\"node_id\":\"MDQ6VXNlcjI0ODY5NjE=\",\"avatar_url\":\"https://avatars.githubusercontent.com/u/2486961?v=4\",\"html_url\":\"https://github.com/DaanHoogland\",\"gravatar_id\":\"\",\"type\":\"User\",\"site_admin\":false,\"url\":\"https://api.github.com/users/DaanHoogland\",\"events_url\":\"https://api.github.com/users/DaanHoogland/events{/privacy}\",\"following_url\":\"https://api.github.com/users/DaanHoogland/following{/other_user}\",\"followers_url\":\"https://api.github.com/users/DaanHoogland/followers\",\"gists_url\":\"https://api.github.com/users/DaanHoogland/gists{/gist_id}\",\"organizations_url\":\"https://api.github.com/users/DaanHoogland/orgs\",\"received_events_url\":\"https://api.github.com/users/DaanHoogland/received_events\",\"repos_url\":\"https://api.github.com/users/DaanHoogland/repos\",\"starred_url\":\"https://api.github.com/users/DaanHoogland/starred{/owner}{/repo}\",\"subscriptions_url\":\"https://api.github.com/users/DaanHoogland/subscriptions\"},\"open_issues\":185,\"closed_issues\":1302,\"created_at\":\"2021-01-04T09:07:50Z\",\"updated_at\":\"2026-09-24T11:01:33Z\",\"node_id\":\"MDk6TWlsZXN0b25lNjI2NTQzNQ==\"},\"reactions\":{\"total_count\":0,\"+1\":0,\"-1\":0,\"laugh\":0,\"confused\":0,\"heart\":0,\"hooray\":0,\"rocket\":0,\"eyes\":0,\"url\":\"https://api.github.com/repos/apache/cloudstack/issues/5697/reactions\"},\"node_id\":\"I_kwDOAJTq2M4-_Wnn\",\"type\":{\"id\":93574,\"node_id\":\"IT_kwDNuP_OAAFthg\",\"name\":\"Feature\",\"description\":\"A request, idea, or new functionality\",\"color\":\"blue\",\"created_at\":\"2024-01-25T09:11:09Z\",\"updated_at\":\"2024-10-08T08:30:20Z\"}},{\"id\":1068225446,\"number\":5739,\"state\":\"open\",\"locked\":false,\"title\":\"Option to retry failed VM instance deployments\",\"body\":\"\\u003c!--\\r\\nVerify first that your issue/request is not already reported on GitHub.\\r\\nAlso test if the latest release and main branch are affected too.\\r\\nAlways add information AFTER of these HTML comments, but no need to delete the comments.\\r\\n--\\u003e\\r\\n\\r\\n##### ISSUE TYPE\\r\\n\\u003c!-- Pick one below and delete the rest --\\u003e\\r\\n\\r\\n * Feature Idea\\r\\n\\r\\n##### COMPONENT NAME\\r\\n\\u003c!--\\r\\nCategorize the issue, e.g. API, VR, VPN, UI, etc.\\r\\n--\\u003e\\r\\n~~~\\r\\nUI\\r\\n~~~\\r\\n\\r\\n##### CLOUDSTACK VERSION\\r\\n\\u003c!--\\r\\nNew line separated list of affected versions, commit ID for issues on main branch.\\r\\n--\\u003e\\r\\n\\r\\n~~~\\r\\n4.16+\\r\\n~~~\\r\\n\\r\\n##### CONFIGURATION\\r\\n\\u003c!--\\r\\nInformation about the configuration if relevant, e.g. basic network, advanced networking, etc.  N/A otherwise\\r\\n--\\u003e\\r\\nNA\\r\\n\\r\\n##### OS / ENVIRONMENT\\r\\n\\u003c!--\\r\\nInformation about the environment if relevant, N/A otherwise\\r\\n--\\u003e\\r\\nNA\\r\\n\\r\\n##### SUMMARY\\r\\n\\u003c!-- Explain the problem/feature briefly --\\u003e\\r\\n\\r\\nWhen a user deployment fails, user ends up with an instance with has a status of `Error`\\r\\n\\r\\n![image](https://user-images.githubusercontent.com/4810220/144216638-99ea0b7e-90d0-4d30-ab10-8f4b17ca33cd.png)\\r\\n\\r\\nThey will usually then report it to the CloudStack administrators. \\r\\nOften the problem is in the backend/infrastructure.  The administrators fix the issue and say 'try now'.\\r\\n\\r\\nIt would be a nice touch to be able to 'retry' the instance deployment, rather than have to start again.\\r\\n\\r\\n##### STEPS TO REPRODUCE\\r\\n\\u003c!--\\r\\nFor bugs, show exactly how to reproduce the problem, using a minimal test-case. Use Screenshots if accurate.\\r\\n\\r\\nFor new features, show how the feature would be used.\\r\\n--\\u003e\\r\\n\\r\\n\\u003c!-- Paste example playbooks or commands between quotes below --\\u003e\\r\\n~~~\\r\\n\\r\\n~~~\\r\\n\\r\\n\\u003c!-- You can also paste gist.github.com links for larger files --\\u003e\\r\\n\\r\\n##### EXPECTED RESULTS\\r\\n\\u003c!-- What did you expect to happen when running the steps above? --\\u003e\\r\\n\\r\\n~~~\\r\\n\\r\\n~~~\\r\\n\\r\\n##### ACTUAL RESULTS\\r\\n\\u003c!-- What actually happened? --\\u003e\\r\\n\\r\\n\\u003c!-- Paste verbatim command output between quotes below --\\u003e\\r\\n~~~\\r\\n\\r\\n~~~\\r\\n\",\"author_association\":\"MEMBER\",\"user\":{\"login\":\"PaulAngus\",\"id\":4810220,\"node_id\":\"MDQ6VXNlcjQ4MTAyMjA=\",\"avatar_url\":\"https://avatars.githubusercontent.com/u/4810220?v=4\",\"html_url\":\"https://github.com/PaulAngus\",\"gravatar_id\":\"\",\"type\":\"User\",\"site_admin\":false,\"url\":\"https://api.github.com/users/PaulAngus\",\"events_url\":\"https://api.github.com/users/PaulAngus/events{/privacy}\",\"following_url\":\"https://api.github.com/users/PaulAngus/following{/other_user}\",\"followers_url\":\"https://api.github.com/users/PaulAngus/followers\",\"gists_url\":\"https://api.github.com/users/PaulAngus/gists{/gist_id}\",\"organizations_url\":\"https://api.github.com/users/PaulAngus/orgs\",\"received_events_url\":\"https://api.github.com/users/PaulAngus/received_events\",\"repos_url\":\"https://api.github.com/users/PaulAngus/repos\",\"starred_url\":\"https://api.github.com/users/PaulAngus/starred{/owner}{/repo}\",\"subscriptions_url\":\"https://api.github.com/users/PaulAngus/subscriptions\"},\"labels\":[{\"id\":584073853,\"url\":\"https://api.github.com/repos/apache/cloudstack/labels/component:api\",\"name\":\"component:api\",\"color\":\"1DB401\",\"description\":\"\",\"default\":false,\"node_id\":\"MDU6TGFiZWw1ODQwNzM4NTM=\"},{\"id\":739374767,\"url\":\"https://api.github.com/repos/apache/cloudstack/labels/component:UI\",\"name\":\"component:UI\",\"color\":\"ea62a8\",\"description\":\"\",\"default\":false,\"node_id\":\"MDU6TGFiZWw3MzkzNzQ3Njc=\"},{\"id\":1150675549,\"url\":\"https://api.github.com/repos/apache/cloudstack/labels/type:new-feature\",\"name\":\"type:new-feature\",\"color\":\"4471c4\",\"description\":\"\",\"default\":false,\"node_id\":\"MDU6TGFiZWwxMTUwNjc1NTQ5\"},{\"id\":9849008471,\"url\":\"https://api.github.com/repos/apache/cloudstack/labels/no-issue-activity\",\"name\":\"no-issue-activity\",\"color\":\"ededed\",\"default\":false,\"node_id\":\"LA_kwDOAJTq2M8AAAACSwvxVw\"}],\"assignee\":{\"login\":\"nvazquez\",\"id\":5295080,\"node_id\":\"MDQ6VXNlcjUyOTUwODA=\",\"avatar_url\":\"https://avatars.githubusercontent.com/u/5295080?v=4\",\"html_url\":\"https://github.com/nvazquez\",\"gravatar_id\":\"\",\"type\":\"User\",\"site_admin\":false,\"url\":\"https://api.github.com/users/nvazquez\",\"events_url\":\"https://api.github.com/users/nvazquez/events{/privacy}\",\"following_url\":\"https://api.github.com/users/nvazquez/following{/other_user}\",\"followers_url\":\"https://api.github.com/users/nvazquez/followers\",\"gists_url\":\"https://api.github.com/users/nvazquez/gists{/gist_id}\",\"organizations_url\":\"https://api.github.com/users/nvazquez/orgs\",\"received_events_url\":\"https://api.github.com/users/nvazquez/received_events\",\"repos_url\":\"https://api.github.com/users/nvazquez/repos\",\"starred_url\":\"https://api.github.com/users/nvazquez/starred{/owner}{/repo}\",\"subscriptions_url\":\"https://api.github.com/users/nvazquez/subscriptions\"},\"comments\":3,\"created_at\":\"2021-12-01T10:23:38Z\",\"updated_at\":\"2026-05-06T02:16:57Z\",\"url\":\"https://api.github.com/repos/apache/cloudstack/issues/5739\",\"html_url\":\"https://github.com/apache/cloudstack/issues/5739\",\"comments_url\":\"https://api.github.com/repos/apache/cloudstack/issues/5739/comments\",\"events_url\":\"https://api.github.com/repos/apache/cloudstack/issues/5739/events\",\"labels_url\":\"https://api.github.com/repos/apache/cloudstack/issues/5739/labels{/name}\",\"repository_url\":\"https://api.github.com/repos/apache/cloudstack\",\"milestone\":{\"url\":\"https://api.github.com/repos/apache/cloudstack/milestones/19\",\"html_url\":\"https://github.com/apache/cloudstack/milestone/19\",\"labels_url\":\"https://api.github.com/repos/apache/cloudstack/milestones/19/labels\",\"id\":6265435,\"number\":19,\"state\":\"open\",\"title\":\"unplanned\",\"creator\":{\"login\":\"DaanHoogland\",\"id\":2486961,\"node_id\":\"MDQ6VXNlcjI0ODY5NjE=\",\"avatar_url\":\"https://avatars.githubusercontent.com/u/2486961?v=4\",\"html_url\":\"https://github.com/DaanHoogland\",\"gravatar_id\":\"\",\"type\":\"User\",\"site_admin\":false,\"url\":\"https://api.github.com/users/DaanHoogland\",\"events_url\":\"https://api.github.com/users/DaanHoogland/events{/privacy}\",\"following_url\":\"https://api.github.com/users/DaanHoogland/following{/other_user}\",\"followers_url\":\"https://api.github.com/users/DaanHoogland/followers\",\"gists_url\":\"https://api.github.com/users/DaanHoogland/gists{/gist_id}\",\"organizations_url\":\"https://api.github.com/users/DaanHoogland/orgs\",\"received_events_url\":\"https://api.github.com/users/DaanHoogland/received_events\",\"repos_url\":\"https://api.github.com/users/DaanHoogland/repos\",\"starred_url\":\"https://api.github.com/users/DaanHoogland/starred{/owner}{/repo}\",\"subscriptions_url\":\"https://api.github.com/users/DaanHoogland/subscriptions\"},\"open_issues\":185,\"closed_issues\":1302,\"created_at\":\"2021-01-04T09:07:50Z\",\"updated_at\":\"2026-09-24T11:01:33Z\",\"node_id\":\"MDk6TWlsZXN0b25lNjI2NTQzNQ==\"},\"reactions\":{\"total_count\":0,\"+1\":0,\"-1\":0,\"laugh\":0,\"confused\":0,\"heart\":0,\"hooray\":0,\"rocket\":0,\"eyes\":0,\"url\":\"https://api.github.com/repos/apache/cloudstack/issues/5739/reactions\"},\"assignees\":[{\"login\":\"nvazquez\",\"id\":5295080,\"node_id\":\"MDQ6VXNlcjUyOTUwODA=\",\"avatar_url\":\"https://avatars.githubusercontent.com/u/5295080?v=4\",\"html_url\":\"https://github.com/nvazquez\",\"gravatar_id\":\"\",\"type\":\"User\",\"site_admin\":false,\"url\":\"https://api.github.com/users/nvazquez\",\"events_url\":\"https://api.github.com/users/nvazquez/events{/privacy}\",\"following_url\":\"https://api.github.com/users/nvazquez/following{/other_user}\",\"followers_url\":\"https://api.github.com/users/nvazquez/followers\",\"gists_url\":\"https://api.github.com/users/nvazquez/gists{/gist_id}\",\"organizations_url\":\"https://api.github.com/users/nvazquez/orgs\",\"received_events_url\":\"https://api.github.com/users/nvazquez/received_events\",\"repos_url\":\"https://api.github.com/users/nvazquez/repos\",\"starred_url\":\"https://api.github.com/users/nvazquez/starred{/owner}{/repo}\",\"subscriptions_url\":\"https://api.github.com/users/nvazquez/subscriptions\"}],\"node_id\":\"I_kwDOAJTq2M4_q9Om\",\"type\":{\"id\":93574,\"node_id\":\"IT_kwDNuP_OAAFthg\",\"name\":\"Feature\",\"description\":\"A request, idea, or new functionality\",\"color\":\"blue\",\"created_at\":\"2024-01-25T09:11:09Z\",\"updated_at\":\"2024-10-08T08:30:20Z\"}},{\"id\":1074169776,\"number\":5756,\"state\":\"open\",\"locked\":false,\"title\":\"feat: Kubernetes multiple worker groups\",\"body\":\"\\u003c!--\\r\\nVerify first that your issue/request is not already reported on GitHub.\\r\\nAlso test if the latest release and main branch are affected too.\\r\\nAlways add information AFTER of these HTML comments, but no need to delete the comments.\\r\\n--\\u003e\\r\\n\\r\\n##### ISSUE TYPE\\r\\n\\u003c!-- Pick one below and delete the rest --\\u003e\\r\\n * Feature Idea\\r\\n##### COMPONENT NAME\\r\\n\\u003c!--\\r\\nCategorize the issue, e.g. API, VR, VPN, UI, etc.\\r\\n--\\u003e\\r\\n~~~\\r\\nKubernetes\\r\\n~~~\\r\\n##### IDEA\\r\\nWould be superb to implement support for multiple worker groups in Kubernetes component ( major clouds GCP,AWS,Azure and Openstack are supporting it ). Thanks\\r\\n\\r\\n\",\"author_association\":\"NONE\",\"user\":{\"login\":\"lukasmrtvy\",\"id\":768572,\"node_id\":\"MDQ6VXNlcjc2ODU3Mg==\",\"avatar_url\":\"https://avatars.githubusercontent.com/u/768572?v=4\",\"html_url\":\"https://github.com/lukasmrtvy\",\"gravatar_id\":\"\",\"type\":\"User\",\"site_admin\":false,\"url\":\"https://api.github.com/users/lukasmrtvy\",\"events_url\":\"https://api.github.com/users/lukasmrtvy/events{/privacy}\",\"following_url\":\"https://api.github.com/users/lukasmrtvy/following{/other_user}\",\"followers_url\":\"https://api.github.com/users/lukasmrtvy/followers\",\"gists_url\":\"https://api.github.com/users/lukasmrtvy/gists{/gist_id}\",\"organizations_url\":\"https://api.github.com/users/lukasmrtvy/orgs\",\"received_events_url\":\"https://api.github.com/users/lukasmrtvy/received_events\",\"repos_url\":\"https://api.github.com/users/lukasmrtvy/repos\",\"starred_url\":\"https://api.github.com/users/lukasmrtvy/starred{/owner}{/repo}\",\"subscriptions_url\":\"https://api.github.com/users/lukasmrtvy/subscriptions\"},\"labels\":[{\"id\":1150675549,\"url\":\"https://api.github.com/repos/apache/cloudstack/labels/type:new-feature\",\"name\":\"type:new-feature\",\"color\":\"4471c4\",\"description\":\"\",\"default\":false,\"node_id\":\"MDU6TGFiZWwxMTUwNjc1NTQ5\"},{\"id\":1700119912,\"url\":\"https://api.github.com/repos/apache/cloudstack/labels/component:kubernetes\",\"name\":\"component:kubernetes\",\"color\":\"0db7ed\",\"description\":\"\",\"default\":false,\"node_id\":\"MDU6TGFiZWwxNzAwMTE5OTEy\"},{\"id\":9849008471,\"url\":\"https://api.github.com/repos/apache/cloudstack/labels/no-issue-activity\",\"name\":\"no-issue-activity\",\"color\":\"ededed\",\"default\":false,\"node_id\":\"LA_kwDOAJTq2M8AAAACSwvxVw\"}],\"comments\":5,\"created_at\":\"2021-12-08T09:03:54Z\",\"updated_at\":\"2026-05-06T02:16:55Z\",\"url\":\"https://api.github.com/repos/apache/cloudstack/issues/5756\",\"html_url\":\"https://github.com/apache/cloudstack/issues/5756\",\"comments_url\":\"https://api.github.com/repos/apache/cloudstack/issues/5756/comments\",\"events_url\":\"https://api.github.com/repos/apache/cloudstack/issues/5756/events\",\"labels_url\":\"https://api.github.com/repos/apache/cloudstack/issues/5756/labels{/name}\",\"repository_url\":\"https://api.github.com/repos/apache/cloudstack\",\"milestone\":{\"url\":\"https://api.github.com/repos/apache/cloudstack/milestones/19\",\"html_url\":\"https://github.com/apache/cloudstack/milestone/19\",\"labels_url\":\"https://api.github.com/repos/apache/cloudstack/milestones/19/labels\",\"id\":6265435,\"number\":19,\"state\":\"open\",\"title\":\"unplanned\",\"creator\":{\"login\":\"DaanHoogland\",\"id\":2486961,\"node_id\":\"MDQ6VXNlcjI0ODY5NjE=\",\"avatar_url\":\"https://avatars.githubusercontent.com/u/2486961?v=4\",\"html_url\":\"https://github.com/DaanHoogland\",\"gravatar_id\":\"\",\"type\":\"User\",\"site_admin\":false,\"url\":\"https://api.github.com/users/DaanHoogland\",\"events_url\":\"https://api.github.com/users/DaanHoogland/events{/privacy}\",\"following_url\":\"https://api.github.com/users/DaanHoogland/following{/other_user}\",\"followers_url\":\"https://api.github.com/users/DaanHoogland/followers\",\"gists_url\":\"https://api.github.com/users/DaanHoogland/gists{/gist_id}\",\"organizations_url\":\"https://api.github.com/users/DaanHoogland/orgs\",\"received_events_url\":\"https://api.github.com/users/DaanHoogland/received_events\",\"repos_url\":\"https://api.github.com/users/DaanHoogland/repos\",\"starred_url\":\"https://api.github.com/users/DaanHoogland/starred{/owner}{/repo}\",\"subscriptions_url\":\"https://api.github.com/users/DaanHoogland/subscriptions\"},\"open_issues\":185,\"closed_issues\":1302,\"created_at\":\"2021-01-04T09:07:50Z\",\"updated_at\":\"2026-09-24T11:01:33Z\",\"node_id\":\"MDk6TWlsZXN0b25lNjI2NTQzNQ==\"},\"reactions\":{\"total_count\":0,\"+1\":0,\"-1\":0,\"laugh\":0,\"confused\":0,\"heart\":0,\"hooray\":0,\"rocket\":0,\"eyes\":0,\"url\":\"https://api.github.com/repos/apache/cloudstack/issues/5756/reactions\"},\"node_id\":\"I_kwDOAJTq2M5ABoew\",\"type\":{\"id\":93574,\"node_id\":\"IT_kwDNuP_OAAFthg\",\"name\":\"Feature\",\"description\":\"A request, idea, or new functionality\",\"color\":\"blue\",\"created_at\":\"2024-01-25T09:11:09Z\",\"updated_at\":\"2024-10-08T08:30:20Z\"}},{\"id\":1087489320,\"number\":5803,\"state\":\"open\",\"locked\":false,\"title\":\"User from domain can't deploy VM in pod dedicated to that domain\",\"body\":\"##### ISSUE TYPE\\r\\n * Bug Report\\r\\n\\r\\n##### CLOUDSTACK VERSION\\r\\n~~~\\r\\n4.16.0\\r\\n~~~\\r\\n\\r\\n##### CONFIGURATION\\r\\nXCP-NG 8.2\\r\\nAdvanced Zone\\r\\n\\r\\n##### OS / ENVIRONMENT\\r\\nOracle Linux 8.4 - Management server, MYSQL 8.0.26\\r\\nXCP-NG 8.2 - hypervisor\\r\\n\\r\\n##### SUMMARY\\r\\nUser from domain1 can't deploy VM in dedicated to domain1 pod.\\r\\n\\r\\n##### STEPS TO REPRODUCE\\r\\n~~~\\r\\nCreate domain. Create user in this domain. Dedicate pod to this domain. Create Compute offering with ImplicitDedicationPlanner with strict policy and choose domain1.\\r\\n~~~\\r\\n##### EXPECTED RESULTS\\r\\n~~~\\r\\nAll users from this domain can deploy VMs only in this Pod\\r\\n~~~\\r\\n\\r\\n##### ACTUAL RESULTS\\r\\n~~~\\r\\nUser from this domain can't deploy VM in dedicated pod. \\r\\n~~~\\r\\n\",\"author_association\":\"NONE\",\"user\":{\"login\":\"edikevich\",\"id\":42668237,\"node_id\":\"MDQ6VXNlcjQyNjY4MjM3\",\"avatar_url\":\"https://avatars.githubusercontent.com/u/42668237?v=4\",\"html_url\":\"https://github.com/edikevich\",\"gravatar_id\":\"\",\"type\":\"User\",\"site_admin\":false,\"url\":\"https://api.github.com/users/edikevich\",\"events_url\":\"https://api.github.com/users/edikevich/events{/privacy}\",\"following_url\":\"https://api.github.com/users/edikevich/following{/other_user}\",\"followers_url\":\"https://api.github.com/users/edikevich/followers\",\"gists_url\":\"https://api.github.com/users/edikevich/gists{/gist_id}\",\"organizations_url\":\"https://api.github.com/users/edikevich/orgs\",\"received_events_url\":\"https://api.github.com/users/edikevich/received_events\",\"repos_url\":\"https://api.github.com/users/edikevich/repos\",\"starred_url\":\"https://api.github.com/users/edikevich/starred{/owner}{/repo}\",\"subscriptions_url\":\"https://api.github.com/users/edikevich/subscriptions\"},\"labels\":[{\"id\":37843366,\"url\":\"https://api.github.com/repos/apache/cloudstack/labels/type:enhancement\",\"name\":\"type:enhancement\",\"color\":\"84b6eb\",\"description\":\"\",\"default\":false,\"node_id\":\"MDU6TGFiZWwzNzg0MzM2Ng==\"},{\"id\":2630836378,\"url\":\"https://api.github.com/repos/apache/cloudstack/labels/status:needs-functional-definition\",\"name\":\"status:needs-functional-definition\",\"color\":\"951862\",\"description\":\"\",\"default\":false,\"node_id\":\"MDU6TGFiZWwyNjMwODM2Mzc4\"}],\"comments\":50,\"created_at\":\"2021-12-23T08:27:49Z\",\"updated_at\":\"2026-08-12T02:13:53Z\",\"url\":\"https://api.github.com/repos/apache/cloudstack/issues/5803\",\"html_url\":\"https://github.com/apache/cloudstack/issues/5803\",\"comments_url\":\"https://api.github.com/repos/apache/cloudstack/issues/5803/comments\",\"events_url\":\"https://api.github.com/repos/apache/cloudstack/issues/5803/events\",\"labels_url\":\"https://api.github.com/repos/apache/cloudstack/issues/5803/labels{/name}\",\"repository_url\":\"https://api.github.com/repos/apache/cloudstack\",\"milestone\":{\"url\":\"https://api.github.com/repos/apache/cloudstack/milestones/19\",\"html_url\":\"https://github.com/apache/cloudstack/milestone/19\",\"labels_url\":\"https://api.github.com/repos/apache/cloudstack/milestones/19/labels\",\"id\":6265435,\"number\":19,\"state\":\"open\",\"title\":\"unplanned\",\"creator\":{\"login\":\"DaanHoogland\",\"id\":2486961,\"node_id\":\"MDQ6VXNlcjI0ODY5NjE=\",\"avatar_url\":\"https://avatars.githubusercontent.com/u/2486961?v=4\",\"html_url\":\"https://github.com/DaanHoogland\",\"gravatar_id\":\"\",\"type\":\"User\",\"site_admin\":false,\"url\":\"https://api.github.com/users/DaanHoogland\",\"events_url\":\"https://api.github.com/users/DaanHoogland/events{/privacy}\",\"following_url\":\"https://api.github.com/users/DaanHoogland/following{/other_user}\",\"followers_url\":\"https://api.github.com/users/DaanHoogland/followers\",\"gists_url\":\"https://api.github.com/users/DaanHoogland/gists{/gist_id}\",\"organizations_url\":\"https://api.github.com/users/DaanHoogland/orgs\",\"received_events_url\":\"https://api.github.com/users/DaanHoogland/received_events\",\"repos_url\":\"https://api.github.com/users/DaanHoogland/repos\",\"starred_url\":\"https://api.github.com/users/DaanHoogland/starred{/owner}{/repo}\",\"subscriptions_url\":\"https://api.github.com/users/DaanHoogland/subscriptions\"},\"open_issues\":185,\"closed_issues\":1302,\"created_at\":\"2021-01-04T09:07:50Z\",\"updated_at\":\"2026-09-24T11:01:33Z\",\"node_id\":\"MDk6TWlsZXN0b25lNjI2NTQzNQ==\"},\"reactions\":{\"total_count\":0,\"+1\":0,\"-1\":0,\"laugh\":0,\"confused\":0,\"heart\":0,\"hooray\":0,\"rocket\":0,\"eyes\":0,\"url\":\"https://api.github.com/repos/apache/cloudstack/issues/5803/reactions\"},\"node_id\":\"I_kwDOAJTq2M5A0cUo\",\"type\":{\"id\":93574,\"node_id\":\"IT_kwDNuP_OAAFthg\",\"name\":\"Feature\",\"description\":\"A request, idea, or new functionality\",\"color\":\"blue\",\"created_at\":\"2024-01-25T09:11:09Z\",\"updated_at\":\"2024-10-08T08:30:20Z\"}},{\"id\":1180482852,\"number\":6163,\"state\":\"open\",\"locked\":false,\"title\":\"Add Support IPAM object to Allow Load Balancer or Port-forward map to floating IP Address\",\"body\":\"\\u003c!--\\r\\nVerify first that your issue/request is not already reported on GitHub.\\r\\nAlso test if the latest release and main branch are affected too.\\r\\nAlways add information AFTER of these HTML comments, but no need to delete the comments.\\r\\n--\\u003e\\r\\n\\r\\n##### ISSUE TYPE\\r\\n\\u003c!-- Pick one below and delete the rest --\\u003e\\r\\n * Feature Idea\\r\\n\\r\\n##### COMPONENT NAME\\r\\n\\u003c!--\\r\\nCategorize the issue, e.g. API, VR, VPN, UI, etc.\\r\\n--\\u003e\\r\\n~~~\\r\\nUI,API,Guest Network\\r\\n\\r\\n~~~\\r\\n\\r\\n##### CLOUDSTACK VERSION\\r\\n\\u003c!--\\r\\nNew line separated list of affected versions, commit ID for issues on main branch.\\r\\n--\\u003e\\r\\n\\r\\n~~~\\r\\nN/A\\r\\n~~~\\r\\n\\r\\n##### CONFIGURATION\\r\\n\\u003c!--\\r\\nInformation about the configuration if relevant, e.g. basic network, advanced networking, etc.  N/A otherwise\\r\\n--\\u003e\\r\\n\\r\\n\\r\\n##### OS / ENVIRONMENT\\r\\n\\u003c!--\\r\\nInformation about the environment if relevant, N/A otherwise\\r\\n--\\u003e\\r\\n\\r\\n\\r\\n##### SUMMARY\\r\\n\\u003c!-- Explain the problem/feature briefly --\\u003e\\r\\n\\r\\nWhen a Guest Network was created, the port forward and load balancer features only allow to be configure with pre-existing VM in same Guest Network. Sometime user will deploy self managed virtual ip address to support their application such as keepalived, MetalLB..etc. Today, the user will add a secondary NIC to the one of VM instance and then use the assigned NIC ip address to treat the virtual ip setup. Most of the time, it is unavoidable to use this appoarch when LB pool health check limit to L4 port checking. \\r\\n\\r\\nI'm wondering if ACS can implement IPAM management abstract under guest network to allow user create IP entities which will able to include into port forwarding or Load balancer member.\\r\\n\\r\\n\\r\\n\\r\\n\\r\\n\\r\\n\\r\\n\\r\\n\\r\\n\\r\\n\\r\\n\\r\\n\\r\\n\\r\\n\\r\\n\\r\\n\\r\\n\\r\\n\\r\\n\\r\\n\\r\\n\\r\\n\\r\\n\\r\\n\\r\\n\\r\\n##### STEPS TO REPRODUCE\\r\\n\\u003c!--\\r\\nFor bugs, show exactly how to reproduce the problem, using a minimal test-case. Use Screenshots if accurate.\\r\\n\\r\\nFor new features, show how the feature would be used.\\r\\n--\\u003e\\r\\n\\r\\n\\u003c!-- Paste example playbooks or commands between quotes below --\\u003e\\r\\n~~~\\r\\nN/A\\r\\n~~~\\r\\n\\r\\n\\u003c!-- You can also paste gist.github.com links for larger files --\\u003e\\r\\n\\r\\n##### EXPECTED RESULTS\\r\\n\\u003c!-- What did you expect to happen when running the steps above? --\\u003e\\r\\n\\r\\n~~~\\r\\n\\r\\n~~~\\r\\n\\r\\n##### ACTUAL RESULTS\\r\\n\\u003c!-- What actually happened? --\\u003e\\r\\n\\r\\n\\u003c!-- Paste verbatim command output between quotes below --\\u003e\\r\\n~~~\\r\\nN/A\\r\\n~~~\\r\\n\",\"author_association\":\"CONTRIBUTOR\",\"user\":{\"login\":\"levindecaro\",\"id\":36956864,\"node_id\":\"MDQ6VXNlcjM2OTU2ODY0\",\"avatar_url\":\"https://avatars.githubusercontent.com/u/36956864?v=4\",\"html_url\":\"https://github.com/levindecaro\",\"gravatar_id\":\"\",\"type\":\"User\",\"site_admin\":false,\"url\":\"https://api.github.com/users/levindecaro\",\"events_url\":\"https://api.github.com/users/levindecaro/events{/privacy}\",\"following_url\":\"https://api.github.com/users/levindecaro/following{/other_user}\",\"followers_url\":\"https://api.github.com/users/levindecaro/followers\",\"gists_url\":\"https://api.github.com/users/levindecaro/gists{/gist_id}\",\"organizations_url\":\"https://api.github.com/users/levindecaro/orgs\",\"received_events_url\":\"https://api.github.com/users/levindecaro/received_events\",\"repos_url\":\"https://api.github.com/users/levindecaro/repos\",\"starred_url\":\"https://api.github.com/users/levindecaro/starred{/owner}{/repo}\",\"subscriptions_url\":\"https://api.github.com/users/levindecaro/subscriptions\"},\"labels\":[{\"id\":592559219,\"url\":\"https://api.github.com/repos/apache/cloudstack/labels/component:networking\",\"name\":\"component:networking\",\"color\":\"f9d0c4\",\"description\":\"\",\"default\":false,\"node_id\":\"MDU6TGFiZWw1OTI1NTkyMTk=\"},{\"id\":1150675549,\"url\":\"https://api.github.com/repos/apache/cloudstack/labels/type:new-feature\",\"name\":\"type:new-feature\",\"color\":\"4471c4\",\"description\":\"\",\"default\":false,\"node_id\":\"MDU6TGFiZWwxMTUwNjc1NTQ5\"},{\"id\":2630836378,\"url\":\"https://api.github.com/repos/apache/cloudstack/labels/status:needs-functional-definition\",\"name\":\"status:needs-functional-definition\",\"color\":\"951862\",\"description\":\"\",\"default\":false,\"node_id\":\"MDU6TGFiZWwyNjMwODM2Mzc4\"},{\"id\":6890295339,\"url\":\"https://api.github.com/repos/apache/cloudstack/labels/status:stale\",\"name\":\"status:stale\",\"color\":\"E43179\",\"description\":\"\",\"default\":false,\"node_id\":\"LA_kwDOAJTq2M8AAAABmrGQKw\"},{\"id\":9849008471,\"url\":\"https://api.github.com/repos/apache/cloudstack/labels/no-issue-activity\",\"name\":\"no-issue-activity\",\"color\":\"ededed\",\"default\":false,\"node_id\":\"LA_kwDOAJTq2M8AAAACSwvxVw\"}],\"comments\":5,\"created_at\":\"2022-03-25T08:20:22Z\",\"updated_at\":\"2026-05-19T02:18:08Z\",\"url\":\"https://api.github.com/repos/apache/cloudstack/issues/6163\",\"html_url\":\"https://github.com/apache/cloudstack/issues/6163\",\"comments_url\":\"https://api.github.com/repos/apache/cloudstack/issues/6163/comments\",\"events_url\":\"https://api.github.com/repos/apache/cloudstack/issues/6163/events\",\"labels_url\":\"https://api.github.com/repos/apache/cloudstack/issues/6163/labels{/name}\",\"repository_url\":\"https://api.github.com/repos/apache/cloudstack\",\"milestone\":{\"url\":\"https://api.github.com/repos/apache/cloudstack/milestones/19\",\"html_url\":\"https://github.com/apache/cloudstack/milestone/19\",\"labels_url\":\"https://api.github.com/repos/apache/cloudstack/milestones/19/labels\",\"id\":6265435,\"number\":19,\"state\":\"open\",\"title\":\"unplanned\",\"creator\":{\"login\":\"DaanHoogland\",\"id\":2486961,\"node_id\":\"MDQ6VXNlcjI0ODY5NjE=\",\"avatar_url\":\"https://avatars.githubusercontent.com/u/2486961?v=4\",\"html_url\":\"https://github.com/DaanHoogland\",\"gravatar_id\":\"\",\"type\":\"User\",\"site_admin\":false,\"url\":\"https://api.github.com/users/DaanHoogland\",\"events_url\":\"https://api.github.com/users/DaanHoogland/events{/privacy}\",\"following_url\":\"https://api.github.com/users/DaanHoogland/following{/other_user}\",\"followers_url\":\"https://api.github.com/users/DaanHoogland/followers\",\"gists_url\":\"https://api.github.com/users/DaanHoogland/gists{/gist_id}\",\"organizations_url\":\"https://api.github.com/users/DaanHoogland/orgs\",\"received_events_url\":\"https://api.github.com/users/DaanHoogland/received_events\",\"repos_url\":\"https://api.github.com/users/DaanHoogland/repos\",\"starred_url\":\"https://api.github.com/users/DaanHoogland/starred{/owner}{/repo}\",\"subscriptions_url\":\"https://api.github.com/users/DaanHoogland/subscriptions\"},\"open_issues\":185,\"closed_issues\":1302,\"created_at\":\"2021-01-04T09:07:50Z\",\"updated_at\":\"2026-09-24T11:01:33Z\",\"node_id\":\"MDk6TWlsZXN0b25lNjI2NTQzNQ==\"},\"reactions\":{\"total_count\":0,\"+1\":0,\"-1\":0,\"laugh\":0,\"confused\":0,\"heart\":0,\"hooray\":0,\"rocket\":0,\"eyes\":0,\"url\":\"https://api.github.com/repos/apache/cloudstack/issues/6163/reactions\"},\"node_id\":\"I_kwDOAJTq2M5GXL0k\",\"type\":{\"id\":93574,\"node_id\":\"IT_kwDNuP_OAAFthg\",\"name\":\"Feature\",\"description\":\"A request, idea, or new functionality\",\"color\":\"blue\",\"created_at\":\"2024-01-25T09:11:09Z\",\"updated_at\":\"2024-10-08T08:30:20Z\"}},{\"id\":1186920656,\"number\":6180,\"state\":\"open\",\"locked\":false,\"title\":\"RBD/RADOS volume management should be handled by libvirt\",\"body\":\"##### ISSUE TYPE\\r\\n * Enhancement Request\\r\\n\\r\\n##### COMPONENT NAME\\r\\n~~~\\r\\nCloudStack Agent\\r\\n~~~\\r\\n\\r\\n##### CLOUDSTACK VERSION\\r\\n~~~\\r\\nall\\r\\n~~~\\r\\n\\r\\n##### SUMMARY\\r\\nThe CloudStack Agent uses com.ceph.rados.* for many operations as when implementing the RBD storage pool support not all features were supported by Libvirt.\\r\\n\\r\\nFor example: https://github.com/apache/cloudstack/blob/1a304ccf68a75d835cf5e723b56b57155be6ebda/plugins/hypervisors/kvm/src/main/java/com/cloud/hypervisor/kvm/storage/LibvirtStorageAdaptor.java#L913\\r\\n\\r\\n```\\r\\n                IoCTX io = r.ioCtxCreate(pool.getSourceDir());\\r\\n                Rbd rbd = new Rbd(io);\\r\\n                RbdImage image = rbd.open(uuid);\\r\\n                s_logger.debug(\\\"Fetching list of snapshots of RBD image \\\" + pool.getSourceDir() + \\\"/\\\" + uuid);\\r\\n                List\\u003cRbdSnapInfo\\u003e snaps = image.snapList();\\r\\n                try {\\r\\n                    for (RbdSnapInfo snap : snaps) {\\r\\n                        if (image.snapIsProtected(snap.name)) {\\r\\n                            s_logger.debug(\\\"Unprotecting snapshot \\\" + pool.getSourceDir() + \\\"/\\\" + uuid + \\\"@\\\" + snap.name);\\r\\n                            image.snapUnprotect(snap.name);\\r\\n                        } else {\\r\\n                            s_logger.debug(\\\"Snapshot \\\" + pool.getSourceDir() + \\\"/\\\" + uuid + \\\"@\\\" + snap.name + \\\" is not protected.\\\");\\r\\n                        }\\r\\n                        s_logger.debug(\\\"Removing snapshot \\\" + pool.getSourceDir() + \\\"/\\\" + uuid + \\\"@\\\" + snap.name);\\r\\n                        image.snapRemove(snap.name);\\r\\n                    }\\r\\n                    s_logger.info(\\\"Successfully unprotected and removed any remaining snapshots (\\\" + snaps.size() + \\\") of \\\"\\r\\n                        + pool.getSourceDir() + \\\"/\\\" + uuid + \\\" Continuing to remove the RBD image\\\");\\r\\n                } catch (RbdException e) {\\r\\n                    s_logger.error(\\\"Failed to remove snapshot with exception: \\\" + e.toString() +\\r\\n                        \\\", RBD error: \\\" + ErrorCode.getErrorMessage(e.getReturnValue()));\\r\\n                    throw new CloudRuntimeException(e.toString() + \\\" - \\\" + ErrorCode.getErrorMessage(e.getReturnValue()));\\r\\n                } finally {\\r\\n                    s_logger.debug(\\\"Closing image and destroying context\\\");\\r\\n                    rbd.close(image);\\r\\n                    r.ioCtxDestroy(io);\\r\\n                }\\r\\n            } catch (RadosException e) {\\r\\n                s_logger.error(\\\"Failed to remove snapshot with exception: \\\" + e.toString() +\\r\\n                    \\\", RBD error: \\\" + ErrorCode.getErrorMessage(e.getReturnValue()));\\r\\n                throw new CloudRuntimeException(e.toString() + \\\" - \\\" + ErrorCode.getErrorMessage(e.getReturnValue()));\\r\\n            } catch (RbdException e) {\\r\\n                s_logger.error(\\\"Failed to remove snapshot with exception: \\\" + e.toString() +\\r\\n                    \\\", RBD error: \\\" + ErrorCode.getErrorMessage(e.getReturnValue()));\\r\\n                throw new CloudRuntimeException(e.toString() + \\\" - \\\" + ErrorCode.getErrorMessage(e.getReturnValue()));\\r\\n            }\\r\\n        }\\r\\n```\\r\\n\\r\\nHere the CloudStack agent purges any RBD snapshots as they need to be removed prior to removing the RBD image.\\r\\n\\r\\nModern libvirt can do this for you (pseudo code):\\r\\n\\r\\n```\\r\\nStorageVol.delete(VIR_STORAGE_VOL_DELETE_WITH_SNAPSHOTS)\\r\\n```\\r\\n\\r\\nThis removes a lot of lines of code from CloudStack and leverages what libvirt can do for us.\\r\\n\\r\\nThis is just one example, but there are other places where the CloudStack agent uses the librados Java bindings directly while those things can be handled by libvirt.\\r\\n\\r\\n\",\"author_association\":\"CONTRIBUTOR\",\"user\":{\"login\":\"wido\",\"id\":326786,\"node_id\":\"MDQ6VXNlcjMyNjc4Ng==\",\"avatar_url\":\"https://avatars.githubusercontent.com/u/326786?v=4\",\"html_url\":\"https://github.com/wido\",\"gravatar_id\":\"\",\"type\":\"User\",\"site_admin\":false,\"url\":\"https://api.github.com/users/wido\",\"events_url\":\"https://api.github.com/users/wido/events{/privacy}\",\"following_url\":\"https://api.github.com/users/wido/following{/other_user}\",\"followers_url\":\"https://api.github.com/users/wido/followers\",\"gists_url\":\"https://api.github.com/users/wido/gists{/gist_id}\",\"organizations_url\":\"https://api.github.com/users/wido/orgs\",\"received_events_url\":\"https://api.github.com/users/wido/received_events\",\"repos_url\":\"https://api.github.com/users/wido/repos\",\"starred_url\":\"https://api.github.com/users/wido/starred{/owner}{/repo}\",\"subscriptions_url\":\"https://api.github.com/users/wido/subscriptions\"},\"labels\":[{\"id\":584073028,\"url\":\"https://api.github.com/repos/apache/cloudstack/labels/component:ceph\",\"name\":\"component:ceph\",\"color\":\"bfdadc\",\"description\":\"\",\"default\":false,\"node_id\":\"MDU6TGFiZWw1ODQwNzMwMjg=\"},{\"id\":1092869943,\"url\":\"https://api.github.com/repos/apache/cloudstack/labels/component:agent\",\"name\":\"component:agent\",\"color\":\"80e5e2\",\"description\":\"\",\"default\":false,\"node_id\":\"MDU6TGFiZWwxMDkyODY5OTQz\"},{\"id\":1900337335,\"url\":\"https://api.github.com/repos/apache/cloudstack/labels/type:technical-debt\",\"name\":\"type:technical-debt\",\"color\":\"52a8ea\",\"description\":\"\",\"default\":false,\"node_id\":\"MDU6TGFiZWwxOTAwMzM3MzM1\"},{\"id\":2531620895,\"url\":\"https://api.github.com/repos/apache/cloudstack/labels/complexity:epic\",\"name\":\"complexity:epic\",\"color\":\"0000ff\",\"description\":\"a few months to a year or more, with more people\",\"default\":false,\"node_id\":\"MDU6TGFiZWwyNTMxNjIwODk1\"}],\"assignee\":{\"login\":\"wido\",\"id\":326786,\"node_id\":\"MDQ6VXNlcjMyNjc4Ng==\",\"avatar_url\":\"https://avatars.githubusercontent.com/u/326786?v=4\",\"html_url\":\"https://github.com/wido\",\"gravatar_id\":\"\",\"type\":\"User\",\"site_admin\":false,\"url\":\"https://api.github.com/users/wido\",\"events_url\":\"https://api.github.com/users/wido/events{/privacy}\",\"following_url\":\"https://api.github.com/users/wido/following{/other_user}\",\"followers_url\":\"https://api.github.com/users/wido/followers\",\"gists_url\":\"https://api.github.com/users/wido/gists{/gist_id}\",\"organizations_url\":\"https://api.github.com/users/wido/orgs\",\"received_events_url\":\"https://api.github.com/users/wido/received_events\",\"repos_url\":\"https://api.github.com/users/wido/repos\",\"starred_url\":\"https://api.github.com/users/wido/starred{/owner}{/repo}\",\"subscriptions_url\":\"https://api.github.com/users/wido/subscriptions\"},\"comments\":1,\"created_at\":\"2022-03-30T19:56:24Z\",\"updated_at\":\"2026-05-21T10:09:12Z\",\"url\":\"https://api.github.com/repos/apache/cloudstack/issues/6180\",\"html_url\":\"https://github.com/apache/cloudstack/issues/6180\",\"comments_url\":\"https://api.github.com/repos/apache/cloudstack/issues/6180/comments\",\"events_url\":\"https://api.github.com/repos/apache/cloudstack/issues/6180/events\",\"labels_url\":\"https://api.github.com/repos/apache/cloudstack/issues/6180/labels{/name}\",\"repository_url\":\"https://api.github.com/repos/apache/cloudstack\",\"milestone\":{\"url\":\"https://api.github.com/repos/apache/cloudstack/milestones/47\",\"html_url\":\"https://github.com/apache/cloudstack/milestone/47\",\"labels_url\":\"https://api.github.com/repos/apache/cloudstack/milestones/47/labels\",\"id\":15843055,\"number\":47,\"state\":\"open\",\"title\":\"24.0\",\"description\":\"\",\"creator\":{\"login\":\"weizhouapache\",\"id\":57355700,\"node_id\":\"MDQ6VXNlcjU3MzU1NzAw\",\"avatar_url\":\"https://avatars.githubusercontent.com/u/57355700?v=4\",\"html_url\":\"https://github.com/weizhouapache\",\"gravatar_id\":\"\",\"type\":\"User\",\"site_admin\":false,\"url\":\"https://api.github.com/users/weizhouapache\",\"events_url\":\"https://api.github.com/users/weizhouapache/events{/privacy}\",\"following_url\":\"https://api.github.com/users/weizhouapache/following{/other_user}\",\"followers_url\":\"https://api.github.com/users/weizhouapache/followers\",\"gists_url\":\"https://api.github.com/users/weizhouapache/gists{/gist_id}\",\"organizations_url\":\"https://api.github.com/users/weizhouapache/orgs\",\"received_events_url\":\"https://api.github.com/users/weizhouapache/received_events\",\"repos_url\":\"https://api.github.com/users/weizhouapache/repos\",\"starred_url\":\"https://api.github.com/users/weizhouapache/starred{/owner}{/repo}\",\"subscriptions_url\":\"https://api.github.com/users/weizhouapache/subscriptions\"},\"open_issues\":274,\"closed_issues\":39,\"created_at\":\"2026-05-08T06:15:20Z\",\"updated_at\":\"2026-10-02T08:13:00Z\",\"node_id\":\"MI_kwDOAJTq2M4A8b7v\"},\"reactions\":{\"total_count\":1,\"+1\":1,\"-1\":0,\"laugh\":0,\"confused\":0,\"heart\":0,\"hooray\":0,\"rocket\":0,\"eyes\":0,\"url\":\"https://api.github.com/repos/apache/cloudstack/issues/6180/reactions\"},\"assignees\":[{\"login\":\"wido\",\"id\":326786,\"node_id\":\"MDQ6VXNlcjMyNjc4Ng==\",\"avatar_url\":\"https://avatars.githubusercontent.com/u/326786?v=4\",\"html_url\":\"https://github.com/wido\",\"gravatar_id\":\"\",\"type\":\"User\",\"site_admin\":false,\"url\":\"https://api.github.com/users/wido\",\"events_url\":\"https://api.github.com/users/wido/events{/privacy}\",\"following_url\":\"https://api.github.com/users/wido/following{/other_user}\",\"followers_url\":\"https://api.github.com/users/wido/followers\",\"gists_url\":\"https://api.github.com/users/wido/gists{/gist_id}\",\"organizations_url\":\"https://api.github.com/users/wido/orgs\",\"received_events_url\":\"https://api.github.com/users/wido/received_events\",\"repos_url\":\"https://api.github.com/users/wido/repos\",\"starred_url\":\"https://api.github.com/users/wido/starred{/owner}{/repo}\",\"subscriptions_url\":\"https://api.github.com/users/wido/subscriptions\"}],\"node_id\":\"I_kwDOAJTq2M5GvvjQ\",\"type\":{\"id\":93568,\"node_id\":\"IT_kwDNuP_OAAFtgA\",\"name\":\"Task\",\"description\":\"A specific piece of work\",\"color\":\"yellow\",\"created_at\":\"2024-01-25T09:11:09Z\",\"updated_at\":\"2024-07-26T10:04:57Z\"}},{\"id\":1194459728,\"number\":6212,\"state\":\"open\",\"locked\":false,\"title\":\"Export Virtual Router Health Checks to Prometheus\",\"body\":\"\\u003c!--\\r\\nVerify first that your issue/request is not already reported on GitHub.\\r\\nAlso test if the latest release and main branch are affected too.\\r\\nAlways add information AFTER of these HTML comments, but no need to delete the comments.\\r\\n--\\u003e\\r\\n\\r\\n##### ISSUE TYPE\\r\\n * Enhancement Request\\r\\n\\r\\n##### COMPONENT NAME\\r\\nAPI, VR\\r\\n\\r\\n##### CLOUDSTACK VERSION\\r\\n\\u003c!--\\r\\nNew line separated list of affected versions, commit ID for issues on main branch.\\r\\n--\\u003e\\r\\n\\r\\n~~~\\r\\n4.16.0.0\\r\\n~~~\\r\\nBut after my research, not available in current versions.\\r\\n\\r\\n##### CONFIGURATION\\r\\nN/A\\r\\n\\r\\n\\r\\n##### OS / ENVIRONMENT\\r\\nN/A\\r\\n\\r\\n\\r\\n##### SUMMARY\\r\\nFor monitoring of Virtual Routers, there seems to be no way of having the health check results in Prometheus metrics endpoint.\\r\\n\\r\\nCurrently, we are querying health check results with a pull based method for every Virtual Router, that is really inefficient on a large scale of routers.\\r\\n\\r\\n##### STEPS TO REPRODUCE\\r\\n- Enable Prometheus Metrics\\r\\n- Enable VR Health Checks\\r\\n- Query CloudStack `/metrics` endpoint\\r\\n\\r\\n##### EXPECTED RESULTS\\r\\nHave VR health check metrics exported at the `/metrics` endpoint.\\r\\n\\r\\nI thought of something like this, according to the current output of `getRouterHealthCheckResults`:\\r\\n\\r\\n~~~ini\\r\\n# TYPE cloudstack_virtualrouter_healthcheck_result stateset\\r\\n# HELP cloudstack_virtualrouter_healthcheck_result Virtual Router Health Check result\\r\\ncloudstack_virtualrouter_healthcheck_result{checkname=\\\"connectivity.test\\\",zone=\\\"zone1\\\",virtualrouter=\\\"i-123456-VM\\\",network=\\\"test-network\\\"} 1\\r\\n\\r\\n# TYPE cloudstack_virtualrouter_healthcheck_lastcheck gauge\\r\\n# HELP cloudstack_virtualrouter_healthcheck_lastcheck Virtual Router Health Check lastcheck timestamp\\r\\n# UNIT cloudstack_virtualrouter_healthcheck_lastcheck seconds\\r\\ncloudstack_virtualrouter_healthcheck_lastcheck{checkname=\\\"connectivity.test\\\",zone=\\\"zone1\\\",virtualrouter=\\\"i-123456-VM\\\",network=\\\"test-network\\\"} 1649228157\\r\\n~~~\\r\\n\\r\\nMaybe this is not 100% accurate to OpenMetrics, but I tried to follow the guidelines. Maybe somebody with more knowledge can have a look.\\r\\n\\r\\nA drawback with this solution would be that we lose information of the check result message, as Prometheus is not designed to handle this.\\r\\n\\r\\n##### ACTUAL RESULTS\\r\\nVirtual Router Health Checks not present on the CloudStack Prometheus metrics endpoint\\r\\n\",\"author_association\":\"NONE\",\"user\":{\"login\":\"joschi36\",\"id\":4538306,\"node_id\":\"MDQ6VXNlcjQ1MzgzMDY=\",\"avatar_url\":\"https://avatars.githubusercontent.com/u/4538306?v=4\",\"html_url\":\"https://github.com/joschi36\",\"gravatar_id\":\"\",\"type\":\"User\",\"site_admin\":false,\"url\":\"https://api.github.com/users/joschi36\",\"events_url\":\"https://api.github.com/users/joschi36/events{/privacy}\",\"following_url\":\"https://api.github.com/users/joschi36/following{/other_user}\",\"followers_url\":\"https://api.github.com/users/joschi36/followers\",\"gists_url\":\"https://api.github.com/users/joschi36/gists{/gist_id}\",\"organizations_url\":\"https://api.github.com/users/joschi36/orgs\",\"received_events_url\":\"https://api.github.com/users/joschi36/received_events\",\"repos_url\":\"https://api.github.com/users/joschi36/repos\",\"starred_url\":\"https://api.github.com/users/joschi36/starred{/owner}{/repo}\",\"subscriptions_url\":\"https://api.github.com/users/joschi36/subscriptions\"},\"labels\":[{\"id\":37843366,\"url\":\"https://api.github.com/repos/apache/cloudstack/labels/type:enhancement\",\"name\":\"type:enhancement\",\"color\":\"84b6eb\",\"description\":\"\",\"default\":false,\"node_id\":\"MDU6TGFiZWwzNzg0MzM2Ng==\"},{\"id\":5651870091,\"url\":\"https://api.github.com/repos/apache/cloudstack/labels/component:prometheus\",\"name\":\"component:prometheus\",\"color\":\"E265FC\",\"description\":\"\",\"default\":false,\"node_id\":\"LA_kwDOAJTq2M8AAAABUOCxiw\"}],\"assignee\":{\"login\":\"NuxRo\",\"id\":2357012,\"node_id\":\"MDQ6VXNlcjIzNTcwMTI=\",\"avatar_url\":\"https://avatars.githubusercontent.com/u/2357012?v=4\",\"html_url\":\"https://github.com/NuxRo\",\"gravatar_id\":\"\",\"type\":\"User\",\"site_admin\":false,\"url\":\"https://api.github.com/users/NuxRo\",\"events_url\":\"https://api.github.com/users/NuxRo/events{/privacy}\",\"following_url\":\"https://api.github.com/users/NuxRo/following{/other_user}\",\"followers_url\":\"https://api.github.com/users/NuxRo/followers\",\"gists_url\":\"https://api.github.com/users/NuxRo/gists{/gist_id}\",\"organizations_url\":\"https://api.github.com/users/NuxRo/orgs\",\"received_events_url\":\"https://api.github.com/users/NuxRo/received_events\",\"repos_url\":\"https://api.github.com/users/NuxRo/repos\",\"starred_url\":\"https://api.github.com/users/NuxRo/starred{/owner}{/repo}\",\"subscriptions_url\":\"https://api.github.com/users/NuxRo/subscriptions\"},\"comments\":3,\"created_at\":\"2022-04-06T11:17:52Z\",\"updated_at\":\"2026-07-08T08:26:41Z\",\"url\":\"https://api.github.com/repos/apache/cloudstack/issues/6212\",\"html_url\":\"https://github.com/apache/cloudstack/issues/6212\",\"comments_url\":\"https://api.github.com/repos/apache/cloudstack/issues/6212/comments\",\"events_url\":\"https://api.github.com/repos/apache/cloudstack/issues/6212/events\",\"labels_url\":\"https://api.github.com/repos/apache/cloudstack/issues/6212/labels{/name}\",\"repository_url\":\"https://api.github.com/repos/apache/cloudstack\",\"milestone\":{\"url\":\"https://api.github.com/repos/apache/cloudstack/milestones/47\",\"html_url\":\"https://github.com/apache/cloudstack/milestone/47\",\"labels_url\":\"https://api.github.com/repos/apache/cloudstack/milestones/47/labels\",\"id\":15843055,\"number\":47,\"state\":\"open\",\"title\":\"24.0\",\"description\":\"\",\"creator\":{\"login\":\"weizhouapache\",\"id\":57355700,\"node_id\":\"MDQ6VXNlcjU3MzU1NzAw\",\"avatar_url\":\"https://avatars.githubusercontent.com/u/57355700?v=4\",\"html_url\":\"https://github.com/weizhouapache\",\"gravatar_id\":\"\",\"type\":\"User\",\"site_admin\":false,\"url\":\"https://api.github.com/users/weizhouapache\",\"events_url\":\"https://api.github.com/users/weizhouapache/events{/privacy}\",\"following_url\":\"https://api.github.com/users/weizhouapache/following{/other_user}\",\"followers_url\":\"https://api.github.com/users/weizhouapache/followers\",\"gists_url\":\"https://api.github.com/users/weizhouapache/gists{/gist_id}\",\"organizations_url\":\"https://api.github.com/users/weizhouapache/orgs\",\"received_events_url\":\"https://api.github.com/users/weizhouapache/received_events\",\"repos_url\":\"https://api.github.com/users/weizhouapache/repos\",\"starred_url\":\"https://api.github.com/users/weizhouapache/starred{/owner}{/repo}\",\"subscriptions_url\":\"https://api.github.com/users/weizhouapache/subscriptions\"},\"open_issues\":274,\"closed_issues\":39,\"created_at\":\"2026-05-08T06:15:20Z\",\"updated_at\":\"2026-10-02T08:13:00Z\",\"node_id\":\"MI_kwDOAJTq2M4A8b7v\"},\"reactions\":{\"total_count\":0,\"+1\":0,\"-1\":0,\"laugh\":0,\"confused\":0,\"heart\":0,\"hooray\":0,\"rocket\":0,\"eyes\":0,\"url\":\"https://api.github.com/repos/apache/cloudstack/issues/6212/reactions\"},\"assignees\":[{\"login\":\"NuxRo\",\"id\":2357012,\"node_id\":\"MDQ6VXNlcjIzNTcwMTI=\",\"avatar_url\":\"https://avatars.githubusercontent.com/u/2357012?v=4\",\"html_url\":\"https://github.com/NuxRo\",\"gravatar_id\":\"\",\"type\":\"User\",\"site_admin\":false,\"url\":\"https://api.github.com/users/NuxRo\",\"events_url\":\"https://api.github.com/users/NuxRo/events{/privacy}\",\"following_url\":\"https://api.github.com/users/NuxRo/following{/other_user}\",\"followers_url\":\"https://api.github.com/users/NuxRo/followers\",\"gists_url\":\"https://api.github.com/users/NuxRo/gists{/gist_id}\",\"organizations_url\":\"https://api.github.com/users/NuxRo/orgs\",\"received_events_url\":\"https://api.github.com/users/NuxRo/received_events\",\"repos_url\":\"https://api.github.com/users/NuxRo/repos\",\"starred_url\":\"https://api.github.com/users/NuxRo/starred{/owner}{/repo}\",\"subscriptions_url\":\"https://api.github.com/users/NuxRo/subscriptions\"}],\"node_id\":\"I_kwDOAJTq2M5HMgJQ\",\"type\":{\"id\":93574,\"node_id\":\"IT_kwDNuP_OAAFthg\",\"name\":\"Feature\",\"description\":\"A request, idea, or new functionality\",\"color\":\"blue\",\"created_at\":\"2024-01-25T09:11:09Z\",\"updated_at\":\"2024-10-08T08:30:20Z\"}},{\"id\":1236842567,\"number\":6391,\"state\":\"open\",\"locked\":false,\"title\":\"Py3 component tests fixes\",\"body\":\"\\u003c!--\\r\\nVerify first that your issue/request is not already reported on GitHub.\\r\\nAlso test if the latest release and main branch are affected too.\\r\\nAlways add information AFTER of these HTML comments, but no need to delete the comments.\\r\\n--\\u003e\\r\\n\\r\\n##### ISSUE TYPE\\r\\n\\u003c!-- Pick one below and delete the rest --\\u003e\\r\\n * Improvement Request\\r\\n\\r\\n##### COMPONENT NAME\\r\\n\\u003c!--\\r\\nCategorize the issue, e.g. API, VR, VPN, UI, etc.\\r\\n--\\u003e\\r\\n~~~\\r\\nComponent tests\\r\\n~~~\\r\\n\\r\\n##### CLOUDSTACK VERSION\\r\\n\\u003c!--\\r\\nNew line separated list of affected versions, commit ID for issues on main branch.\\r\\n--\\u003e\\r\\n\\r\\n~~~\\r\\n4.16+\\r\\n~~~\\r\\n\\r\\n##### CONFIGURATION\\r\\n\\u003c!--\\r\\nInformation about the configuration if relevant, e.g. basic network, advanced networking, etc.  N/A otherwise\\r\\n--\\u003e\\r\\nNA\\r\\n\\r\\n##### OS / ENVIRONMENT\\r\\n\\u003c!--\\r\\nInformation about the environment if relevant, N/A otherwise\\r\\n--\\u003e\\r\\nNA\\r\\n\\r\\n##### SUMMARY\\r\\n\\u003c!-- Explain the problem/feature briefly --\\u003e\\r\\nthe component tests have been ported to python3 but a lot of them are non functional. In #5442 a start was made but this is going to require more work than should be stuffed in a single PR. Below is a list of the component test that need looking at. Some can be assessed and disgarded. Others should be fixed.\\r\\n\\r\\n- [ ] test_add_remove_network.py\\r\\n- [ ] test_affinity_groups_projects.py\\r\\n- [ ] test_affinity_groups.py\\r\\n- [ ] test_base_image_updation.py\\r\\n- [ ] test_blocker_bugs.py\\r\\n- [ ] test_browse_templates.py\\r\\n- [ ] test_browse_volumes.py\\r\\n- [ ] test_bugs.py\\r\\n- [ ] test_configdrive.py\\r\\n- [ ] test_dedicate_guest_vlan_ranges.py\\r\\n- [ ] test_dedicate_public_ip_range.py\\r\\n- [ ] test_dhcp_dns_offload.py\\r\\n- [ ] test_egress_fw_rules.py\\r\\n- [ ] test_escalation_listTemplateDomainAdmin.py\\r\\n- [ ] test_escalations_hosts.py\\r\\n- [ ] test_escalations_ipaddresses.py\\r\\n- [ ] test_escalations_networks.py\\r\\n- [ ] test_escalations_volumes.py\\r\\n- [ ] test_escalations_vpncustomergateways.py\\r\\n- [ ] test_escalation_templates.py\\r\\n- [ ] test_explicit_dedication.py\\r\\n- [ ] test_ha_pool_maintenance.py\\r\\n- [ ] test_high_availability.py\\r\\n- [ ] test_implicit_planner.py\\r\\n- [ ] test_ip_resource_count_for_vpc.py\\r\\n- [ ] test_multiple_public_interfaces.py\\r\\n- [ ] test_organization_states.py\\r\\n- [ ] test_persistent_networks.py\\r\\n- [ ] test_portable_ip.py\\r\\n- [ ] test_ps_resource_limits_volume.py\\r\\n- [ ] test_redundant_router_cleanups.py\\r\\n- [ ] test_redundant_router_deployment_planning.py\\r\\n- [ ] test_redundant_router_network_rules.py\\r\\n- [ ] test_redundant_router.py\\r\\n- [ ] test_reset_ssh_keypair.py\\r\\n- [ ] test_rootvolume_resize.py\\r\\n- [ ] test_shared_networks.py\\r\\n- [ ] test_snapshots.py\\r\\n- [ ] test_ss_limits.py\\r\\n- [ ] test_ss_max_limits.py\\r\\n- [ ] test_ss_project_limits.py\\r\\n- [ ] test_stopped_vm.py\\r\\n- [ ] test_storage_motion.py\\r\\n- [ ] test_tags.py\\r\\n- [ ] test_volumes.py\\r\\n- [ ] test_vpc_host_maintenance.py\\r\\n- [ ] test_vpc_network_internal_lbrules.py\\r\\n- [ ] test_vpc_network_pfrules.py\\r\\n- [ ] test_vpc_network.py\\r\\n- [ ] test_vpc_network_staticnatrule.py\\r\\n- [ ] test_vpc_offerings.py\\r\\n- [ ] test_vpc_routers.py\\r\\n- [ ] test_vpc_vm_life_cycle.py\\r\\n- [ ] test_vpc_vms_deployment.py\\r\\n- [ ] test_vpn_service.py\\r\\n- [ ] test_vpn_users.py\\r\\n- [ ] test_vr_metadata.py\\r\\n- [ ] test_zone_level_local_storage_setting.py\\r\\n\\r\\n##### STEPS TO REPRODUCE\\r\\n\\u003c!--\\r\\nFor bugs, show exactly how to reproduce the problem, using a minimal test-case. Use Screenshots if accurate.\\r\\n\\r\\nFor new features, show how the feature would be used.\\r\\n--\\u003e\\r\\n\\r\\n\\u003c!-- Paste example playbooks or commands between quotes below --\\u003e\\r\\n~~~\\r\\n\\r\\n~~~\\r\\n\\r\\n\\u003c!-- You can also paste gist.github.com links for larger files --\\u003e\\r\\n\\r\\n##### EXPECTED RESULTS\\r\\n\\u003c!-- What did you expect to happen when running the steps above? --\\u003e\\r\\n\\r\\n~~~\\r\\n\\r\\n~~~\\r\\n\\r\\n##### ACTUAL RESULTS\\r\\n\\u003c!-- What actually happened? --\\u003e\\r\\n\\r\\n\\u003c!-- Paste verbatim command output between quotes below --\\u003e\\r\\n~~~\\r\\n\\r\\n~~~\\r\\n\",\"author_association\":\"CONTRIBUTOR\",\"user\":{\"login\":\"DaanHoogland\",\"id\":2486961,\"node_id\":\"MDQ6VXNlcjI0ODY5NjE=\",\"avatar_url\":\"https://avatars.githubusercontent.com/u/2486961?v=4\",\"html_url\":\"https://github.com/DaanHoogland\",\"gravatar_id\":\"\",\"type\":\"User\",\"site_admin\":false,\"url\":\"https://api.github.com/users/DaanHoogland\",\"events_url\":\"https://api.github.com/users/DaanHoogland/events{/privacy}\",\"following_url\":\"https://api.github.com/users/DaanHoogland/following{/other_user}\",\"followers_url\":\"https://api.github.com/users/DaanHoogland/followers\",\"gists_url\":\"https://api.github.com/users/DaanHoogland/gists{/gist_id}\",\"organizations_url\":\"https://api.github.com/users/DaanHoogland/orgs\",\"received_events_url\":\"https://api.github.com/users/DaanHoogland/received_events\",\"repos_url\":\"https://api.github.com/users/DaanHoogland/repos\",\"starred_url\":\"https://api.github.com/users/DaanHoogland/starred{/owner}{/repo}\",\"subscriptions_url\":\"https://api.github.com/users/DaanHoogland/subscriptions\"},\"labels\":[{\"id\":817420428,\"url\":\"https://api.github.com/repos/apache/cloudstack/labels/type:improvement\",\"name\":\"type:improvement\",\"color\":\"a5f9ff\",\"description\":\"\",\"default\":false,\"node_id\":\"MDU6TGFiZWw4MTc0MjA0Mjg=\"},{\"id\":1250051362,\"url\":\"https://api.github.com/repos/apache/cloudstack/labels/python3\",\"name\":\"python3\",\"color\":\"ccdcff\",\"description\":\"\",\"default\":false,\"node_id\":\"MDU6TGFiZWwxMjUwMDUxMzYy\"},{\"id\":2510052725,\"url\":\"https://api.github.com/repos/apache/cloudstack/labels/component:integration-test\",\"name\":\"component:integration-test\",\"color\":\"e858a2\",\"description\":\"\",\"default\":false,\"node_id\":\"MDU6TGFiZWwyNTEwMDUyNzI1\"}],\"comments\":5,\"created_at\":\"2022-05-16T09:02:11Z\",\"updated_at\":\"2026-05-21T14:21:32Z\",\"url\":\"https://api.github.com/repos/apache/cloudstack/issues/6391\",\"html_url\":\"https://github.com/apache/cloudstack/issues/6391\",\"comments_url\":\"https://api.github.com/repos/apache/cloudstack/issues/6391/comments\",\"events_url\":\"https://api.github.com/repos/apache/cloudstack/issues/6391/events\",\"labels_url\":\"https://api.github.com/repos/apache/cloudstack/issues/6391/labels{/name}\",\"repository_url\":\"https://api.github.com/repos/apache/cloudstack\",\"milestone\":{\"url\":\"https://api.github.com/repos/apache/cloudstack/milestones/47\",\"html_url\":\"https://github.com/apache/cloudstack/milestone/47\",\"labels_url\":\"https://api.github.com/repos/apache/cloudstack/milestones/47/labels\",\"id\":15843055,\"number\":47,\"state\":\"open\",\"title\":\"24.0\",\"description\":\"\",\"creator\":{\"login\":\"weizhouapache\",\"id\":57355700,\"node_id\":\"MDQ6VXNlcjU3MzU1NzAw\",\"avatar_url\":\"https://avatars.githubusercontent.com/u/57355700?v=4\",\"html_url\":\"https://github.com/weizhouapache\",\"gravatar_id\":\"\",\"type\":\"User\",\"site_admin\":false,\"url\":\"https://api.github.com/users/weizhouapache\",\"events_url\":\"https://api.github.com/users/weizhouapache/events{/privacy}\",\"following_url\":\"https://api.github.com/users/weizhouapache/following{/other_user}\",\"followers_url\":\"https://api.github.com/users/weizhouapache/followers\",\"gists_url\":\"https://api.github.com/users/weizhouapache/gists{/gist_id}\",\"organizations_url\":\"https://api.github.com/users/weizhouapache/orgs\",\"received_events_url\":\"https://api.github.com/users/weizhouapache/received_events\",\"repos_url\":\"https://api.github.com/users/weizhouapache/repos\",\"starred_url\":\"https://api.github.com/users/weizhouapache/starred{/owner}{/repo}\",\"subscriptions_url\":\"https://api.github.com/users/weizhouapache/subscriptions\"},\"open_issues\":274,\"closed_issues\":39,\"created_at\":\"2026-05-08T06:15:20Z\",\"updated_at\":\"2026-10-02T08:13:00Z\",\"node_id\":\"MI_kwDOAJTq2M4A8b7v\"},\"reactions\":{\"total_count\":0,\"+1\":0,\"-1\":0,\"laugh\":0,\"confused\":0,\"heart\":0,\"hooray\":0,\"rocket\":0,\"eyes\":0,\"url\":\"https://api.github.com/repos/apache/cloudstack/issues/6391/reactions\"},\"node_id\":\"I_kwDOAJTq2M5JuLhH\",\"type\":{\"id\":93570,\"node_id\":\"IT_kwDNuP_OAAFtgg\",\"name\":\"Bug\",\"description\":\"An unexpected problem or behavior\",\"color\":\"red\",\"created_at\":\"2024-01-25T09:11:09Z\",\"updated_at\":\"2024-07-26T10:04:57Z\"}},{\"id\":1253111992,\"number\":6424,\"state\":\"open\",\"locked\":false,\"title\":\"Refactor: implement the managesnapshot.sh features via Java and remove the script\",\"body\":\"Several snapshot functionalities, in KVM, are implemented via the script `scripts/storage/qcow2/managesnapshot.sh`.  From https://github.com/apache/cloudstack/pull/6422#discussion_r884991838 came the idea to improve these processes by ​​implementing the functionalities via Java, adding documentation, unit tests and logs.\\r\\n\\r\\n##### ISSUE TYPE\\r\\n * Improvement Request\\r\\n\\r\\n##### COMPONENT NAME\\r\\nKVM\",\"author_association\":\"CONTRIBUTOR\",\"user\":{\"login\":\"GutoVeronezi\",\"id\":38945620,\"node_id\":\"MDQ6VXNlcjM4OTQ1NjIw\",\"avatar_url\":\"https://avatars.githubusercontent.com/u/38945620?v=4\",\"html_url\":\"https://github.com/GutoVeronezi\",\"gravatar_id\":\"\",\"type\":\"User\",\"site_admin\":false,\"url\":\"https://api.github.com/users/GutoVeronezi\",\"events_url\":\"https://api.github.com/users/GutoVeronezi/events{/privacy}\",\"following_url\":\"https://api.github.com/users/GutoVeronezi/following{/other_user}\",\"followers_url\":\"https://api.github.com/users/GutoVeronezi/followers\",\"gists_url\":\"https://api.github.com/users/GutoVeronezi/gists{/gist_id}\",\"organizations_url\":\"https://api.github.com/users/GutoVeronezi/orgs\",\"received_events_url\":\"https://api.github.com/users/GutoVeronezi/received_events\",\"repos_url\":\"https://api.github.com/users/GutoVeronezi/repos\",\"starred_url\":\"https://api.github.com/users/GutoVeronezi/starred{/owner}{/repo}\",\"subscriptions_url\":\"https://api.github.com/users/GutoVeronezi/subscriptions\"},\"labels\":[{\"id\":584072971,\"url\":\"https://api.github.com/repos/apache/cloudstack/labels/component:kvm\",\"name\":\"component:kvm\",\"color\":\"006b75\",\"description\":\"\",\"default\":false,\"node_id\":\"MDU6TGFiZWw1ODQwNzI5NzE=\"},{\"id\":817420428,\"url\":\"https://api.github.com/repos/apache/cloudstack/labels/type:improvement\",\"name\":\"type:improvement\",\"color\":\"a5f9ff\",\"description\":\"\",\"default\":false,\"node_id\":\"MDU6TGFiZWw4MTc0MjA0Mjg=\"},{\"id\":9849008471,\"url\":\"https://api.github.com/repos/apache/cloudstack/labels/no-issue-activity\",\"name\":\"no-issue-activity\",\"color\":\"ededed\",\"default\":false,\"node_id\":\"LA_kwDOAJTq2M8AAAACSwvxVw\"}],\"comments\":6,\"created_at\":\"2022-05-30T20:54:02Z\",\"updated_at\":\"2026-05-23T02:17:33Z\",\"url\":\"https://api.github.com/repos/apache/cloudstack/issues/6424\",\"html_url\":\"https://github.com/apache/cloudstack/issues/6424\",\"comments_url\":\"https://api.github.com/repos/apache/cloudstack/issues/6424/comments\",\"events_url\":\"https://api.github.com/repos/apache/cloudstack/issues/6424/events\",\"labels_url\":\"https://api.github.com/repos/apache/cloudstack/issues/6424/labels{/name}\",\"repository_url\":\"https://api.github.com/repos/apache/cloudstack\",\"milestone\":{\"url\":\"https://api.github.com/repos/apache/cloudstack/milestones/19\",\"html_url\":\"https://github.com/apache/cloudstack/milestone/19\",\"labels_url\":\"https://api.github.com/repos/apache/cloudstack/milestones/19/labels\",\"id\":6265435,\"number\":19,\"state\":\"open\",\"title\":\"unplanned\",\"creator\":{\"login\":\"DaanHoogland\",\"id\":2486961,\"node_id\":\"MDQ6VXNlcjI0ODY5NjE=\",\"avatar_url\":\"https://avatars.githubusercontent.com/u/2486961?v=4\",\"html_url\":\"https://github.com/DaanHoogland\",\"gravatar_id\":\"\",\"type\":\"User\",\"site_admin\":false,\"url\":\"https://api.github.com/users/DaanHoogland\",\"events_url\":\"https://api.github.com/users/DaanHoogland/events{/privacy}\",\"following_url\":\"https://api.github.com/users/DaanHoogland/following{/other_user}\",\"followers_url\":\"https://api.github.com/users/DaanHoogland/followers\",\"gists_url\":\"https://api.github.com/users/DaanHoogland/gists{/gist_id}\",\"organizations_url\":\"https://api.github.com/users/DaanHoogland/orgs\",\"received_events_url\":\"https://api.github.com/users/DaanHoogland/received_events\",\"repos_url\":\"https://api.github.com/users/DaanHoogland/repos\",\"starred_url\":\"https://api.github.com/users/DaanHoogland/starred{/owner}{/repo}\",\"subscriptions_url\":\"https://api.github.com/users/DaanHoogland/subscriptions\"},\"open_issues\":185,\"closed_issues\":1302,\"created_at\":\"2021-01-04T09:07:50Z\",\"updated_at\":\"2026-09-24T11:01:33Z\",\"node_id\":\"MDk6TWlsZXN0b25lNjI2NTQzNQ==\"},\"reactions\":{\"total_count\":0,\"+1\":0,\"-1\":0,\"laugh\":0,\"confused\":0,\"heart\":0,\"hooray\":0,\"rocket\":0,\"eyes\":0,\"url\":\"https://api.github.com/repos/apache/cloudstack/issues/6424/reactions\"},\"node_id\":\"I_kwDOAJTq2M5KsPi4\",\"type\":{\"id\":93574,\"node_id\":\"IT_kwDNuP_OAAFthg\",\"name\":\"Feature\",\"description\":\"A request, idea, or new functionality\",\"color\":\"blue\",\"created_at\":\"2024-01-25T09:11:09Z\",\"updated_at\":\"2024-10-08T08:30:20Z\"}},{\"id\":1340454972,\"number\":6647,\"state\":\"open\",\"locked\":false,\"title\":\"A button \\\"resume download\\\" is needed to finish-up template downloading under images/Templates/zones\",\"body\":\"\\u003c!--\\r\\nVerify first that your issue/request is not already reported on GitHub.\\r\\nAlso test if the latest release and main branch are affected too.\\r\\nAlways add information AFTER of these HTML comments, but no need to delete the comments.\\r\\n--\\u003e\\r\\n\\r\\n\\r\\n##### ISSUE TYPE\\r\\n\\u003c!-- Pick one below and delete the rest --\\u003e\\r\\n * Improvement Request\\r\\n * Enhancement Request\\r\\n\\r\\n##### COMPONENT NAME\\r\\n\\u003c!--\\r\\nCategorize the issue, e.g. API, VR, VPN, UI, etc.\\r\\n--\\u003e\\r\\n~~~\\r\\nUI\\r\\n~~~\\r\\n\\r\\n##### CLOUDSTACK VERSION\\r\\n\\u003c!--\\r\\nNew line separated list of affected versions, commit ID for issues on main branch.\\r\\n--\\u003e\\r\\n\\r\\n~~~\\r\\n4.17.0.1\\r\\n~~~\\r\\n\\r\\n##### CONFIGURATION\\r\\n\\u003c!--\\r\\nInformation about the configuration if relevant, e.g. basic network, advanced networking, etc.  N/A otherwise\\r\\n--\\u003e\\r\\nAdvanced Networking\\r\\n\\r\\n##### OS / ENVIRONMENT\\r\\n\\u003c!--\\r\\nInformation about the environment if relevant, N/A otherwise\\r\\n--\\u003e\\r\\nRHEL-7.9\\r\\n\\r\\n##### SUMMARY\\r\\n\\u003c!-- Explain the problem/feature briefly --\\u003e\\r\\nWhile a template is being uploaded/pushed to a specific zone due to network issues the image/template was not fully downloaded onto that zone. Currently the download percentage is showing as 31%, and even though the management server was bounced yet the download is not getting completed and am looking for a button to resume the download but there is none.\\r\\n\\r\\n##### STEPS TO REPRODUCE\\r\\n\\u003c!--\\r\\nFor bugs, show exactly how to reproduce the problem, using a minimal test-case. Use Screenshots if accurate.\\r\\nFor new features, show how the feature would be used.\\r\\n--\\u003e\\r\\n\\r\\n\\u003c!-- Paste example playbooks or commands between quotes below --\\u003e\\r\\n~~~\\r\\nstep1: Navigate to images/templates and click \\\"Register template from URL\\\"\\r\\nstep2: Fill-up the form to download the template to the desired zone and click OK\\r\\nstep3: While the template is being downloaded - due to network outages or the apache server where qcow2 templates are kept suddenly goes down this will interrupt the template downloading to a specific zone(s).\\r\\nstep4: Once the network outage is resolved, the user should be in a position to \\\"resume download\\\" on images/Templates/zones tab which is NOT available at the moment, hence creating this enhancement request\\r\\n~~~\\r\\n\\r\\n\\u003c!-- You can also paste gist.github.com links for larger files --\\u003e\\r\\n\\r\\n##### EXPECTED RESULTS\\r\\n\\u003c!-- What did you expect to happen when running the steps above? --\\u003e\\r\\n\\r\\n~~~\\r\\nAs soon as the network issue is resolved, the user should be able to resume the template download by clicking \\\"Resume Download\\\" button. \\r\\n~~~\\r\\n\\r\\n##### ACTUAL RESULTS\\r\\n\\u003c!-- What actually happened? --\\u003e\\r\\n\\r\\n\\u003c!-- Paste verbatim command output between quotes below --\\u003e\\r\\n~~~\\r\\nthere is no button to resume the template download; \\r\\n~~~\\r\\n\\r\\n![template-download-issues](https://user-images.githubusercontent.com/61292595/184982277-f94f0a9c-d409-443b-b933-7af37d294976.png)\\r\\n\\r\\n\",\"author_association\":\"NONE\",\"user\":{\"login\":\"gg4126\",\"id\":61292595,\"node_id\":\"MDQ6VXNlcjYxMjkyNTk1\",\"avatar_url\":\"https://avatars.githubusercontent.com/u/61292595?v=4\",\"html_url\":\"https://github.com/gg4126\",\"gravatar_id\":\"\",\"type\":\"User\",\"site_admin\":false,\"url\":\"https://api.github.com/users/gg4126\",\"events_url\":\"https://api.github.com/users/gg4126/events{/privacy}\",\"following_url\":\"https://api.github.com/users/gg4126/following{/other_user}\",\"followers_url\":\"https://api.github.com/users/gg4126/followers\",\"gists_url\":\"https://api.github.com/users/gg4126/gists{/gist_id}\",\"organizations_url\":\"https://api.github.com/users/gg4126/orgs\",\"received_events_url\":\"https://api.github.com/users/gg4126/received_events\",\"repos_url\":\"https://api.github.com/users/gg4126/repos\",\"starred_url\":\"https://api.github.com/users/gg4126/starred{/owner}{/repo}\",\"subscriptions_url\":\"https://api.github.com/users/gg4126/subscriptions\"},\"labels\":[{\"id\":817420428,\"url\":\"https://api.github.com/repos/apache/cloudstack/labels/type:improvement\",\"name\":\"type:improvement\",\"color\":\"a5f9ff\",\"description\":\"\",\"default\":false,\"node_id\":\"MDU6TGFiZWw4MTc0MjA0Mjg=\"},{\"id\":9849008471,\"url\":\"https://api.github.com/repos/apache/cloudstack/labels/no-issue-activity\",\"name\":\"no-issue-activity\",\"color\":\"ededed\",\"default\":false,\"node_id\":\"LA_kwDOAJTq2M8AAAACSwvxVw\"}],\"comments\":13,\"created_at\":\"2022-08-16T14:35:52Z\",\"updated_at\":\"2026-05-23T02:17:30Z\",\"url\":\"https://api.github.com/repos/apache/cloudstack/issues/6647\",\"html_url\":\"https://github.com/apache/cloudstack/issues/6647\",\"comments_url\":\"https://api.github.com/repos/apache/cloudstack/issues/6647/comments\",\"events_url\":\"https://api.github.com/repos/apache/cloudstack/issues/6647/events\",\"labels_url\":\"https://api.github.com/repos/apache/cloudstack/issues/6647/labels{/name}\",\"repository_url\":\"https://api.github.com/repos/apache/cloudstack\",\"milestone\":{\"url\":\"https://api.github.com/repos/apache/cloudstack/milestones/19\",\"html_url\":\"https://github.com/apache/cloudstack/milestone/19\",\"labels_url\":\"https://api.github.com/repos/apache/cloudstack/milestones/19/labels\",\"id\":6265435,\"number\":19,\"state\":\"open\",\"title\":\"unplanned\",\"creator\":{\"login\":\"DaanHoogland\",\"id\":2486961,\"node_id\":\"MDQ6VXNlcjI0ODY5NjE=\",\"avatar_url\":\"https://avatars.githubusercontent.com/u/2486961?v=4\",\"html_url\":\"https://github.com/DaanHoogland\",\"gravatar_id\":\"\",\"type\":\"User\",\"site_admin\":false,\"url\":\"https://api.github.com/users/DaanHoogland\",\"events_url\":\"https://api.github.com/users/DaanHoogland/events{/privacy}\",\"following_url\":\"https://api.github.com/users/DaanHoogland/following{/other_user}\",\"followers_url\":\"https://api.github.com/users/DaanHoogland/followers\",\"gists_url\":\"https://api.github.com/users/DaanHoogland/gists{/gist_id}\",\"organizations_url\":\"https://api.github.com/users/DaanHoogland/orgs\",\"received_events_url\":\"https://api.github.com/users/DaanHoogland/received_events\",\"repos_url\":\"https://api.github.com/users/DaanHoogland/repos\",\"starred_url\":\"https://api.github.com/users/DaanHoogland/starred{/owner}{/repo}\",\"subscriptions_url\":\"https://api.github.com/users/DaanHoogland/subscriptions\"},\"open_issues\":185,\"closed_issues\":1302,\"created_at\":\"2021-01-04T09:07:50Z\",\"updated_at\":\"2026-09-24T11:01:33Z\",\"node_id\":\"MDk6TWlsZXN0b25lNjI2NTQzNQ==\"},\"reactions\":{\"total_count\":0,\"+1\":0,\"-1\":0,\"laugh\":0,\"confused\":0,\"heart\":0,\"hooray\":0,\"rocket\":0,\"eyes\":0,\"url\":\"https://api.github.com/repos/apache/cloudstack/issues/6647/reactions\"},\"node_id\":\"I_kwDOAJTq2M5P5bg8\",\"type\":{\"id\":93574,\"node_id\":\"IT_kwDNuP_OAAFthg\",\"name\":\"Feature\",\"description\":\"A request, idea, or new functionality\",\"color\":\"blue\",\"created_at\":\"2024-01-25T09:11:09Z\",\"updated_at\":\"2024-10-08T08:30:20Z\"}},{\"id\":1349721393,\"number\":6672,\"state\":\"open\",\"locked\":false,\"title\":\"After removing SAML auth, user should be able to login via password directly\",\"body\":\"##### ISSUE TYPE\\r\\n * Bug Report\\r\\n\\r\\n##### COMPONENT NAME\\r\\n~~~\\r\\nAPI via cmk\\r\\n~~~\\r\\n\\r\\n##### CLOUDSTACK VERSION\\r\\n~~~\\r\\n4.17.0.1\\r\\n~~~\\r\\n\\r\\n##### CONFIGURATION\\r\\nN/A\\r\\n\\r\\n\\r\\n##### OS / ENVIRONMENT\\r\\nN/A\\r\\n\\r\\n\\r\\n##### SUMMARY\\r\\n\\u003c!-- Explain the problem/feature briefly --\\u003e\\r\\n\\r\\n\\r\\n##### STEPS TO REPRODUCE\\r\\n~~~\\r\\nstep1: add user, add password for this user, play with this user.\\r\\nstep2: enable SAML SSO authentication for this user, either by webui or API\\r\\nstep3: When you choose to remove the SAML SSO authentication, via cmk : authorize samlsso enable=false userid=myuser id\\r\\nstep4: Try to login on webui with failure :)\\r\\n~~~\\r\\n\\r\\n\\r\\n\\r\\n##### EXPECTED RESULTS\\r\\nUser should be able to login on cloudstack web UI\\r\\nWhen SSO is disable the field \\\"source\\\" on user table is SAML2DISABLED\\r\\nWhen SSO has never been activated (and user is able to login via cloudstack directly) this field must be UNKNOWN.\\r\\n\\r\\n##### ACTUAL RESULTS\\r\\nUser can't login on cloudstack web UI\\r\\n\",\"author_association\":\"NONE\",\"user\":{\"login\":\"atmaniak\",\"id\":800433,\"node_id\":\"MDQ6VXNlcjgwMDQzMw==\",\"avatar_url\":\"https://avatars.githubusercontent.com/u/800433?v=4\",\"html_url\":\"https://github.com/atmaniak\",\"gravatar_id\":\"\",\"type\":\"User\",\"site_admin\":false,\"url\":\"https://api.github.com/users/atmaniak\",\"events_url\":\"https://api.github.com/users/atmaniak/events{/privacy}\",\"following_url\":\"https://api.github.com/users/atmaniak/following{/other_user}\",\"followers_url\":\"https://api.github.com/users/atmaniak/followers\",\"gists_url\":\"https://api.github.com/users/atmaniak/gists{/gist_id}\",\"organizations_url\":\"https://api.github.com/users/atmaniak/orgs\",\"received_events_url\":\"https://api.github.com/users/atmaniak/received_events\",\"repos_url\":\"https://api.github.com/users/atmaniak/repos\",\"starred_url\":\"https://api.github.com/users/atmaniak/starred{/owner}{/repo}\",\"subscriptions_url\":\"https://api.github.com/users/atmaniak/subscriptions\"},\"labels\":[{\"id\":817420428,\"url\":\"https://api.github.com/repos/apache/cloudstack/labels/type:improvement\",\"name\":\"type:improvement\",\"color\":\"a5f9ff\",\"description\":\"\",\"default\":false,\"node_id\":\"MDU6TGFiZWw4MTc0MjA0Mjg=\"}],\"comments\":5,\"created_at\":\"2022-08-24T16:23:19Z\",\"updated_at\":\"2026-04-24T11:42:51Z\",\"url\":\"https://api.github.com/repos/apache/cloudstack/issues/6672\",\"html_url\":\"https://github.com/apache/cloudstack/issues/6672\",\"comments_url\":\"https://api.github.com/repos/apache/cloudstack/issues/6672/comments\",\"events_url\":\"https://api.github.com/repos/apache/cloudstack/issues/6672/events\",\"labels_url\":\"https://api.github.com/repos/apache/cloudstack/issues/6672/labels{/name}\",\"repository_url\":\"https://api.github.com/repos/apache/cloudstack\",\"milestone\":{\"url\":\"https://api.github.com/repos/apache/cloudstack/milestones/46\",\"html_url\":\"https://github.com/apache/cloudstack/milestone/46\",\"labels_url\":\"https://api.github.com/repos/apache/cloudstack/milestones/46/labels\",\"id\":15514689,\"number\":46,\"state\":\"open\",\"title\":\"4.22.2\",\"description\":\"\",\"creator\":{\"login\":\"sureshanaparti\",\"id\":12028987,\"node_id\":\"MDQ6VXNlcjEyMDI4OTg3\",\"avatar_url\":\"https://avatars.githubusercontent.com/u/12028987?v=4\",\"html_url\":\"https://github.com/sureshanaparti\",\"gravatar_id\":\"\",\"type\":\"User\",\"site_admin\":false,\"url\":\"https://api.github.com/users/sureshanaparti\",\"events_url\":\"https://api.github.com/users/sureshanaparti/events{/privacy}\",\"following_url\":\"https://api.github.com/users/sureshanaparti/following{/other_user}\",\"followers_url\":\"https://api.github.com/users/sureshanaparti/followers\",\"gists_url\":\"https://api.github.com/users/sureshanaparti/gists{/gist_id}\",\"organizations_url\":\"https://api.github.com/users/sureshanaparti/orgs\",\"received_events_url\":\"https://api.github.com/users/sureshanaparti/received_events\",\"repos_url\":\"https://api.github.com/users/sureshanaparti/repos\",\"starred_url\":\"https://api.github.com/users/sureshanaparti/starred{/owner}{/repo}\",\"subscriptions_url\":\"https://api.github.com/users/sureshanaparti/subscriptions\"},\"open_issues\":264,\"closed_issues\":116,\"created_at\":\"2026-04-13T07:02:43Z\",\"updated_at\":\"2026-10-01T15:03:42Z\",\"node_id\":\"MI_kwDOAJTq2M4A7LxB\"},\"reactions\":{\"total_count\":0,\"+1\":0,\"-1\":0,\"laugh\":0,\"confused\":0,\"heart\":0,\"hooray\":0,\"rocket\":0,\"eyes\":0,\"url\":\"https://api.github.com/repos/apache/cloudstack/issues/6672/reactions\"},\"node_id\":\"I_kwDOAJTq2M5Qcx0x\",\"type\":{\"id\":93574,\"node_id\":\"IT_kwDNuP_OAAFthg\",\"name\":\"Feature\",\"description\":\"A request, idea, or new functionality\",\"color\":\"blue\",\"created_at\":\"2024-01-25T09:11:09Z\",\"updated_at\":\"2024-10-08T08:30:20Z\"}},{\"id\":1362269910,\"number\":6703,\"state\":\"open\",\"locked\":false,\"title\":\"Introduce a \\\"session timeout\\\" counter in GUI\",\"body\":\"\\u003c!--\\r\\nVerify first that your issue/request is not already reported on GitHub.\\r\\nAlso test if the latest release and main branch are affected too.\\r\\nAlways add information AFTER of these HTML comments, but no need to delete the comments.\\r\\n--\\u003e\\r\\n\\r\\n##### ISSUE TYPE\\r\\n\\u003c!-- Pick one below and delete the rest --\\u003e\\r\\n\\r\\n * Feature Idea\\r\\n\\r\\n\\r\\n##### COMPONENT NAME\\r\\n\\u003c!--\\r\\nCategorize the issue, e.g. API, VR, VPN, UI, etc.\\r\\n--\\u003e\\r\\n~~~\\r\\nUI\\r\\n~~~\\r\\n\\r\\n##### CLOUDSTACK VERSION\\r\\n\\u003c!--\\r\\nNew line separated list of affected versions, commit ID for issues on main branch.\\r\\n--\\u003e\\r\\n\\r\\n~~~\\r\\n4.17.0.1\\r\\n~~~\\r\\n\\r\\n##### CONFIGURATION\\r\\n\\u003c!--\\r\\nInformation about the configuration if relevant, e.g. basic network, advanced networking, etc.  N/A otherwise\\r\\n--\\u003e\\r\\nN/A\\r\\n\\r\\n##### OS / ENVIRONMENT\\r\\n\\u003c!--\\r\\nInformation about the environment if relevant, N/A otherwise\\r\\n--\\u003e\\r\\nN/A\\r\\n\\r\\n##### SUMMARY\\r\\n\\u003c!-- Explain the problem/feature briefly --\\u003e\\r\\nI would like to have a \\\"counter\\\" in the UI showing the time until the current session is closed and the user needs to authenticate again. In addition a button to \\\"refresh\\\" the session / restart the session time-out would be quite convenient.\\r\\nFor positioning i would suggest to place this in the top menue right beside the username and button for changeing the language-settings\\r\\n\\r\\n![Screenshot 2022-09-05 183408](https://user-images.githubusercontent.com/79725167/188490112-f261b42c-fa62-4957-add2-8583f245a643.jpg)\\r\\n\\r\\n\\r\\n##### STEPS TO REPRODUCE\\r\\n\\u003c!--\\r\\nFor bugs, show exactly how to reproduce the problem, using a minimal test-case. Use Screenshots if accurate.\\r\\n\\r\\nFor new features, show how the feature would be used.\\r\\n--\\u003e\\r\\n\\r\\n\\u003c!-- Paste example playbooks or commands between quotes below --\\u003e\\r\\n~~~\\r\\n\\r\\n~~~\\r\\n\\r\\n\\u003c!-- You can also paste gist.github.com links for larger files --\\u003e\\r\\n\\r\\n##### EXPECTED RESULTS\\r\\n\\u003c!-- What did you expect to happen when running the steps above? --\\u003e\\r\\n\\r\\n~~~\\r\\n\\r\\n~~~\\r\\n\\r\\n##### ACTUAL RESULTS\\r\\n\\u003c!-- What actually happened? --\\u003e\\r\\n\\r\\n\\u003c!-- Paste verbatim command output between quotes below --\\u003e\\r\\n~~~\\r\\n\\r\\n~~~\\r\\n\",\"author_association\":\"NONE\",\"user\":{\"login\":\"Hudratronium\",\"id\":79725167,\"node_id\":\"MDQ6VXNlcjc5NzI1MTY3\",\"avatar_url\":\"https://avatars.githubusercontent.com/u/79725167?v=4\",\"html_url\":\"https://github.com/Hudratronium\",\"gravatar_id\":\"\",\"type\":\"User\",\"site_admin\":false,\"url\":\"https://api.github.com/users/Hudratronium\",\"events_url\":\"https://api.github.com/users/Hudratronium/events{/privacy}\",\"following_url\":\"https://api.github.com/users/Hudratronium/following{/other_user}\",\"followers_url\":\"https://api.github.com/users/Hudratronium/followers\",\"gists_url\":\"https://api.github.com/users/Hudratronium/gists{/gist_id}\",\"organizations_url\":\"https://api.github.com/users/Hudratronium/orgs\",\"received_events_url\":\"https://api.github.com/users/Hudratronium/received_events\",\"repos_url\":\"https://api.github.com/users/Hudratronium/repos\",\"starred_url\":\"https://api.github.com/users/Hudratronium/starred{/owner}{/repo}\",\"subscriptions_url\":\"https://api.github.com/users/Hudratronium/subscriptions\"},\"labels\":[{\"id\":6890295339,\"url\":\"https://api.github.com/repos/apache/cloudstack/labels/status:stale\",\"name\":\"status:stale\",\"color\":\"E43179\",\"description\":\"\",\"default\":false,\"node_id\":\"LA_kwDOAJTq2M8AAAABmrGQKw\"}],\"comments\":9,\"created_at\":\"2022-09-05T16:35:54Z\",\"updated_at\":\"2026-05-26T10:57:21Z\",\"url\":\"https://api.github.com/repos/apache/cloudstack/issues/6703\",\"html_url\":\"https://github.com/apache/cloudstack/issues/6703\",\"comments_url\":\"https://api.github.com/repos/apache/cloudstack/issues/6703/comments\",\"events_url\":\"https://api.github.com/repos/apache/cloudstack/issues/6703/events\",\"labels_url\":\"https://api.github.com/repos/apache/cloudstack/issues/6703/labels{/name}\",\"repository_url\":\"https://api.github.com/repos/apache/cloudstack\",\"milestone\":{\"url\":\"https://api.github.com/repos/apache/cloudstack/milestones/19\",\"html_url\":\"https://github.com/apache/cloudstack/milestone/19\",\"labels_url\":\"https://api.github.com/repos/apache/cloudstack/milestones/19/labels\",\"id\":6265435,\"number\":19,\"state\":\"open\",\"title\":\"unplanned\",\"creator\":{\"login\":\"DaanHoogland\",\"id\":2486961,\"node_id\":\"MDQ6VXNlcjI0ODY5NjE=\",\"avatar_url\":\"https://avatars.githubusercontent.com/u/2486961?v=4\",\"html_url\":\"https://github.com/DaanHoogland\",\"gravatar_id\":\"\",\"type\":\"User\",\"site_admin\":false,\"url\":\"https://api.github.com/users/DaanHoogland\",\"events_url\":\"https://api.github.com/users/DaanHoogland/events{/privacy}\",\"following_url\":\"https://api.github.com/users/DaanHoogland/following{/other_user}\",\"followers_url\":\"https://api.github.com/users/DaanHoogland/followers\",\"gists_url\":\"https://api.github.com/users/DaanHoogland/gists{/gist_id}\",\"organizations_url\":\"https://api.github.com/users/DaanHoogland/orgs\",\"received_events_url\":\"https://api.github.com/users/DaanHoogland/received_events\",\"repos_url\":\"https://api.github.com/users/DaanHoogland/repos\",\"starred_url\":\"https://api.github.com/users/DaanHoogland/starred{/owner}{/repo}\",\"subscriptions_url\":\"https://api.github.com/users/DaanHoogland/subscriptions\"},\"open_issues\":185,\"closed_issues\":1302,\"created_at\":\"2021-01-04T09:07:50Z\",\"updated_at\":\"2026-09-24T11:01:33Z\",\"node_id\":\"MDk6TWlsZXN0b25lNjI2NTQzNQ==\"},\"reactions\":{\"total_count\":0,\"+1\":0,\"-1\":0,\"laugh\":0,\"confused\":0,\"heart\":0,\"hooray\":0,\"rocket\":0,\"eyes\":0,\"url\":\"https://api.github.com/repos/apache/cloudstack/issues/6703/reactions\"},\"node_id\":\"I_kwDOAJTq2M5RMpbW\"},{\"id\":1364832398,\"number\":6714,\"state\":\"open\",\"locked\":false,\"title\":\"Prometheus exporter - interpret ::1 as 0:0:0:0:0:0:0:1\",\"body\":\"Hi,\\r\\n\\r\\nIf I configure the Prometheus exporter to allow requests from ::1 (ipv6 localhost, short form) it doesn't actually honour requests.\\r\\n\\r\\nIn the logs you can see entries such as:\\r\\n```Prometheus exporter received client request from: 0:0:0:0:0:0:0:1```\\r\\n\\r\\nIndeed, once you add 0:0:0:0:0:0:0:1 (ipv6 localhost, medium form) it starts working.\\r\\n\\r\\nIt's a minor issue, but nice to get sorted as most people are used to ::1.\",\"author_association\":\"CONTRIBUTOR\",\"user\":{\"login\":\"NuxRo\",\"id\":2357012,\"node_id\":\"MDQ6VXNlcjIzNTcwMTI=\",\"avatar_url\":\"https://avatars.githubusercontent.com/u/2357012?v=4\",\"html_url\":\"https://github.com/NuxRo\",\"gravatar_id\":\"\",\"type\":\"User\",\"site_admin\":false,\"url\":\"https://api.github.com/users/NuxRo\",\"events_url\":\"https://api.github.com/users/NuxRo/events{/privacy}\",\"following_url\":\"https://api.github.com/users/NuxRo/following{/other_user}\",\"followers_url\":\"https://api.github.com/users/NuxRo/followers\",\"gists_url\":\"https://api.github.com/users/NuxRo/gists{/gist_id}\",\"organizations_url\":\"https://api.github.com/users/NuxRo/orgs\",\"received_events_url\":\"https://api.github.com/users/NuxRo/received_events\",\"repos_url\":\"https://api.github.com/users/NuxRo/repos\",\"starred_url\":\"https://api.github.com/users/NuxRo/starred{/owner}{/repo}\",\"subscriptions_url\":\"https://api.github.com/users/NuxRo/subscriptions\"},\"labels\":[{\"id\":37843364,\"url\":\"https://api.github.com/repos/apache/cloudstack/labels/type:bug\",\"name\":\"type:bug\",\"color\":\"fc2929\",\"description\":\"\",\"default\":false,\"node_id\":\"MDU6TGFiZWwzNzg0MzM2NA==\"},{\"id\":1391967979,\"url\":\"https://api.github.com/repos/apache/cloudstack/labels/Severity:Trivial\",\"name\":\"Severity:Trivial\",\"color\":\"e08888\",\"description\":\"\",\"default\":false,\"node_id\":\"MDU6TGFiZWwxMzkxOTY3OTc5\"},{\"id\":4507982790,\"url\":\"https://api.github.com/repos/apache/cloudstack/labels/ipv6\",\"name\":\"ipv6\",\"color\":\"C744C9\",\"description\":\"\",\"default\":false,\"node_id\":\"LA_kwDOAJTq2M8AAAABDLJbxg\"},{\"id\":5651870091,\"url\":\"https://api.github.com/repos/apache/cloudstack/labels/component:prometheus\",\"name\":\"component:prometheus\",\"color\":\"E265FC\",\"description\":\"\",\"default\":false,\"node_id\":\"LA_kwDOAJTq2M8AAAABUOCxiw\"},{\"id\":6890295339,\"url\":\"https://api.github.com/repos/apache/cloudstack/labels/status:stale\",\"name\":\"status:stale\",\"color\":\"E43179\",\"description\":\"\",\"default\":false,\"node_id\":\"LA_kwDOAJTq2M8AAAABmrGQKw\"}],\"comments\":3,\"created_at\":\"2022-09-07T15:18:25Z\",\"updated_at\":\"2026-06-29T08:38:57Z\",\"url\":\"https://api.github.com/repos/apache/cloudstack/issues/6714\",\"html_url\":\"https://github.com/apache/cloudstack/issues/6714\",\"comments_url\":\"https://api.github.com/repos/apache/cloudstack/issues/6714/comments\",\"events_url\":\"https://api.github.com/repos/apache/cloudstack/issues/6714/events\",\"labels_url\":\"https://api.github.com/repos/apache/cloudstack/issues/6714/labels{/name}\",\"repository_url\":\"https://api.github.com/repos/apache/cloudstack\",\"milestone\":{\"url\":\"https://api.github.com/repos/apache/cloudstack/milestones/46\",\"html_url\":\"https://github.com/apache/cloudstack/milestone/46\",\"labels_url\":\"https://api.github.com/repos/apache/cloudstack/milestones/46/labels\",\"id\":15514689,\"number\":46,\"state\":\"open\",\"title\":\"4.22.2\",\"description\":\"\",\"creator\":{\"login\":\"sureshanaparti\",\"id\":12028987,\"node_id\":\"MDQ6VXNlcjEyMDI4OTg3\",\"avatar_url\":\"https://avatars.githubusercontent.com/u/12028987?v=4\",\"html_url\":\"https://github.com/sureshanaparti\",\"gravatar_id\":\"\",\"type\":\"User\",\"site_admin\":false,\"url\":\"https://api.github.com/users/sureshanaparti\",\"events_url\":\"https://api.github.com/users/sureshanaparti/events{/privacy}\",\"following_url\":\"https://api.github.com/users/sureshanaparti/following{/other_user}\",\"followers_url\":\"https://api.github.com/users/sureshanaparti/followers\",\"gists_url\":\"https://api.github.com/users/sureshanaparti/gists{/gist_id}\",\"organizations_url\":\"https://api.github.com/users/sureshanaparti/orgs\",\"received_events_url\":\"https://api.github.com/users/sureshanaparti/received_events\",\"repos_url\":\"https://api.github.com/users/sureshanaparti/repos\",\"starred_url\":\"https://api.github.com/users/sureshanaparti/starred{/owner}{/repo}\",\"subscriptions_url\":\"https://api.github.com/users/sureshanaparti/subscriptions\"},\"open_issues\":264,\"closed_issues\":116,\"created_at\":\"2026-04-13T07:02:43Z\",\"updated_at\":\"2026-10-01T15:03:42Z\",\"node_id\":\"MI_kwDOAJTq2M4A7LxB\"},\"reactions\":{\"total_count\":0,\"+1\":0,\"-1\":0,\"laugh\":0,\"confused\":0,\"heart\":0,\"hooray\":0,\"rocket\":0,\"eyes\":0,\"url\":\"https://api.github.com/repos/apache/cloudstack/issues/6714/reactions\"},\"node_id\":\"I_kwDOAJTq2M5RWbCO\"},{\"id\":1365767365,\"number\":6715,\"state\":\"open\",\"locked\":false,\"title\":\"ControlNetworkGuru does not take into account custom CIDR when assigning System VM link local IP address\",\"body\":\"##### ISSUE TYPE\\r\\n * Bug Report\\r\\n\\r\\n##### COMPONENT NAME\\r\\n~~~\\r\\nManagement, Network, SystemVM\\r\\n~~~\\r\\n\\r\\n##### CLOUDSTACK VERSION\\r\\n~~~\\r\\n4.16.1\\r\\n~~~\\r\\n\\r\\n##### CONFIGURATION\\r\\nIn database:\\r\\n```\\r\\nMariaDB [cloud]\\u003e select name,value from configuration where name = 'control.cidr';\\r\\n+--------------+------------------+\\r\\n| name         | value            |\\r\\n+--------------+------------------+\\r\\n| control.cidr | 169.254.240.0/20 |\\r\\n+--------------+------------------+\\r\\nMariaDB [cloud]\\u003e select name,value from configuration where name = 'control.gateway';\\r\\n+-----------------+---------------+\\r\\n| name            | value         |\\r\\n+-----------------+---------------+\\r\\n| control.gateway | 169.254.240.1 |\\r\\n+-----------------+---------------+\\r\\nMariaDB [cloud]\\u003e select count(*) from op_dc_link_local_ip_address_alloc;\\r\\n+----------+\\r\\n| count(*) |\\r\\n+----------+\\r\\n|    65533 |\\r\\n+----------+\\r\\n```\\r\\nOn agent:\\r\\n```\\r\\nroot@hv-04-02-21:~# grep control.cidr /etc/cloudstack/agent/agent.properties\\r\\ncontrol.cidr=169.254.240.0/20\\r\\n```\\r\\n\\r\\n##### SUMMARY\\r\\nWhen having set a `control.cidr` different from the norm (`168.254.0.0/16`) and the database table `op_dc_link_local_ip_address_alloc` is already populated with all the addresses in the default CIDR, then allocating an IP to a System VM does not take into account the requested CIDR, thus allocating an IP address in the wrong range.\\r\\n\\r\\nhttps://github.com/apache/cloudstack/blob/main/engine/schema/src/main/java/com/cloud/dc/dao/DataCenterLinkLocalIpAddressDaoImpl.java#L52 should take this into account. This function is called in https://github.com/apache/cloudstack/blob/main/server/src/main/java/com/cloud/network/guru/ControlNetworkGuru.java#L134\\r\\n\\r\\n##### STEPS TO REPRODUCE\\r\\n- Install new management server\\r\\n- After kickstart, disable the zone to prevent any system vm deploys\\r\\n- In mysql database: `select count(*) from op_dc_link_local_ip_address_alloc;`, it would return `65533`\\r\\n- Connect agents\\r\\n- Configure `control.cidr` on the manager and agents, and `control.gateway` on the manager, ie:\\r\\n```\\r\\ncontrol.cidr=169.254.240.0/20\\r\\ncontrol.gateway=169.254.240.1\\r\\n```\\r\\n- Enable the zone, check the system vm link local address\\r\\n\\r\\n##### EXPECTED RESULTS\\r\\n- The System VMs should receive an IP address in the configured CIDR.\\r\\n- Additional expected: In mysql database: `select count(*) from op_dc_link_local_ip_address_alloc;`, it should return `4093`\\r\\n\\r\\n##### ACTUAL RESULTS\\r\\n- System VMs receive an IP address in the default `169.254.0.0/16` range\\r\\n```\\r\\n2022-09-07 22:45:35,338 DEBUG [o.a.c.e.o.NetworkOrchestrator] (Work-Job-Executor-3:ctx-b1c76634 job-149/job-150 ctx-224681ec) (logid:32608415) Network id=201 is already implemented\\r\\n2022-09-07 22:45:35,524 DEBUG [c.c.n.g.ControlNetworkGuru] (Work-Job-Executor-3:ctx-b1c76634 job-149/job-150 ctx-224681ec) (logid:32608415) Reserved NIC for v-18-VM [ipv4:169.254.167.69 netmask:255.255.240.0 gateway:169.254.240.1]\\r\\n```\\r\\n\",\"author_association\":\"CONTRIBUTOR\",\"user\":{\"login\":\"Rubueno\",\"id\":8641284,\"node_id\":\"MDQ6VXNlcjg2NDEyODQ=\",\"avatar_url\":\"https://avatars.githubusercontent.com/u/8641284?v=4\",\"html_url\":\"https://github.com/Rubueno\",\"gravatar_id\":\"\",\"type\":\"User\",\"site_admin\":false,\"url\":\"https://api.github.com/users/Rubueno\",\"events_url\":\"https://api.github.com/users/Rubueno/events{/privacy}\",\"following_url\":\"https://api.github.com/users/Rubueno/following{/other_user}\",\"followers_url\":\"https://api.github.com/users/Rubueno/followers\",\"gists_url\":\"https://api.github.com/users/Rubueno/gists{/gist_id}\",\"organizations_url\":\"https://api.github.com/users/Rubueno/orgs\",\"received_events_url\":\"https://api.github.com/users/Rubueno/received_events\",\"repos_url\":\"https://api.github.com/users/Rubueno/repos\",\"starred_url\":\"https://api.github.com/users/Rubueno/starred{/owner}{/repo}\",\"subscriptions_url\":\"https://api.github.com/users/Rubueno/subscriptions\"},\"labels\":[{\"id\":584072971,\"url\":\"https://api.github.com/repos/apache/cloudstack/labels/component:kvm\",\"name\":\"component:kvm\",\"color\":\"006b75\",\"description\":\"\",\"default\":false,\"node_id\":\"MDU6TGFiZWw1ODQwNzI5NzE=\"},{\"id\":592559219,\"url\":\"https://api.github.com/repos/apache/cloudstack/labels/component:networking\",\"name\":\"component:networking\",\"color\":\"f9d0c4\",\"description\":\"\",\"default\":false,\"node_id\":\"MDU6TGFiZWw1OTI1NTkyMTk=\"},{\"id\":1391968610,\"url\":\"https://api.github.com/repos/apache/cloudstack/labels/Severity:Minor\",\"name\":\"Severity:Minor\",\"color\":\"906666\",\"description\":\"\",\"default\":false,\"node_id\":\"MDU6TGFiZWwxMzkxOTY4NjEw\"},{\"id\":2694797573,\"url\":\"https://api.github.com/repos/apache/cloudstack/labels/status:needs-investigation\",\"name\":\"status:needs-investigation\",\"color\":\"906C28\",\"description\":\"\",\"default\":false,\"node_id\":\"MDU6TGFiZWwyNjk0Nzk3NTcz\"},{\"id\":6890295339,\"url\":\"https://api.github.com/repos/apache/cloudstack/labels/status:stale\",\"name\":\"status:stale\",\"color\":\"E43179\",\"description\":\"\",\"default\":false,\"node_id\":\"LA_kwDOAJTq2M8AAAABmrGQKw\"},{\"id\":9849008471,\"url\":\"https://api.github.com/repos/apache/cloudstack/labels/no-issue-activity\",\"name\":\"no-issue-activity\",\"color\":\"ededed\",\"default\":false,\"node_id\":\"LA_kwDOAJTq2M8AAAACSwvxVw\"}],\"comments\":2,\"created_at\":\"2022-09-08T08:18:52Z\",\"updated_at\":\"2026-05-23T02:17:23Z\",\"url\":\"https://api.github.com/repos/apache/cloudstack/issues/6715\",\"html_url\":\"https://github.com/apache/cloudstack/issues/6715\",\"comments_url\":\"https://api.github.com/repos/apache/cloudstack/issues/6715/comments\",\"events_url\":\"https://api.github.com/repos/apache/cloudstack/issues/6715/events\",\"labels_url\":\"https://api.github.com/repos/apache/cloudstack/issues/6715/labels{/name}\",\"repository_url\":\"https://api.github.com/repos/apache/cloudstack\",\"milestone\":{\"url\":\"https://api.github.com/repos/apache/cloudstack/milestones/19\",\"html_url\":\"https://github.com/apache/cloudstack/milestone/19\",\"labels_url\":\"https://api.github.com/repos/apache/cloudstack/milestones/19/labels\",\"id\":6265435,\"number\":19,\"state\":\"open\",\"title\":\"unplanned\",\"creator\":{\"login\":\"DaanHoogland\",\"id\":2486961,\"node_id\":\"MDQ6VXNlcjI0ODY5NjE=\",\"avatar_url\":\"https://avatars.githubusercontent.com/u/2486961?v=4\",\"html_url\":\"https://github.com/DaanHoogland\",\"gravatar_id\":\"\",\"type\":\"User\",\"site_admin\":false,\"url\":\"https://api.github.com/users/DaanHoogland\",\"events_url\":\"https://api.github.com/users/DaanHoogland/events{/privacy}\",\"following_url\":\"https://api.github.com/users/DaanHoogland/following{/other_user}\",\"followers_url\":\"https://api.github.com/users/DaanHoogland/followers\",\"gists_url\":\"https://api.github.com/users/DaanHoogland/gists{/gist_id}\",\"organizations_url\":\"https://api.github.com/users/DaanHoogland/orgs\",\"received_events_url\":\"https://api.github.com/users/DaanHoogland/received_events\",\"repos_url\":\"https://api.github.com/users/DaanHoogland/repos\",\"starred_url\":\"https://api.github.com/users/DaanHoogland/starred{/owner}{/repo}\",\"subscriptions_url\":\"https://api.github.com/users/DaanHoogland/subscriptions\"},\"open_issues\":185,\"closed_issues\":1302,\"created_at\":\"2021-01-04T09:07:50Z\",\"updated_at\":\"2026-09-24T11:01:33Z\",\"node_id\":\"MDk6TWlsZXN0b25lNjI2NTQzNQ==\"},\"reactions\":{\"total_count\":0,\"+1\":0,\"-1\":0,\"laugh\":0,\"confused\":0,\"heart\":0,\"hooray\":0,\"rocket\":0,\"eyes\":0,\"url\":\"https://api.github.com/repos/apache/cloudstack/issues/6715/reactions\"},\"node_id\":\"I_kwDOAJTq2M5RZ_TF\"},{\"id\":1367074379,\"number\":6718,\"state\":\"open\",\"locked\":false,\"title\":\"conntrackd filling up var\",\"body\":\"##### ISSUE TYPE\\r\\n * Bug Report\\r\\n\\r\\n##### COMPONENT NAME\\r\\n~~~\\r\\nVR\\r\\n~~~\\r\\n\\r\\n##### CLOUDSTACK VERSION\\r\\n~~~\\r\\nlatest\\r\\n~~~\\r\\n\\r\\n##### CONFIGURATION\\r\\n~~~\\r\\nN/A\\r\\n~~~\\r\\n\\r\\n##### OS / ENVIRONMENT\\r\\n~~~\\r\\nKVM\\r\\n~~~\\r\\n\\r\\n##### SUMMARY\\r\\n~~~\\r\\nWe have large customers with a lot of VR traffic traversing the VRs.  Logrotate cannot keep up and /var fills up to 100%, causing the VR to exhibit problems when attempting to start/restart instances in the VPC and/or traffic stops flowing.  Conntrackd is logging verbosely to daemon.log.\\r\\n~~~\\r\\n\\r\\n##### STEPS TO REPRODUCE\\r\\n~~~\\r\\n\\r\\n1. Construct a VPC with a redundant VR pair with a private gateway or tunnel\\r\\n2. Create a large amount of traffic to/from a VPC over gateway or tunnel\\r\\n\\r\\n~~~\\r\\n\\r\\n##### EXPECTED RESULTS\\r\\n~~~\\r\\n/var should not fill up regardless of traffic load\\r\\n~~~\\r\\n\\r\\n##### ACTUAL RESULTS\\r\\n~~~\\r\\n/var fills up\\r\\n~~~\",\"author_association\":\"NONE\",\"user\":{\"login\":\"ghost\",\"id\":10137,\"node_id\":\"MDQ6VXNlcjEwMTM3\",\"avatar_url\":\"https://avatars.githubusercontent.com/u/10137?v=4\",\"html_url\":\"https://github.com/ghost\",\"gravatar_id\":\"\",\"type\":\"User\",\"site_admin\":false,\"url\":\"https://api.github.com/users/ghost\",\"events_url\":\"https://api.github.com/users/ghost/events{/privacy}\",\"following_url\":\"https://api.github.com/users/ghost/following{/other_user}\",\"followers_url\":\"https://api.github.com/users/ghost/followers\",\"gists_url\":\"https://api.github.com/users/ghost/gists{/gist_id}\",\"organizations_url\":\"https://api.github.com/users/ghost/orgs\",\"received_events_url\":\"https://api.github.com/users/ghost/received_events\",\"repos_url\":\"https://api.github.com/users/ghost/repos\",\"starred_url\":\"https://api.github.com/users/ghost/starred{/owner}{/repo}\",\"subscriptions_url\":\"https://api.github.com/users/ghost/subscriptions\"},\"labels\":[{\"id\":37843364,\"url\":\"https://api.github.com/repos/apache/cloudstack/labels/type:bug\",\"name\":\"type:bug\",\"color\":\"fc2929\",\"description\":\"\",\"default\":false,\"node_id\":\"MDU6TGFiZWwzNzg0MzM2NA==\"},{\"id\":584073391,\"url\":\"https://api.github.com/repos/apache/cloudstack/labels/component:virtual-router\",\"name\":\"component:virtual-router\",\"color\":\"ffaaeb\",\"description\":\"\",\"default\":false,\"node_id\":\"MDU6TGFiZWw1ODQwNzMzOTE=\"},{\"id\":1082374171,\"url\":\"https://api.github.com/repos/apache/cloudstack/labels/component:logging\",\"name\":\"component:logging\",\"color\":\"eaa498\",\"description\":\"\",\"default\":false,\"node_id\":\"MDU6TGFiZWwxMDgyMzc0MTcx\"},{\"id\":1391968610,\"url\":\"https://api.github.com/repos/apache/cloudstack/labels/Severity:Minor\",\"name\":\"Severity:Minor\",\"color\":\"906666\",\"description\":\"\",\"default\":false,\"node_id\":\"MDU6TGFiZWwxMzkxOTY4NjEw\"},{\"id\":2694797573,\"url\":\"https://api.github.com/repos/apache/cloudstack/labels/status:needs-investigation\",\"name\":\"status:needs-investigation\",\"color\":\"906C28\",\"description\":\"\",\"default\":false,\"node_id\":\"MDU6TGFiZWwyNjk0Nzk3NTcz\"},{\"id\":6890295339,\"url\":\"https://api.github.com/repos/apache/cloudstack/labels/status:stale\",\"name\":\"status:stale\",\"color\":\"E43179\",\"description\":\"\",\"default\":false,\"node_id\":\"LA_kwDOAJTq2M8AAAABmrGQKw\"},{\"id\":9849008471,\"url\":\"https://api.github.com/repos/apache/cloudstack/labels/no-issue-activity\",\"name\":\"no-issue-activity\",\"color\":\"ededed\",\"default\":false,\"node_id\":\"LA_kwDOAJTq2M8AAAACSwvxVw\"}],\"comments\":3,\"created_at\":\"2022-09-08T22:58:16Z\",\"updated_at\":\"2026-05-27T02:18:45Z\",\"url\":\"https://api.github.com/repos/apache/cloudstack/issues/6718\",\"html_url\":\"https://github.com/apache/cloudstack/issues/6718\",\"comments_url\":\"https://api.github.com/repos/apache/cloudstack/issues/6718/comments\",\"events_url\":\"https://api.github.com/repos/apache/cloudstack/issues/6718/events\",\"labels_url\":\"https://api.github.com/repos/apache/cloudstack/issues/6718/labels{/name}\",\"repository_url\":\"https://api.github.com/repos/apache/cloudstack\",\"milestone\":{\"url\":\"https://api.github.com/repos/apache/cloudstack/milestones/19\",\"html_url\":\"https://github.com/apache/cloudstack/milestone/19\",\"labels_url\":\"https://api.github.com/repos/apache/cloudstack/milestones/19/labels\",\"id\":6265435,\"number\":19,\"state\":\"open\",\"title\":\"unplanned\",\"creator\":{\"login\":\"DaanHoogland\",\"id\":2486961,\"node_id\":\"MDQ6VXNlcjI0ODY5NjE=\",\"avatar_url\":\"https://avatars.githubusercontent.com/u/2486961?v=4\",\"html_url\":\"https://github.com/DaanHoogland\",\"gravatar_id\":\"\",\"type\":\"User\",\"site_admin\":false,\"url\":\"https://api.github.com/users/DaanHoogland\",\"events_url\":\"https://api.github.com/users/DaanHoogland/events{/privacy}\",\"following_url\":\"https://api.github.com/users/DaanHoogland/following{/other_user}\",\"followers_url\":\"https://api.github.com/users/DaanHoogland/followers\",\"gists_url\":\"https://api.github.com/users/DaanHoogland/gists{/gist_id}\",\"organizations_url\":\"https://api.github.com/users/DaanHoogland/orgs\",\"received_events_url\":\"https://api.github.com/users/DaanHoogland/received_events\",\"repos_url\":\"https://api.github.com/users/DaanHoogland/repos\",\"starred_url\":\"https://api.github.com/users/DaanHoogland/starred{/owner}{/repo}\",\"subscriptions_url\":\"https://api.github.com/users/DaanHoogland/subscriptions\"},\"open_issues\":185,\"closed_issues\":1302,\"created_at\":\"2021-01-04T09:07:50Z\",\"updated_at\":\"2026-09-24T11:01:33Z\",\"node_id\":\"MDk6TWlsZXN0b25lNjI2NTQzNQ==\"},\"reactions\":{\"total_count\":0,\"+1\":0,\"-1\":0,\"laugh\":0,\"confused\":0,\"heart\":0,\"hooray\":0,\"rocket\":0,\"eyes\":0,\"url\":\"https://api.github.com/repos/apache/cloudstack/issues/6718/reactions\"},\"node_id\":\"I_kwDOAJTq2M5Re-ZL\"},{\"id\":1368274307,\"number\":6726,\"state\":\"open\",\"locked\":false,\"title\":\"INSTALL.md is incomplete and/or outdated\",\"body\":\"\\u003c!--\\r\\nVerify first that your issue/request is not already reported on GitHub.\\r\\nAlso test if the latest release and main branch are affected too.\\r\\nAlways add information AFTER of these HTML comments, but no need to delete the comments.\\r\\n--\\u003e\\r\\n\\r\\n##### ISSUE TYPE\\r\\n\\u003c!-- Pick one below and delete the rest --\\u003e\\r\\n * Documentation Report\\r\\n\\r\\n##### COMPONENT NAME\\r\\n\\u003c!--\\r\\nCategorize the issue, e.g. API, VR, VPN, UI, etc.\\r\\n--\\u003e\\r\\n~~~\\r\\nBuild instructions\\r\\n~~~\\r\\n\\r\\n##### CLOUDSTACK VERSION\\r\\n\\u003c!--\\r\\nNew line separated list of affected versions, commit ID for issues on main branch.\\r\\n--\\u003e\\r\\n\\r\\n~~~\\r\\n4.16\\r\\n~~~\\r\\n\\r\\n##### CONFIGURATION\\r\\n\\u003c!--\\r\\nInformation about the configuration if relevant, e.g. basic network, advanced networking, etc.  N/A otherwise\\r\\n--\\u003e\\r\\n\\r\\n\\r\\n##### OS / ENVIRONMENT\\r\\n\\u003c!--\\r\\nInformation about the environment if relevant, N/A otherwise\\r\\n--\\u003e\\r\\n\\r\\nCentOS 7\\r\\n\\r\\n##### SUMMARY\\r\\n\\u003c!-- Explain the problem/feature briefly --\\u003e\\r\\nI tried to follow the steps in INSTALL.md to build CloudStack on CentOS 7.  The instructions aren't working.  They seem to be missing some steps, and I wonder if some of the dependency version numbers are outdated (e.g. Maven 3.6.3).\\r\\n\\r\\n##### STEPS TO REPRODUCE\\r\\n\\u003c!--\\r\\nFor bugs, show exactly how to reproduce the problem, using a minimal test-case. Use Screenshots if accurate.\\r\\n\\r\\nFor new features, show how the feature would be used.\\r\\n--\\u003e\\r\\n\\r\\n\\u003c!-- Paste example playbooks or commands between quotes below --\\u003e\\r\\n~~~\\r\\n\\r\\n~~~\\r\\n\\r\\n\\u003c!-- You can also paste gist.github.com links for larger files --\\u003e\\r\\n\\r\\n##### EXPECTED RESULTS\\r\\n\\u003c!-- What did you expect to happen when running the steps above? --\\u003e\\r\\n\\r\\n~~~\\r\\n\\r\\n~~~\\r\\n\\r\\n##### ACTUAL RESULTS\\r\\n\\u003c!-- What actually happened? --\\u003e\\r\\n\\r\\n\\u003c!-- Paste verbatim command output between quotes below --\\u003e\\r\\n~~~\\r\\nI had to add a MySQL repository before yum could install MySQL.  I didn't know which version to use, so I picked 7.5 because it's used in the quick installation guide.\\r\\n\\r\\n```\\r\\nwget http://repo.mysql.com/mysql-community-release-el7-5.noarch.rpm\\r\\nrpm -ivh mysql-community-release-el7-5.noarch.rpm\\r\\n```\\r\\n\\r\\nIn the `Install tools and dependencies` section, I needed to add bzip2 and python3 to the yum command.\\r\\n\\r\\nThe Maven download URL doesn't work.  You could change the domain name from www.us.apache.org to archive.apache.org.  That would work, but you'd still get an old version.  I found it was much easier to just use sdkman.io to install the latest version.\\r\\n\\r\\nThose changes were enough for the build to succeed.  But I couldn't create the DB schema.  I'm wondering if that part of the process needs an older version of MySQL.\\r\\n~~~\\r\\n\",\"author_association\":\"CONTRIBUTOR\",\"user\":{\"login\":\"mrog\",\"id\":4752942,\"node_id\":\"MDQ6VXNlcjQ3NTI5NDI=\",\"avatar_url\":\"https://avatars.githubusercontent.com/u/4752942?v=4\",\"html_url\":\"https://github.com/mrog\",\"gravatar_id\":\"\",\"type\":\"User\",\"site_admin\":false,\"url\":\"https://api.github.com/users/mrog\",\"events_url\":\"https://api.github.com/users/mrog/events{/privacy}\",\"following_url\":\"https://api.github.com/users/mrog/following{/other_user}\",\"followers_url\":\"https://api.github.com/users/mrog/followers\",\"gists_url\":\"https://api.github.com/users/mrog/gists{/gist_id}\",\"organizations_url\":\"https://api.github.com/users/mrog/orgs\",\"received_events_url\":\"https://api.github.com/users/mrog/received_events\",\"repos_url\":\"https://api.github.com/users/mrog/repos\",\"starred_url\":\"https://api.github.com/users/mrog/starred{/owner}{/repo}\",\"subscriptions_url\":\"https://api.github.com/users/mrog/subscriptions\"},\"labels\":[{\"id\":2479281588,\"url\":\"https://api.github.com/repos/apache/cloudstack/labels/component:documentation\",\"name\":\"component:documentation\",\"color\":\"8236aa\",\"description\":\"\",\"default\":false,\"node_id\":\"MDU6TGFiZWwyNDc5MjgxNTg4\"},{\"id\":6890295339,\"url\":\"https://api.github.com/repos/apache/cloudstack/labels/status:stale\",\"name\":\"status:stale\",\"color\":\"E43179\",\"description\":\"\",\"default\":false,\"node_id\":\"LA_kwDOAJTq2M8AAAABmrGQKw\"},{\"id\":9849008471,\"url\":\"https://api.github.com/repos/apache/cloudstack/labels/no-issue-activity\",\"name\":\"no-issue-activity\",\"color\":\"ededed\",\"default\":false,\"node_id\":\"LA_kwDOAJTq2M8AAAACSwvxVw\"}],\"assignee\":{\"login\":\"kiranchavala\",\"id\":1401014,\"node_id\":\"MDQ6VXNlcjE0MDEwMTQ=\",\"avatar_url\":\"https://avatars.githubusercontent.com/u/1401014?v=4\",\"html_url\":\"https://github.com/kiranchavala\",\"gravatar_id\":\"\",\"type\":\"User\",\"site_admin\":false,\"url\":\"https://api.github.com/users/kiranchavala\",\"events_url\":\"https://api.github.com/users/kiranchavala/events{/privacy}\",\"following_url\":\"https://api.github.com/users/kiranchavala/following{/other_user}\",\"followers_url\":\"https://api.github.com/users/kiranchavala/followers\",\"gists_url\":\"https://api.github.com/users/kiranchavala/gists{/gist_id}\",\"organizations_url\":\"https://api.github.com/users/kiranchavala/orgs\",\"received_events_url\":\"https://api.github.com/users/kiranchavala/received_events\",\"repos_url\":\"https://api.github.com/users/kiranchavala/repos\",\"starred_url\":\"https://api.github.com/users/kiranchavala/starred{/owner}{/repo}\",\"subscriptions_url\":\"https://api.github.com/users/kiranchavala/subscriptions\"},\"comments\":4,\"created_at\":\"2022-09-09T20:07:57Z\",\"updated_at\":\"2026-08-17T02:00:25Z\",\"url\":\"https://api.github.com/repos/apache/cloudstack/issues/6726\",\"html_url\":\"https://github.com/apache/cloudstack/issues/6726\",\"comments_url\":\"https://api.github.com/repos/apache/cloudstack/issues/6726/comments\",\"events_url\":\"https://api.github.com/repos/apache/cloudstack/issues/6726/events\",\"labels_url\":\"https://api.github.com/repos/apache/cloudstack/issues/6726/labels{/name}\",\"repository_url\":\"https://api.github.com/repos/apache/cloudstack\",\"milestone\":{\"url\":\"https://api.github.com/repos/apache/cloudstack/milestones/19\",\"html_url\":\"https://github.com/apache/cloudstack/milestone/19\",\"labels_url\":\"https://api.github.com/repos/apache/cloudstack/milestones/19/labels\",\"id\":6265435,\"number\":19,\"state\":\"open\",\"title\":\"unplanned\",\"creator\":{\"login\":\"DaanHoogland\",\"id\":2486961,\"node_id\":\"MDQ6VXNlcjI0ODY5NjE=\",\"avatar_url\":\"https://avatars.githubusercontent.com/u/2486961?v=4\",\"html_url\":\"https://github.com/DaanHoogland\",\"gravatar_id\":\"\",\"type\":\"User\",\"site_admin\":false,\"url\":\"https://api.github.com/users/DaanHoogland\",\"events_url\":\"https://api.github.com/users/DaanHoogland/events{/privacy}\",\"following_url\":\"https://api.github.com/users/DaanHoogland/following{/other_user}\",\"followers_url\":\"https://api.github.com/users/DaanHoogland/followers\",\"gists_url\":\"https://api.github.com/users/DaanHoogland/gists{/gist_id}\",\"organizations_url\":\"https://api.github.com/users/DaanHoogland/orgs\",\"received_events_url\":\"https://api.github.com/users/DaanHoogland/received_events\",\"repos_url\":\"https://api.github.com/users/DaanHoogland/repos\",\"starred_url\":\"https://api.github.com/users/DaanHoogland/starred{/owner}{/repo}\",\"subscriptions_url\":\"https://api.github.com/users/DaanHoogland/subscriptions\"},\"open_issues\":185,\"closed_issues\":1302,\"created_at\":\"2021-01-04T09:07:50Z\",\"updated_at\":\"2026-09-24T11:01:33Z\",\"node_id\":\"MDk6TWlsZXN0b25lNjI2NTQzNQ==\"},\"reactions\":{\"total_count\":0,\"+1\":0,\"-1\":0,\"laugh\":0,\"confused\":0,\"heart\":0,\"hooray\":0,\"rocket\":0,\"eyes\":0,\"url\":\"https://api.github.com/repos/apache/cloudstack/issues/6726/reactions\"},\"assignees\":[{\"login\":\"kiranchavala\",\"id\":1401014,\"node_id\":\"MDQ6VXNlcjE0MDEwMTQ=\",\"avatar_url\":\"https://avatars.githubusercontent.com/u/1401014?v=4\",\"html_url\":\"https://github.com/kiranchavala\",\"gravatar_id\":\"\",\"type\":\"User\",\"site_admin\":false,\"url\":\"https://api.github.com/users/kiranchavala\",\"events_url\":\"https://api.github.com/users/kiranchavala/events{/privacy}\",\"following_url\":\"https://api.github.com/users/kiranchavala/following{/other_user}\",\"followers_url\":\"https://api.github.com/users/kiranchavala/followers\",\"gists_url\":\"https://api.github.com/users/kiranchavala/gists{/gist_id}\",\"organizations_url\":\"https://api.github.com/users/kiranchavala/orgs\",\"received_events_url\":\"https://api.github.com/users/kiranchavala/received_events\",\"repos_url\":\"https://api.github.com/users/kiranchavala/repos\",\"starred_url\":\"https://api.github.com/users/kiranchavala/starred{/owner}{/repo}\",\"subscriptions_url\":\"https://api.github.com/users/kiranchavala/subscriptions\"}],\"node_id\":\"I_kwDOAJTq2M5RjjWD\"},{\"id\":1376117413,\"number\":6746,\"state\":\"open\",\"locked\":false,\"title\":\"Fix potential leaking of volume maps\",\"body\":\"\\u003c!--\\r\\nVerify first that your issue/request is not already reported on GitHub.\\r\\nAlso test if the latest release and main branch are affected too.\\r\\nAlways add information AFTER of these HTML comments, but no need to delete the comments.\\r\\n--\\u003e\\r\\n\\r\\n##### ISSUE TYPE\\r\\n * Enhancement Request\\r\\n \\r\\n##### COMPONENT NAME\\r\\n~~~\\r\\nStorage\\r\\n~~~\\r\\n\\r\\n##### CLOUDSTACK VERSION\\r\\n~~~\\r\\nAny\\r\\n~~~\\r\\n\\r\\n##### SUMMARY\\r\\nUnmapping volumes from a hypervisor host upon VM stop or migration is done on a best-effort basis. The VM is already stopped, or already migrated, we try to unmap, but if something goes wrong there is really no recourse or retry and a warning is logged.  This leaves a potential of leaking maps to hosts over time.\\r\\n\\r\\nIn code review I've also found edge cases where a VM is moved to \\\"Stopped\\\" state without necessarily cleaning up network or volume resources, these can also lead to leaked maps over time. Examples are force removing a hypervisor host with running VMs on it, and possibly any other code that just calls `vm.setState(State.Stopped)`.\\r\\n\\r\\nMy request is that we be more thorough during VM start in ensuring that our target host and *only* our target host has access to the volume.  Or at least call the storage plugin involved to let it decide how to do this. It should be as simple as calling the storage service to \\\"revoke all\\\" just before we grant access, or allowing for an exclusive grant in the storage API.\\r\\n\\r\\nFor example, with the PowerFlex/ScaleIO storage client there is an `unmapVolumeFromAllSdcs` that could be called just prior to granting access to volumes during VM start. \\r\\n\\r\\nWe may need to add a `revokeAllAccess()` method to the `PrimaryDataStoreDriver`, or add a flag to the existing `revokeAccess` to indicate that the storage driver should revoke all.  \\r\\n\\r\\nOr alternatively (I think I like this better), the `grantAccess()` call might gain a flag `boolean exclusive` so the storage driver can be instructed to ensure that only one mapping exists - the one requested.  This would be cleaner.\\r\\n\\r\\nCrucially - we need to avoid exclusive access during the live migration workflows. It seems safe to ensure exclusive access during VM start, however.\\r\\n\",\"author_association\":\"CONTRIBUTOR\",\"user\":{\"login\":\"mlsorensen\",\"id\":1047709,\"node_id\":\"MDQ6VXNlcjEwNDc3MDk=\",\"avatar_url\":\"https://avatars.githubusercontent.com/u/1047709?v=4\",\"html_url\":\"https://github.com/mlsorensen\",\"gravatar_id\":\"\",\"type\":\"User\",\"site_admin\":false,\"url\":\"https://api.github.com/users/mlsorensen\",\"events_url\":\"https://api.github.com/users/mlsorensen/events{/privacy}\",\"following_url\":\"https://api.github.com/users/mlsorensen/following{/other_user}\",\"followers_url\":\"https://api.github.com/users/mlsorensen/followers\",\"gists_url\":\"https://api.github.com/users/mlsorensen/gists{/gist_id}\",\"organizations_url\":\"https://api.github.com/users/mlsorensen/orgs\",\"received_events_url\":\"https://api.github.com/users/mlsorensen/received_events\",\"repos_url\":\"https://api.github.com/users/mlsorensen/repos\",\"starred_url\":\"https://api.github.com/users/mlsorensen/starred{/owner}{/repo}\",\"subscriptions_url\":\"https://api.github.com/users/mlsorensen/subscriptions\"},\"labels\":[{\"id\":37843366,\"url\":\"https://api.github.com/repos/apache/cloudstack/labels/type:enhancement\",\"name\":\"type:enhancement\",\"color\":\"84b6eb\",\"description\":\"\",\"default\":false,\"node_id\":\"MDU6TGFiZWwzNzg0MzM2Ng==\"},{\"id\":4006883948,\"url\":\"https://api.github.com/repos/apache/cloudstack/labels/component:storage\",\"name\":\"component:storage\",\"color\":\"1D76DB\",\"description\":\"\",\"default\":false,\"node_id\":\"LA_kwDOAJTq2M7u1DJs\"},{\"id\":6890295339,\"url\":\"https://api.github.com/repos/apache/cloudstack/labels/status:stale\",\"name\":\"status:stale\",\"color\":\"E43179\",\"description\":\"\",\"default\":false,\"node_id\":\"LA_kwDOAJTq2M8AAAABmrGQKw\"},{\"id\":9849008471,\"url\":\"https://api.github.com/repos/apache/cloudstack/labels/no-issue-activity\",\"name\":\"no-issue-activity\",\"color\":\"ededed\",\"default\":false,\"node_id\":\"LA_kwDOAJTq2M8AAAACSwvxVw\"}],\"comments\":3,\"created_at\":\"2022-09-16T15:38:14Z\",\"updated_at\":\"2026-05-27T02:18:43Z\",\"url\":\"https://api.github.com/repos/apache/cloudstack/issues/6746\",\"html_url\":\"https://github.com/apache/cloudstack/issues/6746\",\"comments_url\":\"https://api.github.com/repos/apache/cloudstack/issues/6746/comments\",\"events_url\":\"https://api.github.com/repos/apache/cloudstack/issues/6746/events\",\"labels_url\":\"https://api.github.com/repos/apache/cloudstack/issues/6746/labels{/name}\",\"repository_url\":\"https://api.github.com/repos/apache/cloudstack\",\"milestone\":{\"url\":\"https://api.github.com/repos/apache/cloudstack/milestones/19\",\"html_url\":\"https://github.com/apache/cloudstack/milestone/19\",\"labels_url\":\"https://api.github.com/repos/apache/cloudstack/milestones/19/labels\",\"id\":6265435,\"number\":19,\"state\":\"open\",\"title\":\"unplanned\",\"creator\":{\"login\":\"DaanHoogland\",\"id\":2486961,\"node_id\":\"MDQ6VXNlcjI0ODY5NjE=\",\"avatar_url\":\"https://avatars.githubusercontent.com/u/2486961?v=4\",\"html_url\":\"https://github.com/DaanHoogland\",\"gravatar_id\":\"\",\"type\":\"User\",\"site_admin\":false,\"url\":\"https://api.github.com/users/DaanHoogland\",\"events_url\":\"https://api.github.com/users/DaanHoogland/events{/privacy}\",\"following_url\":\"https://api.github.com/users/DaanHoogland/following{/other_user}\",\"followers_url\":\"https://api.github.com/users/DaanHoogland/followers\",\"gists_url\":\"https://api.github.com/users/DaanHoogland/gists{/gist_id}\",\"organizations_url\":\"https://api.github.com/users/DaanHoogland/orgs\",\"received_events_url\":\"https://api.github.com/users/DaanHoogland/received_events\",\"repos_url\":\"https://api.github.com/users/DaanHoogland/repos\",\"starred_url\":\"https://api.github.com/users/DaanHoogland/starred{/owner}{/repo}\",\"subscriptions_url\":\"https://api.github.com/users/DaanHoogland/subscriptions\"},\"open_issues\":185,\"closed_issues\":1302,\"created_at\":\"2021-01-04T09:07:50Z\",\"updated_at\":\"2026-09-24T11:01:33Z\",\"node_id\":\"MDk6TWlsZXN0b25lNjI2NTQzNQ==\"},\"reactions\":{\"total_count\":0,\"+1\":0,\"-1\":0,\"laugh\":0,\"confused\":0,\"heart\":0,\"hooray\":0,\"rocket\":0,\"eyes\":0,\"url\":\"https://api.github.com/repos/apache/cloudstack/issues/6746/reactions\"},\"node_id\":\"I_kwDOAJTq2M5SBeKl\"},{\"id\":1404260769,\"number\":6819,\"state\":\"open\",\"locked\":false,\"title\":\"Config.java contains a lot of ConfigKeys that are no longer referred to\",\"body\":\"\\u003c!--\\r\\nVerify first that your issue/request is not already reported on GitHub.\\r\\nAlso test if the latest release and main branch are affected too.\\r\\nAlways add information AFTER of these HTML comments, but no need to delete the comments.\\r\\n--\\u003e\\r\\n\\r\\n##### ISSUE TYPE\\r\\n\\u003c!-- Pick one below and delete the rest --\\u003e\\r\\n * Other\\r\\n\\r\\n##### COMPONENT NAME\\r\\n\\u003c!--\\r\\nCategorize the issue, e.g. API, VR, VPN, UI, etc.\\r\\n--\\u003e\\r\\n~~~\\r\\nConfig\\r\\n~~~\\r\\n\\r\\n##### CLOUDSTACK VERSION\\r\\n\\u003c!--\\r\\nNew line separated list of affected versions, commit ID for issues on main branch.\\r\\n--\\u003e\\r\\n\\r\\n~~~\\r\\n\\r\\n~~~\\r\\n\\r\\n##### CONFIGURATION\\r\\n\\u003c!--\\r\\nInformation about the configuration if relevant, e.g. basic network, advanced networking, etc.  N/A otherwise\\r\\n--\\u003e\\r\\n\\r\\n\\r\\n##### OS / ENVIRONMENT\\r\\n\\u003c!--\\r\\nInformation about the environment if relevant, N/A otherwise\\r\\n--\\u003e\\r\\n\\r\\n\\r\\n##### SUMMARY\\r\\n\\u003c!-- Explain the problem/feature briefly --\\u003e\\r\\n\\r\\n\\r\\n##### STEPS TO REPRODUCE\\r\\n\\u003c!--\\r\\nFor bugs, show exactly how to reproduce the problem, using a minimal test-case. Use Screenshots if accurate.\\r\\n\\r\\nFor new features, show how the feature would be used.\\r\\n--\\u003e\\r\\n\\r\\n\\u003c!-- Paste example playbooks or commands between quotes below --\\u003e\\r\\n~~~\\r\\n\\r\\n~~~\\r\\n\\r\\n\\u003c!-- You can also paste gist.github.com links for larger files --\\u003e\\r\\n\\r\\n##### EXPECTED RESULTS\\r\\n\\u003c!-- What did you expect to happen when running the steps above? --\\u003e\\r\\n\\r\\n~~~\\r\\n\\r\\n~~~\\r\\n\\r\\n##### ACTUAL RESULTS\\r\\n\\u003c!-- What actually happened? --\\u003e\\r\\n\\r\\n\\u003c!-- Paste verbatim command output between quotes below --\\u003e\\r\\n~~~\\r\\n\\r\\n~~~\\r\\n\",\"author_association\":\"CONTRIBUTOR\",\"user\":{\"login\":\"DaanHoogland\",\"id\":2486961,\"node_id\":\"MDQ6VXNlcjI0ODY5NjE=\",\"avatar_url\":\"https://avatars.githubusercontent.com/u/2486961?v=4\",\"html_url\":\"https://github.com/DaanHoogland\",\"gravatar_id\":\"\",\"type\":\"User\",\"site_admin\":false,\"url\":\"https://api.github.com/users/DaanHoogland\",\"events_url\":\"https://api.github.com/users/DaanHoogland/events{/privacy}\",\"following_url\":\"https://api.github.com/users/DaanHoogland/following{/other_user}\",\"followers_url\":\"https://api.github.com/users/DaanHoogland/followers\",\"gists_url\":\"https://api.github.com/users/DaanHoogland/gists{/gist_id}\",\"organizations_url\":\"https://api.github.com/users/DaanHoogland/orgs\",\"received_events_url\":\"https://api.github.com/users/DaanHoogland/received_events\",\"repos_url\":\"https://api.github.com/users/DaanHoogland/repos\",\"starred_url\":\"https://api.github.com/users/DaanHoogland/starred{/owner}{/repo}\",\"subscriptions_url\":\"https://api.github.com/users/DaanHoogland/subscriptions\"},\"labels\":[{\"id\":584073882,\"url\":\"https://api.github.com/repos/apache/cloudstack/labels/type:config\",\"name\":\"type:config\",\"color\":\"5319e7\",\"description\":\"\",\"default\":false,\"node_id\":\"MDU6TGFiZWw1ODQwNzM4ODI=\"},{\"id\":821716113,\"url\":\"https://api.github.com/repos/apache/cloudstack/labels/type:cleanup\",\"name\":\"type:cleanup\",\"color\":\"0e8a16\",\"description\":\"\",\"default\":false,\"node_id\":\"MDU6TGFiZWw4MjE3MTYxMTM=\"},{\"id\":2531619915,\"url\":\"https://api.github.com/repos/apache/cloudstack/labels/complexity:trivial\",\"name\":\"complexity:trivial\",\"color\":\"000066\",\"description\":\"10 minnutes to a few days at most\",\"default\":false,\"node_id\":\"MDU6TGFiZWwyNTMxNjE5OTE1\"},{\"id\":6890295339,\"url\":\"https://api.github.com/repos/apache/cloudstack/labels/status:stale\",\"name\":\"status:stale\",\"color\":\"E43179\",\"description\":\"\",\"default\":false,\"node_id\":\"LA_kwDOAJTq2M8AAAABmrGQKw\"},{\"id\":9849008471,\"url\":\"https://api.github.com/repos/apache/cloudstack/labels/no-issue-activity\",\"name\":\"no-issue-activity\",\"color\":\"ededed\",\"default\":false,\"node_id\":\"LA_kwDOAJTq2M8AAAACSwvxVw\"}],\"comments\":8,\"created_at\":\"2022-10-11T08:50:32Z\",\"updated_at\":\"2026-05-27T02:18:42Z\",\"url\":\"https://api.github.com/repos/apache/cloudstack/issues/6819\",\"html_url\":\"https://github.com/apache/cloudstack/issues/6819\",\"comments_url\":\"https://api.github.com/repos/apache/cloudstack/issues/6819/comments\",\"events_url\":\"https://api.github.com/repos/apache/cloudstack/issues/6819/events\",\"labels_url\":\"https://api.github.com/repos/apache/cloudstack/issues/6819/labels{/name}\",\"repository_url\":\"https://api.github.com/repos/apache/cloudstack\",\"milestone\":{\"url\":\"https://api.github.com/repos/apache/cloudstack/milestones/19\",\"html_url\":\"https://github.com/apache/cloudstack/milestone/19\",\"labels_url\":\"https://api.github.com/repos/apache/cloudstack/milestones/19/labels\",\"id\":6265435,\"number\":19,\"state\":\"open\",\"title\":\"unplanned\",\"creator\":{\"login\":\"DaanHoogland\",\"id\":2486961,\"node_id\":\"MDQ6VXNlcjI0ODY5NjE=\",\"avatar_url\":\"https://avatars.githubusercontent.com/u/2486961?v=4\",\"html_url\":\"https://github.com/DaanHoogland\",\"gravatar_id\":\"\",\"type\":\"User\",\"site_admin\":false,\"url\":\"https://api.github.com/users/DaanHoogland\",\"events_url\":\"https://api.github.com/users/DaanHoogland/events{/privacy}\",\"following_url\":\"https://api.github.com/users/DaanHoogland/following{/other_user}\",\"followers_url\":\"https://api.github.com/users/DaanHoogland/followers\",\"gists_url\":\"https://api.github.com/users/DaanHoogland/gists{/gist_id}\",\"organizations_url\":\"https://api.github.com/users/DaanHoogland/orgs\",\"received_events_url\":\"https://api.github.com/users/DaanHoogland/received_events\",\"repos_url\":\"https://api.github.com/users/DaanHoogland/repos\",\"starred_url\":\"https://api.github.com/users/DaanHoogland/starred{/owner}{/repo}\",\"subscriptions_url\":\"https://api.github.com/users/DaanHoogland/subscriptions\"},\"open_issues\":185,\"closed_issues\":1302,\"created_at\":\"2021-01-04T09:07:50Z\",\"updated_at\":\"2026-09-24T11:01:33Z\",\"node_id\":\"MDk6TWlsZXN0b25lNjI2NTQzNQ==\"},\"reactions\":{\"total_count\":0,\"+1\":0,\"-1\":0,\"laugh\":0,\"confused\":0,\"heart\":0,\"hooray\":0,\"rocket\":0,\"eyes\":0,\"url\":\"https://api.github.com/repos/apache/cloudstack/issues/6819/reactions\"},\"node_id\":\"I_kwDOAJTq2M5Ts1Gh\"},{\"id\":1408699817,\"number\":6827,\"state\":\"open\",\"locked\":false,\"title\":\"Zero size recurring snapshots piling up after server is shutdown\",\"body\":\"\\u003c!--\\r\\nVerify first that your issue/request is not already reported on GitHub.\\r\\nAlso test if the latest release and main branch are affected too.\\r\\nAlways add information AFTER of these HTML comments, but no need to delete the comments.\\r\\n--\\u003e\\r\\n\\r\\nSnapshot taking process should follow the following logic:\\r\\n\\r\\n1. If there are zero snapshots but there is a recurring schedule set, then it should still take the first snapshot for completion sake (regardless of whether Volume is detached or attached to a VM which is running or stopped).\\r\\n2. If there are existing snapshots, and the VM was up after the last snapshot, then take a snapshot (regardless of whether the VM is currently up or down or volume is detached since then)\\r\\n3. If there are existing snapshots, but the VM is currently down, AND the last snapshot was after the VM was shutdown, Skip the snapshot and then ADD EVENT - SKIPPING Snapshot for Volume ROOT-X/DATA-X indicating that it is skipped because VM is not running - this Event will help reduce future confusion when someone starts the server and thinks that bunch of days of snapshots are missing.\\r\\n\\r\\n\\r\\n##### ISSUE TYPE\\r\\n\\u003c!-- Pick one below and delete the rest --\\u003e\\r\\n  Bug Report \\r\\n\\r\\n##### COMPONENT NAME\\r\\n\\u003c!--\\r\\nCategorize the issue, e.g. API, VR, VPN, UI, etc.\\r\\nUI, Snapshot\\r\\n--\\u003e\\r\\n~~~\\r\\n\\r\\n~~~\\r\\n\\r\\n##### CLOUDSTACK VERSION\\r\\n\\u003c!--\\r\\nNew line separated list of affected versions, commit ID for issues on main branch.\\r\\n--\\u003e\\r\\n\\r\\n~~~\\r\\n4.17\\r\\n~~~\\r\\n\\r\\n##### CONFIGURATION\\r\\n\\u003c!--\\r\\nInformation about the configuration if relevant, e.g. basic network, advanced networking, etc.  N/A otherwise\\r\\n--\\u003e\\r\\nN/A\\r\\n\\r\\n##### OS / ENVIRONMENT\\r\\n\\u003c!--\\r\\nInformation about the environment if relevant, N/A otherwise\\r\\n--\\u003e\\r\\nN/A\\r\\n\\r\\n##### SUMMARY\\r\\n\\u003c!-- Explain the problem/feature briefly --\\u003e\\r\\n\\r\\n\\r\\nUser has recurring snapshots on a Volume with KEEP 5 setting. \\r\\nThere are snapshots present already and 5 are seen in UI. \\r\\nUser shuts down the VM and leaves it off for several days. \\r\\nEach day, there is a ZERO size snapshot entry made, but in backend it points to the same last snapshot (checked via SQL).\\r\\nBut on Display there are tens of snapshots present and this counts against the MAX 100 snapshots per account (I know I can increase this to higher number). \\r\\nUsers are confused why so many snapshots. \\r\\n\\r\\nNOTE  - as a technical person, I understand why having the Zero size snapshot entry makes sense - essentially shows that the process ran as expected. However from user perspective, it is confusing especially when the server is down for weeks, and they come back to Max snapshots exceeded errors. \\r\\n\\r\\n##### STEPS TO REPRODUCE\\r\\n\\u003c!--\\r\\nFor bugs, show exactly how to reproduce the problem, using a minimal test-case. Use Screenshots if accurate.\\r\\n\\r\\nFor new features, show how the feature would be used.\\r\\n--\\u003e\\r\\n\\r\\n\\u003c!-- Paste example playbooks or commands between quotes below --\\u003e\\r\\n~~~\\r\\nUser has recurring snapshots on a Volume with KEEP 5 setting. \\r\\nThere are snapshots present already and 5 are seen in UI. \\r\\nUser shuts down the VM and leaves it off for several days. \\r\\nEach day, there is a ZERO size snapshot entry made, but in backend it points to the same last snapshot (checked via SQL).\\r\\nBut on Display there are tens of snapshots present and this counts against the MAX 100 snapshots per account (I know I can increase this to higher number). \\r\\nUsers are confused why so many snapshots. \\r\\n~~~\\r\\n\\r\\n\\u003c!-- You can also paste gist.github.com links for larger files --\\u003e\\r\\n\\r\\n##### EXPECTED RESULTS\\r\\n\\u003c!-- What did you expect to happen when running the steps above? --\\u003e\\r\\n\\r\\n~~~\\r\\n\\r\\n1. Zero size snapshots should not show up in the UI, and should not form a dependency in the cloud database's snapshot table. \\r\\nOR Perhaps indicate zero size snapshot in the UI so users know without contacting Admins.\\r\\n\\r\\n4. The zero size snapshots should not count against the Max 100 limit. \\r\\n~~~\\r\\n\\r\\n##### ACTUAL RESULTS\\r\\n\\u003c!-- What actually happened? --\\u003e\\r\\n\\r\\n\\u003c!-- Paste verbatim command output between quotes below --\\u003e\\r\\n~~~\\r\\nzero size snapshots count against max snapshots.\\r\\nlarge number of snapshots in UI confuses the users\\r\\n~~~\\r\\n\",\"author_association\":\"NONE\",\"user\":{\"login\":\"nxsbi\",\"id\":71042351,\"node_id\":\"MDQ6VXNlcjcxMDQyMzUx\",\"avatar_url\":\"https://avatars.githubusercontent.com/u/71042351?v=4\",\"html_url\":\"https://github.com/nxsbi\",\"gravatar_id\":\"\",\"type\":\"User\",\"site_admin\":false,\"url\":\"https://api.github.com/users/nxsbi\",\"events_url\":\"https://api.github.com/users/nxsbi/events{/privacy}\",\"following_url\":\"https://api.github.com/users/nxsbi/following{/other_user}\",\"followers_url\":\"https://api.github.com/users/nxsbi/followers\",\"gists_url\":\"https://api.github.com/users/nxsbi/gists{/gist_id}\",\"organizations_url\":\"https://api.github.com/users/nxsbi/orgs\",\"received_events_url\":\"https://api.github.com/users/nxsbi/received_events\",\"repos_url\":\"https://api.github.com/users/nxsbi/repos\",\"starred_url\":\"https://api.github.com/users/nxsbi/starred{/owner}{/repo}\",\"subscriptions_url\":\"https://api.github.com/users/nxsbi/subscriptions\"},\"labels\":[{\"id\":37843366,\"url\":\"https://api.github.com/repos/apache/cloudstack/labels/type:enhancement\",\"name\":\"type:enhancement\",\"color\":\"84b6eb\",\"description\":\"\",\"default\":false,\"node_id\":\"MDU6TGFiZWwzNzg0MzM2Ng==\"},{\"id\":4006883948,\"url\":\"https://api.github.com/repos/apache/cloudstack/labels/component:storage\",\"name\":\"component:storage\",\"color\":\"1D76DB\",\"description\":\"\",\"default\":false,\"node_id\":\"LA_kwDOAJTq2M7u1DJs\"},{\"id\":6890295339,\"url\":\"https://api.github.com/repos/apache/cloudstack/labels/status:stale\",\"name\":\"status:stale\",\"color\":\"E43179\",\"description\":\"\",\"default\":false,\"node_id\":\"LA_kwDOAJTq2M8AAAABmrGQKw\"},{\"id\":9849008471,\"url\":\"https://api.github.com/repos/apache/cloudstack/labels/no-issue-activity\",\"name\":\"no-issue-activity\",\"color\":\"ededed\",\"default\":false,\"node_id\":\"LA_kwDOAJTq2M8AAAACSwvxVw\"}],\"comments\":7,\"created_at\":\"2022-10-14T03:23:24Z\",\"updated_at\":\"2026-08-19T07:08:50Z\",\"url\":\"https://api.github.com/repos/apache/cloudstack/issues/6827\",\"html_url\":\"https://github.com/apache/cloudstack/issues/6827\",\"comments_url\":\"https://api.github.com/repos/apache/cloudstack/issues/6827/comments\",\"events_url\":\"https://api.github.com/repos/apache/cloudstack/issues/6827/events\",\"labels_url\":\"https://api.github.com/repos/apache/cloudstack/issues/6827/labels{/name}\",\"repository_url\":\"https://api.github.com/repos/apache/cloudstack\",\"milestone\":{\"url\":\"https://api.github.com/repos/apache/cloudstack/milestones/47\",\"html_url\":\"https://github.com/apache/cloudstack/milestone/47\",\"labels_url\":\"https://api.github.com/repos/apache/cloudstack/milestones/47/labels\",\"id\":15843055,\"number\":47,\"state\":\"open\",\"title\":\"24.0\",\"description\":\"\",\"creator\":{\"login\":\"weizhouapache\",\"id\":57355700,\"node_id\":\"MDQ6VXNlcjU3MzU1NzAw\",\"avatar_url\":\"https://avatars.githubusercontent.com/u/57355700?v=4\",\"html_url\":\"https://github.com/weizhouapache\",\"gravatar_id\":\"\",\"type\":\"User\",\"site_admin\":false,\"url\":\"https://api.github.com/users/weizhouapache\",\"events_url\":\"https://api.github.com/users/weizhouapache/events{/privacy}\",\"following_url\":\"https://api.github.com/users/weizhouapache/following{/other_user}\",\"followers_url\":\"https://api.github.com/users/weizhouapache/followers\",\"gists_url\":\"https://api.github.com/users/weizhouapache/gists{/gist_id}\",\"organizations_url\":\"https://api.github.com/users/weizhouapache/orgs\",\"received_events_url\":\"https://api.github.com/users/weizhouapache/received_events\",\"repos_url\":\"https://api.github.com/users/weizhouapache/repos\",\"starred_url\":\"https://api.github.com/users/weizhouapache/starred{/owner}{/repo}\",\"subscriptions_url\":\"https://api.github.com/users/weizhouapache/subscriptions\"},\"open_issues\":274,\"closed_issues\":39,\"created_at\":\"2026-05-08T06:15:20Z\",\"updated_at\":\"2026-10-02T08:13:00Z\",\"node_id\":\"MI_kwDOAJTq2M4A8b7v\"},\"reactions\":{\"total_count\":0,\"+1\":0,\"-1\":0,\"laugh\":0,\"confused\":0,\"heart\":0,\"hooray\":0,\"rocket\":0,\"eyes\":0,\"url\":\"https://api.github.com/repos/apache/cloudstack/issues/6827/reactions\"},\"node_id\":\"I_kwDOAJTq2M5T9w2p\"}]}","type":"text"}]}} +1ms
guard:wasm tryCallWasmFunction: guard=github, func=<unknown>, inputSize=220010, outputSize=4194304 +1ms
guard:wasm Using guard allocator path: guard=github +220µs
guard:wasm [guard:github] DEBUG: >>> alloc(220010) +312µs
guard:wasm [guard:github] DEBUG: <<< alloc returning ptr=1107776 +258µs
guard:wasm wasmAlloc: guard=github, size=220010, ptr=1107776 +273µs
guard:wasm [guard:github] DEBUG: >>> alloc(4194304) +269µs
guard:wasm [guard:github] DEBUG: <<< alloc returning ptr=5302576 +337µs
guard:wasm wasmAlloc: guard=github, size=4194304, ptr=5302576 +270µs
guard:wasm [guard:github] INFO: >>> label_response called +260µs
guard:wasm [guard:github] INFO:     input_len=220010, output_size=4194304 +288µs
guard:wasm [guard:github] INFO:     input_preview={"capabilities":{},"tool_args":{"order":"asc","perPage":30,"query":"repo:apache/cloudstack is:issue is:open","sort":"created"},"tool_name":"search_issues","tool_result":{"content":[{"text":"{\"total_count\":657,\"incomplete_results\":false,\"items\":[{\"id\":364540980,\"number\":2865,\"state\":\"open\",\"locked\":false,\"title\":\"DNS records for additional local IP addresses\",\"body\":\"##### ISSUE TYPE\\r\\n * Feature Idea\\r\\n\\r\\n##### COMPONENT NAME\\r\\n* DNS\\r\\n\\r\\n##### CLOUDSTACK +250µs
guard:wasm [guard:github] INFO:     tool_name=search_issues +3ms
guard:wasm [guard:github] DEBUG: extract_mcp_response: top-level keys=["content"] +289µs
guard:wasm [guard:github] DEBUG: extract_mcp_response: found content array with 1 items +254µs
guard:wasm [guard:github] DEBUG: extract_mcp_response: found text field, len=203305 +260µs
guard:wasm [guard:github] DEBUG: extract_mcp_response: parsed content[0].text as JSON +4ms
guard:wasm [guard:github] DEBUG: Checking repo visibility for apache/cloudstack +291µs
guard:wasm [guard:github] INFO: >>> call_backend: tool=search_repositories +289µs
guard:wasm [guard:github] DEBUG:     args={"perPage":10,"query":"repo:apache/cloudstack"} +244µs
guard:wasm WASM guard calling backend: tool=search_repositories +286µs
server:unified [DIFC] Guard calling backend github tool search_repositories for metadata +992ms
server:unified executeBackendToolCall: serverID=github, toolName=search_repositories +218µs
launcher:launcher Checking session pool: serverID=github, sessionID=82ETMfnFu36zOUTFvF5DvaYhGvCyRqzWHl94ozcKa3T25DueoUaz61vzUl +992ms
launcher:pool Reusing connection: backend=github, session=82ETMfnFu36zOUTFvF5DvaYhGvCyRqzWHl94ozcKa3T25DueoUaz61vzUl, requests=15 +992ms
mcp:connection Dispatching SDK method: tools/call, serverID=github +991ms
mcp:connection callTool: parsed name=search_repositories, argumentCount=2 +265µs
guard:wasm Backend call failed: calling "tools/call": unknown tool "search_repositories" +4ms
guard:wasm [guard:github] ERROR: <<< call_backend FAILED with code -1 +226µs
guard:wasm [guard:github] WARN: Backend call search_repositories failed with code -1 +428µs
guard:wasm [guard:github] DEBUG: Checking repo visibility for apache/cloudstack +653µs
guard:wasm [guard:github] INFO: >>> call_backend: tool=search_repositories +285µs
guard:wasm [guard:github] DEBUG:     args={"perPage":10,"query":"repo:apache/cloudstack"} +244µs
guard:wasm WASM guard calling backend: tool=search_repositories +323µs
server:unified [DIFC] Guard calling backend github tool search_repositories for metadata +6ms
server:unified executeBackendToolCall: serverID=github, toolName=search_repositories +240µs
launcher:launcher Checking session pool: serverID=github, sessionID=82ETMfnFu36zOUTFvF5DvaYhGvCyRqzWHl94ozcKa3T25DueoUaz61vzUl +7ms
launcher:pool Reusing connection: backend=github, session=82ETMfnFu36zOUTFvF5DvaYhGvCyRqzWHl94ozcKa3T25DueoUaz61vzUl, requests=16 +6ms
mcp:connection Dispatching SDK method: tools/call, serverID=github +6ms
mcp:connection callTool: parsed name=search_repositories, argumentCount=2 +278µs
guard:wasm Backend call failed: calling "tools/call": unknown tool "search_repositories" +5ms
guard:wasm [guard:github] ERROR: <<< call_backend FAILED with code -1 +299µs
guard:wasm [guard:github] WARN: Backend call search_repositories failed with code -1 +475µs
guard:wasm [guard:github] DEBUG: [integrity] issue:apache/cloudstack#2865: author_association floor below writer (rank=2), checking collaborator permission for IngoJochim +514µs
guard:wasm [guard:github] DEBUG: get_collaborator_permission: fetching permission for apache/cloudstack user IngoJochim +275µs
guard:wasm [guard:github] INFO: >>> call_backend: tool=get_collaborator_permission +298µs
guard:wasm [guard:github] DEBUG:     args={"owner":"apache","repo":"cloudstack","username":"IngoJochim"} +245µs
guard:wasm WASM guard calling backend: tool=get_collaborator_permission +246µs
envutil:github Looking up GitHub token: checking 4 candidate env vars +33.0s
envutil:github GitHub token found: source=GITHUB_MCP_SERVER_TOKEN +233µs
envutil:github GitHub API URL using default:  +272µs
envutil:github Deriving API URL from server URL: https://github.com +237µs
envutil:github GitHub.com detected, using default API URL: https://api.github.com +322µs
envutil:github GitHub API URL derived from GITHUB_SERVER_URL=https://github.com: https://api.github.com +285µs
httputil:collaborator_permission FetchCollaboratorPermission: owner=apache, repo=cloudstack, username=IngoJochim, apiPath=/repos/apache/cloudstack/collaborators/IngoJochim/permission +33.0s
server:unified get_collaborator_permission: GET /repos/apache/cloudstack/collaborators/IngoJochim/permission (for apache/cloudstack user IngoJochim) +9ms
httputil:httputil GitHub GET: baseURL="https://api.github.com", path="/repos/apache/cloudstack/collaborators/IngoJochim/permission", hasAuth=true +28.2s
httputil:httputil Applying GitHub API headers: method="GET", path="/repos/apache/cloudstack/collaborators/IngoJochim/permission", hasAuth=true +272µs
httputil:httputil GitHub GET response: path="/repos/apache/cloudstack/collaborators/IngoJochim/permission", status=200 +188ms
httputil:collaborator_permission FetchCollaboratorPermission: response received: status=200, bodyLen=1111 +190ms
server:unified get_collaborator_permission: apache/cloudstack user IngoJochim → permission="read" (HTTP 200) +190ms
guard:wasm [guard:github] INFO: <<< call_backend returned 1248 bytes +192ms
guard:wasm [guard:github] DEBUG: extract_mcp_response: top-level keys=["content"] +279µs
guard:wasm [guard:github] DEBUG: extract_mcp_response: found content array with 1 items +256µs
guard:wasm [guard:github] DEBUG: extract_mcp_response: found text field, len=1111 +262µs
guard:wasm [guard:github] DEBUG: extract_mcp_response: parsed content[0].text as JSON +288µs
guard:wasm [guard:github] INFO: get_collaborator_permission: apache/cloudstack user IngoJochim → permission=Some("read") login=Some("IngoJochim") +299µs
guard:wasm [guard:github] DEBUG: [integrity] issue:apache/cloudstack#2865: collaborator permission=Some("read") → merged rank=2 +251µs
guard:wasm [guard:github] DEBUG: Checking repo visibility for apache/cloudstack +299µs
guard:wasm [guard:github] INFO: >>> call_backend: tool=search_repositories +263µs
guard:wasm [guard:github] DEBUG:     args={"perPage":10,"query":"repo:apache/cloudstack"} +229µs
guard:wasm WASM guard calling backend: tool=search_repositories +311µs
server:unified [DIFC] Guard calling backend github tool search_repositories for metadata +3ms
server:unified executeBackendToolCall: serverID=github, toolName=search_repositories +232µs
launcher:launcher Checking session pool: serverID=github, sessionID=82ETMfnFu36zOUTFvF5DvaYhGvCyRqzWHl94ozcKa3T25DueoUaz61vzUl +202ms
launcher:pool Reusing connection: backend=github, session=82ETMfnFu36zOUTFvF5DvaYhGvCyRqzWHl94ozcKa3T25DueoUaz61vzUl, requests=17 +202ms
mcp:connection Dispatching SDK method: tools/call, serverID=github +202ms
mcp:connection callTool: parsed name=search_repositories, argumentCount=2 +239µs
guard:wasm Backend call failed: calling "tools/call": unknown tool "search_repositories" +5ms
guard:wasm [guard:github] ERROR: <<< call_backend FAILED with code -1 +255µs
guard:wasm [guard:github] WARN: Backend call search_repositories failed with code -1 +441µs
guard:wasm [guard:github] DEBUG: Checking repo visibility for apache/cloudstack +508µs
guard:wasm [guard:github] INFO: >>> call_backend: tool=search_repositories +252µs
guard:wasm [guard:github] DEBUG:     args={"perPage":10,"query":"repo:apache/cloudstack"} +234µs
guard:wasm WASM guard calling backend: tool=search_repositories +238µs
server:unified [DIFC] Guard calling backend github tool search_repositories for metadata +6ms
server:unified executeBackendToolCall: serverID=github, toolName=search_repositories +219µs
launcher:launcher Checking session pool: serverID=github, sessionID=82ETMfnFu36zOUTFvF5DvaYhGvCyRqzWHl94ozcKa3T25DueoUaz61vzUl +6ms
launcher:pool Reusing connection: backend=github, session=82ETMfnFu36zOUTFvF5DvaYhGvCyRqzWHl94ozcKa3T25DueoUaz61vzUl, requests=18 +6ms
mcp:connection Dispatching SDK method: tools/call, serverID=github +7ms
mcp:connection callTool: parsed name=search_repositories, argumentCount=2 +265µs
guard:wasm Backend call failed: calling "tools/call": unknown tool "search_repositories" +4ms
guard:wasm [guard:github] ERROR: <<< call_backend FAILED with code -1 +294µs
guard:wasm [guard:github] WARN: Backend call search_repositories failed with code -1 +448µs
guard:wasm [guard:github] DEBUG: [integrity] issue:apache/cloudstack#3253: author_association floor below writer (rank=2), checking collaborator permission for DagSonsteboSB +537µs
guard:wasm [guard:github] DEBUG: get_collaborator_permission: fetching permission for apache/cloudstack user DagSonsteboSB +235µs
guard:wasm [guard:github] INFO: >>> call_backend: tool=get_collaborator_permission +251µs
guard:wasm [guard:github] DEBUG:     args={"owner":"apache","repo":"cloudstack","username":"DagSonsteboSB"} +280µs
guard:wasm WASM guard calling backend: tool=get_collaborator_permission +239µs
envutil:github Looking up GitHub token: checking 4 candidate env vars +208ms
envutil:github GitHub token found: source=GITHUB_MCP_SERVER_TOKEN +224µs
envutil:github GitHub API URL using default:  +272µs
envutil:github Deriving API URL from server URL: https://github.com +265µs
envutil:github GitHub.com detected, using default API URL: https://api.github.com +226µs
envutil:github GitHub API URL derived from GITHUB_SERVER_URL=https://github.com: https://api.github.com +251µs
httputil:collaborator_permission FetchCollaboratorPermission: owner=apache, repo=cloudstack, username=DagSonsteboSB, apiPath=/repos/apache/cloudstack/collaborators/DagSonsteboSB/permission +19ms
server:unified get_collaborator_permission: GET /repos/apache/cloudstack/collaborators/DagSonsteboSB/permission (for apache/cloudstack user DagSonsteboSB) +8ms
httputil:httputil GitHub GET: baseURL="https://api.github.com", path="/repos/apache/cloudstack/collaborators/DagSonsteboSB/permission", hasAuth=true +20ms
httputil:httputil Applying GitHub API headers: method="GET", path="/repos/apache/cloudstack/collaborators/DagSonsteboSB/permission", hasAuth=true +229µs
httputil:httputil GitHub GET response: path="/repos/apache/cloudstack/collaborators/DagSonsteboSB/permission", status=200 +225ms
httputil:collaborator_permission FetchCollaboratorPermission: response received: status=200, bodyLen=1147 +226ms
server:unified get_collaborator_permission: apache/cloudstack user DagSonsteboSB → permission="read" (HTTP 200) +226ms
guard:wasm [guard:github] INFO: <<< call_backend returned 1284 bytes +229ms
guard:wasm [guard:github] DEBUG: extract_mcp_response: top-level keys=["content"] +293µs
guard:wasm [guard:github] DEBUG: extract_mcp_response: found content array with 1 items +349µs
guard:wasm [guard:github] DEBUG: extract_mcp_response: found text field, len=1147 +259µs
guard:wasm [guard:github] DEBUG: extract_mcp_response: parsed content[0].text as JSON +277µs
guard:wasm [guard:github] INFO: get_collaborator_permission: apache/cloudstack user DagSonsteboSB → permission=Some("read") login=Some("DagSonsteboSB") +327µs
guard:wasm [guard:github] DEBUG: [integrity] issue:apache/cloudstack#3253: collaborator permission=Some("read") → merged rank=2 +370µs
guard:wasm [guard:github] DEBUG: Checking repo visibility for apache/cloudstack +263µs
guard:wasm [guard:github] INFO: >>> call_backend: tool=search_repositories +272µs
guard:wasm [guard:github] DEBUG:     args={"perPage":10,"query":"repo:apache/cloudstack"} +309µs
guard:wasm WASM guard calling backend: tool=search_repositories +241µs
server:unified [DIFC] Guard calling backend github tool search_repositories for metadata +3ms
server:unified executeBackendToolCall: serverID=github, toolName=search_repositories +239µs
launcher:launcher Checking session pool: serverID=github, sessionID=82ETMfnFu36zOUTFvF5DvaYhGvCyRqzWHl94ozcKa3T25DueoUaz61vzUl +239ms
launcher:pool Reusing connection: backend=github, session=82ETMfnFu36zOUTFvF5DvaYhGvCyRqzWHl94ozcKa3T25DueoUaz61vzUl, requests=19 +239ms
mcp:connection Dispatching SDK method: tools/call, serverID=github +239ms
mcp:connection callTool: parsed name=search_repositories, argumentCount=2 +235µs
guard:wasm Backend call failed: calling "tools/call": unknown tool "search_repositories" +5ms
guard:wasm [guard:github] ERROR: <<< call_backend FAILED with code -1 +249µs
guard:wasm [guard:github] WARN: Backend call search_repositories failed with code -1 +500µs
guard:wasm [guard:github] DEBUG: Checking repo visibility for apache/cloudstack +535µs
guard:wasm [guard:github] INFO: >>> call_backend: tool=search_repositories +345µs
guard:wasm [guard:github] DEBUG:     args={"perPage":10,"query":"repo:apache/cloudstack"} +282µs
guard:wasm WASM guard calling backend: tool=search_repositories +270µs
server:unified [DIFC] Guard calling backend github tool search_repositories for metadata +7ms
server:unified executeBackendToolCall: serverID=github, toolName=search_repositories +252µs
launcher:launcher Checking session pool: serverID=github, sessionID=82ETMfnFu36zOUTFvF5DvaYhGvCyRqzWHl94ozcKa3T25DueoUaz61vzUl +7ms
launcher:pool Reusing connection: backend=github, session=82ETMfnFu36zOUTFvF5DvaYhGvCyRqzWHl94ozcKa3T25DueoUaz61vzUl, requests=20 +7ms
mcp:connection Dispatching SDK method: tools/call, serverID=github +7ms
mcp:connection callTool: parsed name=search_repositories, argumentCount=2 +264µs
guard:wasm Backend call failed: calling "tools/call": unknown tool "search_repositories" +5ms
guard:wasm [guard:github] ERROR: <<< call_backend FAILED with code -1 +277µs
guard:wasm [guard:github] WARN: Backend call search_repositories failed with code -1 +433µs
guard:wasm [guard:github] DEBUG: [integrity] issue:apache/cloudstack#3360: author_association floor below writer (rank=2), checking collaborator permission for DaanHoogland +539µs
guard:wasm [guard:github] DEBUG: get_collaborator_permission: fetching permission for apache/cloudstack user DaanHoogland +270µs
guard:wasm [guard:github] INFO: >>> call_backend: tool=get_collaborator_permission +267µs
guard:wasm [guard:github] DEBUG:     args={"owner":"apache","repo":"cloudstack","username":"DaanHoogland"} +259µs
guard:wasm WASM guard calling backend: tool=get_collaborator_permission +250µs
envutil:github Looking up GitHub token: checking 4 candidate env vars +245ms
envutil:github GitHub token found: source=GITHUB_MCP_SERVER_TOKEN +296µs
envutil:github GitHub API URL using default:  +280µs
envutil:github Deriving API URL from server URL: https://github.com +253µs
envutil:github GitHub.com detected, using default API URL: https://api.github.com +253µs
envutil:github GitHub API URL derived from GITHUB_SERVER_URL=https://github.com: https://api.github.com +283µs
httputil:collaborator_permission FetchCollaboratorPermission: owner=apache, repo=cloudstack, username=DaanHoogland, apiPath=/repos/apache/cloudstack/collaborators/DaanHoogland/permission +20ms
server:unified get_collaborator_permission: GET /repos/apache/cloudstack/collaborators/DaanHoogland/permission (for apache/cloudstack user DaanHoogland) +9ms
httputil:httputil GitHub GET: baseURL="https://api.github.com", path="/repos/apache/cloudstack/collaborators/DaanHoogland/permission", hasAuth=true +21ms
httputil:httputil Applying GitHub API headers: method="GET", path="/repos/apache/cloudstack/collaborators/DaanHoogland/permission", hasAuth=true +313µs
httputil:httputil GitHub GET response: path="/repos/apache/cloudstack/collaborators/DaanHoogland/permission", status=200 +164ms
httputil:collaborator_permission FetchCollaboratorPermission: response received: status=200, bodyLen=1134 +166ms
server:unified get_collaborator_permission: apache/cloudstack user DaanHoogland → permission="write" (HTTP 200) +166ms
guard:wasm [guard:github] INFO: <<< call_backend returned 1271 bytes +168ms
guard:wasm [guard:github] DEBUG: extract_mcp_response: top-level keys=["content"] +281µs
guard:wasm [guard:github] DEBUG: extract_mcp_response: found content array with 1 items +250µs
guard:wasm [guard:github] DEBUG: extract_mcp_response: found text field, len=1134 +214µs
guard:wasm [guard:github] DEBUG: extract_mcp_response: parsed content[0].text as JSON +403µs
guard:wasm [guard:github] INFO: get_collaborator_permission: apache/cloudstack user DaanHoogland → permission=Some("write") login=Some("DaanHoogland") +259µs
guard:wasm [guard:github] DEBUG: [integrity] issue:apache/cloudstack#3360: collaborator permission=Some("write") → merged rank=3 +421µs
guard:wasm [guard:github] DEBUG: Checking repo visibility for apache/cloudstack +266µs
guard:wasm [guard:github] INFO: >>> call_backend: tool=search_repositories +306µs
guard:wasm [guard:github] DEBUG:     args={"perPage":10,"query":"repo:apache/cloudstack"} +223µs
guard:wasm WASM guard calling backend: tool=search_repositories +273µs
server:unified [DIFC] Guard calling backend github tool search_repositories for metadata +3ms
server:unified executeBackendToolCall: serverID=github, toolName=search_repositories +248µs
launcher:launcher Checking session pool: serverID=github, sessionID=82ETMfnFu36zOUTFvF5DvaYhGvCyRqzWHl94ozcKa3T25DueoUaz61vzUl +179ms
launcher:pool Reusing connection: backend=github, session=82ETMfnFu36zOUTFvF5DvaYhGvCyRqzWHl94ozcKa3T25DueoUaz61vzUl, requests=21 +179ms
mcp:connection Dispatching SDK method: tools/call, serverID=github +178ms
mcp:connection callTool: parsed name=search_repositories, argumentCount=2 +273µs
guard:wasm Backend call failed: calling "tools/call": unknown tool "search_repositories" +5ms
guard:wasm [guard:github] ERROR: <<< call_backend FAILED with code -1 +279µs
guard:wasm [guard:github] WARN: Backend call search_repositories failed with code -1 +539µs
guard:wasm [guard:github] DEBUG: Checking repo visibility for apache/cloudstack +528µs
guard:wasm [guard:github] INFO: >>> call_backend: tool=search_repositories +286µs
guard:wasm [guard:github] DEBUG:     args={"perPage":10,"query":"repo:apache/cloudstack"} +270µs
guard:wasm WASM guard calling backend: tool=search_repositories +234µs
server:unified [DIFC] Guard calling backend github tool search_repositories for metadata +6ms
server:unified executeBackendToolCall: serverID=github, toolName=search_repositories +242µs
launcher:launcher Checking session pool: serverID=github, sessionID=82ETMfnFu36zOUTFvF5DvaYhGvCyRqzWHl94ozcKa3T25DueoUaz61vzUl +7ms
launcher:pool Reusing connection: backend=github, session=82ETMfnFu36zOUTFvF5DvaYhGvCyRqzWHl94ozcKa3T25DueoUaz61vzUl, requests=22 +7ms
mcp:connection Dispatching SDK method: tools/call, serverID=github +7ms
mcp:connection callTool: parsed name=search_repositories, argumentCount=2 +284µs
guard:wasm Backend call failed: calling "tools/call": unknown tool "search_repositories" +5ms
guard:wasm [guard:github] ERROR: <<< call_backend FAILED with code -1 +238µs
guard:wasm [guard:github] WARN: Backend call search_repositories failed with code -1 +474µs
guard:wasm [guard:github] DEBUG: [integrity] issue:apache/cloudstack#3679: author_association floor below writer (rank=2), checking collaborator permission for DaanHoogland +458µs
guard:wasm [guard:github] DEBUG: get_collaborator_permission: cache hit for apache/cloudstack user DaanHoogland → permission=Some("write") +254µs
guard:wasm [guard:github] DEBUG: [integrity] issue:apache/cloudstack#3679: collaborator permission=Some("write") → merged rank=3 +290µs
guard:wasm [guard:github] DEBUG: Checking repo visibility for apache/cloudstack +378µs
guard:wasm [guard:github] INFO: >>> call_backend: tool=search_repositories +265µs
guard:wasm [guard:github] DEBUG:     args={"perPage":10,"query":"repo:apache/cloudstack"} +307µs
guard:wasm WASM guard calling backend: tool=search_repositories +226µs
server:unified [DIFC] Guard calling backend github tool search_repositories for metadata +7ms
server:unified executeBackendToolCall: serverID=github, toolName=search_repositories +238µs
launcher:launcher Checking session pool: serverID=github, sessionID=82ETMfnFu36zOUTFvF5DvaYhGvCyRqzWHl94ozcKa3T25DueoUaz61vzUl +7ms
launcher:pool Reusing connection: backend=github, session=82ETMfnFu36zOUTFvF5DvaYhGvCyRqzWHl94ozcKa3T25DueoUaz61vzUl, requests=23 +7ms
mcp:connection Dispatching SDK method: tools/call, serverID=github +7ms
mcp:connection callTool: parsed name=search_repositories, argumentCount=2 +238µs
guard:wasm Backend call failed: calling "tools/call": unknown tool "search_repositories" +4ms
guard:wasm [guard:github] ERROR: <<< call_backend FAILED with code -1 +275µs
guard:wasm [guard:github] WARN: Backend call search_repositories failed with code -1 +451µs
guard:wasm [guard:github] DEBUG: Checking repo visibility for apache/cloudstack +558µs
guard:wasm [guard:github] INFO: >>> call_backend: tool=search_repositories +237µs
guard:wasm [guard:github] DEBUG:     args={"perPage":10,"query":"repo:apache/cloudstack"} +226µs
guard:wasm WASM guard calling backend: tool=search_repositories +263µs
server:unified [DIFC] Guard calling backend github tool search_repositories for metadata +6ms
server:unified executeBackendToolCall: serverID=github, toolName=search_repositories +241µs
launcher:launcher Checking session pool: serverID=github, sessionID=82ETMfnFu36zOUTFvF5DvaYhGvCyRqzWHl94ozcKa3T25DueoUaz61vzUl +6ms
launcher:pool Reusing connection: backend=github, session=82ETMfnFu36zOUTFvF5DvaYhGvCyRqzWHl94ozcKa3T25DueoUaz61vzUl, requests=24 +6ms
mcp:connection Dispatching SDK method: tools/call, serverID=github +6ms
mcp:connection callTool: parsed name=search_repositories, argumentCount=2 +219µs
guard:wasm Backend call failed: calling "tools/call": unknown tool "search_repositories" +4ms
guard:wasm [guard:github] ERROR: <<< call_backend FAILED with code -1 +308µs
guard:wasm [guard:github] WARN: Backend call search_repositories failed with code -1 +495µs
guard:wasm [guard:github] DEBUG: [integrity] issue:apache/cloudstack#3687: author_association floor below writer (rank=2), checking collaborator permission for borisstoyanov +488µs
guard:wasm [guard:github] DEBUG: get_collaborator_permission: fetching permission for apache/cloudstack user borisstoyanov +239µs
guard:wasm [guard:github] INFO: >>> call_backend: tool=get_collaborator_permission +247µs
guard:wasm [guard:github] DEBUG:     args={"owner":"apache","repo":"cloudstack","username":"borisstoyanov"} +241µs
guard:wasm WASM guard calling backend: tool=get_collaborator_permission +250µs
envutil:github Looking up GitHub token: checking 4 candidate env vars +199ms
envutil:github GitHub token found: source=GITHUB_MCP_SERVER_TOKEN +241µs
envutil:github GitHub API URL using default:  +464µs
envutil:github Deriving API URL from server URL: https://github.com +518µs
envutil:github GitHub.com detected, using default API URL: https://api.github.com +351µs
envutil:github GitHub API URL derived from GITHUB_SERVER_URL=https://github.com: https://api.github.com +300µs
httputil:collaborator_permission FetchCollaboratorPermission: owner=apache, repo=cloudstack, username=borisstoyanov, apiPath=/repos/apache/cloudstack/collaborators/borisstoyanov/permission +35ms
server:unified get_collaborator_permission: GET /repos/apache/cloudstack/collaborators/borisstoyanov/permission (for apache/cloudstack user borisstoyanov) +9ms
httputil:httputil GitHub GET: baseURL="https://api.github.com", path="/repos/apache/cloudstack/collaborators/borisstoyanov/permission", hasAuth=true +36ms
httputil:httputil Applying GitHub API headers: method="GET", path="/repos/apache/cloudstack/collaborators/borisstoyanov/permission", hasAuth=true +229µs
httputil:httputil GitHub GET response: path="/repos/apache/cloudstack/collaborators/borisstoyanov/permission", status=200 +181ms
httputil:collaborator_permission FetchCollaboratorPermission: response received: status=200, bodyLen=1148 +183ms
server:unified get_collaborator_permission: apache/cloudstack user borisstoyanov → permission="write" (HTTP 200) +183ms
guard:wasm [guard:github] INFO: <<< call_backend returned 1285 bytes +186ms
guard:wasm [guard:github] DEBUG: extract_mcp_response: top-level keys=["content"] +331µs
guard:wasm [guard:github] DEBUG: extract_mcp_response: found content array with 1 items +271µs
guard:wasm [guard:github] DEBUG: extract_mcp_response: found text field, len=1148 +292µs
guard:wasm [guard:github] DEBUG: extract_mcp_response: parsed content[0].text as JSON +305µs
guard:wasm [guard:github] INFO: get_collaborator_permission: apache/cloudstack user borisstoyanov → permission=Some("write") login=Some("borisstoyanov") +262µs
guard:wasm [guard:github] DEBUG: [integrity] issue:apache/cloudstack#3687: collaborator permission=Some("write") → merged rank=3 +318µs
guard:wasm [guard:github] DEBUG: Checking repo visibility for apache/cloudstack +291µs
guard:wasm [guard:github] INFO: >>> call_backend: tool=search_repositories +256µs
guard:wasm [guard:github] DEBUG:     args={"perPage":10,"query":"repo:apache/cloudstack"} +281µs
guard:wasm WASM guard calling backend: tool=search_repositories +286µs
server:unified [DIFC] Guard calling backend github tool search_repositories for metadata +3ms
server:unified executeBackendToolCall: serverID=github, toolName=search_repositories +250µs
launcher:launcher Checking session pool: serverID=github, sessionID=82ETMfnFu36zOUTFvF5DvaYhGvCyRqzWHl94ozcKa3T25DueoUaz61vzUl +196ms
launcher:pool Reusing connection: backend=github, session=82ETMfnFu36zOUTFvF5DvaYhGvCyRqzWHl94ozcKa3T25DueoUaz61vzUl, requests=25 +196ms
mcp:connection Dispatching SDK method: tools/call, serverID=github +196ms
mcp:connection callTool: parsed name=search_repositories, argumentCount=2 +306µs
guard:wasm Backend call failed: calling "tools/call": unknown tool "search_repositories" +5ms
guard:wasm [guard:github] ERROR: <<< call_backend FAILED with code -1 +238µs
guard:wasm [guard:github] WARN: Backend call search_repositories failed with code -1 +482µs
guard:wasm [guard:github] DEBUG: Checking repo visibility for apache/cloudstack +512µs
guard:wasm [guard:github] INFO: >>> call_backend: tool=search_repositories +308µs
guard:wasm [guard:github] DEBUG:     args={"perPage":10,"query":"repo:apache/cloudstack"} +245µs
guard:wasm WASM guard calling backend: tool=search_repositories +257µs
server:unified [DIFC] Guard calling backend github tool search_repositories for metadata +7ms
server:unified executeBackendToolCall: serverID=github, toolName=search_repositories +290µs
launcher:launcher Checking session pool: serverID=github, sessionID=82ETMfnFu36zOUTFvF5DvaYhGvCyRqzWHl94ozcKa3T25DueoUaz61vzUl +7ms
launcher:pool Reusing connection: backend=github, session=82ETMfnFu36zOUTFvF5DvaYhGvCyRqzWHl94ozcKa3T25DueoUaz61vzUl, requests=26 +7ms
mcp:connection Dispatching SDK method: tools/call, serverID=github +6ms
mcp:connection callTool: parsed name=search_repositories, argumentCount=2 +269µs
guard:wasm Backend call failed: calling "tools/call": unknown tool "search_repositories" +5ms
guard:wasm [guard:github] ERROR: <<< call_backend FAILED with code -1 +312µs
guard:wasm [guard:github] WARN: Backend call search_repositories failed with code -1 +452µs
guard:wasm [guard:github] DEBUG: [integrity] issue:apache/cloudstack#3693: author_association floor below writer (rank=2), checking collaborator permission for DaanHoogland +503µs
guard:wasm [guard:github] DEBUG: get_collaborator_permission: cache hit for apache/cloudstack user DaanHoogland → permission=Some("write") +276µs
guard:wasm [guard:github] DEBUG: [integrity] issue:apache/cloudstack#3693: collaborator permission=Some("write") → merged rank=3 +285µs
guard:wasm [guard:github] DEBUG: Checking repo visibility for apache/cloudstack +263µs
guard:wasm [guard:github] INFO: >>> call_backend: tool=search_repositories +381µs
guard:wasm [guard:github] DEBUG:     args={"perPage":10,"query":"repo:apache/cloudstack"} +228µs
guard:wasm WASM guard calling backend: tool=search_repositories +226µs
server:unified [DIFC] Guard calling backend github tool search_repositories for metadata +7ms
server:unified executeBackendToolCall: serverID=github, toolName=search_repositories +248µs
launcher:launcher Checking session pool: serverID=github, sessionID=82ETMfnFu36zOUTFvF5DvaYhGvCyRqzWHl94ozcKa3T25DueoUaz61vzUl +7ms
launcher:pool Reusing connection: backend=github, session=82ETMfnFu36zOUTFvF5DvaYhGvCyRqzWHl94ozcKa3T25DueoUaz61vzUl, requests=27 +7ms
mcp:connection Dispatching SDK method: tools/call, serverID=github +7ms
mcp:connection callTool: parsed name=search_repositories, argumentCount=2 +261µs
guard:wasm Backend call failed: calling "tools/call": unknown tool "search_repositories" +4ms
guard:wasm [guard:github] ERROR: <<< call_backend FAILED with code -1 +226µs
guard:wasm [guard:github] WARN: Backend call search_repositories failed with code -1 +488µs
guard:wasm [guard:github] DEBUG: Checking repo visibility for apache/cloudstack +478µs
guard:wasm [guard:github] INFO: >>> call_backend: tool=search_repositories +296µs
guard:wasm [guard:github] DEBUG:     args={"perPage":10,"query":"repo:apache/cloudstack"} +275µs
guard:wasm WASM guard calling backend: tool=search_repositories +252µs
server:unified [DIFC] Guard calling backend github tool search_repositories for metadata +6ms
server:unified executeBackendToolCall: serverID=github, toolName=search_repositories +271µs
launcher:launcher Checking session pool: serverID=github, sessionID=82ETMfnFu36zOUTFvF5DvaYhGvCyRqzWHl94ozcKa3T25DueoUaz61vzUl +7ms
launcher:pool Reusing connection: backend=github, session=82ETMfnFu36zOUTFvF5DvaYhGvCyRqzWHl94ozcKa3T25DueoUaz61vzUl, requests=28 +6ms
mcp:connection Dispatching SDK method: tools/call, serverID=github +6ms
mcp:connection callTool: parsed name=search_repositories, argumentCount=2 +449µs
guard:wasm Backend call failed: calling "tools/call": unknown tool "search_repositories" +4ms
guard:wasm [guard:github] ERROR: <<< call_backend FAILED with code -1 +304µs
guard:wasm [guard:github] WARN: Backend call search_repositories failed with code -1 +483µs
guard:wasm [guard:github] DEBUG: [integrity] issue:apache/cloudstack#3751: author_association floor below writer (rank=2), checking collaborator permission for aleskxyz +522µs
guard:wasm [guard:github] DEBUG: get_collaborator_permission: fetching permission for apache/cloudstack user aleskxyz +273µs
guard:wasm [guard:github] INFO: >>> call_backend: tool=get_collaborator_permission +297µs
guard:wasm [guard:github] DEBUG:     args={"owner":"apache","repo":"cloudstack","username":"aleskxyz"} +264µs
guard:wasm WASM guard calling backend: tool=get_collaborator_permission +300µs
envutil:github Looking up GitHub token: checking 4 candidate env vars +217ms
envutil:github GitHub token found: source=GITHUB_MCP_SERVER_TOKEN +257µs
envutil:github GitHub API URL using default:  +238µs
envutil:github Deriving API URL from server URL: https://github.com +300µs
envutil:github GitHub.com detected, using default API URL: https://api.github.com +218µs
envutil:github GitHub API URL derived from GITHUB_SERVER_URL=https://github.com: https://api.github.com +228µs
httputil:collaborator_permission FetchCollaboratorPermission: owner=apache, repo=cloudstack, username=aleskxyz, apiPath=/repos/apache/cloudstack/collaborators/aleskxyz/permission +35ms
server:unified get_collaborator_permission: GET /repos/apache/cloudstack/collaborators/aleskxyz/permission (for apache/cloudstack user aleskxyz) +8ms
httputil:httputil GitHub GET: baseURL="https://api.github.com", path="/repos/apache/cloudstack/collaborators/aleskxyz/permission", hasAuth=true +36ms
httputil:httputil Applying GitHub API headers: method="GET", path="/repos/apache/cloudstack/collaborators/aleskxyz/permission", hasAuth=true +234µs
httputil:httputil GitHub GET response: path="/repos/apache/cloudstack/collaborators/aleskxyz/permission", status=200 +186ms
httputil:collaborator_permission FetchCollaboratorPermission: response received: status=200, bodyLen=1087 +188ms
server:unified get_collaborator_permission: apache/cloudstack user aleskxyz → permission="read" (HTTP 200) +188ms
guard:wasm [guard:github] INFO: <<< call_backend returned 1224 bytes +191ms
guard:wasm [guard:github] DEBUG: extract_mcp_response: top-level keys=["content"] +298µs
guard:wasm [guard:github] DEBUG: extract_mcp_response: found content array with 1 items +282µs
guard:wasm [guard:github] DEBUG: extract_mcp_response: found text field, len=1087 +311µs
guard:wasm [guard:github] DEBUG: extract_mcp_response: parsed content[0].text as JSON +313µs
guard:wasm [guard:github] INFO: get_collaborator_permission: apache/cloudstack user aleskxyz → permission=Some("read") login=Some("aleskxyz") +321µs
guard:wasm [guard:github] DEBUG: [integrity] issue:apache/cloudstack#3751: collaborator permission=Some("read") → merged rank=2 +397µs
guard:wasm [guard:github] DEBUG: Checking repo visibility for apache/cloudstack +267µs
guard:wasm [guard:github] INFO: >>> call_backend: tool=search_repositories +320µs
guard:wasm [guard:github] DEBUG:     args={"perPage":10,"query":"repo:apache/cloudstack"} +240µs
guard:wasm WASM guard calling backend: tool=search_repositories +251µs
server:unified [DIFC] Guard calling backend github tool search_repositories for metadata +3ms
server:unified executeBackendToolCall: serverID=github, toolName=search_repositories +272µs
launcher:launcher Checking session pool: serverID=github, sessionID=82ETMfnFu36zOUTFvF5DvaYhGvCyRqzWHl94ozcKa3T25DueoUaz61vzUl +201ms
launcher:pool Reusing connection: backend=github, session=82ETMfnFu36zOUTFvF5DvaYhGvCyRqzWHl94ozcKa3T25DueoUaz61vzUl, requests=29 +201ms
mcp:connection Dispatching SDK method: tools/call, serverID=github +201ms
mcp:connection callTool: parsed name=search_repositories, argumentCount=2 +310µs
guard:wasm Backend call failed: calling "tools/call": unknown tool "search_repositories" +5ms
guard:wasm [guard:github] ERROR: <<< call_backend FAILED with code -1 +241µs
guard:wasm [guard:github] WARN: Backend call search_repositories failed with code -1 +487µs
guard:wasm [guard:github] DEBUG: Checking repo visibility for apache/cloudstack +473µs
guard:wasm [guard:github] INFO: >>> call_backend: tool=search_repositories +280µs
guard:wasm [guard:github] DEBUG:     args={"perPage":10,"query":"repo:apache/cloudstack"} +239µs
guard:wasm WASM guard calling backend: tool=search_repositories +259µs
server:unified [DIFC] Guard calling backend github tool search_repositories for metadata +6ms
server:unified executeBackendToolCall: serverID=github, toolName=search_repositories +272µs
launcher:launcher Checking session pool: serverID=github, sessionID=82ETMfnFu36zOUTFvF5DvaYhGvCyRqzWHl94ozcKa3T25DueoUaz61vzUl +6ms
launcher:pool Reusing connection: backend=github, session=82ETMfnFu36zOUTFvF5DvaYhGvCyRqzWHl94ozcKa3T25DueoUaz61vzUl, requests=30 +6ms
mcp:connection Dispatching SDK method: tools/call, serverID=github +6ms
mcp:connection callTool: parsed name=search_repositories, argumentCount=2 +255µs
guard:wasm Backend call failed: calling "tools/call": unknown tool "search_repositories" +4ms
guard:wasm [guard:github] ERROR: <<< call_backend FAILED with code -1 +218µs
guard:wasm [guard:github] WARN: Backend call search_repositories failed with code -1 +491µs
guard:wasm [guard:github] DEBUG: [integrity] issue:apache/cloudstack#4370: author_association floor below writer (rank=2), checking collaborator permission for DaanHoogland +539µs
guard:wasm [guard:github] DEBUG: get_collaborator_permission: cache hit for apache/cloudstack user DaanHoogland → permission=Some("write") +384µs
guard:wasm [guard:github] DEBUG: [integrity] issue:apache/cloudstack#4370: collaborator permission=Some("write") → merged rank=3 +264µs
guard:wasm [guard:github] DEBUG: Checking repo visibility for apache/cloudstack +284µs
guard:wasm [guard:github] INFO: >>> call_backend: tool=search_repositories +370µs
guard:wasm [guard:github] DEBUG:     args={"perPage":10,"query":"repo:apache/cloudstack"} +283µs
guard:wasm WASM guard calling backend: tool=search_repositories +267µs
server:unified [DIFC] Guard calling backend github tool search_repositories for metadata +7ms
server:unified executeBackendToolCall: serverID=github, toolName=search_repositories +258µs
launcher:launcher Checking session pool: serverID=github, sessionID=82ETMfnFu36zOUTFvF5DvaYhGvCyRqzWHl94ozcKa3T25DueoUaz61vzUl +8ms
launcher:pool Reusing connection: backend=github, session=82ETMfnFu36zOUTFvF5DvaYhGvCyRqzWHl94ozcKa3T25DueoUaz61vzUl, requests=31 +8ms
mcp:connection Dispatching SDK method: tools/call, serverID=github +7ms
mcp:connection callTool: parsed name=search_repositories, argumentCount=2 +282µs
guard:wasm Backend call failed: calling "tools/call": unknown tool "search_repositories" +4ms
guard:wasm [guard:github] ERROR: <<< call_backend FAILED with code -1 +241µs
guard:wasm [guard:github] WARN: Backend call search_repositories failed with code -1 +531µs
guard:wasm [guard:github] DEBUG: Checking repo visibility for apache/cloudstack +463µs
guard:wasm [guard:github] INFO: >>> call_backend: tool=search_repositories +380µs
guard:wasm [guard:github] DEBUG:     args={"perPage":10,"query":"repo:apache/cloudstack"} +276µs
guard:wasm WASM guard calling backend: tool=search_repositories +237µs
server:unified [DIFC] Guard calling backend github tool search_repositories for metadata +6ms
server:unified executeBackendToolCall: serverID=github, toolName=search_repositories +333µs
launcher:launcher Checking session pool: serverID=github, sessionID=82ETMfnFu36zOUTFvF5DvaYhGvCyRqzWHl94ozcKa3T25DueoUaz61vzUl +7ms
launcher:pool Reusing connection: backend=github, session=82ETMfnFu36zOUTFvF5DvaYhGvCyRqzWHl94ozcKa3T25DueoUaz61vzUl, requests=32 +7ms
mcp:connection Dispatching SDK method: tools/call, serverID=github +6ms
mcp:connection callTool: parsed name=search_repositories, argumentCount=2 +283µs
guard:wasm Backend call failed: calling "tools/call": unknown tool "search_repositories" +4ms
guard:wasm [guard:github] ERROR: <<< call_backend FAILED with code -1 +219µs
guard:wasm [guard:github] WARN: Backend call search_repositories failed with code -1 +474µs
guard:wasm [guard:github] DEBUG: [integrity] issue:apache/cloudstack#4542: author_association floor below writer (rank=2), checking collaborator permission for aleskxyz +485µs
guard:wasm [guard:github] DEBUG: get_collaborator_permission: cache hit for apache/cloudstack user aleskxyz → permission=Some("read") +235µs
guard:wasm [guard:github] DEBUG: [integrity] issue:apache/cloudstack#4542: collaborator permission=Some("read") → merged rank=2 +276µs
guard:wasm [guard:github] DEBUG: Checking repo visibility for apache/cloudstack +239µs
guard:wasm [guard:github] INFO: >>> call_backend: tool=search_repositories +391µs
guard:wasm [guard:github] DEBUG:     args={"perPage":10,"query":"repo:apache/cloudstack"} +234µs
guard:wasm WASM guard calling backend: tool=search_repositories +249µs
server:unified [DIFC] Guard calling backend github tool search_repositories for metadata +7ms
server:unified executeBackendToolCall: serverID=github, toolName=search_repositories +237µs
launcher:launcher Checking session pool: serverID=github, sessionID=82ETMfnFu36zOUTFvF5DvaYhGvCyRqzWHl94ozcKa3T25DueoUaz61vzUl +7ms
launcher:pool Reusing connection: backend=github, session=82ETMfnFu36zOUTFvF5DvaYhGvCyRqzWHl94ozcKa3T25DueoUaz61vzUl, requests=33 +7ms
mcp:connection Dispatching SDK method: tools/call, serverID=github +7ms
mcp:connection callTool: parsed name=search_repositories, argumentCount=2 +239µs
guard:wasm Backend call failed: calling "tools/call": unknown tool "search_repositories" +4ms
guard:wasm [guard:github] ERROR: <<< call_backend FAILED with code -1 +255µs
guard:wasm [guard:github] WARN: Backend call search_repositories failed with code -1 +495µs
guard:wasm [guard:github] DEBUG: Checking repo visibility for apache/cloudstack +479µs
guard:wasm [guard:github] INFO: >>> call_backend: tool=search_repositories +247µs
guard:wasm [guard:github] DEBUG:     args={"perPage":10,"query":"repo:apache/cloudstack"} +232µs
guard:wasm WASM guard calling backend: tool=search_repositories +317µs
server:unified [DIFC] Guard calling backend github tool search_repositories for metadata +6ms
server:unified executeBackendToolCall: serverID=github, toolName=search_repositories +215µs
launcher:launcher Checking session pool: serverID=github, sessionID=82ETMfnFu36zOUTFvF5DvaYhGvCyRqzWHl94ozcKa3T25DueoUaz61vzUl +6ms
launcher:pool Reusing connection: backend=github, session=82ETMfnFu36zOUTFvF5DvaYhGvCyRqzWHl94ozcKa3T25DueoUaz61vzUl, requests=34 +6ms
mcp:connection Dispatching SDK method: tools/call, serverID=github +6ms
mcp:connection callTool: parsed name=search_repositories, argumentCount=2 +274µs
guard:wasm Backend call failed: calling "tools/call": unknown tool "search_repositories" +4ms
guard:wasm [guard:github] ERROR: <<< call_backend FAILED with code -1 +265µs
guard:wasm [guard:github] WARN: Backend call search_repositories failed with code -1 +469µs
guard:wasm [guard:github] DEBUG: [integrity] issue:apache/cloudstack#5174: author_association floor below writer (rank=2), checking collaborator permission for DaanHoogland +477µs
guard:wasm [guard:github] DEBUG: get_collaborator_permission: cache hit for apache/cloudstack user DaanHoogland → permission=Some("write") +208µs
guard:wasm [guard:github] DEBUG: [integrity] issue:apache/cloudstack#5174: collaborator permission=Some("write") → merged rank=3 +378µs
guard:wasm [guard:github] DEBUG: Checking repo visibility for apache/cloudstack +257µs
guard:wasm [guard:github] INFO: >>> call_backend: tool=search_repositories +280µs
guard:wasm [guard:github] DEBUG:     args={"perPage":10,"query":"repo:apache/cloudstack"} +225µs
guard:wasm WASM guard calling backend: tool=search_repositories +234µs
server:unified [DIFC] Guard calling backend github tool search_repositories for metadata +7ms
server:unified executeBackendToolCall: serverID=github, toolName=search_repositories +365µs
launcher:launcher Checking session pool: serverID=github, sessionID=82ETMfnFu36zOUTFvF5DvaYhGvCyRqzWHl94ozcKa3T25DueoUaz61vzUl +8ms
launcher:pool Reusing connection: backend=github, session=82ETMfnFu36zOUTFvF5DvaYhGvCyRqzWHl94ozcKa3T25DueoUaz61vzUl, requests=35 +8ms
mcp:connection Dispatching SDK method: tools/call, serverID=github +7ms
mcp:connection callTool: parsed name=search_repositories, argumentCount=2 +230µs
guard:wasm Backend call failed: calling "tools/call": unknown tool "search_repositories" +5ms
guard:wasm [guard:github] ERROR: <<< call_backend FAILED with code -1 +287µs
guard:wasm [guard:github] WARN: Backend call search_repositories failed with code -1 +485µs
guard:wasm [guard:github] DEBUG: Checking repo visibility for apache/cloudstack +550µs
guard:wasm [guard:github] INFO: >>> call_backend: tool=search_repositories +270µs
guard:wasm [guard:github] DEBUG:     args={"perPage":10,"query":"repo:apache/cloudstack"} +249µs
guard:wasm WASM guard calling backend: tool=search_repositories +260µs
server:unified [DIFC] Guard calling backend github tool search_repositories for metadata +6ms
server:unified executeBackendToolCall: serverID=github, toolName=search_repositories +232µs
launcher:launcher Checking session pool: serverID=github, sessionID=82ETMfnFu36zOUTFvF5DvaYhGvCyRqzWHl94ozcKa3T25DueoUaz61vzUl +6ms
launcher:pool Reusing connection: backend=github, session=82ETMfnFu36zOUTFvF5DvaYhGvCyRqzWHl94ozcKa3T25DueoUaz61vzUl, requests=36 +6ms
mcp:connection Dispatching SDK method: tools/call, serverID=github +6ms
mcp:connection callTool: parsed name=search_repositories, argumentCount=2 +280µs
guard:wasm Backend call failed: calling "tools/call": unknown tool "search_repositories" +5ms
guard:wasm [guard:github] ERROR: <<< call_backend FAILED with code -1 +241µs
guard:wasm [guard:github] WARN: Backend call search_repositories failed with code -1 +468µs
guard:wasm [guard:github] DEBUG: [integrity] issue:apache/cloudstack#5686: author_association floor below writer (rank=2), checking collaborator permission for ngrosc +480µs
guard:wasm [guard:github] DEBUG: get_collaborator_permission: fetching permission for apache/cloudstack user ngrosc +252µs
guard:wasm [guard:github] INFO: >>> call_backend: tool=get_collaborator_permission +296µs
guard:wasm [guard:github] DEBUG:     args={"owner":"apache","repo":"cloudstack","username":"ngrosc"} +239µs
guard:wasm WASM guard calling backend: tool=get_collaborator_permission +221µs
envutil:github Looking up GitHub token: checking 4 candidate env vars +252ms
envutil:github GitHub token found: source=GITHUB_MCP_SERVER_TOKEN +235µs
envutil:github GitHub API URL using default:  +216µs
envutil:github Deriving API URL from server URL: https://github.com +216µs
envutil:github GitHub.com detected, using default API URL: https://api.github.com +250µs
envutil:github GitHub API URL derived from GITHUB_SERVER_URL=https://github.com: https://api.github.com +269µs
httputil:collaborator_permission FetchCollaboratorPermission: owner=apache, repo=cloudstack, username=ngrosc, apiPath=/repos/apache/cloudstack/collaborators/ngrosc/permission +66ms
server:unified get_collaborator_permission: GET /repos/apache/cloudstack/collaborators/ngrosc/permission (for apache/cloudstack user ngrosc) +10ms
httputil:httputil GitHub GET: baseURL="https://api.github.com", path="/repos/apache/cloudstack/collaborators/ngrosc/permission", hasAuth=true +68ms
httputil:httputil Applying GitHub API headers: method="GET", path="/repos/apache/cloudstack/collaborators/ngrosc/permission", hasAuth=true +291µs
httputil:httputil GitHub GET response: path="/repos/apache/cloudstack/collaborators/ngrosc/permission", status=200 +199ms
httputil:collaborator_permission FetchCollaboratorPermission: response received: status=200, bodyLen=1063 +201ms
server:unified get_collaborator_permission: apache/cloudstack user ngrosc → permission="read" (HTTP 200) +200ms
guard:wasm [guard:github] INFO: <<< call_backend returned 1200 bytes +204ms
guard:wasm [guard:github] DEBUG: extract_mcp_response: top-level keys=["content"] +324µs
guard:wasm [guard:github] DEBUG: extract_mcp_response: found content array with 1 items +266µs
guard:wasm [guard:github] DEBUG: extract_mcp_response: found text field, len=1063 +283µs
guard:wasm [guard:github] DEBUG: extract_mcp_response: parsed content[0].text as JSON +309µs
guard:wasm [guard:github] INFO: get_collaborator_permission: apache/cloudstack user ngrosc → permission=Some("read") login=Some("ngrosc") +379µs
guard:wasm [guard:github] DEBUG: [integrity] issue:apache/cloudstack#5686: collaborator permission=Some("read") → merged rank=2 +330µs
guard:wasm [guard:github] DEBUG: Checking repo visibility for apache/cloudstack +290µs
guard:wasm [guard:github] INFO: >>> call_backend: tool=search_repositories +285µs
guard:wasm [guard:github] DEBUG:     args={"perPage":10,"query":"repo:apache/cloudstack"} +246µs
guard:wasm WASM guard calling backend: tool=search_repositories +279µs
server:unified [DIFC] Guard calling backend github tool search_repositories for metadata +3ms
server:unified executeBackendToolCall: serverID=github, toolName=search_repositories +207µs
launcher:launcher Checking session pool: serverID=github, sessionID=82ETMfnFu36zOUTFvF5DvaYhGvCyRqzWHl94ozcKa3T25DueoUaz61vzUl +215ms
launcher:pool Reusing connection: backend=github, session=82ETMfnFu36zOUTFvF5DvaYhGvCyRqzWHl94ozcKa3T25DueoUaz61vzUl, requests=37 +215ms
mcp:connection Dispatching SDK method: tools/call, serverID=github +214ms
mcp:connection callTool: parsed name=search_repositories, argumentCount=2 +258µs
guard:wasm Backend call failed: calling "tools/call": unknown tool "search_repositories" +5ms
guard:wasm [guard:github] ERROR: <<< call_backend FAILED with code -1 +235µs
guard:wasm [guard:github] WARN: Backend call search_repositories failed with code -1 +461µs
guard:wasm [guard:github] DEBUG: Checking repo visibility for apache/cloudstack +533µs
guard:wasm [guard:github] INFO: >>> call_backend: tool=search_repositories +277µs
guard:wasm [guard:github] DEBUG:     args={"perPage":10,"query":"repo:apache/cloudstack"} +300µs
guard:wasm WASM guard calling backend: tool=search_repositories +236µs
server:unified [DIFC] Guard calling backend github tool search_repositories for metadata +6ms
server:unified executeBackendToolCall: serverID=github, toolName=search_repositories +219µs
launcher:launcher Checking session pool: serverID=github, sessionID=82ETMfnFu36zOUTFvF5DvaYhGvCyRqzWHl94ozcKa3T25DueoUaz61vzUl +7ms
launcher:pool Reusing connection: backend=github, session=82ETMfnFu36zOUTFvF5DvaYhGvCyRqzWHl94ozcKa3T25DueoUaz61vzUl, requests=38 +7ms
mcp:connection Dispatching SDK method: tools/call, serverID=github +6ms
mcp:connection callTool: parsed name=search_repositories, argumentCount=2 +240µs
guard:wasm Backend call failed: calling "tools/call": unknown tool "search_repositories" +4ms
guard:wasm [guard:github] ERROR: <<< call_backend FAILED with code -1 +245µs
guard:wasm [guard:github] WARN: Backend call search_repositories failed with code -1 +498µs
guard:wasm [guard:github] DEBUG: [integrity] issue:apache/cloudstack#5697: author_association floor below writer (rank=2), checking collaborator permission for alexandru-bagu +470µs
guard:wasm [guard:github] DEBUG: get_collaborator_permission: fetching permission for apache/cloudstack user alexandru-bagu +281µs
guard:wasm [guard:github] INFO: >>> call_backend: tool=get_collaborator_permission +243µs
guard:wasm [guard:github] DEBUG:     args={"owner":"apache","repo":"cloudstack","username":"alexandru-bagu"} +271µs
guard:wasm WASM guard calling backend: tool=get_collaborator_permission +278µs
envutil:github Looking up GitHub token: checking 4 candidate env vars +220ms
envutil:github GitHub token found: source=GITHUB_MCP_SERVER_TOKEN +243µs
envutil:github GitHub API URL using default:  +240µs
envutil:github Deriving API URL from server URL: https://github.com +278µs
envutil:github GitHub.com detected, using default API URL: https://api.github.com +244µs
envutil:github GitHub API URL derived from GITHUB_SERVER_URL=https://github.com: https://api.github.com +247µs
httputil:collaborator_permission FetchCollaboratorPermission: owner=apache, repo=cloudstack, username=alexandru-bagu, apiPath=/repos/apache/cloudstack/collaborators/alexandru-bagu/permission +19ms
server:unified get_collaborator_permission: GET /repos/apache/cloudstack/collaborators/alexandru-bagu/permission (for apache/cloudstack user alexandru-bagu) +8ms
httputil:httputil GitHub GET: baseURL="https://api.github.com", path="/repos/apache/cloudstack/collaborators/alexandru-bagu/permission", hasAuth=true +20ms
httputil:httputil Applying GitHub API headers: method="GET", path="/repos/apache/cloudstack/collaborators/alexandru-bagu/permission", hasAuth=true +288µs
httputil:httputil GitHub GET response: path="/repos/apache/cloudstack/collaborators/alexandru-bagu/permission", status=200 +227ms
httputil:collaborator_permission FetchCollaboratorPermission: response received: status=200, bodyLen=1157 +229ms
server:unified get_collaborator_permission: apache/cloudstack user alexandru-bagu → permission="read" (HTTP 200) +229ms
guard:wasm [guard:github] INFO: <<< call_backend returned 1294 bytes +231ms
guard:wasm [guard:github] DEBUG: extract_mcp_response: top-level keys=["content"] +319µs
guard:wasm [guard:github] DEBUG: extract_mcp_response: found content array with 1 items +405µs
guard:wasm [guard:github] DEBUG: extract_mcp_response: found text field, len=1157 +221µs
guard:wasm [guard:github] DEBUG: extract_mcp_response: parsed content[0].text as JSON +352µs
guard:wasm [guard:github] INFO: get_collaborator_permission: apache/cloudstack user alexandru-bagu → permission=Some("read") login=Some("alexandru-bagu") +286µs
guard:wasm [guard:github] DEBUG: [integrity] issue:apache/cloudstack#5697: collaborator permission=Some("read") → merged rank=2 +296µs
guard:wasm [guard:github] DEBUG: Checking repo visibility for apache/cloudstack +278µs
guard:wasm [guard:github] INFO: >>> call_backend: tool=search_repositories +276µs
guard:wasm [guard:github] DEBUG:     args={"perPage":10,"query":"repo:apache/cloudstack"} +256µs
guard:wasm WASM guard calling backend: tool=search_repositories +268µs
server:unified [DIFC] Guard calling backend github tool search_repositories for metadata +3ms
server:unified executeBackendToolCall: serverID=github, toolName=search_repositories +280µs
launcher:launcher Checking session pool: serverID=github, sessionID=82ETMfnFu36zOUTFvF5DvaYhGvCyRqzWHl94ozcKa3T25DueoUaz61vzUl +241ms
launcher:pool Reusing connection: backend=github, session=82ETMfnFu36zOUTFvF5DvaYhGvCyRqzWHl94ozcKa3T25DueoUaz61vzUl, requests=39 +242ms
mcp:connection Dispatching SDK method: tools/call, serverID=github +241ms
mcp:connection callTool: parsed name=search_repositories, argumentCount=2 +299µs
guard:wasm Backend call failed: calling "tools/call": unknown tool "search_repositories" +5ms
guard:wasm [guard:github] ERROR: <<< call_backend FAILED with code -1 +232µs
guard:wasm [guard:github] WARN: Backend call search_repositories failed with code -1 +559µs
guard:wasm [guard:github] DEBUG: Checking repo visibility for apache/cloudstack +507µs
guard:wasm [guard:github] INFO: >>> call_backend: tool=search_repositories +316µs
guard:wasm [guard:github] DEBUG:     args={"perPage":10,"query":"repo:apache/cloudstack"} +235µs
guard:wasm WASM guard calling backend: tool=search_repositories +239µs
server:unified [DIFC] Guard calling backend github tool search_repositories for metadata +7ms
server:unified executeBackendToolCall: serverID=github, toolName=search_repositories +247µs
launcher:launcher Checking session pool: serverID=github, sessionID=82ETMfnFu36zOUTFvF5DvaYhGvCyRqzWHl94ozcKa3T25DueoUaz61vzUl +7ms
launcher:pool Reusing connection: backend=github, session=82ETMfnFu36zOUTFvF5DvaYhGvCyRqzWHl94ozcKa3T25DueoUaz61vzUl, requests=40 +7ms
mcp:connection Dispatching SDK method: tools/call, serverID=github +7ms
mcp:connection callTool: parsed name=search_repositories, argumentCount=2 +252µs
guard:wasm Backend call failed: calling "tools/call": unknown tool "search_repositories" +4ms
guard:wasm [guard:github] ERROR: <<< call_backend FAILED with code -1 +304µs
guard:wasm [guard:github] WARN: Backend call search_repositories failed with code -1 +456µs
guard:wasm [guard:github] DEBUG: Checking repo visibility for apache/cloudstack +541µs
guard:wasm [guard:github] INFO: >>> call_backend: tool=search_repositories +266µs
guard:wasm [guard:github] DEBUG:     args={"perPage":10,"query":"repo:apache/cloudstack"} +284µs
guard:wasm WASM guard calling backend: tool=search_repositories +294µs
server:unified [DIFC] Guard calling backend github tool search_repositories for metadata +6ms
server:unified executeBackendToolCall: serverID=github, toolName=search_repositories +302µs
launcher:launcher Checking session pool: serverID=github, sessionID=82ETMfnFu36zOUTFvF5DvaYhGvCyRqzWHl94ozcKa3T25DueoUaz61vzUl +7ms
launcher:pool Reusing connection: backend=github, session=82ETMfnFu36zOUTFvF5DvaYhGvCyRqzWHl94ozcKa3T25DueoUaz61vzUl, requests=41 +7ms
mcp:connection Dispatching SDK method: tools/call, serverID=github +6ms
mcp:connection callTool: parsed name=search_repositories, argumentCount=2 +244µs
guard:wasm Backend call failed: calling "tools/call": unknown tool "search_repositories" +4ms
guard:wasm [guard:github] ERROR: <<< call_backend FAILED with code -1 +260µs
guard:wasm [guard:github] WARN: Backend call search_repositories failed with code -1 +459µs
guard:wasm [guard:github] DEBUG: Checking repo visibility for apache/cloudstack +467µs
guard:wasm [guard:github] INFO: >>> call_backend: tool=search_repositories +360µs
guard:wasm [guard:github] DEBUG:     args={"perPage":10,"query":"repo:apache/cloudstack"} +233µs
guard:wasm WASM guard calling backend: tool=search_repositories +234µs
server:unified [DIFC] Guard calling backend github tool search_repositories for metadata +6ms
server:unified executeBackendToolCall: serverID=github, toolName=search_repositories +252µs
launcher:launcher Checking session pool: serverID=github, sessionID=82ETMfnFu36zOUTFvF5DvaYhGvCyRqzWHl94ozcKa3T25DueoUaz61vzUl +6ms
launcher:pool Reusing connection: backend=github, session=82ETMfnFu36zOUTFvF5DvaYhGvCyRqzWHl94ozcKa3T25DueoUaz61vzUl, requests=42 +6ms
mcp:connection Dispatching SDK method: tools/call, serverID=github +6ms
mcp:connection callTool: parsed name=search_repositories, argumentCount=2 +234µs
guard:wasm Backend call failed: calling "tools/call": unknown tool "search_repositories" +4ms
guard:wasm [guard:github] ERROR: <<< call_backend FAILED with code -1 +239µs
guard:wasm [guard:github] WARN: Backend call search_repositories failed with code -1 +457µs
guard:wasm [guard:github] DEBUG: [integrity] issue:apache/cloudstack#5756: author_association floor below writer (rank=2), checking collaborator permission for lukasmrtvy +470µs
guard:wasm [guard:github] DEBUG: get_collaborator_permission: fetching permission for apache/cloudstack user lukasmrtvy +238µs
guard:wasm [guard:github] INFO: >>> call_backend: tool=get_collaborator_permission +232µs
guard:wasm [guard:github] DEBUG:     args={"owner":"apache","repo":"cloudstack","username":"lukasmrtvy"} +256µs
guard:wasm WASM guard calling backend: tool=get_collaborator_permission +232µs
envutil:github Looking up GitHub token: checking 4 candidate env vars +261ms
envutil:github GitHub token found: source=GITHUB_MCP_SERVER_TOKEN +200µs
envutil:github GitHub API URL using default:  +209µs
envutil:github Deriving API URL from server URL: https://github.com +285µs
envutil:github GitHub.com detected, using default API URL: https://api.github.com +247µs
envutil:github GitHub API URL derived from GITHUB_SERVER_URL=https://github.com: https://api.github.com +229µs
httputil:collaborator_permission FetchCollaboratorPermission: owner=apache, repo=cloudstack, username=lukasmrtvy, apiPath=/repos/apache/cloudstack/collaborators/lukasmrtvy/permission +33ms
server:unified get_collaborator_permission: GET /repos/apache/cloudstack/collaborators/lukasmrtvy/permission (for apache/cloudstack user lukasmrtvy) +7ms
httputil:httputil GitHub GET: baseURL="https://api.github.com", path="/repos/apache/cloudstack/collaborators/lukasmrtvy/permission", hasAuth=true +34ms
httputil:httputil Applying GitHub API headers: method="GET", path="/repos/apache/cloudstack/collaborators/lukasmrtvy/permission", hasAuth=true +244µs
httputil:httputil GitHub GET response: path="/repos/apache/cloudstack/collaborators/lukasmrtvy/permission", status=200 +152ms
httputil:collaborator_permission FetchCollaboratorPermission: response received: status=200, bodyLen=1107 +153ms
server:unified get_collaborator_permission: apache/cloudstack user lukasmrtvy → permission="read" (HTTP 200) +153ms
guard:wasm [guard:github] INFO: <<< call_backend returned 1244 bytes +156ms
guard:wasm [guard:github] DEBUG: extract_mcp_response: top-level keys=["content"] +309µs
guard:wasm [guard:github] DEBUG: extract_mcp_response: found content array with 1 items +346µs
guard:wasm [guard:github] DEBUG: extract_mcp_response: found text field, len=1107 +304µs
guard:wasm [guard:github] DEBUG: extract_mcp_response: parsed content[0].text as JSON +325µs
guard:wasm [guard:github] INFO: get_collaborator_permission: apache/cloudstack user lukasmrtvy → permission=Some("read") login=Some("lukasmrtvy") +254µs
guard:wasm [guard:github] DEBUG: [integrity] issue:apache/cloudstack#5756: collaborator permission=Some("read") → merged rank=2 +359µs
guard:wasm [guard:github] DEBUG: Checking repo visibility for apache/cloudstack +259µs
guard:wasm [guard:github] INFO: >>> call_backend: tool=search_repositories +279µs
guard:wasm [guard:github] DEBUG:     args={"perPage":10,"query":"repo:apache/cloudstack"} +310µs
guard:wasm WASM guard calling backend: tool=search_repositories +242µs
server:unified [DIFC] Guard calling backend github tool search_repositories for metadata +3ms
server:unified executeBackendToolCall: serverID=github, toolName=search_repositories +288µs
launcher:launcher Checking session pool: serverID=github, sessionID=82ETMfnFu36zOUTFvF5DvaYhGvCyRqzWHl94ozcKa3T25DueoUaz61vzUl +165ms
launcher:pool Reusing connection: backend=github, session=82ETMfnFu36zOUTFvF5DvaYhGvCyRqzWHl94ozcKa3T25DueoUaz61vzUl, requests=43 +165ms
mcp:connection Dispatching SDK method: tools/call, serverID=github +165ms
mcp:connection callTool: parsed name=search_repositories, argumentCount=2 +341µs
guard:wasm Backend call failed: calling "tools/call": unknown tool "search_repositories" +5ms
guard:wasm [guard:github] ERROR: <<< call_backend FAILED with code -1 +391µs
guard:wasm [guard:github] WARN: Backend call search_repositories failed with code -1 +525µs
guard:wasm [guard:github] DEBUG: Checking repo visibility for apache/cloudstack +687µs
guard:wasm [guard:github] INFO: >>> call_backend: tool=search_repositories +300µs
guard:wasm [guard:github] DEBUG:     args={"perPage":10,"query":"repo:apache/cloudstack"} +248µs
guard:wasm WASM guard calling backend: tool=search_repositories +251µs
server:unified [DIFC] Guard calling backend github tool search_repositories for metadata +7ms
server:unified executeBackendToolCall: serverID=github, toolName=search_repositories +266µs
launcher:launcher Checking session pool: serverID=github, sessionID=82ETMfnFu36zOUTFvF5DvaYhGvCyRqzWHl94ozcKa3T25DueoUaz61vzUl +7ms
launcher:pool Reusing connection: backend=github, session=82ETMfnFu36zOUTFvF5DvaYhGvCyRqzWHl94ozcKa3T25DueoUaz61vzUl, requests=44 +7ms
mcp:connection Dispatching SDK method: tools/call, serverID=github +7ms
mcp:connection callTool: parsed name=search_repositories, argumentCount=2 +237µs
guard:wasm Backend call failed: calling "tools/call": unknown tool "search_repositories" +4ms
guard:wasm [guard:github] ERROR: <<< call_backend FAILED with code -1 +339µs
guard:wasm [guard:github] WARN: Backend call search_repositories failed with code -1 +454µs
guard:wasm [guard:github] DEBUG: [integrity] issue:apache/cloudstack#5803: author_association floor below writer (rank=2), checking collaborator permission for edikevich +576µs
guard:wasm [guard:github] DEBUG: get_collaborator_permission: fetching permission for apache/cloudstack user edikevich +244µs
guard:wasm [guard:github] INFO: >>> call_backend: tool=get_collaborator_permission +261µs
guard:wasm [guard:github] DEBUG:     args={"owner":"apache","repo":"cloudstack","username":"edikevich"} +330µs
guard:wasm WASM guard calling backend: tool=get_collaborator_permission +273µs
envutil:github Looking up GitHub token: checking 4 candidate env vars +172ms
envutil:github GitHub token found: source=GITHUB_MCP_SERVER_TOKEN +254µs
envutil:github GitHub API URL using default:  +309µs
envutil:github Deriving API URL from server URL: https://github.com +264µs
envutil:github GitHub.com detected, using default API URL: https://api.github.com +260µs
envutil:github GitHub API URL derived from GITHUB_SERVER_URL=https://github.com: https://api.github.com +231µs
httputil:collaborator_permission FetchCollaboratorPermission: owner=apache, repo=cloudstack, username=edikevich, apiPath=/repos/apache/cloudstack/collaborators/edikevich/permission +20ms
server:unified get_collaborator_permission: GET /repos/apache/cloudstack/collaborators/edikevich/permission (for apache/cloudstack user edikevich) +8ms
httputil:httputil GitHub GET: baseURL="https://api.github.com", path="/repos/apache/cloudstack/collaborators/edikevich/permission", hasAuth=true +21ms
httputil:httputil Applying GitHub API headers: method="GET", path="/repos/apache/cloudstack/collaborators/edikevich/permission", hasAuth=true +279µs
httputil:httputil GitHub GET response: path="/repos/apache/cloudstack/collaborators/edikevich/permission", status=200 +214ms
httputil:collaborator_permission FetchCollaboratorPermission: response received: status=200, bodyLen=1099 +216ms
server:unified get_collaborator_permission: apache/cloudstack user edikevich → permission="read" (HTTP 200) +216ms
guard:wasm [guard:github] INFO: <<< call_backend returned 1236 bytes +218ms
guard:wasm [guard:github] DEBUG: extract_mcp_response: top-level keys=["content"] +296µs
guard:wasm [guard:github] DEBUG: extract_mcp_response: found content array with 1 items +262µs
guard:wasm [guard:github] DEBUG: extract_mcp_response: found text field, len=1099 +306µs
guard:wasm [guard:github] DEBUG: extract_mcp_response: parsed content[0].text as JSON +309µs
guard:wasm [guard:github] INFO: get_collaborator_permission: apache/cloudstack user edikevich → permission=Some("read") login=Some("edikevich") +270µs
guard:wasm [guard:github] DEBUG: [integrity] issue:apache/cloudstack#5803: collaborator permission=Some("read") → merged rank=2 +289µs
guard:wasm [guard:github] DEBUG: Checking repo visibility for apache/cloudstack +280µs
guard:wasm [guard:github] INFO: >>> call_backend: tool=search_repositories +281µs
guard:wasm [guard:github] DEBUG:     args={"perPage":10,"query":"repo:apache/cloudstack"} +251µs
guard:wasm WASM guard calling backend: tool=search_repositories +320µs
server:unified [DIFC] Guard calling backend github tool search_repositories for metadata +3ms
server:unified executeBackendToolCall: serverID=github, toolName=search_repositories +294µs
launcher:launcher Checking session pool: serverID=github, sessionID=82ETMfnFu36zOUTFvF5DvaYhGvCyRqzWHl94ozcKa3T25DueoUaz61vzUl +229ms
launcher:pool Reusing connection: backend=github, session=82ETMfnFu36zOUTFvF5DvaYhGvCyRqzWHl94ozcKa3T25DueoUaz61vzUl, requests=45 +229ms
mcp:connection Dispatching SDK method: tools/call, serverID=github +228ms
mcp:connection callTool: parsed name=search_repositories, argumentCount=2 +245µs
guard:wasm Backend call failed: calling "tools/call": unknown tool "search_repositories" +5ms
guard:wasm [guard:github] ERROR: <<< call_backend FAILED with code -1 +382µs
guard:wasm [guard:github] WARN: Backend call search_repositories failed with code -1 +539µs
guard:wasm [guard:github] DEBUG: Checking repo visibility for apache/cloudstack +478µs
guard:wasm [guard:github] INFO: >>> call_backend: tool=search_repositories +258µs
guard:wasm [guard:github] DEBUG:     args={"perPage":10,"query":"repo:apache/cloudstack"} +318µs
guard:wasm WASM guard calling backend: tool=search_repositories +247µs
server:unified [DIFC] Guard calling backend github tool search_repositories for metadata +7ms
server:unified executeBackendToolCall: serverID=github, toolName=search_repositories +331µs
launcher:launcher Checking session pool: serverID=github, sessionID=82ETMfnFu36zOUTFvF5DvaYhGvCyRqzWHl94ozcKa3T25DueoUaz61vzUl +7ms
launcher:pool Reusing connection: backend=github, session=82ETMfnFu36zOUTFvF5DvaYhGvCyRqzWHl94ozcKa3T25DueoUaz61vzUl, requests=46 +7ms
mcp:connection Dispatching SDK method: tools/call, serverID=github +7ms
mcp:connection callTool: parsed name=search_repositories, argumentCount=2 +299µs
guard:wasm Backend call failed: calling "tools/call": unknown tool "search_repositories" +5ms
guard:wasm [guard:github] ERROR: <<< call_backend FAILED with code -1 +258µs
guard:wasm [guard:github] WARN: Backend call search_repositories failed with code -1 +540µs
guard:wasm [guard:github] DEBUG: [integrity] issue:apache/cloudstack#6163: author_association floor below writer (rank=2), checking collaborator permission for levindecaro +490µs
guard:wasm [guard:github] DEBUG: get_collaborator_permission: fetching permission for apache/cloudstack user levindecaro +279µs
guard:wasm [guard:github] INFO: >>> call_backend: tool=get_collaborator_permission +288µs
guard:wasm [guard:github] DEBUG:     args={"owner":"apache","repo":"cloudstack","username":"levindecaro"} +286µs
guard:wasm WASM guard calling backend: tool=get_collaborator_permission +302µs
envutil:github Looking up GitHub token: checking 4 candidate env vars +235ms
envutil:github GitHub token found: source=GITHUB_MCP_SERVER_TOKEN +283µs
envutil:github GitHub API URL using default:  +245µs
envutil:github Deriving API URL from server URL: https://github.com +268µs
envutil:github GitHub.com detected, using default API URL: https://api.github.com +235µs
envutil:github GitHub API URL derived from GITHUB_SERVER_URL=https://github.com: https://api.github.com +362µs
httputil:collaborator_permission FetchCollaboratorPermission: owner=apache, repo=cloudstack, username=levindecaro, apiPath=/repos/apache/cloudstack/collaborators/levindecaro/permission +20ms
server:unified get_collaborator_permission: GET /repos/apache/cloudstack/collaborators/levindecaro/permission (for apache/cloudstack user levindecaro) +9ms
httputil:httputil GitHub GET: baseURL="https://api.github.com", path="/repos/apache/cloudstack/collaborators/levindecaro/permission", hasAuth=true +21ms
httputil:httputil Applying GitHub API headers: method="GET", path="/repos/apache/cloudstack/collaborators/levindecaro/permission", hasAuth=true +249µs
httputil:httputil GitHub GET response: path="/repos/apache/cloudstack/collaborators/levindecaro/permission", status=200 +199ms
httputil:collaborator_permission FetchCollaboratorPermission: response received: status=200, bodyLen=1123 +200ms
server:unified get_collaborator_permission: apache/cloudstack user levindecaro → permission="read" (HTTP 200) +200ms
guard:wasm [guard:github] INFO: <<< call_backend returned 1260 bytes +203ms
guard:wasm [guard:github] DEBUG: extract_mcp_response: top-level keys=["content"] +389µs
guard:wasm [guard:github] DEBUG: extract_mcp_response: found content array with 1 items +298µs
guard:wasm [guard:github] DEBUG: extract_mcp_response: found text field, len=1123 +318µs
guard:wasm [guard:github] DEBUG: extract_mcp_response: parsed content[0].text as JSON +344µs
guard:wasm [guard:github] INFO: get_collaborator_permission: apache/cloudstack user levindecaro → permission=Some("read") login=Some("levindecaro") +289µs
guard:wasm [guard:github] DEBUG: [integrity] issue:apache/cloudstack#6163: collaborator permission=Some("read") → merged rank=2 +301µs
guard:wasm [guard:github] DEBUG: Checking repo visibility for apache/cloudstack +278µs
guard:wasm [guard:github] INFO: >>> call_backend: tool=search_repositories +301µs
guard:wasm [guard:github] DEBUG:     args={"perPage":10,"query":"repo:apache/cloudstack"} +226µs
guard:wasm WASM guard calling backend: tool=search_repositories +276µs
server:unified [DIFC] Guard calling backend github tool search_repositories for metadata +3ms
server:unified executeBackendToolCall: serverID=github, toolName=search_repositories +288µs
launcher:launcher Checking session pool: serverID=github, sessionID=82ETMfnFu36zOUTFvF5DvaYhGvCyRqzWHl94ozcKa3T25DueoUaz61vzUl +213ms
launcher:pool Reusing connection: backend=github, session=82ETMfnFu36zOUTFvF5DvaYhGvCyRqzWHl94ozcKa3T25DueoUaz61vzUl, requests=47 +214ms
mcp:connection Dispatching SDK method: tools/call, serverID=github +213ms
mcp:connection callTool: parsed name=search_repositories, argumentCount=2 +255µs
guard:wasm Backend call failed: calling "tools/call": unknown tool "search_repositories" +6ms
guard:wasm [guard:github] ERROR: <<< call_backend FAILED with code -1 +245µs
guard:wasm [guard:github] WARN: Backend call search_repositories failed with code -1 +465µs
guard:wasm [guard:github] DEBUG: Checking repo visibility for apache/cloudstack +518µs
guard:wasm [guard:github] INFO: >>> call_backend: tool=search_repositories +256µs
guard:wasm [guard:github] DEBUG:     args={"perPage":10,"query":"repo:apache/cloudstack"} +244µs
guard:wasm WASM guard calling backend: tool=search_repositories +258µs
server:unified [DIFC] Guard calling backend github tool search_repositories for metadata +8ms
server:unified executeBackendToolCall: serverID=github, toolName=search_repositories +216µs
launcher:launcher Checking session pool: serverID=github, sessionID=82ETMfnFu36zOUTFvF5DvaYhGvCyRqzWHl94ozcKa3T25DueoUaz61vzUl +8ms
launcher:pool Reusing connection: backend=github, session=82ETMfnFu36zOUTFvF5DvaYhGvCyRqzWHl94ozcKa3T25DueoUaz61vzUl, requests=48 +8ms
mcp:connection Dispatching SDK method: tools/call, serverID=github +8ms
mcp:connection callTool: parsed name=search_repositories, argumentCount=2 +238µs
guard:wasm Backend call failed: calling "tools/call": unknown tool "search_repositories" +4ms
guard:wasm [guard:github] ERROR: <<< call_backend FAILED with code -1 +232µs
guard:wasm [guard:github] WARN: Backend call search_repositories failed with code -1 +418µs
guard:wasm [guard:github] DEBUG: [integrity] issue:apache/cloudstack#6180: author_association floor below writer (rank=2), checking collaborator permission for wido +438µs
guard:wasm [guard:github] DEBUG: get_collaborator_permission: fetching permission for apache/cloudstack user wido +272µs
guard:wasm [guard:github] INFO: >>> call_backend: tool=get_collaborator_permission +278µs
guard:wasm [guard:github] DEBUG:     args={"owner":"apache","repo":"cloudstack","username":"wido"} +235µs
guard:wasm WASM guard calling backend: tool=get_collaborator_permission +234µs
envutil:github Looking up GitHub token: checking 4 candidate env vars +220ms
envutil:github GitHub token found: source=GITHUB_MCP_SERVER_TOKEN +246µs
envutil:github GitHub API URL using default:  +362µs
envutil:github Deriving API URL from server URL: https://github.com +224µs
envutil:github GitHub.com detected, using default API URL: https://api.github.com +252µs
envutil:github GitHub API URL derived from GITHUB_SERVER_URL=https://github.com: https://api.github.com +287µs
httputil:collaborator_permission FetchCollaboratorPermission: owner=apache, repo=cloudstack, username=wido, apiPath=/repos/apache/cloudstack/collaborators/wido/permission +20ms
server:unified get_collaborator_permission: GET /repos/apache/cloudstack/collaborators/wido/permission (for apache/cloudstack user wido) +8ms
httputil:httputil GitHub GET: baseURL="https://api.github.com", path="/repos/apache/cloudstack/collaborators/wido/permission", hasAuth=true +21ms
httputil:httputil Applying GitHub API headers: method="GET", path="/repos/apache/cloudstack/collaborators/wido/permission", hasAuth=true +296µs
httputil:httputil GitHub GET response: path="/repos/apache/cloudstack/collaborators/wido/permission", status=200 +201ms
httputil:collaborator_permission FetchCollaboratorPermission: response received: status=200, bodyLen=1036 +202ms
server:unified get_collaborator_permission: apache/cloudstack user wido → permission="write" (HTTP 200) +203ms
guard:wasm [guard:github] INFO: <<< call_backend returned 1173 bytes +205ms
guard:wasm [guard:github] DEBUG: extract_mcp_response: top-level keys=["content"] +305µs
guard:wasm [guard:github] DEBUG: extract_mcp_response: found content array with 1 items +277µs
guard:wasm [guard:github] DEBUG: extract_mcp_response: found text field, len=1036 +266µs
guard:wasm [guard:github] DEBUG: extract_mcp_response: parsed content[0].text as JSON +315µs
guard:wasm [guard:github] INFO: get_collaborator_permission: apache/cloudstack user wido → permission=Some("write") login=Some("wido") +232µs
guard:wasm [guard:github] DEBUG: [integrity] issue:apache/cloudstack#6180: collaborator permission=Some("write") → merged rank=3 +285µs
guard:wasm [guard:github] DEBUG: Checking repo visibility for apache/cloudstack +278µs
guard:wasm [guard:github] INFO: >>> call_backend: tool=search_repositories +279µs
guard:wasm [guard:github] DEBUG:     args={"perPage":10,"query":"repo:apache/cloudstack"} +243µs
guard:wasm WASM guard calling backend: tool=search_repositories +340µs
server:unified [DIFC] Guard calling backend github tool search_repositories for metadata +3ms
server:unified executeBackendToolCall: serverID=github, toolName=search_repositories +243µs
launcher:launcher Checking session pool: serverID=github, sessionID=82ETMfnFu36zOUTFvF5DvaYhGvCyRqzWHl94ozcKa3T25DueoUaz61vzUl +215ms
launcher:pool Reusing connection: backend=github, session=82ETMfnFu36zOUTFvF5DvaYhGvCyRqzWHl94ozcKa3T25DueoUaz61vzUl, requests=49 +215ms
mcp:connection Dispatching SDK method: tools/call, serverID=github +215ms
mcp:connection callTool: parsed name=search_repositories, argumentCount=2 +334µs
guard:wasm Backend call failed: calling "tools/call": unknown tool "search_repositories" +5ms
guard:wasm [guard:github] ERROR: <<< call_backend FAILED with code -1 +322µs
guard:wasm [guard:github] WARN: Backend call search_repositories failed with code -1 +485µs
guard:wasm [guard:github] DEBUG: Checking repo visibility for apache/cloudstack +477µs
guard:wasm [guard:github] INFO: >>> call_backend: tool=search_repositories +264µs
guard:wasm [guard:github] DEBUG:     args={"perPage":10,"query":"repo:apache/cloudstack"} +237µs
guard:wasm WASM guard calling backend: tool=search_repositories +232µs
server:unified [DIFC] Guard calling backend github tool search_repositories for metadata +6ms
server:unified executeBackendToolCall: serverID=github, toolName=search_repositories +236µs
launcher:launcher Checking session pool: serverID=github, sessionID=82ETMfnFu36zOUTFvF5DvaYhGvCyRqzWHl94ozcKa3T25DueoUaz61vzUl +7ms
launcher:pool Reusing connection: backend=github, session=82ETMfnFu36zOUTFvF5DvaYhGvCyRqzWHl94ozcKa3T25DueoUaz61vzUl, requests=50 +7ms
mcp:connection Dispatching SDK method: tools/call, serverID=github +6ms
mcp:connection callTool: parsed name=search_repositories, argumentCount=2 +256µs
guard:wasm Backend call failed: calling "tools/call": unknown tool "search_repositories" +4ms
guard:wasm [guard:github] ERROR: <<< call_backend FAILED with code -1 +222µs
guard:wasm [guard:github] WARN: Backend call search_repositories failed with code -1 +448µs
guard:wasm [guard:github] DEBUG: [integrity] issue:apache/cloudstack#6212: author_association floor below writer (rank=2), checking collaborator permission for joschi36 +467µs
guard:wasm [guard:github] DEBUG: get_collaborator_permission: fetching permission for apache/cloudstack user joschi36 +261µs
guard:wasm [guard:github] INFO: >>> call_backend: tool=get_collaborator_permission +264µs
guard:wasm [guard:github] DEBUG:     args={"owner":"apache","repo":"cloudstack","username":"joschi36"} +242µs
guard:wasm WASM guard calling backend: tool=get_collaborator_permission +242µs
envutil:github Looking up GitHub token: checking 4 candidate env vars +221ms
envutil:github GitHub token found: source=GITHUB_MCP_SERVER_TOKEN +238µs
envutil:github GitHub API URL using default:  +219µs
envutil:github Deriving API URL from server URL: https://github.com +251µs
envutil:github GitHub.com detected, using default API URL: https://api.github.com +243µs
envutil:github GitHub API URL derived from GITHUB_SERVER_URL=https://github.com: https://api.github.com +235µs
httputil:collaborator_permission FetchCollaboratorPermission: owner=apache, repo=cloudstack, username=joschi36, apiPath=/repos/apache/cloudstack/collaborators/joschi36/permission +19ms
server:unified get_collaborator_permission: GET /repos/apache/cloudstack/collaborators/joschi36/permission (for apache/cloudstack user joschi36) +9ms
httputil:httputil GitHub GET: baseURL="https://api.github.com", path="/repos/apache/cloudstack/collaborators/joschi36/permission", hasAuth=true +21ms
httputil:httputil Applying GitHub API headers: method="GET", path="/repos/apache/cloudstack/collaborators/joschi36/permission", hasAuth=true +290µs
httputil:httputil GitHub GET response: path="/repos/apache/cloudstack/collaborators/joschi36/permission", status=200 +151ms
httputil:collaborator_permission FetchCollaboratorPermission: response received: status=200, bodyLen=1085 +154ms
server:unified get_collaborator_permission: apache/cloudstack user joschi36 → permission="read" (HTTP 200) +153ms
guard:wasm [guard:github] INFO: <<< call_backend returned 1222 bytes +156ms
guard:wasm [guard:github] DEBUG: extract_mcp_response: top-level keys=["content"] +323µs
guard:wasm [guard:github] DEBUG: extract_mcp_response: found content array with 1 items +245µs
guard:wasm [guard:github] DEBUG: extract_mcp_response: found text field, len=1085 +270µs
guard:wasm [guard:github] DEBUG: extract_mcp_response: parsed content[0].text as JSON +304µs
guard:wasm [guard:github] INFO: get_collaborator_permission: apache/cloudstack user joschi36 → permission=Some("read") login=Some("joschi36") +238µs
guard:wasm [guard:github] DEBUG: [integrity] issue:apache/cloudstack#6212: collaborator permission=Some("read") → merged rank=2 +340µs
guard:wasm [guard:github] DEBUG: Checking repo visibility for apache/cloudstack +296µs
guard:wasm [guard:github] INFO: >>> call_backend: tool=search_repositories +315µs
guard:wasm [guard:github] DEBUG:     args={"perPage":10,"query":"repo:apache/cloudstack"} +242µs
guard:wasm WASM guard calling backend: tool=search_repositories +226µs
server:unified [DIFC] Guard calling backend github tool search_repositories for metadata +3ms
server:unified executeBackendToolCall: serverID=github, toolName=search_repositories +255µs
launcher:launcher Checking session pool: serverID=github, sessionID=82ETMfnFu36zOUTFvF5DvaYhGvCyRqzWHl94ozcKa3T25DueoUaz61vzUl +166ms
launcher:pool Reusing connection: backend=github, session=82ETMfnFu36zOUTFvF5DvaYhGvCyRqzWHl94ozcKa3T25DueoUaz61vzUl, requests=51 +166ms
mcp:connection Dispatching SDK method: tools/call, serverID=github +166ms
mcp:connection callTool: parsed name=search_repositories, argumentCount=2 +249µs
guard:wasm Backend call failed: calling "tools/call": unknown tool "search_repositories" +5ms
guard:wasm [guard:github] ERROR: <<< call_backend FAILED with code -1 +292µs
guard:wasm [guard:github] WARN: Backend call search_repositories failed with code -1 +457µs
guard:wasm [guard:github] DEBUG: Checking repo visibility for apache/cloudstack +503µs
guard:wasm [guard:github] INFO: >>> call_backend: tool=search_repositories +276µs
guard:wasm [guard:github] DEBUG:     args={"perPage":10,"query":"repo:apache/cloudstack"} +263µs
guard:wasm WASM guard calling backend: tool=search_repositories +305µs
server:unified [DIFC] Guard calling backend github tool search_repositories for metadata +7ms
server:unified executeBackendToolCall: serverID=github, toolName=search_repositories +278µs
launcher:launcher Checking session pool: serverID=github, sessionID=82ETMfnFu36zOUTFvF5DvaYhGvCyRqzWHl94ozcKa3T25DueoUaz61vzUl +7ms
launcher:pool Reusing connection: backend=github, session=82ETMfnFu36zOUTFvF5DvaYhGvCyRqzWHl94ozcKa3T25DueoUaz61vzUl, requests=52 +7ms
mcp:connection Dispatching SDK method: tools/call, serverID=github +6ms
mcp:connection callTool: parsed name=search_repositories, argumentCount=2 +298µs
guard:wasm Backend call failed: calling "tools/call": unknown tool "search_repositories" +4ms
guard:wasm [guard:github] ERROR: <<< call_backend FAILED with code -1 +257µs
guard:wasm [guard:github] WARN: Backend call search_repositories failed with code -1 +460µs
guard:wasm [guard:github] DEBUG: [integrity] issue:apache/cloudstack#6391: author_association floor below writer (rank=2), checking collaborator permission for DaanHoogland +504µs
guard:wasm [guard:github] DEBUG: get_collaborator_permission: cache hit for apache/cloudstack user DaanHoogland → permission=Some("write") +249µs
guard:wasm [guard:github] DEBUG: [integrity] issue:apache/cloudstack#6391: collaborator permission=Some("write") → merged rank=3 +264µs
guard:wasm [guard:github] DEBUG: Checking repo visibility for apache/cloudstack +496µs
guard:wasm [guard:github] INFO: >>> call_backend: tool=search_repositories +312µs
guard:wasm [guard:github] DEBUG:     args={"perPage":10,"query":"repo:apache/cloudstack"} +244µs
guard:wasm WASM guard calling backend: tool=search_repositories +223µs
server:unified [DIFC] Guard calling backend github tool search_repositories for metadata +7ms
server:unified executeBackendToolCall: serverID=github, toolName=search_repositories +274µs
launcher:launcher Checking session pool: serverID=github, sessionID=82ETMfnFu36zOUTFvF5DvaYhGvCyRqzWHl94ozcKa3T25DueoUaz61vzUl +7ms
launcher:pool Reusing connection: backend=github, session=82ETMfnFu36zOUTFvF5DvaYhGvCyRqzWHl94ozcKa3T25DueoUaz61vzUl, requests=53 +7ms
mcp:connection Dispatching SDK method: tools/call, serverID=github +7ms
mcp:connection callTool: parsed name=search_repositories, argumentCount=2 +254µs
guard:wasm Backend call failed: calling "tools/call": unknown tool "search_repositories" +4ms
guard:wasm [guard:github] ERROR: <<< call_backend FAILED with code -1 +232µs
guard:wasm [guard:github] WARN: Backend call search_repositories failed with code -1 +492µs
guard:wasm [guard:github] DEBUG: Checking repo visibility for apache/cloudstack +476µs
guard:wasm [guard:github] INFO: >>> call_backend: tool=search_repositories +283µs
guard:wasm [guard:github] DEBUG:     args={"perPage":10,"query":"repo:apache/cloudstack"} +230µs
guard:wasm WASM guard calling backend: tool=search_repositories +235µs
server:unified [DIFC] Guard calling backend github tool search_repositories for metadata +6ms
server:unified executeBackendToolCall: serverID=github, toolName=search_repositories +258µs
launcher:launcher Checking session pool: serverID=github, sessionID=82ETMfnFu36zOUTFvF5DvaYhGvCyRqzWHl94ozcKa3T25DueoUaz61vzUl +6ms
launcher:pool Reusing connection: backend=github, session=82ETMfnFu36zOUTFvF5DvaYhGvCyRqzWHl94ozcKa3T25DueoUaz61vzUl, requests=54 +6ms
mcp:connection Dispatching SDK method: tools/call, serverID=github +6ms
mcp:connection callTool: parsed name=search_repositories, argumentCount=2 +267µs
guard:wasm Backend call failed: calling "tools/call": unknown tool "search_repositories" +4ms
guard:wasm [guard:github] ERROR: <<< call_backend FAILED with code -1 +236µs
guard:wasm [guard:github] WARN: Backend call search_repositories failed with code -1 +457µs
guard:wasm [guard:github] DEBUG: [integrity] issue:apache/cloudstack#6424: author_association floor below writer (rank=2), checking collaborator permission for GutoVeronezi +478µs
guard:wasm [guard:github] DEBUG: get_collaborator_permission: fetching permission for apache/cloudstack user GutoVeronezi +251µs
guard:wasm [guard:github] INFO: >>> call_backend: tool=get_collaborator_permission +274µs
guard:wasm [guard:github] DEBUG:     args={"owner":"apache","repo":"cloudstack","username":"GutoVeronezi"} +250µs
guard:wasm WASM guard calling backend: tool=get_collaborator_permission +254µs
envutil:github Looking up GitHub token: checking 4 candidate env vars +187ms
envutil:github GitHub token found: source=GITHUB_MCP_SERVER_TOKEN +278µs
envutil:github GitHub API URL using default:  +242µs
envutil:github Deriving API URL from server URL: https://github.com +260µs
envutil:github GitHub.com detected, using default API URL: https://api.github.com +254µs
envutil:github GitHub API URL derived from GITHUB_SERVER_URL=https://github.com: https://api.github.com +244µs
httputil:collaborator_permission FetchCollaboratorPermission: owner=apache, repo=cloudstack, username=GutoVeronezi, apiPath=/repos/apache/cloudstack/collaborators/GutoVeronezi/permission +34ms
server:unified get_collaborator_permission: GET /repos/apache/cloudstack/collaborators/GutoVeronezi/permission (for apache/cloudstack user GutoVeronezi) +8ms
httputil:httputil GitHub GET: baseURL="https://api.github.com", path="/repos/apache/cloudstack/collaborators/GutoVeronezi/permission", hasAuth=true +35ms
httputil:httputil Applying GitHub API headers: method="GET", path="/repos/apache/cloudstack/collaborators/GutoVeronezi/permission", hasAuth=true +251µs
httputil:httputil GitHub GET response: path="/repos/apache/cloudstack/collaborators/GutoVeronezi/permission", status=200 +169ms
httputil:collaborator_permission FetchCollaboratorPermission: response received: status=200, bodyLen=1136 +171ms
server:unified get_collaborator_permission: apache/cloudstack user GutoVeronezi → permission="write" (HTTP 200) +171ms
guard:wasm [guard:github] INFO: <<< call_backend returned 1273 bytes +173ms
guard:wasm [guard:github] DEBUG: extract_mcp_response: top-level keys=["content"] +304µs
guard:wasm [guard:github] DEBUG: extract_mcp_response: found content array with 1 items +251µs
guard:wasm [guard:github] DEBUG: extract_mcp_response: found text field, len=1136 +239µs
guard:wasm [guard:github] DEBUG: extract_mcp_response: parsed content[0].text as JSON +313µs
guard:wasm [guard:github] INFO: get_collaborator_permission: apache/cloudstack user GutoVeronezi → permission=Some("write") login=Some("GutoVeronezi") +523µs
guard:wasm [guard:github] DEBUG: [integrity] issue:apache/cloudstack#6424: collaborator permission=Some("write") → merged rank=3 +518µs
guard:wasm [guard:github] DEBUG: Checking repo visibility for apache/cloudstack +363µs
guard:wasm [guard:github] INFO: >>> call_backend: tool=search_repositories +265µs
guard:wasm [guard:github] DEBUG:     args={"perPage":10,"query":"repo:apache/cloudstack"} +262µs
guard:wasm WASM guard calling backend: tool=search_repositories +336µs
server:unified [DIFC] Guard calling backend github tool search_repositories for metadata +3ms
server:unified executeBackendToolCall: serverID=github, toolName=search_repositories +264µs
launcher:launcher Checking session pool: serverID=github, sessionID=82ETMfnFu36zOUTFvF5DvaYhGvCyRqzWHl94ozcKa3T25DueoUaz61vzUl +185ms
launcher:pool Reusing connection: backend=github, session=82ETMfnFu36zOUTFvF5DvaYhGvCyRqzWHl94ozcKa3T25DueoUaz61vzUl, requests=55 +185ms
mcp:connection Dispatching SDK method: tools/call, serverID=github +185ms
mcp:connection callTool: parsed name=search_repositories, argumentCount=2 +308µs
guard:wasm Backend call failed: calling "tools/call": unknown tool "search_repositories" +6ms
guard:wasm [guard:github] ERROR: <<< call_backend FAILED with code -1 +376µs
guard:wasm [guard:github] WARN: Backend call search_repositories failed with code -1 +416µs
guard:wasm [guard:github] DEBUG: Checking repo visibility for apache/cloudstack +539µs
guard:wasm [guard:github] INFO: >>> call_backend: tool=search_repositories +233µs
guard:wasm [guard:github] DEBUG:     args={"perPage":10,"query":"repo:apache/cloudstack"} +242µs
guard:wasm WASM guard calling backend: tool=search_repositories +477µs
server:unified [DIFC] Guard calling backend github tool search_repositories for metadata +8ms
server:unified executeBackendToolCall: serverID=github, toolName=search_repositories +295µs
launcher:launcher Checking session pool: serverID=github, sessionID=82ETMfnFu36zOUTFvF5DvaYhGvCyRqzWHl94ozcKa3T25DueoUaz61vzUl +7ms
launcher:pool Reusing connection: backend=github, session=82ETMfnFu36zOUTFvF5DvaYhGvCyRqzWHl94ozcKa3T25DueoUaz61vzUl, requests=56 +7ms
mcp:connection Dispatching SDK method: tools/call, serverID=github +7ms
mcp:connection callTool: parsed name=search_repositories, argumentCount=2 +310µs
guard:wasm Backend call failed: calling "tools/call": unknown tool "search_repositories" +5ms
guard:wasm [guard:github] ERROR: <<< call_backend FAILED with code -1 +220µs
guard:wasm [guard:github] WARN: Backend call search_repositories failed with code -1 +590µs
guard:wasm [guard:github] DEBUG: [integrity] issue:apache/cloudstack#6647: author_association floor below writer (rank=2), checking collaborator permission for gg4126 +510µs
guard:wasm [guard:github] DEBUG: get_collaborator_permission: fetching permission for apache/cloudstack user gg4126 +208µs
guard:wasm [guard:github] INFO: >>> call_backend: tool=get_collaborator_permission +258µs
guard:wasm [guard:github] DEBUG:     args={"owner":"apache","repo":"cloudstack","username":"gg4126"} +215µs
guard:wasm WASM guard calling backend: tool=get_collaborator_permission +394µs
envutil:github Looking up GitHub token: checking 4 candidate env vars +192ms
envutil:github GitHub token found: source=GITHUB_MCP_SERVER_TOKEN +239µs
envutil:github GitHub API URL using default:  +202µs
envutil:github Deriving API URL from server URL: https://github.com +305µs
envutil:github GitHub.com detected, using default API URL: https://api.github.com +305µs
envutil:github GitHub API URL derived from GITHUB_SERVER_URL=https://github.com: https://api.github.com +217µs
httputil:collaborator_permission FetchCollaboratorPermission: owner=apache, repo=cloudstack, username=gg4126, apiPath=/repos/apache/cloudstack/collaborators/gg4126/permission +22ms
server:unified get_collaborator_permission: GET /repos/apache/cloudstack/collaborators/gg4126/permission (for apache/cloudstack user gg4126) +9ms
httputil:httputil GitHub GET: baseURL="https://api.github.com", path="/repos/apache/cloudstack/collaborators/gg4126/permission", hasAuth=true +23ms
httputil:httputil Applying GitHub API headers: method="GET", path="/repos/apache/cloudstack/collaborators/gg4126/permission", hasAuth=true +253µs
httputil:httputil GitHub GET response: path="/repos/apache/cloudstack/collaborators/gg4126/permission", status=200 +163ms
httputil:collaborator_permission FetchCollaboratorPermission: response received: status=200, bodyLen=1063 +164ms
server:unified get_collaborator_permission: apache/cloudstack user gg4126 → permission="read" (HTTP 200) +164ms
guard:wasm [guard:github] INFO: <<< call_backend returned 1200 bytes +166ms
guard:wasm [guard:github] DEBUG: extract_mcp_response: top-level keys=["content"] +299µs
guard:wasm [guard:github] DEBUG: extract_mcp_response: found content array with 1 items +277µs
guard:wasm [guard:github] DEBUG: extract_mcp_response: found text field, len=1063 +345µs
guard:wasm [guard:github] DEBUG: extract_mcp_response: parsed content[0].text as JSON +345µs
guard:wasm [guard:github] INFO: get_collaborator_permission: apache/cloudstack user gg4126 → permission=Some("read") login=Some("gg4126") +221µs
guard:wasm [guard:github] DEBUG: [integrity] issue:apache/cloudstack#6647: collaborator permission=Some("read") → merged rank=2 +259µs
guard:wasm [guard:github] DEBUG: Checking repo visibility for apache/cloudstack +264µs
guard:wasm [guard:github] INFO: >>> call_backend: tool=search_repositories +282µs
guard:wasm [guard:github] DEBUG:     args={"perPage":10,"query":"repo:apache/cloudstack"} +233µs
guard:wasm WASM guard calling backend: tool=search_repositories +257µs
server:unified [DIFC] Guard calling backend github tool search_repositories for metadata +3ms
server:unified executeBackendToolCall: serverID=github, toolName=search_repositories +264µs
launcher:launcher Checking session pool: serverID=github, sessionID=82ETMfnFu36zOUTFvF5DvaYhGvCyRqzWHl94ozcKa3T25DueoUaz61vzUl +177ms
launcher:pool Reusing connection: backend=github, session=82ETMfnFu36zOUTFvF5DvaYhGvCyRqzWHl94ozcKa3T25DueoUaz61vzUl, requests=57 +177ms
mcp:connection Dispatching SDK method: tools/call, serverID=github +176ms
mcp:connection callTool: parsed name=search_repositories, argumentCount=2 +233µs
guard:wasm Backend call failed: calling "tools/call": unknown tool "search_repositories" +5ms
guard:wasm [guard:github] ERROR: <<< call_backend FAILED with code -1 +243µs
guard:wasm [guard:github] WARN: Backend call search_repositories failed with code -1 +496µs
guard:wasm [guard:github] DEBUG: Checking repo visibility for apache/cloudstack +488µs
guard:wasm [guard:github] INFO: >>> call_backend: tool=search_repositories +255µs
guard:wasm [guard:github] DEBUG:     args={"perPage":10,"query":"repo:apache/cloudstack"} +242µs
guard:wasm WASM guard calling backend: tool=search_repositories +336µs
server:unified [DIFC] Guard calling backend github tool search_repositories for metadata +7ms
server:unified executeBackendToolCall: serverID=github, toolName=search_repositories +221µs
launcher:launcher Checking session pool: serverID=github, sessionID=82ETMfnFu36zOUTFvF5DvaYhGvCyRqzWHl94ozcKa3T25DueoUaz61vzUl +7ms
launcher:pool Reusing connection: backend=github, session=82ETMfnFu36zOUTFvF5DvaYhGvCyRqzWHl94ozcKa3T25DueoUaz61vzUl, requests=58 +7ms
mcp:connection Dispatching SDK method: tools/call, serverID=github +7ms
mcp:connection callTool: parsed name=search_repositories, argumentCount=2 +234µs
guard:wasm Backend call failed: calling "tools/call": unknown tool "search_repositories" +4ms
guard:wasm [guard:github] ERROR: <<< call_backend FAILED with code -1 +280µs
guard:wasm [guard:github] WARN: Backend call search_repositories failed with code -1 +510µs
guard:wasm [guard:github] DEBUG: [integrity] issue:apache/cloudstack#6672: author_association floor below writer (rank=2), checking collaborator permission for atmaniak +535µs
guard:wasm [guard:github] DEBUG: get_collaborator_permission: fetching permission for apache/cloudstack user atmaniak +287µs
guard:wasm [guard:github] INFO: >>> call_backend: tool=get_collaborator_permission +260µs
guard:wasm [guard:github] DEBUG:     args={"owner":"apache","repo":"cloudstack","username":"atmaniak"} +353µs
guard:wasm WASM guard calling backend: tool=get_collaborator_permission +296µs
envutil:github Looking up GitHub token: checking 4 candidate env vars +183ms
envutil:github GitHub token found: source=GITHUB_MCP_SERVER_TOKEN +347µs
envutil:github GitHub API URL using default:  +281µs
envutil:github Deriving API URL from server URL: https://github.com +269µs
envutil:github GitHub.com detected, using default API URL: https://api.github.com +259µs
envutil:github GitHub API URL derived from GITHUB_SERVER_URL=https://github.com: https://api.github.com +330µs
httputil:collaborator_permission FetchCollaboratorPermission: owner=apache, repo=cloudstack, username=atmaniak, apiPath=/repos/apache/cloudstack/collaborators/atmaniak/permission +20ms
server:unified get_collaborator_permission: GET /repos/apache/cloudstack/collaborators/atmaniak/permission (for apache/cloudstack user atmaniak) +9ms
httputil:httputil GitHub GET: baseURL="https://api.github.com", path="/repos/apache/cloudstack/collaborators/atmaniak/permission", hasAuth=true +21ms
httputil:httputil Applying GitHub API headers: method="GET", path="/repos/apache/cloudstack/collaborators/atmaniak/permission", hasAuth=true +253µs
httputil:httputil GitHub GET response: path="/repos/apache/cloudstack/collaborators/atmaniak/permission", status=200 +175ms
httputil:collaborator_permission FetchCollaboratorPermission: response received: status=200, bodyLen=1083 +176ms
server:unified get_collaborator_permission: apache/cloudstack user atmaniak → permission="read" (HTTP 200) +176ms
guard:wasm [guard:github] INFO: <<< call_backend returned 1220 bytes +179ms
guard:wasm [guard:github] DEBUG: extract_mcp_response: top-level keys=["content"] +443µs
guard:wasm [guard:github] DEBUG: extract_mcp_response: found content array with 1 items +242µs
guard:wasm [guard:github] DEBUG: extract_mcp_response: found text field, len=1083 +263µs
guard:wasm [guard:github] DEBUG: extract_mcp_response: parsed content[0].text as JSON +342µs
guard:wasm [guard:github] INFO: get_collaborator_permission: apache/cloudstack user atmaniak → permission=Some("read") login=Some("atmaniak") +247µs
guard:wasm [guard:github] DEBUG: [integrity] issue:apache/cloudstack#6672: collaborator permission=Some("read") → merged rank=2 +283µs
guard:wasm [guard:github] DEBUG: Checking repo visibility for apache/cloudstack +269µs
guard:wasm [guard:github] INFO: >>> call_backend: tool=search_repositories +334µs
guard:wasm [guard:github] DEBUG:     args={"perPage":10,"query":"repo:apache/cloudstack"} +239µs
guard:wasm WASM guard calling backend: tool=search_repositories +251µs
server:unified [DIFC] Guard calling backend github tool search_repositories for metadata +3ms
server:unified executeBackendToolCall: serverID=github, toolName=search_repositories +234µs
launcher:launcher Checking session pool: serverID=github, sessionID=82ETMfnFu36zOUTFvF5DvaYhGvCyRqzWHl94ozcKa3T25DueoUaz61vzUl +189ms
launcher:pool Reusing connection: backend=github, session=82ETMfnFu36zOUTFvF5DvaYhGvCyRqzWHl94ozcKa3T25DueoUaz61vzUl, requests=59 +189ms
mcp:connection Dispatching SDK method: tools/call, serverID=github +189ms
mcp:connection callTool: parsed name=search_repositories, argumentCount=2 +322µs
guard:wasm Backend call failed: calling "tools/call": unknown tool "search_repositories" +4ms
guard:wasm [guard:github] ERROR: <<< call_backend FAILED with code -1 +235µs
guard:wasm [guard:github] WARN: Backend call search_repositories failed with code -1 +496µs
guard:wasm [guard:github] DEBUG: Checking repo visibility for apache/cloudstack +633µs
guard:wasm [guard:github] INFO: >>> call_backend: tool=search_repositories +337µs
guard:wasm [guard:github] DEBUG:     args={"perPage":10,"query":"repo:apache/cloudstack"} +214µs
guard:wasm WASM guard calling backend: tool=search_repositories +274µs
server:unified [DIFC] Guard calling backend github tool search_repositories for metadata +6ms
server:unified executeBackendToolCall: serverID=github, toolName=search_repositories +335µs
launcher:launcher Checking session pool: serverID=github, sessionID=82ETMfnFu36zOUTFvF5DvaYhGvCyRqzWHl94ozcKa3T25DueoUaz61vzUl +7ms
launcher:pool Reusing connection: backend=github, session=82ETMfnFu36zOUTFvF5DvaYhGvCyRqzWHl94ozcKa3T25DueoUaz61vzUl, requests=60 +7ms
mcp:connection Dispatching SDK method: tools/call, serverID=github +6ms
mcp:connection callTool: parsed name=search_repositories, argumentCount=2 +239µs
guard:wasm Backend call failed: calling "tools/call": unknown tool "search_repositories" +5ms
guard:wasm [guard:github] ERROR: <<< call_backend FAILED with code -1 +282µs
guard:wasm [guard:github] WARN: Backend call search_repositories failed with code -1 +515µs
guard:wasm [guard:github] DEBUG: [integrity] issue:apache/cloudstack#6703: author_association floor below writer (rank=2), checking collaborator permission for Hudratronium +566µs
guard:wasm [guard:github] DEBUG: get_collaborator_permission: fetching permission for apache/cloudstack user Hudratronium +313µs
guard:wasm [guard:github] INFO: >>> call_backend: tool=get_collaborator_permission +259µs
guard:wasm [guard:github] DEBUG:     args={"owner":"apache","repo":"cloudstack","username":"Hudratronium"} +281µs
guard:wasm WASM guard calling backend: tool=get_collaborator_permission +285µs
envutil:github Looking up GitHub token: checking 4 candidate env vars +195ms
envutil:github GitHub token found: source=GITHUB_MCP_SERVER_TOKEN +235µs
envutil:github GitHub API URL using default:  +265µs
envutil:github Deriving API URL from server URL: https://github.com +235µs
envutil:github GitHub.com detected, using default API URL: https://api.github.com +253µs
envutil:github GitHub API URL derived from GITHUB_SERVER_URL=https://github.com: https://api.github.com +285µs
httputil:collaborator_permission FetchCollaboratorPermission: owner=apache, repo=cloudstack, username=Hudratronium, apiPath=/repos/apache/cloudstack/collaborators/Hudratronium/permission +20ms
server:unified get_collaborator_permission: GET /repos/apache/cloudstack/collaborators/Hudratronium/permission (for apache/cloudstack user Hudratronium) +9ms
httputil:httputil GitHub GET: baseURL="https://api.github.com", path="/repos/apache/cloudstack/collaborators/Hudratronium/permission", hasAuth=true +21ms
httputil:httputil Applying GitHub API headers: method="GET", path="/repos/apache/cloudstack/collaborators/Hudratronium/permission", hasAuth=true +247µs
httputil:httputil GitHub GET response: path="/repos/apache/cloudstack/collaborators/Hudratronium/permission", status=200 +145ms
httputil:collaborator_permission FetchCollaboratorPermission: response received: status=200, bodyLen=1135 +146ms
server:unified get_collaborator_permission: apache/cloudstack user Hudratronium → permission="read" (HTTP 200) +146ms
guard:wasm [guard:github] INFO: <<< call_backend returned 1272 bytes +149ms
guard:wasm [guard:github] DEBUG: extract_mcp_response: top-level keys=["content"] +298µs
guard:wasm [guard:github] DEBUG: extract_mcp_response: found content array with 1 items +248µs
guard:wasm [guard:github] DEBUG: extract_mcp_response: found text field, len=1135 +251µs
guard:wasm [guard:github] DEBUG: extract_mcp_response: parsed content[0].text as JSON +254µs
guard:wasm [guard:github] INFO: get_collaborator_permission: apache/cloudstack user Hudratronium → permission=Some("read") login=Some("Hudratronium") +281µs
guard:wasm [guard:github] DEBUG: [integrity] issue:apache/cloudstack#6703: collaborator permission=Some("read") → merged rank=2 +327µs
guard:wasm [guard:github] DEBUG: Checking repo visibility for apache/cloudstack +270µs
guard:wasm [guard:github] INFO: >>> call_backend: tool=search_repositories +273µs
guard:wasm [guard:github] DEBUG:     args={"perPage":10,"query":"repo:apache/cloudstack"} +309µs
guard:wasm WASM guard calling backend: tool=search_repositories +236µs
server:unified [DIFC] Guard calling backend github tool search_repositories for metadata +3ms
server:unified executeBackendToolCall: serverID=github, toolName=search_repositories +252µs
launcher:launcher Checking session pool: serverID=github, sessionID=82ETMfnFu36zOUTFvF5DvaYhGvCyRqzWHl94ozcKa3T25DueoUaz61vzUl +159ms
launcher:pool Reusing connection: backend=github, session=82ETMfnFu36zOUTFvF5DvaYhGvCyRqzWHl94ozcKa3T25DueoUaz61vzUl, requests=61 +159ms
mcp:connection Dispatching SDK method: tools/call, serverID=github +159ms
mcp:connection callTool: parsed name=search_repositories, argumentCount=2 +406µs
guard:wasm Backend call failed: calling "tools/call": unknown tool "search_repositories" +5ms
guard:wasm [guard:github] ERROR: <<< call_backend FAILED with code -1 +262µs
guard:wasm [guard:github] WARN: Backend call search_repositories failed with code -1 +505µs
guard:wasm [guard:github] DEBUG: Checking repo visibility for apache/cloudstack +493µs
guard:wasm [guard:github] INFO: >>> call_backend: tool=search_repositories +259µs
guard:wasm [guard:github] DEBUG:     args={"perPage":10,"query":"repo:apache/cloudstack"} +227µs
guard:wasm WASM guard calling backend: tool=search_repositories +225µs
server:unified [DIFC] Guard calling backend github tool search_repositories for metadata +7ms
server:unified executeBackendToolCall: serverID=github, toolName=search_repositories +366µs
launcher:launcher Checking session pool: serverID=github, sessionID=82ETMfnFu36zOUTFvF5DvaYhGvCyRqzWHl94ozcKa3T25DueoUaz61vzUl +7ms
launcher:pool Reusing connection: backend=github, session=82ETMfnFu36zOUTFvF5DvaYhGvCyRqzWHl94ozcKa3T25DueoUaz61vzUl, requests=62 +7ms
mcp:connection Dispatching SDK method: tools/call, serverID=github +6ms
mcp:connection callTool: parsed name=search_repositories, argumentCount=2 +335µs
guard:wasm Backend call failed: calling "tools/call": unknown tool "search_repositories" +4ms
guard:wasm [guard:github] ERROR: <<< call_backend FAILED with code -1 +246µs
guard:wasm [guard:github] WARN: Backend call search_repositories failed with code -1 +525µs
guard:wasm [guard:github] DEBUG: [integrity] issue:apache/cloudstack#6714: author_association floor below writer (rank=2), checking collaborator permission for NuxRo +474µs
guard:wasm [guard:github] DEBUG: get_collaborator_permission: fetching permission for apache/cloudstack user NuxRo +363µs
guard:wasm [guard:github] INFO: >>> call_backend: tool=get_collaborator_permission +302µs
guard:wasm [guard:github] DEBUG:     args={"owner":"apache","repo":"cloudstack","username":"NuxRo"} +243µs
guard:wasm WASM guard calling backend: tool=get_collaborator_permission +315µs
envutil:github Looking up GitHub token: checking 4 candidate env vars +165ms
envutil:github GitHub token found: source=GITHUB_MCP_SERVER_TOKEN +242µs
envutil:github GitHub API URL using default:  +293µs
envutil:github Deriving API URL from server URL: https://github.com +317µs
envutil:github GitHub.com detected, using default API URL: https://api.github.com +269µs
envutil:github GitHub API URL derived from GITHUB_SERVER_URL=https://github.com: https://api.github.com +279µs
httputil:collaborator_permission FetchCollaboratorPermission: owner=apache, repo=cloudstack, username=NuxRo, apiPath=/repos/apache/cloudstack/collaborators/NuxRo/permission +20ms
server:unified get_collaborator_permission: GET /repos/apache/cloudstack/collaborators/NuxRo/permission (for apache/cloudstack user NuxRo) +8ms
httputil:httputil GitHub GET: baseURL="https://api.github.com", path="/repos/apache/cloudstack/collaborators/NuxRo/permission", hasAuth=true +21ms
httputil:httputil Applying GitHub API headers: method="GET", path="/repos/apache/cloudstack/collaborators/NuxRo/permission", hasAuth=true +219µs
httputil:httputil GitHub GET response: path="/repos/apache/cloudstack/collaborators/NuxRo/permission", status=200 +163ms
httputil:collaborator_permission FetchCollaboratorPermission: response received: status=200, bodyLen=1050 +164ms
server:unified get_collaborator_permission: apache/cloudstack user NuxRo → permission="write" (HTTP 200) +164ms
guard:wasm [guard:github] INFO: <<< call_backend returned 1187 bytes +166ms
guard:wasm [guard:github] DEBUG: extract_mcp_response: top-level keys=["content"] +345µs
guard:wasm [guard:github] DEBUG: extract_mcp_response: found content array with 1 items +262µs
guard:wasm [guard:github] DEBUG: extract_mcp_response: found text field, len=1050 +239µs
guard:wasm [guard:github] DEBUG: extract_mcp_response: parsed content[0].text as JSON +386µs
guard:wasm [guard:github] INFO: get_collaborator_permission: apache/cloudstack user NuxRo → permission=Some("write") login=Some("NuxRo") +260µs
guard:wasm [guard:github] DEBUG: [integrity] issue:apache/cloudstack#6714: collaborator permission=Some("write") → merged rank=3 +300µs
guard:wasm [guard:github] DEBUG: Checking repo visibility for apache/cloudstack +280µs
guard:wasm [guard:github] INFO: >>> call_backend: tool=search_repositories +316µs
guard:wasm [guard:github] DEBUG:     args={"perPage":10,"query":"repo:apache/cloudstack"} +250µs
guard:wasm WASM guard calling backend: tool=search_repositories +231µs
server:unified [DIFC] Guard calling backend github tool search_repositories for metadata +3ms
server:unified executeBackendToolCall: serverID=github, toolName=search_repositories +250µs
launcher:launcher Checking session pool: serverID=github, sessionID=82ETMfnFu36zOUTFvF5DvaYhGvCyRqzWHl94ozcKa3T25DueoUaz61vzUl +176ms
launcher:pool Reusing connection: backend=github, session=82ETMfnFu36zOUTFvF5DvaYhGvCyRqzWHl94ozcKa3T25DueoUaz61vzUl, requests=63 +176ms
mcp:connection Dispatching SDK method: tools/call, serverID=github +176ms
mcp:connection callTool: parsed name=search_repositories, argumentCount=2 +277µs
guard:wasm Backend call failed: calling "tools/call": unknown tool "search_repositories" +4ms
guard:wasm [guard:github] ERROR: <<< call_backend FAILED with code -1 +243µs
guard:wasm [guard:github] WARN: Backend call search_repositories failed with code -1 +501µs
guard:wasm [guard:github] DEBUG: Checking repo visibility for apache/cloudstack +474µs
guard:wasm [guard:github] INFO: >>> call_backend: tool=search_repositories +321µs
guard:wasm [guard:github] DEBUG:     args={"perPage":10,"query":"repo:apache/cloudstack"} +228µs
guard:wasm WASM guard calling backend: tool=search_repositories +347µs
server:unified [DIFC] Guard calling backend github tool search_repositories for metadata +6ms
server:unified executeBackendToolCall: serverID=github, toolName=search_repositories +253µs
launcher:launcher Checking session pool: serverID=github, sessionID=82ETMfnFu36zOUTFvF5DvaYhGvCyRqzWHl94ozcKa3T25DueoUaz61vzUl +6ms
launcher:pool Reusing connection: backend=github, session=82ETMfnFu36zOUTFvF5DvaYhGvCyRqzWHl94ozcKa3T25DueoUaz61vzUl, requests=64 +6ms
mcp:connection Dispatching SDK method: tools/call, serverID=github +6ms
mcp:connection callTool: parsed name=search_repositories, argumentCount=2 +258µs
guard:wasm Backend call failed: calling "tools/call": unknown tool "search_repositories" +4ms
guard:wasm [guard:github] ERROR: <<< call_backend FAILED with code -1 +248µs
guard:wasm [guard:github] WARN: Backend call search_repositories failed with code -1 +523µs
guard:wasm [guard:github] DEBUG: [integrity] issue:apache/cloudstack#6715: author_association floor below writer (rank=2), checking collaborator permission for Rubueno +466µs
guard:wasm [guard:github] DEBUG: get_collaborator_permission: fetching permission for apache/cloudstack user Rubueno +295µs
guard:wasm [guard:github] INFO: >>> call_backend: tool=get_collaborator_permission +252µs
guard:wasm [guard:github] DEBUG:     args={"owner":"apache","repo":"cloudstack","username":"Rubueno"} +232µs
guard:wasm WASM guard calling backend: tool=get_collaborator_permission +274µs
envutil:github Looking up GitHub token: checking 4 candidate env vars +182ms
envutil:github GitHub token found: source=GITHUB_MCP_SERVER_TOKEN +236µs
envutil:github GitHub API URL using default:  +229µs
envutil:github Deriving API URL from server URL: https://github.com +226µs
envutil:github GitHub.com detected, using default API URL: https://api.github.com +353µs
envutil:github GitHub API URL derived from GITHUB_SERVER_URL=https://github.com: https://api.github.com +259µs
httputil:collaborator_permission FetchCollaboratorPermission: owner=apache, repo=cloudstack, username=Rubueno, apiPath=/repos/apache/cloudstack/collaborators/Rubueno/permission +19ms
server:unified get_collaborator_permission: GET /repos/apache/cloudstack/collaborators/Rubueno/permission (for apache/cloudstack user Rubueno) +8ms
httputil:httputil GitHub GET: baseURL="https://api.github.com", path="/repos/apache/cloudstack/collaborators/Rubueno/permission", hasAuth=true +20ms
httputil:httputil Applying GitHub API headers: method="GET", path="/repos/apache/cloudstack/collaborators/Rubueno/permission", hasAuth=true +351µs
httputil:httputil GitHub GET response: path="/repos/apache/cloudstack/collaborators/Rubueno/permission", status=200 +140ms
httputil:collaborator_permission FetchCollaboratorPermission: response received: status=200, bodyLen=1073 +141ms
server:unified get_collaborator_permission: apache/cloudstack user Rubueno → permission="read" (HTTP 200) +141ms
guard:wasm [guard:github] INFO: <<< call_backend returned 1210 bytes +144ms
guard:wasm [guard:github] DEBUG: extract_mcp_response: top-level keys=["content"] +282µs
guard:wasm [guard:github] DEBUG: extract_mcp_response: found content array with 1 items +274µs
guard:wasm [guard:github] DEBUG: extract_mcp_response: found text field, len=1073 +288µs
guard:wasm [guard:github] DEBUG: extract_mcp_response: parsed content[0].text as JSON +339µs
guard:wasm [guard:github] INFO: get_collaborator_permission: apache/cloudstack user Rubueno → permission=Some("read") login=Some("Rubueno") +250µs
guard:wasm [guard:github] DEBUG: [integrity] issue:apache/cloudstack#6715: collaborator permission=Some("read") → merged rank=2 +254µs
guard:wasm [guard:github] DEBUG: Checking repo visibility for apache/cloudstack +275µs
guard:wasm [guard:github] INFO: >>> call_backend: tool=search_repositories +291µs
guard:wasm [guard:github] DEBUG:     args={"perPage":10,"query":"repo:apache/cloudstack"} +252µs
guard:wasm WASM guard calling backend: tool=search_repositories +236µs
server:unified [DIFC] Guard calling backend github tool search_repositories for metadata +3ms
server:unified executeBackendToolCall: serverID=github, toolName=search_repositories +254µs
launcher:launcher Checking session pool: serverID=github, sessionID=82ETMfnFu36zOUTFvF5DvaYhGvCyRqzWHl94ozcKa3T25DueoUaz61vzUl +154ms
launcher:pool Reusing connection: backend=github, session=82ETMfnFu36zOUTFvF5DvaYhGvCyRqzWHl94ozcKa3T25DueoUaz61vzUl, requests=65 +154ms
mcp:connection Dispatching SDK method: tools/call, serverID=github +153ms
mcp:connection callTool: parsed name=search_repositories, argumentCount=2 +290µs
guard:wasm Backend call failed: calling "tools/call": unknown tool "search_repositories" +5ms
guard:wasm [guard:github] ERROR: <<< call_backend FAILED with code -1 +253µs
guard:wasm [guard:github] WARN: Backend call search_repositories failed with code -1 +554µs
guard:wasm [guard:github] DEBUG: Checking repo visibility for apache/cloudstack +651µs
guard:wasm [guard:github] INFO: >>> call_backend: tool=search_repositories +479µs
guard:wasm [guard:github] DEBUG:     args={"perPage":10,"query":"repo:apache/cloudstack"} +280µs
guard:wasm WASM guard calling backend: tool=search_repositories +306µs
server:unified [DIFC] Guard calling backend github tool search_repositories for metadata +7ms
server:unified executeBackendToolCall: serverID=github, toolName=search_repositories +319µs
launcher:launcher Checking session pool: serverID=github, sessionID=82ETMfnFu36zOUTFvF5DvaYhGvCyRqzWHl94ozcKa3T25DueoUaz61vzUl +7ms
launcher:pool Reusing connection: backend=github, session=82ETMfnFu36zOUTFvF5DvaYhGvCyRqzWHl94ozcKa3T25DueoUaz61vzUl, requests=66 +7ms
mcp:connection Dispatching SDK method: tools/call, serverID=github +7ms
mcp:connection callTool: parsed name=search_repositories, argumentCount=2 +251µs
guard:wasm Backend call failed: calling "tools/call": unknown tool "search_repositories" +4ms
guard:wasm [guard:github] ERROR: <<< call_backend FAILED with code -1 +238µs
guard:wasm [guard:github] WARN: Backend call search_repositories failed with code -1 +442µs
guard:wasm [guard:github] DEBUG: [integrity] issue:apache/cloudstack#6718: author_association floor below writer (rank=2), checking collaborator permission for ghost +577µs
guard:wasm [guard:github] DEBUG: get_collaborator_permission: fetching permission for apache/cloudstack user ghost +299µs
guard:wasm [guard:github] INFO: >>> call_backend: tool=get_collaborator_permission +277µs
guard:wasm [guard:github] DEBUG:     args={"owner":"apache","repo":"cloudstack","username":"ghost"} +236µs
guard:wasm WASM guard calling backend: tool=get_collaborator_permission +236µs
envutil:github Looking up GitHub token: checking 4 candidate env vars +160ms
envutil:github GitHub token found: source=GITHUB_MCP_SERVER_TOKEN +273µs
envutil:github GitHub API URL using default:  +260µs
envutil:github Deriving API URL from server URL: https://github.com +229µs
envutil:github GitHub.com detected, using default API URL: https://api.github.com +278µs
envutil:github GitHub API URL derived from GITHUB_SERVER_URL=https://github.com: https://api.github.com +244µs
httputil:collaborator_permission FetchCollaboratorPermission: owner=apache, repo=cloudstack, username=ghost, apiPath=/repos/apache/cloudstack/collaborators/ghost/permission +20ms
server:unified get_collaborator_permission: GET /repos/apache/cloudstack/collaborators/ghost/permission (for apache/cloudstack user ghost) +8ms
httputil:httputil GitHub GET: baseURL="https://api.github.com", path="/repos/apache/cloudstack/collaborators/ghost/permission", hasAuth=true +21ms
httputil:httputil Applying GitHub API headers: method="GET", path="/repos/apache/cloudstack/collaborators/ghost/permission", hasAuth=true +261µs
httputil:httputil GitHub GET response: path="/repos/apache/cloudstack/collaborators/ghost/permission", status=200 +141ms
httputil:collaborator_permission FetchCollaboratorPermission: response received: status=200, bodyLen=1041 +142ms
server:unified get_collaborator_permission: apache/cloudstack user ghost → permission="read" (HTTP 200) +142ms
guard:wasm [guard:github] INFO: <<< call_backend returned 1178 bytes +145ms
guard:wasm [guard:github] DEBUG: extract_mcp_response: top-level keys=["content"] +283µs
guard:wasm [guard:github] DEBUG: extract_mcp_response: found content array with 1 items +234µs
guard:wasm [guard:github] DEBUG: extract_mcp_response: found text field, len=1041 +212µs
guard:wasm [guard:github] DEBUG: extract_mcp_response: parsed content[0].text as JSON +285µs
guard:wasm [guard:github] INFO: get_collaborator_permission: apache/cloudstack user ghost → permission=Some("read") login=Some("ghost") +228µs
guard:wasm [guard:github] DEBUG: [integrity] issue:apache/cloudstack#6718: collaborator permission=Some("read") → merged rank=2 +249µs
guard:wasm [guard:github] DEBUG: Checking repo visibility for apache/cloudstack +244µs
guard:wasm [guard:github] INFO: >>> call_backend: tool=search_repositories +254µs
guard:wasm [guard:github] DEBUG:     args={"perPage":10,"query":"repo:apache/cloudstack"} +224µs
guard:wasm WASM guard calling backend: tool=search_repositories +216µs
server:unified [DIFC] Guard calling backend github tool search_repositories for metadata +2ms
server:unified executeBackendToolCall: serverID=github, toolName=search_repositories +195µs
launcher:launcher Checking session pool: serverID=github, sessionID=82ETMfnFu36zOUTFvF5DvaYhGvCyRqzWHl94ozcKa3T25DueoUaz61vzUl +154ms
launcher:pool Reusing connection: backend=github, session=82ETMfnFu36zOUTFvF5DvaYhGvCyRqzWHl94ozcKa3T25DueoUaz61vzUl, requests=67 +154ms
mcp:connection Dispatching SDK method: tools/call, serverID=github +154ms
mcp:connection callTool: parsed name=search_repositories, argumentCount=2 +210µs
guard:wasm Backend call failed: calling "tools/call": unknown tool "search_repositories" +4ms
guard:wasm [guard:github] ERROR: <<< call_backend FAILED with code -1 +254µs
guard:wasm [guard:github] WARN: Backend call search_repositories failed with code -1 +441µs
guard:wasm [guard:github] DEBUG: Checking repo visibility for apache/cloudstack +606µs
guard:wasm [guard:github] INFO: >>> call_backend: tool=search_repositories +274µs
guard:wasm [guard:github] DEBUG:     args={"perPage":10,"query":"repo:apache/cloudstack"} +206µs
guard:wasm WASM guard calling backend: tool=search_repositories +241µs
server:unified [DIFC] Guard calling backend github tool search_repositories for metadata +6ms
server:unified executeBackendToolCall: serverID=github, toolName=search_repositories +228µs
launcher:launcher Checking session pool: serverID=github, sessionID=82ETMfnFu36zOUTFvF5DvaYhGvCyRqzWHl94ozcKa3T25DueoUaz61vzUl +6ms
launcher:pool Reusing connection: backend=github, session=82ETMfnFu36zOUTFvF5DvaYhGvCyRqzWHl94ozcKa3T25DueoUaz61vzUl, requests=68 +6ms
mcp:connection Dispatching SDK method: tools/call, serverID=github +6ms
mcp:connection callTool: parsed name=search_repositories, argumentCount=2 +239µs
guard:wasm Backend call failed: calling "tools/call": unknown tool "search_repositories" +4ms
guard:wasm [guard:github] ERROR: <<< call_backend FAILED with code -1 +220µs
guard:wasm [guard:github] WARN: Backend call search_repositories failed with code -1 +457µs
guard:wasm [guard:github] DEBUG: [integrity] issue:apache/cloudstack#6726: author_association floor below writer (rank=2), checking collaborator permission for mrog +428µs
guard:wasm [guard:github] DEBUG: get_collaborator_permission: fetching permission for apache/cloudstack user mrog +260µs
guard:wasm [guard:github] INFO: >>> call_backend: tool=get_collaborator_permission +247µs
guard:wasm [guard:github] DEBUG:     args={"owner":"apache","repo":"cloudstack","username":"mrog"} +315µs
guard:wasm WASM guard calling backend: tool=get_collaborator_permission +254µs
envutil:github Looking up GitHub token: checking 4 candidate env vars +159ms
envutil:github GitHub token found: source=GITHUB_MCP_SERVER_TOKEN +259µs
envutil:github GitHub API URL using default:  +196µs
envutil:github Deriving API URL from server URL: https://github.com +257µs
envutil:github GitHub.com detected, using default API URL: https://api.github.com +242µs
envutil:github GitHub API URL derived from GITHUB_SERVER_URL=https://github.com: https://api.github.com +287µs
httputil:collaborator_permission FetchCollaboratorPermission: owner=apache, repo=cloudstack, username=mrog, apiPath=/repos/apache/cloudstack/collaborators/mrog/permission +18ms
server:unified get_collaborator_permission: GET /repos/apache/cloudstack/collaborators/mrog/permission (for apache/cloudstack user mrog) +8ms
httputil:httputil GitHub GET: baseURL="https://api.github.com", path="/repos/apache/cloudstack/collaborators/mrog/permission", hasAuth=true +19ms
httputil:httputil Applying GitHub API headers: method="GET", path="/repos/apache/cloudstack/collaborators/mrog/permission", hasAuth=true +209µs
httputil:httputil GitHub GET response: path="/repos/apache/cloudstack/collaborators/mrog/permission", status=200 +143ms
httputil:collaborator_permission FetchCollaboratorPermission: response received: status=200, bodyLen=1037 +145ms
server:unified get_collaborator_permission: apache/cloudstack user mrog → permission="read" (HTTP 200) +145ms
guard:wasm [guard:github] INFO: <<< call_backend returned 1174 bytes +147ms
guard:wasm [guard:github] DEBUG: extract_mcp_response: top-level keys=["content"] +306µs
guard:wasm [guard:github] DEBUG: extract_mcp_response: found content array with 1 items +301µs
guard:wasm [guard:github] DEBUG: extract_mcp_response: found text field, len=1037 +274µs
guard:wasm [guard:github] DEBUG: extract_mcp_response: parsed content[0].text as JSON +296µs
guard:wasm [guard:github] INFO: get_collaborator_permission: apache/cloudstack user mrog → permission=Some("read") login=Some("mrog") +317µs
guard:wasm [guard:github] DEBUG: [integrity] issue:apache/cloudstack#6726: collaborator permission=Some("read") → merged rank=2 +295µs
guard:wasm [guard:github] DEBUG: Checking repo visibility for apache/cloudstack +269µs
guard:wasm [guard:github] INFO: >>> call_backend: tool=search_repositories +273µs
guard:wasm [guard:github] DEBUG:     args={"perPage":10,"query":"repo:apache/cloudstack"} +254µs
guard:wasm WASM guard calling backend: tool=search_repositories +240µs
server:unified [DIFC] Guard calling backend github tool search_repositories for metadata +3ms
server:unified executeBackendToolCall: serverID=github, toolName=search_repositories +236µs
launcher:launcher Checking session pool: serverID=github, sessionID=82ETMfnFu36zOUTFvF5DvaYhGvCyRqzWHl94ozcKa3T25DueoUaz61vzUl +157ms
launcher:pool Reusing connection: backend=github, session=82ETMfnFu36zOUTFvF5DvaYhGvCyRqzWHl94ozcKa3T25DueoUaz61vzUl, requests=69 +157ms
mcp:connection Dispatching SDK method: tools/call, serverID=github +157ms
mcp:connection callTool: parsed name=search_repositories, argumentCount=2 +249µs
guard:wasm Backend call failed: calling "tools/call": unknown tool "search_repositories" +5ms
guard:wasm [guard:github] ERROR: <<< call_backend FAILED with code -1 +242µs
guard:wasm [guard:github] WARN: Backend call search_repositories failed with code -1 +644µs
guard:wasm [guard:github] DEBUG: Checking repo visibility for apache/cloudstack +487µs
guard:wasm [guard:github] INFO: >>> call_backend: tool=search_repositories +303µs
guard:wasm [guard:github] DEBUG:     args={"perPage":10,"query":"repo:apache/cloudstack"} +289µs
guard:wasm WASM guard calling backend: tool=search_repositories +262µs
server:unified [DIFC] Guard calling backend github tool search_repositories for metadata +6ms
server:unified executeBackendToolCall: serverID=github, toolName=search_repositories +322µs
launcher:launcher Checking session pool: serverID=github, sessionID=82ETMfnFu36zOUTFvF5DvaYhGvCyRqzWHl94ozcKa3T25DueoUaz61vzUl +7ms
launcher:pool Reusing connection: backend=github, session=82ETMfnFu36zOUTFvF5DvaYhGvCyRqzWHl94ozcKa3T25DueoUaz61vzUl, requests=70 +7ms
mcp:connection Dispatching SDK method: tools/call, serverID=github +6ms
mcp:connection callTool: parsed name=search_repositories, argumentCount=2 +314µs
guard:wasm Backend call failed: calling "tools/call": unknown tool "search_repositories" +5ms
guard:wasm [guard:github] ERROR: <<< call_backend FAILED with code -1 +269µs
guard:wasm [guard:github] WARN: Backend call search_repositories failed with code -1 +508µs
guard:wasm [guard:github] DEBUG: [integrity] issue:apache/cloudstack#6746: author_association floor below writer (rank=2), checking collaborator permission for mlsorensen +457µs
guard:wasm [guard:github] DEBUG: get_collaborator_permission: fetching permission for apache/cloudstack user mlsorensen +299µs
guard:wasm [guard:github] INFO: >>> call_backend: tool=get_collaborator_permission +248µs
guard:wasm [guard:github] DEBUG:     args={"owner":"apache","repo":"cloudstack","username":"mlsorensen"} +234µs
guard:wasm WASM guard calling backend: tool=get_collaborator_permission +247µs
envutil:github Looking up GitHub token: checking 4 candidate env vars +164ms
envutil:github GitHub token found: source=GITHUB_MCP_SERVER_TOKEN +260µs
envutil:github GitHub API URL using default:  +232µs
envutil:github Deriving API URL from server URL: https://github.com +267µs
envutil:github GitHub.com detected, using default API URL: https://api.github.com +284µs
envutil:github GitHub API URL derived from GITHUB_SERVER_URL=https://github.com: https://api.github.com +247µs
httputil:collaborator_permission FetchCollaboratorPermission: owner=apache, repo=cloudstack, username=mlsorensen, apiPath=/repos/apache/cloudstack/collaborators/mlsorensen/permission +20ms
server:unified get_collaborator_permission: GET /repos/apache/cloudstack/collaborators/mlsorensen/permission (for apache/cloudstack user mlsorensen) +9ms
httputil:httputil GitHub GET: baseURL="https://api.github.com", path="/repos/apache/cloudstack/collaborators/mlsorensen/permission", hasAuth=true +21ms
httputil:httputil Applying GitHub API headers: method="GET", path="/repos/apache/cloudstack/collaborators/mlsorensen/permission", hasAuth=true +245µs
httputil:httputil GitHub GET response: path="/repos/apache/cloudstack/collaborators/mlsorensen/permission", status=200 +167ms
httputil:collaborator_permission FetchCollaboratorPermission: response received: status=200, bodyLen=1110 +168ms
server:unified get_collaborator_permission: apache/cloudstack user mlsorensen → permission="write" (HTTP 200) +168ms
guard:wasm [guard:github] INFO: <<< call_backend returned 1247 bytes +171ms
guard:wasm [guard:github] DEBUG: extract_mcp_response: top-level keys=["content"] +581µs
guard:wasm [guard:github] DEBUG: extract_mcp_response: found content array with 1 items +432µs
guard:wasm [guard:github] DEBUG: extract_mcp_response: found text field, len=1110 +282µs
guard:wasm [guard:github] DEBUG: extract_mcp_response: parsed content[0].text as JSON +317µs
guard:wasm [guard:github] INFO: get_collaborator_permission: apache/cloudstack user mlsorensen → permission=Some("write") login=Some("mlsorensen") +301µs
guard:wasm [guard:github] DEBUG: [integrity] issue:apache/cloudstack#6746: collaborator permission=Some("write") → merged rank=3 +261µs
guard:wasm [guard:github] DEBUG: Checking repo visibility for apache/cloudstack +290µs
guard:wasm [guard:github] INFO: >>> call_backend: tool=search_repositories +281µs
guard:wasm [guard:github] DEBUG:     args={"perPage":10,"query":"repo:apache/cloudstack"} +274µs
guard:wasm WASM guard calling backend: tool=search_repositories +239µs
server:unified [DIFC] Guard calling backend github tool search_repositories for metadata +3ms
server:unified executeBackendToolCall: serverID=github, toolName=search_repositories +250µs
launcher:launcher Checking session pool: serverID=github, sessionID=82ETMfnFu36zOUTFvF5DvaYhGvCyRqzWHl94ozcKa3T25DueoUaz61vzUl +181ms
launcher:pool Reusing connection: backend=github, session=82ETMfnFu36zOUTFvF5DvaYhGvCyRqzWHl94ozcKa3T25DueoUaz61vzUl, requests=71 +181ms
mcp:connection Dispatching SDK method: tools/call, serverID=github +181ms
mcp:connection callTool: parsed name=search_repositories, argumentCount=2 +272µs
guard:wasm Backend call failed: calling "tools/call": unknown tool "search_repositories" +5ms
guard:wasm [guard:github] ERROR: <<< call_backend FAILED with code -1 +255µs
guard:wasm [guard:github] WARN: Backend call search_repositories failed with code -1 +453µs
guard:wasm [guard:github] DEBUG: Checking repo visibility for apache/cloudstack +492µs
guard:wasm [guard:github] INFO: >>> call_backend: tool=search_repositories +258µs
guard:wasm [guard:github] DEBUG:     args={"perPage":10,"query":"repo:apache/cloudstack"} +226µs
guard:wasm WASM guard calling backend: tool=search_repositories +240µs
server:unified [DIFC] Guard calling backend github tool search_repositories for metadata +7ms
server:unified executeBackendToolCall: serverID=github, toolName=search_repositories +246µs
launcher:launcher Checking session pool: serverID=github, sessionID=82ETMfnFu36zOUTFvF5DvaYhGvCyRqzWHl94ozcKa3T25DueoUaz61vzUl +7ms
launcher:pool Reusing connection: backend=github, session=82ETMfnFu36zOUTFvF5DvaYhGvCyRqzWHl94ozcKa3T25DueoUaz61vzUl, requests=72 +7ms
mcp:connection Dispatching SDK method: tools/call, serverID=github +6ms
mcp:connection callTool: parsed name=search_repositories, argumentCount=2 +238µs
guard:wasm Backend call failed: calling "tools/call": unknown tool "search_repositories" +4ms
guard:wasm [guard:github] ERROR: <<< call_backend FAILED with code -1 +230µs
guard:wasm [guard:github] WARN: Backend call search_repositories failed with code -1 +681µs
guard:wasm [guard:github] DEBUG: [integrity] issue:apache/cloudstack#6819: author_association floor below writer (rank=2), checking collaborator permission for DaanHoogland +647µs
guard:wasm [guard:github] DEBUG: get_collaborator_permission: cache hit for apache/cloudstack user DaanHoogland → permission=Some("write") +297µs
guard:wasm [guard:github] DEBUG: [integrity] issue:apache/cloudstack#6819: collaborator permission=Some("write") → merged rank=3 +297µs
guard:wasm [guard:github] DEBUG: Checking repo visibility for apache/cloudstack +274µs
guard:wasm [guard:github] INFO: >>> call_backend: tool=search_repositories +275µs
guard:wasm [guard:github] DEBUG:     args={"perPage":10,"query":"repo:apache/cloudstack"} +236µs
guard:wasm WASM guard calling backend: tool=search_repositories +259µs
server:unified [DIFC] Guard calling backend github tool search_repositories for metadata +7ms
server:unified executeBackendToolCall: serverID=github, toolName=search_repositories +353µs
launcher:launcher Checking session pool: serverID=github, sessionID=82ETMfnFu36zOUTFvF5DvaYhGvCyRqzWHl94ozcKa3T25DueoUaz61vzUl +8ms
launcher:pool Reusing connection: backend=github, session=82ETMfnFu36zOUTFvF5DvaYhGvCyRqzWHl94ozcKa3T25DueoUaz61vzUl, requests=73 +7ms
mcp:connection Dispatching SDK method: tools/call, serverID=github +7ms
mcp:connection callTool: parsed name=search_repositories, argumentCount=2 +291µs
guard:wasm Backend call failed: calling "tools/call": unknown tool "search_repositories" +4ms
guard:wasm [guard:github] ERROR: <<< call_backend FAILED with code -1 +258µs
guard:wasm [guard:github] WARN: Backend call search_repositories failed with code -1 +439µs
guard:wasm [guard:github] DEBUG: Checking repo visibility for apache/cloudstack +452µs
guard:wasm [guard:github] INFO: >>> call_backend: tool=search_repositories +231µs
guard:wasm [guard:github] DEBUG:     args={"perPage":10,"query":"repo:apache/cloudstack"} +330µs
guard:wasm WASM guard calling backend: tool=search_repositories +244µs
server:unified [DIFC] Guard calling backend github tool search_repositories for metadata +6ms
server:unified executeBackendToolCall: serverID=github, toolName=search_repositories +237µs
launcher:launcher Checking session pool: serverID=github, sessionID=82ETMfnFu36zOUTFvF5DvaYhGvCyRqzWHl94ozcKa3T25DueoUaz61vzUl +6ms
launcher:pool Reusing connection: backend=github, session=82ETMfnFu36zOUTFvF5DvaYhGvCyRqzWHl94ozcKa3T25DueoUaz61vzUl, requests=74 +6ms
mcp:connection Dispatching SDK method: tools/call, serverID=github +6ms
mcp:connection callTool: parsed name=search_repositories, argumentCount=2 +250µs
guard:wasm Backend call failed: calling "tools/call": unknown tool "search_repositories" +4ms
guard:wasm [guard:github] ERROR: <<< call_backend FAILED with code -1 +223µs
guard:wasm [guard:github] WARN: Backend call search_repositories failed with code -1 +577µs
guard:wasm [guard:github] DEBUG: [integrity] issue:apache/cloudstack#6827: author_association floor below writer (rank=2), checking collaborator permission for nxsbi +493µs
guard:wasm [guard:github] DEBUG: get_collaborator_permission: fetching permission for apache/cloudstack user nxsbi +233µs
guard:wasm [guard:github] INFO: >>> call_backend: tool=get_collaborator_permission +650µs
guard:wasm [guard:github] DEBUG:     args={"owner":"apache","repo":"cloudstack","username":"nxsbi"} +344µs
guard:wasm WASM guard calling backend: tool=get_collaborator_permission +330µs
envutil:github Looking up GitHub token: checking 4 candidate env vars +202ms
envutil:github GitHub token found: source=GITHUB_MCP_SERVER_TOKEN +256µs
envutil:github GitHub API URL using default:  +239µs
envutil:github Deriving API URL from server URL: https://github.com +259µs
envutil:github GitHub.com detected, using default API URL: https://api.github.com +218µs
envutil:github GitHub API URL derived from GITHUB_SERVER_URL=https://github.com: https://api.github.com +213µs
httputil:collaborator_permission FetchCollaboratorPermission: owner=apache, repo=cloudstack, username=nxsbi, apiPath=/repos/apache/cloudstack/collaborators/nxsbi/permission +35ms
server:unified get_collaborator_permission: GET /repos/apache/cloudstack/collaborators/nxsbi/permission (for apache/cloudstack user nxsbi) +9ms
httputil:httputil GitHub GET: baseURL="https://api.github.com", path="/repos/apache/cloudstack/collaborators/nxsbi/permission", hasAuth=true +36ms
httputil:httputil Applying GitHub API headers: method="GET", path="/repos/apache/cloudstack/collaborators/nxsbi/permission", hasAuth=true +250µs
httputil:httputil GitHub GET response: path="/repos/apache/cloudstack/collaborators/nxsbi/permission", status=200 +161ms
httputil:collaborator_permission FetchCollaboratorPermission: response received: status=200, bodyLen=1051 +163ms
server:unified get_collaborator_permission: apache/cloudstack user nxsbi → permission="read" (HTTP 200) +163ms
guard:wasm [guard:github] INFO: <<< call_backend returned 1188 bytes +165ms
guard:wasm [guard:github] DEBUG: extract_mcp_response: top-level keys=["content"] +352µs
guard:wasm [guard:github] DEBUG: extract_mcp_response: found content array with 1 items +282µs
guard:wasm [guard:github] DEBUG: extract_mcp_response: found text field, len=1051 +259µs
guard:wasm [guard:github] DEBUG: extract_mcp_response: parsed content[0].text as JSON +279µs
guard:wasm [guard:github] INFO: get_collaborator_permission: apache/cloudstack user nxsbi → permission=Some("read") login=Some("nxsbi") +268µs
guard:wasm [guard:github] DEBUG: [integrity] issue:apache/cloudstack#6827: collaborator permission=Some("read") → merged rank=2 +251µs
guard:wasm [guard:github] DEBUG: Checking repo visibility for apache/cloudstack +260µs
guard:wasm [guard:github] INFO: >>> call_backend: tool=search_repositories +338µs
guard:wasm [guard:github] DEBUG:     args={"perPage":10,"query":"repo:apache/cloudstack"} +285µs
guard:wasm WASM guard calling backend: tool=search_repositories +423µs
server:unified [DIFC] Guard calling backend github tool search_repositories for metadata +3ms
server:unified executeBackendToolCall: serverID=github, toolName=search_repositories +230µs
launcher:launcher Checking session pool: serverID=github, sessionID=82ETMfnFu36zOUTFvF5DvaYhGvCyRqzWHl94ozcKa3T25DueoUaz61vzUl +176ms
launcher:pool Reusing connection: backend=github, session=82ETMfnFu36zOUTFvF5DvaYhGvCyRqzWHl94ozcKa3T25DueoUaz61vzUl, requests=75 +176ms
mcp:connection Dispatching SDK method: tools/call, serverID=github +175ms
mcp:connection callTool: parsed name=search_repositories, argumentCount=2 +293µs
guard:wasm Backend call failed: calling "tools/call": unknown tool "search_repositories" +5ms
guard:wasm [guard:github] ERROR: <<< call_backend FAILED with code -1 +240µs
guard:wasm [guard:github] WARN: Backend call search_repositories failed with code -1 +559µs
guard:wasm [guard:github] INFO:     using path-based labeling with 30 paths +1ms
guard:wasm [guard:github] INFO:     path_output_preview={"labeled_paths":[{"path":"/items/0","labels":{"description":"issue:apache/cloudstack#2865","secrecy":[],"integrity":["none:all","unapproved:all"]}},{"path":"/items/1","labels":{"description":"issue:apache/cloudstack#3253","secrecy":[],"integrity":["none:all","unapproved:all"]}},{"path":"/items/2","labels":{"description":"issue:apache/cloudstack#3360","secrecy":[],"integrity":["none:all","unapproved:all","approved:all"]}},{"path":"/items/3","labels":{"description":"issue:apache/cloudstack#3679", +470µs
guard:wasm [guard:github] INFO: <<< label_response returning 4265 bytes (path-based) +303µs
guard:wasm [guard:github] DEBUG: >>> dealloc(ptr=5302576, size=4194304) +295µs
guard:wasm [guard:github] DEBUG: <<< dealloc complete +270µs
guard:wasm [guard:github] DEBUG: >>> dealloc(ptr=1107776, size=220010) +244µs
guard:wasm [guard:github] DEBUG: <<< dealloc complete +250µs
guard:wasm parsePathLabeledResponse: responseSize=4265 +305µs
difc:path_labels ParsePathLabels: parsing 4265 bytes +37.5s
difc:path_labels ParsePathLabels: parsed 30 labeled paths, hasDefaultLabels=true +374µs
guard:wasm parsePathLabeledResponse: parsed 30 path labels +853µs
difc:path_labels unwrapMCPResponse: detected MCP-wrapped response, unwrapping inner JSON +2ms
difc:path_labels NewPathLabeledData: isMCPWrapped=true, labeledPaths=30 +293µs
difc:path_labels getItems: navigating to items at path=/items +276µs
difc:path_labels getItems: found 30 items at path=/items +443µs
difc:path_labels resolve: resolving 30 items with 30 explicit path labels +302µs
guard:wasm parsePathLabeledResponse: converted to CollectionLabeledData successfully +3ms
difc:evaluator Filtering collection: operation=read, totalItems=30 +5.5s
difc:evaluator Evaluating access: operation=read, resource=issue:apache/cloudstack#2865 +225µs
difc:evaluator Evaluating read access (mode=filter): resource=issue:apache/cloudstack#2865, agentSecrecy=[], agentIntegrity=[none:all] +273µs
difc:evaluator Read access allowed: resource=issue:apache/cloudstack#2865 +232µs
difc:evaluator Evaluating access: operation=read, resource=issue:apache/cloudstack#3253 +252µs
difc:evaluator Evaluating read access (mode=filter): resource=issue:apache/cloudstack#3253, agentSecrecy=[], agentIntegrity=[none:all] +238µs
difc:evaluator Read access allowed: resource=issue:apache/cloudstack#3253 +222µs
difc:evaluator Evaluating access: operation=read, resource=issue:apache/cloudstack#3360 +269µs
difc:evaluator Evaluating read access (mode=filter): resource=issue:apache/cloudstack#3360, agentSecrecy=[], agentIntegrity=[none:all] +228µs
difc:evaluator Read access allowed: resource=issue:apache/cloudstack#3360 +230µs
difc:evaluator Evaluating access: operation=read, resource=issue:apache/cloudstack#3679 +237µs
difc:evaluator Evaluating read access (mode=filter): resource=issue:apache/cloudstack#3679, agentSecrecy=[], agentIntegrity=[none:all] +234µs
difc:evaluator Read access allowed: resource=issue:apache/cloudstack#3679 +256µs
difc:evaluator Evaluating access: operation=read, resource=issue:apache/cloudstack#3687 +240µs
difc:evaluator Evaluating read access (mode=filter): resource=issue:apache/cloudstack#3687, agentSecrecy=[], agentIntegrity=[none:all] +277µs
difc:evaluator Read access allowed: resource=issue:apache/cloudstack#3687 +253µs
difc:evaluator Evaluating access: operation=read, resource=issue:apache/cloudstack#3693 +230µs
difc:evaluator Evaluating read access (mode=filter): resource=issue:apache/cloudstack#3693, agentSecrecy=[], agentIntegrity=[none:all] +234µs
difc:evaluator Read access allowed: resource=issue:apache/cloudstack#3693 +224µs
difc:evaluator Evaluating access: operation=read, resource=issue:apache/cloudstack#3751 +222µs
difc:evaluator Evaluating read access (mode=filter): resource=issue:apache/cloudstack#3751, agentSecrecy=[], agentIntegrity=[none:all] +225µs
difc:evaluator Read access allowed: resource=issue:apache/cloudstack#3751 +240µs
difc:evaluator Evaluating access: operation=read, resource=issue:apache/cloudstack#4370 +216µs
difc:evaluator Evaluating read access (mode=filter): resource=issue:apache/cloudstack#4370, agentSecrecy=[], agentIntegrity=[none:all] +227µs
difc:evaluator Read access allowed: resource=issue:apache/cloudstack#4370 +250µs
difc:evaluator Evaluating access: operation=read, resource=issue:apache/cloudstack#4542 +215µs
difc:evaluator Evaluating read access (mode=filter): resource=issue:apache/cloudstack#4542, agentSecrecy=[], agentIntegrity=[none:all] +212µs
difc:evaluator Read access allowed: resource=issue:apache/cloudstack#4542 +257µs
difc:evaluator Evaluating access: operation=read, resource=issue:apache/cloudstack#5174 +351µs
difc:evaluator Evaluating read access (mode=filter): resource=issue:apache/cloudstack#5174, agentSecrecy=[], agentIntegrity=[none:all] +415µs
difc:evaluator Read access allowed: resource=issue:apache/cloudstack#5174 +339µs
difc:evaluator Evaluating access: operation=read, resource=issue:apache/cloudstack#5686 +247µs
difc:evaluator Evaluating read access (mode=filter): resource=issue:apache/cloudstack#5686, agentSecrecy=[], agentIntegrity=[none:all] +242µs
difc:evaluator Read access allowed: resource=issue:apache/cloudstack#5686 +228µs
difc:evaluator Evaluating access: operation=read, resource=issue:apache/cloudstack#5697 +258µs
difc:evaluator Evaluating read access (mode=filter): resource=issue:apache/cloudstack#5697, agentSecrecy=[], agentIntegrity=[none:all] +229µs
difc:evaluator Read access allowed: resource=issue:apache/cloudstack#5697 +229µs
difc:evaluator Evaluating access: operation=read, resource=issue:apache/cloudstack#5739 +253µs
difc:evaluator Evaluating read access (mode=filter): resource=issue:apache/cloudstack#5739, agentSecrecy=[], agentIntegrity=[none:all] +283µs
difc:evaluator Read access allowed: resource=issue:apache/cloudstack#5739 +258µs
difc:evaluator Evaluating access: operation=read, resource=issue:apache/cloudstack#5756 +278µs
difc:evaluator Evaluating read access (mode=filter): resource=issue:apache/cloudstack#5756, agentSecrecy=[], agentIntegrity=[none:all] +234µs
difc:evaluator Read access allowed: resource=issue:apache/cloudstack#5756 +265µs
difc:evaluator Evaluating access: operation=read, resource=issue:apache/cloudstack#5803 +254µs
difc:evaluator Evaluating read access (mode=filter): resource=issue:apache/cloudstack#5803, agentSecrecy=[], agentIntegrity=[none:all] +267µs
difc:evaluator Read access allowed: resource=issue:apache/cloudstack#5803 +265µs
difc:evaluator Evaluating access: operation=read, resource=issue:apache/cloudstack#6163 +215µs
difc:evaluator Evaluating read access (mode=filter): resource=issue:apache/cloudstack#6163, agentSecrecy=[], agentIntegrity=[none:all] +247µs
difc:evaluator Read access allowed: resource=issue:apache/cloudstack#6163 +238µs
difc:evaluator Evaluating access: operation=read, resource=issue:apache/cloudstack#6180 +255µs
difc:evaluator Evaluating read access (mode=filter): resource=issue:apache/cloudstack#6180, agentSecrecy=[], agentIntegrity=[none:all] +249µs
difc:evaluator Read access allowed: resource=issue:apache/cloudstack#6180 +248µs
difc:evaluator Evaluating access: operation=read, resource=issue:apache/cloudstack#6212 +245µs
difc:evaluator Evaluating read access (mode=filter): resource=issue:apache/cloudstack#6212, agentSecrecy=[], agentIntegrity=[none:all] +242µs
difc:evaluator Read access allowed: resource=issue:apache/cloudstack#6212 +246µs
difc:evaluator Evaluating access: operation=read, resource=issue:apache/cloudstack#6391 +239µs
difc:evaluator Evaluating read access (mode=filter): resource=issue:apache/cloudstack#6391, agentSecrecy=[], agentIntegrity=[none:all] +233µs
difc:evaluator Read access allowed: resource=issue:apache/cloudstack#6391 +230µs
difc:evaluator Evaluating access: operation=read, resource=issue:apache/cloudstack#6424 +360µs
difc:evaluator Evaluating read access (mode=filter): resource=issue:apache/cloudstack#6424, agentSecrecy=[], agentIntegrity=[none:all] +237µs
difc:evaluator Read access allowed: resource=issue:apache/cloudstack#6424 +223µs
difc:evaluator Evaluating access: operation=read, resource=issue:apache/cloudstack#6647 +237µs
difc:evaluator Evaluating read access (mode=filter): resource=issue:apache/cloudstack#6647, agentSecrecy=[], agentIntegrity=[none:all] +245µs
difc:evaluator Read access allowed: resource=issue:apache/cloudstack#6647 +232µs
difc:evaluator Evaluating access: operation=read, resource=issue:apache/cloudstack#6672 +216µs
difc:evaluator Evaluating read access (mode=filter): resource=issue:apache/cloudstack#6672, agentSecrecy=[], agentIntegrity=[none:all] +221µs
difc:evaluator Read access allowed: resource=issue:apache/cloudstack#6672 +238µs
difc:evaluator Evaluating access: operation=read, resource=issue:apache/cloudstack#6703 +222µs
difc:evaluator Evaluating read access (mode=filter): resource=issue:apache/cloudstack#6703, agentSecrecy=[], agentIntegrity=[none:all] +240µs
difc:evaluator Read access allowed: resource=issue:apache/cloudstack#6703 +212µs
difc:evaluator Evaluating access: operation=read, resource=issue:apache/cloudstack#6714 +225µs
difc:evaluator Evaluating read access (mode=filter): resource=issue:apache/cloudstack#6714, agentSecrecy=[], agentIntegrity=[none:all] +256µs
difc:evaluator Read access allowed: resource=issue:apache/cloudstack#6714 +234µs
difc:evaluator Evaluating access: operation=read, resource=issue:apache/cloudstack#6715 +245µs
difc:evaluator Evaluating read access (mode=filter): resource=issue:apache/cloudstack#6715, agentSecrecy=[], agentIntegrity=[none:all] +252µs
difc:evaluator Read access allowed: resource=issue:apache/cloudstack#6715 +271µs
difc:evaluator Evaluating access: operation=read, resource=issue:apache/cloudstack#6718 +243µs
difc:evaluator Evaluating read access (mode=filter): resource=issue:apache/cloudstack#6718, agentSecrecy=[], agentIntegrity=[none:all] +234µs
difc:evaluator Read access allowed: resource=issue:apache/cloudstack#6718 +218µs
difc:evaluator Evaluating access: operation=read, resource=issue:apache/cloudstack#6726 +213µs
difc:evaluator Evaluating read access (mode=filter): resource=issue:apache/cloudstack#6726, agentSecrecy=[], agentIntegrity=[none:all] +216µs
difc:evaluator Read access allowed: resource=issue:apache/cloudstack#6726 +228µs
difc:evaluator Evaluating access: operation=read, resource=issue:apache/cloudstack#6746 +230µs
difc:evaluator Evaluating read access (mode=filter): resource=issue:apache/cloudstack#6746, agentSecrecy=[], agentIntegrity=[none:all] +246µs
difc:evaluator Read access allowed: resource=issue:apache/cloudstack#6746 +232µs
difc:evaluator Evaluating access: operation=read, resource=issue:apache/cloudstack#6819 +216µs
difc:evaluator Evaluating read access (mode=filter): resource=issue:apache/cloudstack#6819, agentSecrecy=[], agentIntegrity=[none:all] +232µs
difc:evaluator Read access allowed: resource=issue:apache/cloudstack#6819 +242µs
difc:evaluator Evaluating access: operation=read, resource=issue:apache/cloudstack#6827 +342µs
difc:evaluator Evaluating read access (mode=filter): resource=issue:apache/cloudstack#6827, agentSecrecy=[], agentIntegrity=[none:all] +210µs
difc:evaluator Read access allowed: resource=issue:apache/cloudstack#6827 +227µs
difc:evaluator Collection filtered: accessible=30, filtered=0, total=30 +236µs
server:unified [DIFC] Filtered collection: 30/30 items accessible +36ms
difc:pipeline_decisions ShouldBlockFilteredResponse: mode=filter, filteredCount=0, block=false +4.5s
difc:resource FilteredCollectionLabeledData.ToResult: returning 30 accessible items (filter_reason=DIFC policy) +9.2s
difc:pipeline_decisions ShouldAccumulateReadLabels: operation=read, mode=filter, accumulate=false +469µs
mcp:tool_result Converting backend result to CallToolResult +5.5s
mcp:tool_result Backend returned array, wrapping as text +265µs
server:response_writer Writing response body: 219836 bytes +5.6s
server:response_writer Retrieving captured body: 219836 bytes +532µs
server:response_writer Retrieving captured status code: 200 +269µs
server:sdk-frontend <<< SDK Response [routed:github] status=200 duration=5.617908251s (non-JSON or stream) +5.6s
server:sdk-frontend     Raw response (truncated): event: message
data: {"jsonrpc":"2.0","id":6,"result":{"content":[{"type":"text","text":"[{\"author_association\":\"NONE\",\"body\":\"##### ISSUE TYPE\\r\\n * Feature Idea\\r\\n\\r\\n##### COMPONENT NAME\\r\\n* DNS\\r\\n\\r\\n##### CLOUDSTACK VERSION\\r\\n/\\r\\n\\r\\n##### CONFIGURATION\\r\\n* for customer isolated network\\r\\n\\r\\n##### OS / ENVIRONMENT\\r\\n/\\r\\n\\r\\n##### SUMMARY\\r\\nFor adaptive computing it's important to get use of additional application local IP addresses which you... +288µs
tracing:provider Handling request: span=gateway.request, method=POST, path=/mcp/github, remoteParent=false +19.7s
tracing:provider Span started: span=gateway.request, traceID=00000000000000000000000000000000 +670µs
server:auth Authenticating request: method=POST, path=/mcp/github, remote=172.30.0.20:58898 +19.7s
auth:header Extracting session ID from auth header: sanitized=82ET... +19.7s
auth:header Using plain API key as session ID +260µs
server:sdk-frontend >>> SDK Request [routed:github] session=82ETMfnF... mcp-session=3H4QIZWT... method=POST path=/mcp/github +14.1s
server:sdk-frontend     JSON-RPC Request: method=tools/call id=7 +327µs
tracing:provider Handling request: span=gateway.request, method=POST, path=/mcp/github, remoteParent=false +1ms
server:response_writer Creating new response writer with default status 200 +14.1s
2026/10/02 13:36:55 [ROUTED] Calling unified handler for: search_issues
server:session Extracted session ID from context: 82ETMfnF... +19.7s
tracing:provider Span started: span=gateway.request, traceID=00000000000000000000000000000000 +999µs
server:auth Authenticating request: method=POST, path=/mcp/github, remote=172.30.0.20:58912 +2ms
auth:header Extracting session ID from auth header: sanitized=82ET... +2ms
auth:header Using plain API key as session ID +224µs
server:sdk-frontend >>> SDK Request [routed:github] session=82ETMfnF... mcp-session=3H4QIZWT... method=POST path=/mcp/github +2ms
mcp:tool_result Parsing arguments for tool: search_issues +14.2s
mcp:tool_result Parsed 2 arguments +270µs
server:session Extracted session ID from context: 82ETMfnF... +2ms
server:sdk-frontend     JSON-RPC Request: method=tools/call id=8 +1ms
server:response_writer Creating new response writer with default status 200 +4ms
2026/10/02 13:36:55 [ROUTED] Calling unified handler for: list_issues
server:session Extracted session ID from context: 82ETMfnF... +1ms
server:session Extracted session ID from context: 82ETMfnF... +502µs
server:session Checking session: sessionID=82ETMfnF... +218µs
server:session Session validated for ID: 82ETMfnF... +259µs
server:unified callBackendTool: serverID=github, toolName=search_issues, args=map[perPage:5 query:repo:apache/cloudstack is:issue is:open no:label] +14.2s
guard:registry Getting guard for serverID=github +19.7s
mcp:tool_result Parsing arguments for tool: list_issues +3ms
mcp:tool_result Parsed 6 arguments +278µs
server:session Extracted session ID from context: 82ETMfnF... +1ms
server:session Extracted session ID from context: 82ETMfnF... +489µs
guard:registry Found guard for serverID=github, guardName=github +1ms
server:session Extracted session ID from context: 82ETMfnF... +459µs
server:session Checking session: sessionID=82ETMfnF... +236µs
server:session Session validated for ID: 82ETMfnF... +261µs
server:unified callBackendTool: serverID=github, toolName=list_issues, args=map[direction:ASC orderBy:CREATED_AT owner:apache perPage:50 repo:cloudstack state:OPEN] +2ms
server:guard_init Resolving guard policy: serverID=github +19.7s
config:guard_policy ParseServerGuardPolicy: serverID=github, keyCount=1 +19.7s
config:guard_policy ParsePolicyMap: hasAllowOnly=true, hasWriteSink=false, keyCount=1 +219µs
guard:registry Getting guard for serverID=github +1ms
guard:registry Found guard for serverID=github, guardName=github +325µs
server:session Extracted session ID from context: 82ETMfnF... +1ms
config:guard_policy Parsing guard policy JSON: len=112 +1ms
config:guard_policy UnmarshalJSON: parsing guard policy, keys=1 +320µs
config:guard_policy UnmarshalJSON: parsing allow-only policy, fields=5 +284µs
config:guard_policy UnmarshalJSON: allow-only policy parsed, repos=string, minIntegrity=none +271µs
config:guard_policy UnmarshalJSON: guard policy type is allow-only +221µs
server:guard_init Resolving guard policy: serverID=github +2ms
config:guard_policy ParseServerGuardPolicy: serverID=github, keyCount=1 +543µs
config:guard_policy ParsePolicyMap: hasAllowOnly=true, hasWriteSink=false, keyCount=1 +268µs
config:guard_policy Parsing guard policy JSON: len=112 +252µs
config:guard_policy UnmarshalJSON: parsing guard policy, keys=1 +300µs
config:guard_policy ValidateGuardPolicy: delegating to allow-only normalization +277µs
config:guard_policy Normalizing guard policy: integrity=none, reposType=string +210µs
config:guard_policy UnmarshalJSON: parsing allow-only policy, fields=5 +233µs
config:guard_policy UnmarshalJSON: allow-only policy parsed, repos=string, minIntegrity=none +306µs
config:guard_policy UnmarshalJSON: guard policy type is allow-only +267µs
config:guard_policy Guard policy normalized: scopeKind=all, integrity=none +375µs
server:guard_init Using server-level guard policy: serverID=github +3ms
config:guard_policy ValidateGuardPolicy: delegating to allow-only normalization +669µs
config:guard_policy Normalizing guard policy: integrity=none, reposType=string +240µs
config:guard_policy Guard policy normalized: scopeKind=all, integrity=none +388µs
server:guard_init Using server-level guard policy: serverID=github +1ms
guard:wasm BuildLabelAgentPayload: trustedBots=0, trustedUsers=0 +14.2s
server:guard_init Guard session cache hit: server=github, session=82ETMfnFu36zOUTFvF5DvaYhGvCyRqzWHl94ozcKa3T25DueoUaz61vzUl, mode=filter +526µs
guard:context Retrieved agent ID from context: 82ETMfnFu36zOUTFvF5DvaYhGvCyRqzWHl94ozcKa3T25DueoUaz61vzUl +18.7s
guard:wasm BuildLabelAgentPayload: trustedBots=0, trustedUsers=0 +809µs
difc:agent GetOrCreate called for agentID=82ETMfnFu36zOUTFvF5DvaYhGvCyRqzWHl94ozcKa3T25DueoUaz61vzUl +19.7s
server:unified [DIFC] Agent 82ETMfnFu36zOUTFvF5DvaYhGvCyRqzWHl94ozcKa3T25DueoUaz61vzUl | Secrecy: [] | Integrity: [none:all] +9ms
guard:context Setting request state in context +975µs
guard:wasm LabelResource called: toolName=search_issues, args=map[perPage:5 query:repo:apache/cloudstack is:issue is:open no:label] +977µs
guard:wasm label_resource input JSON (132 bytes): {"capabilities":{},"tool_args":{"perPage":5,"query":"repo:apache/cloudstack is:issue is:open no:label"},"tool_name":"search_issues"} +382µs
server:guard_init Guard session cache hit: server=github, session=82ETMfnFu36zOUTFvF5DvaYhGvCyRqzWHl94ozcKa3T25DueoUaz61vzUl, mode=filter +2ms
guard:context Retrieved agent ID from context: 82ETMfnFu36zOUTFvF5DvaYhGvCyRqzWHl94ozcKa3T25DueoUaz61vzUl +1ms
difc:agent GetOrCreate called for agentID=82ETMfnFu36zOUTFvF5DvaYhGvCyRqzWHl94ozcKa3T25DueoUaz61vzUl +1ms
server:unified [DIFC] Agent 82ETMfnFu36zOUTFvF5DvaYhGvCyRqzWHl94ozcKa3T25DueoUaz61vzUl | Secrecy: [] | Integrity: [none:all] +2ms
guard:context Setting request state in context +1ms
guard:wasm tryCallWasmFunction: guard=github, func=<unknown>, inputSize=132, outputSize=4194304 +2ms
guard:wasm Using guard allocator path: guard=github +286µs
guard:wasm LabelResource called: toolName=list_issues, args=map[direction:ASC orderBy:CREATED_AT owner:apache perPage:50 repo:cloudstack state:OPEN] +239µs
guard:wasm [guard:github] DEBUG: >>> alloc(132) +594µs
guard:wasm [guard:github] DEBUG: <<< alloc returning ptr=2139552 +289µs
guard:wasm wasmAlloc: guard=github, size=132, ptr=2139552 +293µs
guard:wasm [guard:github] DEBUG: >>> alloc(4194304) +253µs
guard:wasm [guard:github] DEBUG: <<< alloc returning ptr=5302576 +322µs
guard:wasm wasmAlloc: guard=github, size=4194304, ptr=5302576 +256µs
guard:wasm [guard:github] INFO: >>> label_resource called +243µs
guard:wasm [guard:github] INFO:     input_len=132, output_size=4194304 +235µs
guard:wasm [guard:github] INFO:     tool_name=search_issues +268µs
guard:wasm [guard:github] DEBUG: Checking repo visibility for apache/cloudstack +248µs
guard:wasm [guard:github] INFO: >>> call_backend: tool=search_repositories +295µs
guard:wasm [guard:github] DEBUG:     args={"perPage":10,"query":"repo:apache/cloudstack"} +295µs
guard:wasm WASM guard calling backend: tool=search_repositories +269µs
server:unified [DIFC] Guard calling backend github tool search_repositories for metadata +5ms
server:unified executeBackendToolCall: serverID=github, toolName=search_repositories +226µs
launcher:launcher Checking session pool: serverID=github, sessionID=82ETMfnFu36zOUTFvF5DvaYhGvCyRqzWHl94ozcKa3T25DueoUaz61vzUl +14.2s
launcher:pool Reusing connection: backend=github, session=82ETMfnFu36zOUTFvF5DvaYhGvCyRqzWHl94ozcKa3T25DueoUaz61vzUl, requests=76 +14.2s
mcp:connection Dispatching SDK method: tools/call, serverID=github +14.2s
mcp:connection callTool: parsed name=search_repositories, argumentCount=2 +243µs
guard:wasm Backend call failed: calling "tools/call": unknown tool "search_repositories" +5ms
guard:wasm [guard:github] ERROR: <<< call_backend FAILED with code -1 +230µs
guard:wasm [guard:github] WARN: Backend call search_repositories failed with code -1 +455µs
guard:wasm [guard:github] DEBUG: Checking repo visibility for apache/cloudstack +443µs
guard:wasm [guard:github] INFO: >>> call_backend: tool=search_repositories +250µs
guard:wasm [guard:github] DEBUG:     args={"perPage":10,"query":"repo:apache/cloudstack"} +259µs
guard:wasm WASM guard calling backend: tool=search_repositories +263µs
server:unified [DIFC] Guard calling backend github tool search_repositories for metadata +6ms
server:unified executeBackendToolCall: serverID=github, toolName=search_repositories +237µs
launcher:launcher Checking session pool: serverID=github, sessionID=82ETMfnFu36zOUTFvF5DvaYhGvCyRqzWHl94ozcKa3T25DueoUaz61vzUl +7ms
launcher:pool Reusing connection: backend=github, session=82ETMfnFu36zOUTFvF5DvaYhGvCyRqzWHl94ozcKa3T25DueoUaz61vzUl, requests=77 +7ms
mcp:connection Dispatching SDK method: tools/call, serverID=github +6ms
mcp:connection callTool: parsed name=search_repositories, argumentCount=2 +273µs
guard:wasm Backend call failed: calling "tools/call": unknown tool "search_repositories" +5ms
guard:wasm [guard:github] ERROR: <<< call_backend FAILED with code -1 +245µs
guard:wasm [guard:github] WARN: Backend call search_repositories failed with code -1 +449µs
guard:wasm [guard:github] INFO:     desc=search_issues:apache/cloudstack +551µs
guard:wasm [guard:github] INFO:     secrecy=[] (public) +259µs
guard:wasm [guard:github] INFO:     integrity=["none:all"] +326µs
guard:wasm [guard:github] INFO:     operation=read +246µs
guard:wasm [guard:github] INFO: <<< label_resource returning 119 bytes +273µs
guard:wasm [guard:github] DEBUG: >>> dealloc(ptr=5302576, size=4194304) +223µs
guard:wasm [guard:github] DEBUG: <<< dealloc complete +300µs
guard:wasm [guard:github] DEBUG: >>> dealloc(ptr=2139552, size=132) +275µs
guard:wasm [guard:github] DEBUG: <<< dealloc complete +244µs
difc:labels Creating label with 0 initial tags: [] +19.7s
guard:wasm label_resource input JSON (165 bytes): {"capabilities":{},"tool_args":{"direction":"ASC","orderBy":"CREATED_AT","owner":"apache","perPage":50,"repo":"cloudstack","state":"OPEN"},"tool_name":"list_issues"} +344µs
difc:labels Creating label with 1 initial tags: [none:all] +288µs
guard:wasm Parsed resource response: description="search_issues:apache/cloudstack", operation=read +492µs
server:unified [DIFC] Resource: search_issues:apache/cloudstack | Operation: read | Secrecy: [] | Integrity: [none:all] +9ms
difc:pipeline_decisions ShouldBypassCoarseDeny: operation=read, bypass=true +14.2s
difc:evaluator Evaluating access: operation=read, resource=search_issues:apache/cloudstack +14.2s
guard:wasm tryCallWasmFunction: guard=github, func=<unknown>, inputSize=165, outputSize=4194304 +974µs
guard:wasm Using guard allocator path: guard=github +245µs
guard:wasm [guard:github] DEBUG: >>> alloc(165) +298µs
difc:evaluator Evaluating read access (mode=filter): resource=search_issues:apache/cloudstack, agentSecrecy=[], agentIntegrity=[none:all] +1ms
difc:evaluator Read access allowed: resource=search_issues:apache/cloudstack +260µs
server:unified [DIFC] Access ALLOWED for agent 82ETMfnFu36zOUTFvF5DvaYhGvCyRqzWHl94ozcKa3T25DueoUaz61vzUl to search_issues:apache/cloudstack +2ms
server:unified executeBackendToolCall: serverID=github, toolName=search_issues +288µs
guard:wasm [guard:github] DEBUG: <<< alloc returning ptr=2139552 +1ms
guard:wasm wasmAlloc: guard=github, size=165, ptr=2139552 +279µs
launcher:launcher Checking session pool: serverID=github, sessionID=82ETMfnFu36zOUTFvF5DvaYhGvCyRqzWHl94ozcKa3T25DueoUaz61vzUl +11ms
launcher:pool Reusing connection: backend=github, session=82ETMfnFu36zOUTFvF5DvaYhGvCyRqzWHl94ozcKa3T25DueoUaz61vzUl, requests=78 +11ms
guard:wasm [guard:github] DEBUG: >>> alloc(4194304) +1ms
guard:wasm [guard:github] DEBUG: <<< alloc returning ptr=5302576 +248µs
guard:wasm wasmAlloc: guard=github, size=4194304, ptr=5302576 +234µs
guard:wasm [guard:github] INFO: >>> label_resource called +502µs
guard:wasm [guard:github] INFO:     input_len=165, output_size=4194304 +627µs
guard:wasm [guard:github] INFO:     tool_name=list_issues +298µs
mcp:connection Dispatching SDK method: tools/call, serverID=github +12ms
guard:wasm [guard:github] DEBUG: Checking repo visibility for apache/cloudstack +222µs
mcp:connection callTool: parsed name=search_issues, argumentCount=2 +255µs
guard:wasm [guard:github] INFO: >>> call_backend: tool=search_repositories +706µs
guard:wasm [guard:github] DEBUG:     args={"perPage":10,"query":"repo:apache/cloudstack"} +258µs
guard:wasm WASM guard calling backend: tool=search_repositories +241µs
server:unified [DIFC] Guard calling backend github tool search_repositories for metadata +5ms
server:unified executeBackendToolCall: serverID=github, toolName=search_repositories +221µs
launcher:launcher Checking session pool: serverID=github, sessionID=82ETMfnFu36zOUTFvF5DvaYhGvCyRqzWHl94ozcKa3T25DueoUaz61vzUl +5ms
launcher:pool Reusing connection: backend=github, session=82ETMfnFu36zOUTFvF5DvaYhGvCyRqzWHl94ozcKa3T25DueoUaz61vzUl, requests=79 +5ms
mcp:connection Dispatching SDK method: tools/call, serverID=github +4ms
mcp:connection callTool: parsed name=search_repositories, argumentCount=2 +256µs
guard:wasm Backend call failed: calling "tools/call": unknown tool "search_repositories" +4ms
guard:wasm [guard:github] ERROR: <<< call_backend FAILED with code -1 +241µs
guard:wasm [guard:github] WARN: Backend call search_repositories failed with code -1 +566µs
guard:wasm [guard:github] DEBUG: Checking repo visibility for apache/cloudstack +466µs
guard:wasm [guard:github] INFO: >>> call_backend: tool=search_repositories +264µs
guard:wasm [guard:github] DEBUG:     args={"perPage":10,"query":"repo:apache/cloudstack"} +219µs
guard:wasm WASM guard calling backend: tool=search_repositories +234µs
server:unified [DIFC] Guard calling backend github tool search_repositories for metadata +6ms
server:unified executeBackendToolCall: serverID=github, toolName=search_repositories +236µs
launcher:launcher Checking session pool: serverID=github, sessionID=82ETMfnFu36zOUTFvF5DvaYhGvCyRqzWHl94ozcKa3T25DueoUaz61vzUl +6ms
launcher:pool Reusing connection: backend=github, session=82ETMfnFu36zOUTFvF5DvaYhGvCyRqzWHl94ozcKa3T25DueoUaz61vzUl, requests=80 +6ms
mcp:connection Dispatching SDK method: tools/call, serverID=github +6ms
mcp:connection callTool: parsed name=search_repositories, argumentCount=2 +277µs
guard:wasm Backend call failed: calling "tools/call": unknown tool "search_repositories" +4ms
guard:wasm [guard:github] ERROR: <<< call_backend FAILED with code -1 +240µs
guard:wasm [guard:github] WARN: Backend call search_repositories failed with code -1 +458µs
guard:wasm [guard:github] INFO:     desc=resource:list_issues +474µs
guard:wasm [guard:github] INFO:     secrecy=[] (public) +236µs
guard:wasm [guard:github] INFO:     integrity=["none:all"] +227µs
guard:wasm [guard:github] INFO:     operation=read +237µs
guard:wasm [guard:github] INFO: <<< label_resource returning 108 bytes +256µs
guard:wasm [guard:github] DEBUG: >>> dealloc(ptr=5302576, size=4194304) +257µs
guard:wasm [guard:github] DEBUG: <<< dealloc complete +277µs
guard:wasm [guard:github] DEBUG: >>> dealloc(ptr=2139552, size=165) +271µs
guard:wasm [guard:github] DEBUG: <<< dealloc complete +270µs
difc:labels Creating label with 0 initial tags: [] +23ms
difc:labels Creating label with 1 initial tags: [none:all] +264µs
guard:wasm Parsed resource response: description="resource:list_issues", operation=read +745µs
server:unified [DIFC] Resource: resource:list_issues | Operation: read | Secrecy: [] | Integrity: [none:all] +8ms
difc:pipeline_decisions ShouldBypassCoarseDeny: operation=read, bypass=true +23ms
difc:evaluator Evaluating access: operation=read, resource=resource:list_issues +22ms
difc:evaluator Evaluating read access (mode=filter): resource=resource:list_issues, agentSecrecy=[], agentIntegrity=[none:all] +240µs
difc:evaluator Read access allowed: resource=resource:list_issues +238µs
server:unified [DIFC] Access ALLOWED for agent 82ETMfnFu36zOUTFvF5DvaYhGvCyRqzWHl94ozcKa3T25DueoUaz61vzUl to resource:list_issues +1ms
server:unified executeBackendToolCall: serverID=github, toolName=list_issues +205µs
launcher:launcher Checking session pool: serverID=github, sessionID=82ETMfnFu36zOUTFvF5DvaYhGvCyRqzWHl94ozcKa3T25DueoUaz61vzUl +9ms
launcher:pool Reusing connection: backend=github, session=82ETMfnFu36zOUTFvF5DvaYhGvCyRqzWHl94ozcKa3T25DueoUaz61vzUl, requests=81 +9ms
mcp:connection Dispatching SDK method: tools/call, serverID=github +9ms
mcp:connection callTool: parsed name=list_issues, argumentCount=6 +233µs
difc:pipeline_decisions ShouldCallLabelResponse: operation=read, mode=filter, result=true +185ms
guard:wasm LabelResponse called: toolName=search_issues +186ms
guard:context Retrieved request state from context +230ms
guard:wasm label_response input JSON (234 bytes): {"capabilities":{},"tool_args":{"perPage":5,"query":"repo:apache/cloudstack is:issue is:open no:label"},"tool_name":"search_issues","tool_result":{"content":[{"text":"{\"total_count\":0,\"incomplete_results\":false}","type":"text"}]}} +519µs
guard:wasm tryCallWasmFunction: guard=github, func=<unknown>, inputSize=234, outputSize=4194304 +253µs
guard:wasm Using guard allocator path: guard=github +258µs
guard:wasm [guard:github] DEBUG: >>> alloc(234) +291µs
guard:wasm [guard:github] DEBUG: <<< alloc returning ptr=2139552 +380µs
guard:wasm wasmAlloc: guard=github, size=234, ptr=2139552 +310µs
guard:wasm [guard:github] DEBUG: >>> alloc(4194304) +286µs
guard:wasm [guard:github] DEBUG: <<< alloc returning ptr=5302576 +250µs
guard:wasm wasmAlloc: guard=github, size=4194304, ptr=5302576 +248µs
guard:wasm [guard:github] INFO: >>> label_response called +278µs
guard:wasm [guard:github] INFO:     input_len=234, output_size=4194304 +258µs
guard:wasm [guard:github] INFO:     input_preview={"capabilities":{},"tool_args":{"perPage":5,"query":"repo:apache/cloudstack is:issue is:open no:label"},"tool_name":"search_issues","tool_result":{"content":[{"text":"{\"total_count\":0,\"incomplete_results\":false}","type":"text"}]}} +250µs
guard:wasm [guard:github] INFO:     tool_name=search_issues +254µs
guard:wasm [guard:github] DEBUG: extract_mcp_response: top-level keys=["content"] +434µs
guard:wasm [guard:github] DEBUG: extract_mcp_response: found content array with 1 items +244µs
guard:wasm [guard:github] DEBUG: extract_mcp_response: found text field, len=44 +234µs
guard:wasm [guard:github] DEBUG: extract_mcp_response: parsed content[0].text as JSON +295µs
guard:wasm [guard:github] INFO:     using legacy item-based labeling +305µs
guard:wasm [guard:github] DEBUG: extract_mcp_response: top-level keys=["content"] +229µs
guard:wasm [guard:github] DEBUG: extract_mcp_response: found content array with 1 items +265µs
guard:wasm [guard:github] DEBUG: extract_mcp_response: found text field, len=44 +262µs
guard:wasm [guard:github] DEBUG: extract_mcp_response: parsed content[0].text as JSON +235µs
guard:wasm [guard:github] DEBUG: Checking repo visibility for apache/cloudstack +518µs
guard:wasm [guard:github] INFO: >>> call_backend: tool=search_repositories +385µs
guard:wasm [guard:github] DEBUG:     args={"perPage":10,"query":"repo:apache/cloudstack"} +271µs
guard:wasm WASM guard calling backend: tool=search_repositories +292µs
server:unified [DIFC] Guard calling backend github tool search_repositories for metadata +192ms
server:unified executeBackendToolCall: serverID=github, toolName=search_repositories +282µs
launcher:launcher Checking session pool: serverID=github, sessionID=82ETMfnFu36zOUTFvF5DvaYhGvCyRqzWHl94ozcKa3T25DueoUaz61vzUl +192ms
launcher:pool Reusing connection: backend=github, session=82ETMfnFu36zOUTFvF5DvaYhGvCyRqzWHl94ozcKa3T25DueoUaz61vzUl, requests=82 +192ms
mcp:connection Dispatching SDK method: tools/call, serverID=github +192ms
mcp:connection callTool: parsed name=search_repositories, argumentCount=2 +271µs
guard:wasm Backend call failed: calling "tools/call": unknown tool "search_repositories" +5ms
guard:wasm [guard:github] ERROR: <<< call_backend FAILED with code -1 +246µs
guard:wasm [guard:github] WARN: Backend call search_repositories failed with code -1 +475µs
guard:wasm [guard:github] DEBUG: extract_mcp_response: top-level keys=["content"] +479µs
guard:wasm [guard:github] DEBUG: extract_mcp_response: found content array with 1 items +241µs
guard:wasm [guard:github] DEBUG: extract_mcp_response: found text field, len=44 +224µs
guard:wasm [guard:github] DEBUG: extract_mcp_response: parsed content[0].text as JSON +257µs
guard:wasm [guard:github] INFO:     server metadata (text message or empty search), integrity=["none:all", "unapproved:all", "approved:all"] +290µs
guard:wasm [guard:github] INFO:     generated 1 labeled items +376µs
guard:wasm [guard:github] INFO:     output_preview={"items":[{"data":{"content":[{"text":"{\"total_count\":0,\"incomplete_results\":false}","type":"text"}]},"labels":{"description":"metadata:search_issues","secrecy":[],"integrity":["none:all","unapproved:all","approved:all"]}}]} +267µs
guard:wasm [guard:github] INFO: <<< label_response returning 228 bytes +216µs
guard:wasm [guard:github] DEBUG: >>> dealloc(ptr=5302576, size=4194304) +248µs
guard:wasm [guard:github] DEBUG: <<< dealloc complete +264µs
guard:wasm [guard:github] DEBUG: >>> dealloc(ptr=2139552, size=234) +258µs
guard:wasm [guard:github] DEBUG: <<< dealloc complete +244µs
guard:wasm parseCollectionLabeledData: itemCount=1 +254µs
difc:labels Creating label with 0 initial tags: [] +203ms
difc:labels Creating label with 3 initial tags: [none:all unapproved:all approved:all] +228µs
guard:wasm parseCollectionLabeledData: parsed 1 labeled items from 1 input items +742µs
difc:evaluator Filtering collection: operation=read, totalItems=1 +203ms
difc:evaluator Evaluating access: operation=read, resource=metadata:search_issues +222µs
difc:evaluator Evaluating read access (mode=filter): resource=metadata:search_issues, agentSecrecy=[], agentIntegrity=[none:all] +273µs
difc:evaluator Read access allowed: resource=metadata:search_issues +319µs
difc:evaluator Collection filtered: accessible=1, filtered=0, total=1 +256µs
server:unified [DIFC] Filtered collection: 1/1 items accessible +11ms
difc:pipeline_decisions ShouldBlockFilteredResponse: mode=filter, filteredCount=0, block=false +20ms
difc:resource FilteredCollectionLabeledData.ToResult: returning 1 accessible items (filter_reason=DIFC policy) +14.5s
difc:pipeline_decisions ShouldAccumulateReadLabels: operation=read, mode=filter, accumulate=false +520µs
mcp:tool_result Converting backend result to CallToolResult +264ms
mcp:tool_result Backend returned array, wrapping as text +224µs
server:response_writer Writing response body: 203 bytes +268ms
server:response_writer Retrieving captured body: 203 bytes +353µs
server:response_writer Retrieving captured status code: 200 +323µs
server:sdk-frontend <<< SDK Response [routed:github] status=200 duration=274.160671ms (non-JSON or stream) +270ms
server:sdk-frontend     Raw response: event: message
data: {"jsonrpc":"2.0","id":7,"result":{"content":[{"type":"text","text":"[{\"content\":[{\"text\":\"{\\\"total_count\\\":0,\\\"incomplete_results\\\":false}\",\"type\":\"text\"}]}]"}]}}

 +289µs
difc:pipeline_decisions ShouldCallLabelResponse: operation=read, mode=filter, result=true +1.4s
guard:wasm LabelResponse called: toolName=list_issues +1.4s
guard:context Retrieved request state from context +1.4s
guard:wasm label_response input JSON (93472 bytes): {"capabilities":{},"tool_args":{"direction":"ASC","orderBy":"CREATED_AT","owner":"apache","perPage":50,"repo":"cloudstack","state":"OPEN"},"tool_name":"list_issues","tool_result":{"content":[{"text":"{\"issues\":[{\"number\":2865,\"title\":\"DNS records for additional local IP addresses\",\"body\":\"##### ISSUE TYPE\\n * Feature Idea\\n\\n##### COMPONENT NAME\\n* DNS\\n\\n##### CLOUDSTACK VERSION\\n/\\n\\n##### CONFIGURATION\\n* for customer isolated network\\n\\n##### OS / ENVIRONMENT\\n/\\n\\n##### SUMMARY\\nFor adaptive computing it\\u0026#39;s important to get use of additional application local IP addresses which you can move between machines in case of a failure of one of the virtual machines or for upgrades.\\n\\nI can attach an additional IP to a VM using ACS. But I cannot give that a separate name which does not belong to the actual hostname of the VM.\\n\\n\\n##### STEPS TO REPRODUCE\\n\\n\\n##### EXPECTED RESULTS\\n* possibility to add a DNS name for the additional local IP address\\n* possibility to move an IP from one system to another (no delete and recreate - IP could be taken in the steps between)\\n\\n##### ACTUAL RESULTS\\n* currently the additional IP resolves into the same name as the original IP which is the hostname\",\"state\":\"OPEN\",\"user\":{\"login\":\"IngoJochim\"},\"labels\":[\"component:networking\",\"type:new-feature\",\"no-issue-activity\"],\"comments\":5,\"created_at\":\"2018-09-27T15:48:32Z\",\"updated_at\":\"2026-05-10T02:17:03Z\"},{\"number\":3253,\"title\":\"Load balancer appcookie configuration deprecated in HAproxy\",\"body\":\"\\n##### ISSUE TYPE\\n * Improvement Request\\n\\n##### COMPONENT NAME\\n* ACS 4.11.x VR load balancing with AppCookie stickiness\\n\\n##### CLOUDSTACK VERSION\\n* ACS 4.11.x\\n\\n##### CONFIGURATION\\n* Advanced zone, guest isolated network with LB configuration on public IP\\n\\n\\n##### OS / ENVIRONMENT\\n* N/A\\n\\n##### SUMMARY\\n* AppCookie configuration is deprecated in HAproxy\\n* https://cbonte.github.io/haproxy-dconv/1.7/configuration.html#appsession\\n\\n##### STEPS TO REPRODUCE\\n* Create new LB rule with AppCookie stickiness\\n* Observe haproxy logs on VR stating:\\n03:59:09 r-1667-VM haproxy[40552]: [ALERT] 090/035909 (40552) : parsing [/etc/haproxy/haproxy.cfg:38] : \\u0026#39;appsession\\u0026#39; is not supported anymore, please check the documentation.\\n\\n##### EXPECTED RESULTS\\n* N/A\\n\\n##### ACTUAL RESULTS\\n* Error as above\\n\",\"state\":\"OPEN\",\"user\":{\"login\":\"DagSonsteboSB\"},\"labels\":[\"type:improvement\",\"type:cleanup\",\"Severity:Major\",\"status:stale\"],\"comments\":3,\"created_at\":\"2019-04-01T15:04:56Z\",\"updated_at\":\"2026-05-26T15:48:25Z\"},{\"number\":3360,\"title\":\"details is an ambigue parameter name\",\"body\":\"\\nthe parameter name \\u0026#39;details\\u0026#39; can mean different things in different API calls. These should be aligned and/or renamed. see the discussion in #3331\\n\\n##### ISSUE TYPE\\n * Improvement Request\\n\\n##### COMPONENT NAME\\n\\n~~~\\nAPI\\n~~~\\n\\n##### CLOUDSTACK VERSION\\n\\n\\n~~~\\nall\\n~~~\\n\\n##### SUMMARY\\n\\n\\n| type of details field | class |\\n| - | -  |\\n| | Commands: |\\n| Map | RegisterOAuthProviderCmd.java |\\nMap | BaseUpdateTemplateOrIsoCmd.java\\nList\\\\ | ListHostsCmd.java\\nMap | UpdateZoneCmd.java\\nMap | CreateNetworkOfferingCmd.java\\nMap | UpdateBgpPeerCmd.java\\nMap | CreateBgpPeerCmd.java\\nMap | UpgradeSystemVMCmd.java\\nMap | ScaleSystemVMCmd.java\\nMap | UpdateStoragePoolCmd.java\\nMap | UpdateCloudToUseObjectStoreCmd.java\\nMap | AddImageStoreCmd.java\\nMap\\u0026gt; | CreateSecondaryStagingStoreCmd.java\\nMap | AddObjectStoragePoolCmd.java\\nMap | CreateStoragePoolCmd.java\\nMap | ImportUnmanagedInstanceCmd.java\\nMap | AddGuestOsCmd.java\\nMap | UpdateGuestOsCmd.java\\nMap | CreateDiskOfferingCmd.java\\n| List\\\\ | ListDomainsCmd.java\\nMap | CreateTemplateCmd.java\\nMap | GetUploadParamsForTemplateCmd.java\\nMap | RegisterTemplateCmd.java\\nList\\\\ | ListTemplatesCmd.java\\nList\\\\ | ListProjectsCmd.java\\nMap | UpgradeVMCmd.java\\nList\\\\ | ListVMsCmd.java\\nMap | DeployVMCmd.java\\nMap | UpdateVMCmd.java\\nMap | RestoreVMCmd.java\\n| Map | ScaleVMCmd.java |\\n| List\\\\ | ListAccountsCmd.java |\\n| Map | AddResourceDetailCmd.java |\\n| | Responses: |\\n| Map | TemplateResponse.java |\\nMap | NetworkOfferingResponse.java\\nMap | VolumeForImportResponse.java\\nString | DirectDownloadCertificateHostStatusResponse.java\\nMap | NetworkProtocolResponse.java\\nMap | UserVmResponse.java\\nMap | BgpPeerResponse.java\\nMap | DiskOfferingResponse.java\\nMap | NetworkResponse.java\\nString | CreateConsoleEndpointResponse.java\\nString | RouterHealthCheckResultResponse.java\\nMap\\u0026gt; | DetailOptionsResponse.java\\nMap | HostResponse.java\\nString | UnmanageVMInstanceResponse.java\\n\\nIn addtion to these there are some details related parameters that also have different types i.e. details and some of them even as boolean.\\n\\nThere are two improvements to make here:\\n1. make sure there are no ambiguities for users when they encounter a in- or output field named “details”\\n2. make sure maintainers do not mix different patterns for the same basic functionality\\nthe first being the more important one\\n\\nIn addition to all this there are backwards compatibility concerns. Some can be changed “under the hood” others will have to be marked as “deprecated\\u0026#34; to the user and and copied into a in-/output field with a new name, only considering the old one if the new one is missing.\\n\\n##### EXPECTED RESULTS\\nA clear pattern from both user and developer point of view.\\n\\n\",\"state\":\"OPEN\",\"user\":{\"login\":\"DaanHoogland\"},\"labels\":[\"type:improvement\",\"type:cleanup\",\"type:technical-debt\"],\"comments\":4,\"created_at\":\"2019-05-28T08:46:51Z\",\"updated_at\":\"2026-05-21T14:47:28Z\"},{\"number\":3679,\"title\":\"marvin tests in plugin directory are not considered to be in python package\",\"body\":\"\\nwhen creating tests in the `tests/integration/plugins` directory, and then executing them in a deployed marvin environment like trillian, local imports do not work. This makes it impossible to modularise tests for plugins to be reused in other environments. The `plugins` directory should work as the `smoke` and `component` directories do.\\n\\n##### ISSUE TYPE\\n\\n * Improvement Request\\n * Enhancement Request\\n\\n##### COMPONENT NAME\\n\\n~~~\\n\\n~~~\\n\\n##### CLOUDSTACK VERSION\\n\\n\\n~~~\\n\\n~~~\\n\\n##### CONFIGURATION\\n\\n\\n\\n##### OS / ENVIRONMENT\\n\\n\\n\\n##### SUMMARY\\n\\n\\n\\n##### STEPS TO REPRODUCE\\n\\n\\n\\n~~~\\n\\n~~~\\n\\n\\n\\n##### EXPECTED RESULTS\\n\\n\\n~~~\\n\\n~~~\\n\\n##### ACTUAL RESULTS\\n\\n\\n\\n~~~\\n\\n~~~\\n\",\"state\":\"OPEN\",\"user\":{\"login\":\"DaanHoogland\"},\"labels\":[\"type:improvement\",\"type:technical-debt\",\"component:integration-test\"],\"comments\":1,\"created_at\":\"2019-11-12T09:58:04Z\",\"updated_at\":\"2026-06-30T12:12:33Z\"},{\"number\":3687,\"title\":\"Domain admins not able to add LDAP users\",\"body\":\"\\n\\n##### ISSUE TYPE\\n\\n * Improvement Request\\n\\n\\n##### COMPONENT NAME\\n\\n~~~\\nUI, API\\n~~~\\n\\n##### CLOUDSTACK VERSION\\n\\n\\n~~~\\n4.14 \\n~~~\\n\\n\\n##### SUMMARY\\n\\nDomain admins are not able to see the ‘Add LDAP Account\\u0026#39; button at both “Account” tab and Domain - \\u0026gt; Accounts tab. \\nIt would be really good if they can manage that as well, since they manage native users within the domain\\n\\n\",\"state\":\"OPEN\",\"user\":{\"login\":\"borisstoyanov\"},\"labels\":[\"type:enhancement\",\"component:api\",\"component:UI\",\"type:improvement\",\"component:LDAP\",\"status:needs-functional-definition\"],\"comments\":6,\"created_at\":\"2019-11-14T12:20:34Z\",\"updated_at\":\"2026-08-13T15:07:55Z\"},{\"number\":3693,\"title\":\"cleanup test resources\",\"body\":\"\\nThis is to clean-up tests that create resources and do not clean-up after themselves. The idea is that the entire test-suite should be able to be run in a production environment without harming or messing up. In smoke tests running in Trillian we found the following tests to leave stuff around (the checks fixed in scope of this pr are just for simulator):\\n\\n- [X] test_accounts #3657 #4473\\n- [x] test_affinity_groups_projects #4473\\n- [x] test_async_job #4473\\n- [ ] test_deploy_vm_iso\\n- [x] test_deploy_vms_with_varied_deploymentplanners #4289\\n- [ ] test_deploy_vm_with_userdata\\n- [x] test_diagnostics #4289\\n- [ ] test_domain_service_offerings\\n- [x] test_internal_lb #4727\\n- [ ] test_list_ids_parameter\\n- [ ] test_loadbalance\\n- [ ] test_metrics_api\\n- [ ] test_multipleips_per_nic\\n- [ ] test_nested_virtualization\\n- [ ] test_network_acl\\n- [ ] test_network\\n- [ ] test_nic_adapter_type\\n- [ ] test_password_server\\n- [ ] test_portforwardingrules\\n- [ ] test_privategw_acl\\n- [x] test_projects #3657\\n- [ ] test_reset_vm_on_reboot\\n- [ ] test_resource_accounting\\n- [ ] test_router_dhcphosts #5562 \\n- [ ] test_router_dns\\n- [ ] test_router_dnsservice\\n- [ ] test_routers_iptables_default_policy\\n- [ ] test_routers_network_ops\\n- [x] test_routers #4289\\n- [ ] test_service_offerings\\n- [ ] test_snapshots\\n- [ ] test_templates\\n- [x] test_vm_deployment_planner #7183 - some work might be remaining due to the way VMs are created in this test-suite\\n- [ ] test_vpc_redundant\\n- [ ] test_vpc_router_nics\\n- [x] test_vpc_vpn #4289\\n- [ ] test_hostha_kvm #8196 - disabling and enabling host HA, not sure if this should be a smoke test!?\\n\\n##### ISSUE TYPE\\n\\n * Bug Report\\n * Other: test improvements\\n\",\"state\":\"OPEN\",\"user\":{\"login\":\"DaanHoogland\"},\"labels\":[\"status:work-in-progress\",\"type:cleanup\",\"type:technical-debt\",\"component:integration-test\"],\"comments\":13,\"created_at\":\"2019-11-19T14:10:03Z\",\"updated_at\":\"2026-06-27T14:43:33Z\"},{\"number\":3751,\"title\":\"Add iscsi as secondary storage\",\"body\":\"It seems iscsi has better performance in comparison to NFS, specially in vmware environment.\\nSo I think it will be a good idea to add support of iscsi to secondary storage.\",\"state\":\"OPEN\",\"user\":{\"login\":\"aleskxyz\"},\"labels\":[\"component:ssvm\",\"component:iscsi\",\"type:new-feature\",\"no-issue-activity\",\"long-term-plan\"],\"comments\":10,\"created_at\":\"2019-12-08T14:55:47Z\",\"updated_at\":\"2026-05-08T12:10:19Z\"},{\"number\":4370,\"title\":\"more fine grained categorisation for tests\",\"body\":\"\\nas a tester, one would want a more fine grained categorisation than \\u0026#34;smoke\\u0026#34;, \\u0026#34;component\\u0026#34;, \\u0026#34;integration\\u0026#34; to be able to quickly test a PR against features it touches on.\\n\\n##### ISSUE TYPE\\n\\n * Improvement Request\\n * Enhancement Request\\n * Feature Idea\\n * Other : testing aid\\n\\n##### COMPONENT NAME\\n\\n~~~\\nMarvin\\n~~~\\n\\n##### CLOUDSTACK VERSION\\n\\n\\n~~~\\n\\n~~~\\n\\n##### CONFIGURATION\\n\\n\\n\\n##### OS / ENVIRONMENT\\n\\n\\n\\n##### SUMMARY\\n\\nwhen a PR is tested it is usually tested against a set of smoke tests in travis or a private cloud with s.moke tests and than maybe avery feature specific (often manual) test. A better categorisation would help in testing more related code and would allow for bypassing any tests that have no baring on the subject of the change.\\nA blueorangutan smoke test run takes anywhere between 8 and 15 hours and fails only once after the run, albeit with multiple reports. It would be helpful to run a smaller set of basic tests. if this set passes than a more high level batch could be choosen for a next step.\\n\\n##### STEPS TO REPRODUCE\\n\\n\\n\\n~~~\\ngo-test smoke\\ngo-test accounts-and-roles\\ngo-test instance-groups\\ngo-test ...\\n~~~\\n\\n`go-test` could be any test infra structure like blueorangutan. It is used to illustrate the categorisation, not the test-infrastructure.\\n\\n\\n\\n##### EXPECTED RESULTS\\n\\n\\n~~~\\n\\n~~~\\n\\n##### ACTUAL RESULTS\\n\\n\\n\\n~~~\\n\\n~~~\\n\",\"state\":\"OPEN\",\"user\":{\"login\":\"DaanHoogland\"},\"labels\":[\"Severity:Major\",\"component:integration-test\",\"status:on-hold\",\"long-term-plan\"],\"comments\":6,\"created_at\":\"2020-10-05T12:24:50Z\",\"updated_at\":\"2026-05-08T12:09:40Z\"},{\"number\":4542,\"title\":\"Reserve IP address for out of bounds machines\",\"body\":\"\\nAbility to define IP address beside of choosing VMs in Static NAT, Port Forward and Load balancer services to provide those services to servers outside of CloudStack.\\n##### ISSUE TYPE\\n\\n * Feature Idea\\n\\n##### COMPONENT NAME\\n\\n~~~\\nVR\\n~~~\\n\\n##### CLOUDSTACK VERSION\\n\\n\\n~~~\\nAll versions\\n~~~\\n\\n##### CONFIGURATION\\n\\nAdvanced networking\\n\\n##### OS / ENVIRONMENT\\n\\nN/A\\n\\n##### SUMMARY\\n\\n\\nIn some network services we need to specify which VM should use it. For example Static NAT, Port Forward and Load balancer.\\nIt would be a good idea if we can also specify IP address of a server which is not managed by CloudStack.\\nThis feature helps us to use network services provided by virtual router for physical servers or even VMs outside of CloudStack management area but share a common L2 network with other VMs in CloudStack.\\nThis feature also requires reserve IP address capability in all type of networks. We can expand the issue #4357 for private IPs in isolated networks too.\\n\\n##### STEPS TO REPRODUCE\\n\\n\\n\\n~~~\\n\\n1. Create an isolated network\\n2. In Port forward section define a new rule\\n3. In \\u0026#34;Add VM\\u0026#34; panel write IP address of the server outside of CloudStack\\n\\n~~~\\n\\n\\n\\n##### EXPECTED RESULTS\\n\\n\\n~~~\\n\\nAn iptables rule created in virtual router to forward desired port to the server IP\\n\\n~~~\\n\\n##### ACTUAL RESULTS\\n\\n\\n\\n~~~\\n\\nIt is not possible to mention IP address of the server outside of CloudStack\\n\\n~~~\\n\",\"state\":\"OPEN\",\"user\":{\"login\":\"aleskxyz\"},\"labels\":[\"component:networking\",\"type:experimental-feature\",\"complexity:simple\",\"long-term-plan\"],\"comments\":26,\"created_at\":\"2020-12-14T13:58:37Z\",\"updated_at\":\"2026-08-25T06:46:30Z\"},{\"number\":5174,\"title\":\"methods implemented twice in marvin code\",\"body\":\"\\nin the marvin python code some methods are implemented twice.\\nexample:\\nformat_volume_to_ext3(ssh_client, device=\\u0026#34;/dev/sda\\u0026#34;) in `marvin/lib/util.py` and in `marvin/sandbox/demo/simulator/testcase/libs/utils.py`\\n\\nmore can surely be found.\\n\\n##### ISSUE TYPE\\n\\n * Bug Report\\n * Improvement Request\\n * Enhancement Request\\n * Feature Idea\\n * Documentation Report\\n * Other\\n\\n##### COMPONENT NAME\\n\\n~~~\\n\\n~~~\\n\\n##### CLOUDSTACK VERSION\\n\\n\\n~~~\\n\\n~~~\\n\\n##### CONFIGURATION\\n\\n\\n\\n##### OS / ENVIRONMENT\\n\\n\\n\\n##### SUMMARY\\n\\n\\n\\n##### STEPS TO REPRODUCE\\n\\n\\n\\n~~~\\n\\n~~~\\n\\n\\n\\n##### EXPECTED RESULTS\\n\\n\\n~~~\\n\\n~~~\\n\\n##### ACTUAL RESULTS\\n\\n\\n\\n~~~\\n\\n~~~\\n\",\"state\":\"OPEN\",\"user\":{\"login\":\"DaanHoogland\"},\"labels\":[\"status:testing\",\"type:cleanup\",\"component:marvin\",\"type:technical-debt\",\"status:stale\",\"no-issue-activity\"],\"comments\":3,\"created_at\":\"2021-06-30T16:48:22Z\",\"updated_at\":\"2026-05-06T02:17:01Z\"},{\"number\":5686,\"title\":\"Improvement: Filesystem permission check\",\"body\":\"##### ISSUE TYPE\\n * Improvement Request\\n\\n##### COMPONENT NAME\\n\\n~~~\\ncloudstack-sysvmadm\\n~~~\\n\\n##### CLOUDSTACK VERSION\\n~~~\\nN/A\\n~~~\\n\\n##### CONFIGURATION\\n\\nN/A\\n\\n##### OS / ENVIRONMENT\\nCloudstack running on linux systems\\n\\n##### SUMMARY\\nCheck filesystem permission before upgrading systemvms\\n\\n##### STEPS TO REPRODUCE\\n\\nCurrently, when issuing the cloudstack-sysvmadm script for upgrading the systemvms (or doing it manually), the process starts without any prechecks.\\nWhen there is somehow an issue with filesystem permissions, the new systemvm.iso cannot be copied to the new location.  It would be a nice enhancement, when cloudstack had a health check or at least the cloudstack-sysvmadm script a permission check.\\n\\nA newly introduced health check could continuously check some relevant cloudstack metrics, including the filesystem permissions and show a simple go/nogo somewhere in the admin ui. Or the simple way: a script or the modified sysvmadm script which checks first all storage paths for the correct rights. \\n\\n\\n\\n\\n~~~\\n\\n~~~\\n\\n\\n\\n##### EXPECTED RESULTS\\n\\n\\n~~~\\n\\n~~~\\n\\n##### ACTUAL RESULTS\\n\\n\\n\\n~~~\\n\\n~~~\\n\",\"state\":\"OPEN\",\"user\":{\"login\":\"ngrosc\"},\"labels\":[\"type:enhancement\",\"component:upgrade\",\"status:stale\",\"no-issue-activity\"],\"comments\":4,\"created_at\":\"2021-11-15T08:17:23Z\",\"updated_at\":\"2026-05-06T02:17:00Z\"},{\"number\":5697,\"title\":\"Storage bandwidth is wasted during template uploads/imports\",\"body\":\"At the moment when a template is being imported (via url or upload) there is a phase called \\u0026#34;Installing template\\u0026#34; or something similar. From what I noticed this phase calculates a hash and saves it to the database by reading the downloaded file over the storage network.\\nDuring this phase the template is not usable and I believe that should not be the case. I understand that the hash has a purpose and I am not saying it should be removed but I believe this should be an optional task that should be done in background.\\n\\nIn the following examples I do not consider disk speeds, just network speed/bandwidth.\\nFor normal templates this is not necessarily noticeable. Consider this scenario (best case):\\nTemplate size: 4GB\\nIngress bandwidth: 100 mb/s\\nStorage bandwidth: 1 gb/s\\nDownload time required: 5.45 seconds\\nInstalling template time required: ~0.6 seconds\\n\\nMost templates (not ISOs) however are considerably larger, some could be even up to 500 GB (I do have a few templates that I have to import with very large sizes).\\nIn such a case, installing template time required would be about 75 seconds (best case). \\n\\nDuring this time (installing template time) the whole bandwidth available for the storage network (if it even is on a separate NIC) would be used up by this process resulting in bad performance for the cluster. \\n\\nWays to fix this would be:\\n  1. either compute the hash as the transfer is happening.\\n  2. make it optional (maybe even opt-in) and do it in background only (maybe even limit the bandwidth used for this)\",\"state\":\"OPEN\",\"user\":{\"login\":\"alexandru-bagu\"},\"labels\":[\"component:secondary-storage\",\"type:improvement\",\"component:templates\",\"status:stale\",\"no-issue-activity\"],\"comments\":6,\"created_at\":\"2021-11-18T00:42:50Z\",\"updated_at\":\"2026-05-06T02:16:58Z\"},{\"number\":5739,\"title\":\"Option to retry failed VM instance deployments\",\"body\":\"\\n\\n##### ISSUE TYPE\\n\\n\\n * Feature Idea\\n\\n##### COMPONENT NAME\\n\\n~~~\\nUI\\n~~~\\n\\n##### CLOUDSTACK VERSION\\n\\n\\n~~~\\n4.16+\\n~~~\\n\\n##### CONFIGURATION\\n\\nNA\\n\\n##### OS / ENVIRONMENT\\n\\nNA\\n\\n##### SUMMARY\\n\\n\\nWhen a user deployment fails, user ends up with an instance with has a status of `Error`\\n\\n![image](https://user-images.githubusercontent.com/4810220/144216638-99ea0b7e-90d0-4d30-ab10-8f4b17ca33cd.png)\\n\\nThey will usually then report it to the CloudStack administrators. \\nOften the problem is in the backend/infrastructure.  The administrators fix the issue and say \\u0026#39;try now\\u0026#39;.\\n\\nIt would be a nice touch to be able to \\u0026#39;retry\\u0026#39; the instance deployment, rather than have to start again.\\n\\n##### STEPS TO REPRODUCE\\n\\n\\n\\n~~~\\n\\n~~~\\n\\n\\n\\n##### EXPECTED RESULTS\\n\\n\\n~~~\\n\\n~~~\\n\\n##### ACTUAL RESULTS\\n\\n\\n\\n~~~\\n\\n~~~\\n\",\"state\":\"OPEN\",\"user\":{\"login\":\"PaulAngus\"},\"labels\":[\"component:api\",\"component:UI\",\"type:new-feature\",\"no-issue-activity\"],\"comments\":3,\"created_at\":\"2021-12-01T10:23:38Z\",\"updated_at\":\"2026-05-06T02:16:57Z\"},{\"number\":5756,\"title\":\"feat: Kubernetes multiple worker groups\",\"body\":\"\\n\\n##### ISSUE TYPE\\n\\n * Feature Idea\\n##### COMPONENT NAME\\n\\n~~~\\nKubernetes\\n~~~\\n##### IDEA\\nWould be superb to implement support for multiple worker groups in Kubernetes component ( major clouds GCP,AWS,Azure and Openstack are supporting it ). Thanks\\n\\n\",\"state\":\"OPEN\",\"user\":{\"login\":\"lukasmrtvy\"},\"labels\":[\"type:new-feature\",\"component:kubernetes\",\"no-issue-activity\"],\"comments\":5,\"created_at\":\"2021-12-08T09:03:54Z\",\"updated_at\":\"2026-05-06T02:16:55Z\"},{\"number\":5803,\"title\":\"User from domain can\\u0026#39;t deploy VM in pod dedicated to that domain\",\"body\":\"##### ISSUE TYPE\\n * Bug Report\\n\\n##### CLOUDSTACK VERSION\\n~~~\\n4.16.0\\n~~~\\n\\n##### CONFIGURATION\\nXCP-NG 8.2\\nAdvanced Zone\\n\\n##### OS / ENVIRONMENT\\nOracle Linux 8.4 - Management server, MYSQL 8.0.26\\nXCP-NG 8.2 - hypervisor\\n\\n##### SUMMARY\\nUser from domain1 can\\u0026#39;t deploy VM in dedicated to domain1 pod.\\n\\n##### STEPS TO REPRODUCE\\n~~~\\nCreate domain. Create user in this domain. Dedicate pod to this domain. Create Compute offering with ImplicitDedicationPlanner with strict policy and choose domain1.\\n~~~\\n##### EXPECTED RESULTS\\n~~~\\nAll users from this domain can deploy VMs only in this Pod\\n~~~\\n\\n##### ACTUAL RESULTS\\n~~~\\nUser from this domain can\\u0026#39;t deploy VM in dedicated pod. \\n~~~\\n\",\"state\":\"OPEN\",\"user\":{\"login\":\"edikevich\"},\"labels\":[\"type:enhancement\",\"status:needs-functional-definition\"],\"comments\":50,\"created_at\":\"2021-12-23T08:27:49Z\",\"updated_at\":\"2026-08-12T02:13:53Z\"},{\"number\":6163,\"title\":\"Add Support IPAM object to Allow Load Balancer or Port-forward map to floating IP Address\",\"body\":\"\\n\\n##### ISSUE TYPE\\n\\n * Feature Idea\\n\\n##### COMPONENT NAME\\n\\n~~~\\nUI,API,Guest Network\\n\\n~~~\\n\\n##### CLOUDSTACK VERSION\\n\\n\\n~~~\\nN/A\\n~~~\\n\\n##### CONFIGURATION\\n\\n\\n\\n##### OS / ENVIRONMENT\\n\\n\\n\\n##### SUMMARY\\n\\n\\nWhen a Guest Network was created, the port forward and load balancer features only allow to be configure with pre-existing VM in same Guest Network. Sometime user will deploy self managed virtual ip address to support their application such as keepalived, MetalLB..etc. Today, the user will add a secondary NIC to the one of VM instance and then use the assigned NIC ip address to treat the virtual ip setup. Most of the time, it is unavoidable to use this appoarch when LB pool health check limit to L4 port checking. \\n\\nI\\u0026#39;m wondering if ACS can implement IPAM management abstract under guest network to allow user create IP entities which will able to include into port forwarding or Load balancer member.\\n\\n\\n\\n\\n\\n\\n\\n\\n\\n\\n\\n\\n\\n\\n\\n\\n\\n\\n\\n\\n\\n\\n\\n\\n\\n##### STEPS TO REPRODUCE\\n\\n\\n\\n~~~\\nN/A\\n~~~\\n\\n\\n\\n##### EXPECTED RESULTS\\n\\n\\n~~~\\n\\n~~~\\n\\n##### ACTUAL RESULTS\\n\\n\\n\\n~~~\\nN/A\\n~~~\\n\",\"state\":\"OPEN\",\"user\":{\"login\":\"levindecaro\"},\"labels\":[\"component:networking\",\"type:new-feature\",\"status:needs-functional-definition\",\"status:stale\",\"no-issue-activity\"],\"comments\":5,\"created_at\":\"2022-03-25T08:20:22Z\",\"updated_at\":\"2026-05-19T02:18:08Z\"},{\"number\":6180,\"title\":\"RBD/RADOS volume management should be handled by libvirt\",\"body\":\"##### ISSUE TYPE\\n * Enhancement Request\\n\\n##### COMPONENT NAME\\n~~~\\nCloudStack Agent\\n~~~\\n\\n##### CLOUDSTACK VERSION\\n~~~\\nall\\n~~~\\n\\n##### SUMMARY\\nThe CloudStack Agent uses com.ceph.rados.* for many operations as when implementing the RBD storage pool support not all features were supported by Libvirt.\\n\\nFor example: https://github.com/apache/cloudstack/blob/1a304ccf68a75d835cf5e723b56b57155be6ebda/plugins/hypervisors/kvm/src/main/java/com/cloud/hypervisor/kvm/storage/LibvirtStorageAdaptor.java#L913\\n\\n```\\n                IoCTX io = r.ioCtxCreate(pool.getSourceDir());\\n                Rbd rbd = new Rbd(io);\\n                RbdImage image = rbd.open(uuid);\\n                s_logger.debug(\\u0026#34;Fetching list of snapshots of RBD image \\u0026#34; + pool.getSourceDir() + \\u0026#34;/\\u0026#34; + uuid);\\n                List snaps = image.snapList();\\n                try {\\n                    for (RbdSnapInfo snap : snaps) {\\n                        if (image.snapIsProtected(snap.name)) {\\n                            s_logger.debug(\\u0026#34;Unprotecting snapshot \\u0026#34; + pool.getSourceDir() + \\u0026#34;/\\u0026#34; + uuid + \\u0026#34;@\\u0026#34; + snap.name);\\n                            image.snapUnprotect(snap.name);\\n                        } else {\\n                            s_logger.debug(\\u0026#34;Snapshot \\u0026#34; + pool.getSourceDir() + \\u0026#34;/\\u0026#34; + uuid + \\u0026#34;@\\u0026#34; + snap.name + \\u0026#34; is not protected.\\u0026#34;);\\n                        }\\n                        s_logger.debug(\\u0026#34;Removing snapshot \\u0026#34; + pool.getSourceDir() + \\u0026#34;/\\u0026#34; + uuid + \\u0026#34;@\\u0026#34; + snap.name);\\n                        image.snapRemove(snap.name);\\n                    }\\n                    s_logger.info(\\u0026#34;Successfully unprotected and removed any remaining snapshots (\\u0026#34; + snaps.size() + \\u0026#34;) of \\u0026#34;\\n                        + pool.getSourceDir() + \\u0026#34;/\\u0026#34; + uuid + \\u0026#34; Continuing to remove the RBD image\\u0026#34;);\\n                } catch (RbdException e) {\\n                    s_logger.error(\\u0026#34;Failed to remove snapshot with exception: \\u0026#34; + e.toString() +\\n                        \\u0026#34;, RBD error: \\u0026#34; + ErrorCode.getErrorMessage(e.getReturnValue()));\\n                    throw new CloudRuntimeException(e.toString() + \\u0026#34; - \\u0026#34; + ErrorCode.getErrorMessage(e.getReturnValue()));\\n                } finally {\\n                    s_logger.debug(\\u0026#34;Closing image and destroying context\\u0026#34;);\\n                    rbd.close(image);\\n                    r.ioCtxDestroy(io);\\n                }\\n            } catch (RadosException e) {\\n                s_logger.error(\\u0026#34;Failed to remove snapshot with exception: \\u0026#34; + e.toString() +\\n                    \\u0026#34;, RBD error: \\u0026#34; + ErrorCode.getErrorMessage(e.getReturnValue()));\\n                throw new CloudRuntimeException(e.toString() + \\u0026#34; - \\u0026#34; + ErrorCode.getErrorMessage(e.getReturnValue()));\\n            } catch (RbdException e) {\\n                s_logger.error(\\u0026#34;Failed to remove snapshot with exception: \\u0026#34; + e.toString() +\\n                    \\u0026#34;, RBD error: \\u0026#34; + ErrorCode.getErrorMessage(e.getReturnValue()));\\n                throw new CloudRuntimeException(e.toString() + \\u0026#34; - \\u0026#34; + ErrorCode.getErrorMessage(e.getReturnValue()));\\n            }\\n        }\\n```\\n\\nHere the CloudStack agent purges any RBD snapshots as they need to be removed prior to removing the RBD image.\\n\\nModern libvirt can do this for you (pseudo code):\\n\\n```\\nStorageVol.delete(VIR_STORAGE_VOL_DELETE_WITH_SNAPSHOTS)\\n```\\n\\nThis removes a lot of lines of code from CloudStack and leverages what libvirt can do for us.\\n\\nThis is just one example, but there are other places where the CloudStack agent uses the librados Java bindings directly while those things can be handled by libvirt.\\n\\n\",\"state\":\"OPEN\",\"user\":{\"login\":\"wido\"},\"labels\":[\"component:ceph\",\"component:agent\",\"type:technical-debt\",\"complexity:epic\"],\"comments\":1,\"created_at\":\"2022-03-30T19:56:24Z\",\"updated_at\":\"2026-05-21T10:09:12Z\"},{\"number\":6212,\"title\":\"Export Virtual Router Health Checks to Prometheus\",\"body\":\"\\n\\n##### ISSUE TYPE\\n * Enhancement Request\\n\\n##### COMPONENT NAME\\nAPI, VR\\n\\n##### CLOUDSTACK VERSION\\n\\n\\n~~~\\n4.16.0.0\\n~~~\\nBut after my research, not available in current versions.\\n\\n##### CONFIGURATION\\nN/A\\n\\n\\n##### OS / ENVIRONMENT\\nN/A\\n\\n\\n##### SUMMARY\\nFor monitoring of Virtual Routers, there seems to be no way of having the health check results in Prometheus metrics endpoint.\\n\\nCurrently, we are querying health check results with a pull based method for every Virtual Router, that is really inefficient on a large scale of routers.\\n\\n##### STEPS TO REPRODUCE\\n- Enable Prometheus Metrics\\n- Enable VR Health Checks\\n- Query CloudStack `/metrics` endpoint\\n\\n##### EXPECTED RESULTS\\nHave VR health check metrics exported at the `/metrics` endpoint.\\n\\nI thought of something like this, according to the current output of `getRouterHealthCheckResults`:\\n\\n~~~ini\\n# TYPE cloudstack_virtualrouter_healthcheck_result stateset\\n# HELP cloudstack_virtualrouter_healthcheck_result Virtual Router Health Check result\\ncloudstack_virtualrouter_healthcheck_result{checkname=\\u0026#34;connectivity.test\\u0026#34;,zone=\\u0026#34;zone1\\u0026#34;,virtualrouter=\\u0026#34;i-123456-VM\\u0026#34;,network=\\u0026#34;test-network\\u0026#34;} 1\\n\\n# TYPE cloudstack_virtualrouter_healthcheck_lastcheck gauge\\n# HELP cloudstack_virtualrouter_healthcheck_lastcheck Virtual Router Health Check lastcheck timestamp\\n# UNIT cloudstack_virtualrouter_healthcheck_lastcheck seconds\\ncloudstack_virtualrouter_healthcheck_lastcheck{checkname=\\u0026#34;connectivity.test\\u0026#34;,zone=\\u0026#34;zone1\\u0026#34;,virtualrouter=\\u0026#34;i-123456-VM\\u0026#34;,network=\\u0026#34;test-network\\u0026#34;} 1649228157\\n~~~\\n\\nMaybe this is not 100% accurate to OpenMetrics, but I tried to follow the guidelines. Maybe somebody with more knowledge can have a look.\\n\\nA drawback with this solution would be that we lose information of the check result message, as Prometheus is not designed to handle this.\\n\\n##### ACTUAL RESULTS\\nVirtual Router Health Checks not present on the CloudStack Prometheus metrics endpoint\\n\",\"state\":\"OPEN\",\"user\":{\"login\":\"joschi36\"},\"labels\":[\"type:enhancement\",\"component:prometheus\"],\"comments\":3,\"created_at\":\"2022-04-06T11:17:52Z\",\"updated_at\":\"2026-07-08T08:26:41Z\"},{\"number\":6391,\"title\":\"Py3 component tests fixes\",\"body\":\"\\n\\n##### ISSUE TYPE\\n\\n * Improvement Request\\n\\n##### COMPONENT NAME\\n\\n~~~\\nComponent tests\\n~~~\\n\\n##### CLOUDSTACK VERSION\\n\\n\\n~~~\\n4.16+\\n~~~\\n\\n##### CONFIGURATION\\n\\nNA\\n\\n##### OS / ENVIRONMENT\\n\\nNA\\n\\n##### SUMMARY\\n\\nthe component tests have been ported to python3 but a lot of them are non functional. In #5442 a start was made but this is going to require more work than should be stuffed in a single PR. Below is a list of the component test that need looking at. Some can be assessed and disgarded. Others should be fixed.\\n\\n- [ ] test_add_remove_network.py\\n- [ ] test_affinity_groups_projects.py\\n- [ ] test_affinity_groups.py\\n- [ ] test_base_image_updation.py\\n- [ ] test_blocker_bugs.py\\n- [ ] test_browse_templates.py\\n- [ ] test_browse_volumes.py\\n- [ ] test_bugs.py\\n- [ ] test_configdrive.py\\n- [ ] test_dedicate_guest_vlan_ranges.py\\n- [ ] test_dedicate_public_ip_range.py\\n- [ ] test_dhcp_dns_offload.py\\n- [ ] test_egress_fw_rules.py\\n- [ ] test_escalation_listTemplateDomainAdmin.py\\n- [ ] test_escalations_hosts.py\\n- [ ] test_escalations_ipaddresses.py\\n- [ ] test_escalations_networks.py\\n- [ ] test_escalations_volumes.py\\n- [ ] test_escalations_vpncustomergateways.py\\n- [ ] test_escalation_templates.py\\n- [ ] test_explicit_dedication.py\\n- [ ] test_ha_pool_maintenance.py\\n- [ ] test_high_availability.py\\n- [ ] test_implicit_planner.py\\n- [ ] test_ip_resource_count_for_vpc.py\\n- [ ] test_multiple_public_interfaces.py\\n- [ ] test_organization_states.py\\n- [ ] test_persistent_networks.py\\n- [ ] test_portable_ip.py\\n- [ ] test_ps_resource_limits_volume.py\\n- [ ] test_redundant_router_cleanups.py\\n- [ ] test_redundant_router_deployment_planning.py\\n- [ ] test_redundant_router_network_rules.py\\n- [ ] test_redundant_router.py\\n- [ ] test_reset_ssh_keypair.py\\n- [ ] test_rootvolume_resize.py\\n- [ ] test_shared_networks.py\\n- [ ] test_snapshots.py\\n- [ ] test_ss_limits.py\\n- [ ] test_ss_max_limits.py\\n- [ ] test_ss_project_limits.py\\n- [ ] test_stopped_vm.py\\n- [ ] test_storage_motion.py\\n- [ ] test_tags.py\\n- [ ] test_volumes.py\\n- [ ] test_vpc_host_maintenance.py\\n- [ ] test_vpc_network_internal_lbrules.py\\n- [ ] test_vpc_network_pfrules.py\\n- [ ] test_vpc_network.py\\n- [ ] test_vpc_network_staticnatrule.py\\n- [ ] test_vpc_offerings.py\\n- [ ] test_vpc_routers.py\\n- [ ] test_vpc_vm_life_cycle.py\\n- [ ] test_vpc_vms_deployment.py\\n- [ ] test_vpn_service.py\\n- [ ] test_vpn_users.py\\n- [ ] test_vr_metadata.py\\n- [ ] test_zone_level_local_storage_setting.py\\n\\n##### STEPS TO REPRODUCE\\n\\n\\n\\n~~~\\n\\n~~~\\n\\n\\n\\n##### EXPECTED RESULTS\\n\\n\\n~~~\\n\\n~~~\\n\\n##### ACTUAL RESULTS\\n\\n\\n\\n~~~\\n\\n~~~\\n\",\"state\":\"OPEN\",\"user\":{\"login\":\"DaanHoogland\"},\"labels\":[\"type:improvement\",\"python3\",\"component:integration-test\"],\"comments\":5,\"created_at\":\"2022-05-16T09:02:11Z\",\"updated_at\":\"2026-05-21T14:21:32Z\"},{\"number\":6424,\"title\":\"Refactor: implement the managesnapshot.sh features via Java and remove the script\",\"body\":\"Several snapshot functionalities, in KVM, are implemented via the script `scripts/storage/qcow2/managesnapshot.sh`.  From https://github.com/apache/cloudstack/pull/6422#discussion_r884991838 came the idea to improve these processes by implementing the functionalities via Java, adding documentation, unit tests and logs.\\n\\n##### ISSUE TYPE\\n * Improvement Request\\n\\n##### COMPONENT NAME\\nKVM\",\"state\":\"OPEN\",\"user\":{\"login\":\"GutoVeronezi\"},\"labels\":[\"component:kvm\",\"type:improvement\",\"no-issue-activity\"],\"comments\":6,\"created_at\":\"2022-05-30T20:54:02Z\",\"updated_at\":\"2026-05-23T02:17:33Z\"},{\"number\":6647,\"title\":\"A button \\u0026#34;resume download\\u0026#34; is needed to finish-up template downloading under images/Templates/zones\",\"body\":\"\\n\\n\\n##### ISSUE TYPE\\n\\n * Improvement Request\\n * Enhancement Request\\n\\n##### COMPONENT NAME\\n\\n~~~\\nUI\\n~~~\\n\\n##### CLOUDSTACK VERSION\\n\\n\\n~~~\\n4.17.0.1\\n~~~\\n\\n##### CONFIGURATION\\n\\nAdvanced Networking\\n\\n##### OS / ENVIRONMENT\\n\\nRHEL-7.9\\n\\n##### SUMMARY\\n\\nWhile a template is being uploaded/pushed to a specific zone due to network issues the image/template was not fully downloaded onto that zone. Currently the download percentage is showing as 31%, and even though the management server was bounced yet the download is not getting completed and am looking for a button to resume the download but there is none.\\n\\n##### STEPS TO REPRODUCE\\n\\n\\n\\n~~~\\nstep1: Navigate to images/templates and click \\u0026#34;Register template from URL\\u0026#34;\\nstep2: Fill-up the form to download the template to the desired zone and click OK\\nstep3: While the template is being downloaded - due to network outages or the apache server where qcow2 templates are kept suddenly goes down this will interrupt the template downloading to a specific zone(s).\\nstep4: Once the network outage is resolved, the user should be in a position to \\u0026#34;resume download\\u0026#34; on images/Templates/zones tab which is NOT available at the moment, hence creating this enhancement request\\n~~~\\n\\n\\n\\n##### EXPECTED RESULTS\\n\\n\\n~~~\\nAs soon as the network issue is resolved, the user should be able to resume the template download by clicking \\u0026#34;Resume Download\\u0026#34; button. \\n~~~\\n\\n##### ACTUAL RESULTS\\n\\n\\n\\n~~~\\nthere is no button to resume the template download; \\n~~~\\n\\n![template-download-issues](https://user-images.githubusercontent.com/61292595/184982277-f94f0a9c-d409-443b-b933-7af37d294976.png)\\n\\n\",\"state\":\"OPEN\",\"user\":{\"login\":\"gg4126\"},\"labels\":[\"type:improvement\",\"no-issue-activity\"],\"comments\":13,\"created_at\":\"2022-08-16T14:35:52Z\",\"updated_at\":\"2026-05-23T02:17:30Z\"},{\"number\":6672,\"title\":\"After removing SAML auth, user should be able to login via password directly\",\"body\":\"##### ISSUE TYPE\\n * Bug Report\\n\\n##### COMPONENT NAME\\n~~~\\nAPI via cmk\\n~~~\\n\\n##### CLOUDSTACK VERSION\\n~~~\\n4.17.0.1\\n~~~\\n\\n##### CONFIGURATION\\nN/A\\n\\n\\n##### OS / ENVIRONMENT\\nN/A\\n\\n\\n##### SUMMARY\\n\\n\\n\\n##### STEPS TO REPRODUCE\\n~~~\\nstep1: add user, add password for this user, play with this user.\\nstep2: enable SAML SSO authentication for this user, either by webui or API\\nstep3: When you choose to remove the SAML SSO authentication, via cmk : authorize samlsso enable=false userid=myuser id\\nstep4: Try to login on webui with failure :)\\n~~~\\n\\n\\n\\n##### EXPECTED RESULTS\\nUser should be able to login on cloudstack web UI\\nWhen SSO is disable the field \\u0026#34;source\\u0026#34; on user table is SAML2DISABLED\\nWhen SSO has never been activated (and user is able to login via cloudstack directly) this field must be UNKNOWN.\\n\\n##### ACTUAL RESULTS\\nUser can\\u0026#39;t login on cloudstack web UI\\n\",\"state\":\"OPEN\",\"user\":{\"login\":\"atmaniak\"},\"labels\":[\"type:improvement\"],\"comments\":5,\"created_at\":\"2022-08-24T16:23:19Z\",\"updated_at\":\"2026-04-24T11:42:51Z\"},{\"number\":6703,\"title\":\"Introduce a \\u0026#34;session timeout\\u0026#34; counter in GUI\",\"body\":\"\\n\\n##### ISSUE TYPE\\n\\n\\n * Feature Idea\\n\\n\\n##### COMPONENT NAME\\n\\n~~~\\nUI\\n~~~\\n\\n##### CLOUDSTACK VERSION\\n\\n\\n~~~\\n4.17.0.1\\n~~~\\n\\n##### CONFIGURATION\\n\\nN/A\\n\\n##### OS / ENVIRONMENT\\n\\nN/A\\n\\n##### SUMMARY\\n\\nI would like to have a \\u0026#34;counter\\u0026#34; in the UI showing the time until the current session is closed and the user needs to authenticate again. In addition a button to \\u0026#34;refresh\\u0026#34; the session / restart the session time-out would be quite convenient.\\nFor positioning i would suggest to place this in the top menue right beside the username and button for changeing the language-settings\\n\\n![Screenshot 2022-09-05 183408](https://user-images.githubusercontent.com/79725167/188490112-f261b42c-fa62-4957-add2-8583f245a643.jpg)\\n\\n\\n##### STEPS TO REPRODUCE\\n\\n\\n\\n~~~\\n\\n~~~\\n\\n\\n\\n##### EXPECTED RESULTS\\n\\n\\n~~~\\n\\n~~~\\n\\n##### ACTUAL RESULTS\\n\\n\\n\\n~~~\\n\\n~~~\\n\",\"state\":\"OPEN\",\"user\":{\"login\":\"Hudratronium\"},\"labels\":[\"status:stale\"],\"comments\":9,\"created_at\":\"2022-09-05T16:35:54Z\",\"updated_at\":\"2026-05-26T10:57:21Z\"},{\"number\":6714,\"title\":\"Prometheus exporter - interpret ::1 as 0:0:0:0:0:0:0:1\",\"body\":\"Hi,\\n\\nIf I configure the Prometheus exporter to allow requests from ::1 (ipv6 localhost, short form) it doesn\\u0026#39;t actually honour requests.\\n\\nIn the logs you can see entries such as:\\n```\\n\\nIndeed, once you add 0:0:0:0:0:0:0:1 (ipv6 localhost, medium form) it starts working.\\n\\nIt\\u0026#39;s a minor issue, but nice to get sorted as most people are used to ::1.\",\"state\":\"OPEN\",\"user\":{\"login\":\"NuxRo\"},\"labels\":[\"type:bug\",\"Severity:Trivial\",\"ipv6\",\"component:prometheus\",\"status:stale\"],\"comments\":3,\"created_at\":\"2022-09-07T15:18:25Z\",\"updated_at\":\"2026-06-29T08:38:57Z\"},{\"number\":6715,\"title\":\"ControlNetworkGuru does not take into account custom CIDR when assigning System VM link local IP address\",\"body\":\"##### ISSUE TYPE\\n * Bug Report\\n\\n##### COMPONENT NAME\\n~~~\\nManagement, Network, SystemVM\\n~~~\\n\\n##### CLOUDSTACK VERSION\\n~~~\\n4.16.1\\n~~~\\n\\n##### CONFIGURATION\\nIn database:\\n```\\nMariaDB [cloud]\\u0026gt; select name,value from configuration where name = \\u0026#39;control.cidr\\u0026#39;;\\n+--------------+------------------+\\n| name         | value            |\\n+--------------+------------------+\\n| control.cidr | 169.254.240.0/20 |\\n+--------------+------------------+\\nMariaDB [cloud]\\u0026gt; select name,value from configuration where name = \\u0026#39;control.gateway\\u0026#39;;\\n+-----------------+---------------+\\n| name            | value         |\\n+-----------------+---------------+\\n| control.gateway | 169.254.240.1 |\\n+-----------------+---------------+\\nMariaDB [cloud]\\u0026gt; select count(*) from op_dc_link_local_ip_address_alloc;\\n+----------+\\n| count(*) |\\n+----------+\\n|    65533 |\\n+----------+\\n```\\nOn agent:\\n```\\nroot@hv-04-02-21:~# grep control.cidr /etc/cloudstack/agent/agent.properties\\ncontrol.cidr=169.254.240.0/20\\n```\\n\\n##### SUMMARY\\nWhen having set a `control.cidr` different from the norm (`168.254.0.0/16`) and the database table `op_dc_link_local_ip_address_alloc` is already populated with all the addresses in the default CIDR, then allocating an IP to a System VM does not take into account the requested CIDR, thus allocating an IP address in the wrong range.\\n\\nhttps://github.com/apache/cloudstack/blob/main/engine/schema/src/main/java/com/cloud/dc/dao/DataCenterLinkLocalIpAddressDaoImpl.java#L52 should take this into account. This function is called in https://github.com/apache/cloudstack/blob/main/server/src/main/java/com/cloud/network/guru/ControlNetworkGuru.java#L134\\n\\n##### STEPS TO REPRODUCE\\n- Install new management server\\n- After kickstart, disable the zone to prevent any system vm deploys\\n- In mysql database: `select count(*) from op_dc_link_local_ip_address_alloc;`, it would return `65533`\\n- Connect agents\\n- Configure `control.cidr` on the manager and agents, and `control.gateway` on the manager, ie:\\n```\\ncontrol.cidr=169.254.240.0/20\\ncontrol.gateway=169.254.240.1\\n```\\n- Enable the zone, check the system vm link local address\\n\\n##### EXPECTED RESULTS\\n- The System VMs should receive an IP address in the configured CIDR.\\n- Additional expected: In mysql database: `select count(*) from op_dc_link_local_ip_address_alloc;`, it should return `4093`\\n\\n##### ACTUAL RESULTS\\n- System VMs receive an IP address in the default `169.254.0.0/16` range\\n```\\n2022-09-07 22:45:35,338 DEBUG [o.a.c.e.o.NetworkOrchestrator] (Work-Job-Executor-3:ctx-b1c76634 job-149/job-150 ctx-224681ec) (logid:32608415) Network id=201 is already implemented\\n2022-09-07 22:45:35,524 DEBUG [c.c.n.g.ControlNetworkGuru] (Work-Job-Executor-3:ctx-b1c76634 job-149/job-150 ctx-224681ec) (logid:32608415) Reserved NIC for v-18-VM [ipv4:169.254.167.69 netmask:255.255.240.0 gateway:169.254.240.1]\\n```\\n\",\"state\":\"OPEN\",\"user\":{\"login\":\"Rubueno\"},\"labels\":[\"component:kvm\",\"component:networking\",\"Severity:Minor\",\"status:needs-investigation\",\"status:stale\",\"no-issue-activity\"],\"comments\":2,\"created_at\":\"2022-09-08T08:18:52Z\",\"updated_at\":\"2026-05-23T02:17:23Z\"},{\"number\":6718,\"title\":\"conntrackd filling up var\",\"body\":\"##### ISSUE TYPE\\n * Bug Report\\n\\n##### COMPONENT NAME\\n~~~\\nVR\\n~~~\\n\\n##### CLOUDSTACK VERSION\\n~~~\\nlatest\\n~~~\\n\\n##### CONFIGURATION\\n~~~\\nN/A\\n~~~\\n\\n##### OS / ENVIRONMENT\\n~~~\\nKVM\\n~~~\\n\\n##### SUMMARY\\n~~~\\nWe have large customers with a lot of VR traffic traversing the VRs.  Logrotate cannot keep up and /var fills up to 100%, causing the VR to exhibit problems when attempting to start/restart instances in the VPC and/or traffic stops flowing.  Conntrackd is logging verbosely to daemon.log.\\n~~~\\n\\n##### STEPS TO REPRODUCE\\n~~~\\n\\n1. Construct a VPC with a redundant VR pair with a private gateway or tunnel\\n2. Create a large amount of traffic to/from a VPC over gateway or tunnel\\n\\n~~~\\n\\n##### EXPECTED RESULTS\\n~~~\\n/var should not fill up regardless of traffic load\\n~~~\\n\\n##### ACTUAL RESULTS\\n~~~\\n/var fills up\\n~~~\",\"state\":\"OPEN\",\"user\":{\"login\":\"\"},\"labels\":[\"type:bug\",\"component:virtual-router\",\"component:logging\",\"Severity:Minor\",\"status:needs-investigation\",\"status:stale\",\"no-issue-activity\"],\"comments\":3,\"created_at\":\"2022-09-08T22:58:16Z\",\"updated_at\":\"2026-05-27T02:18:45Z\"},{\"number\":6726,\"title\":\"INSTALL.md is incomplete and/or outdated\",\"body\":\"\\n\\n##### ISSUE TYPE\\n\\n * Documentation Report\\n\\n##### COMPONENT NAME\\n\\n~~~\\nBuild instructions\\n~~~\\n\\n##### CLOUDSTACK VERSION\\n\\n\\n~~~\\n4.16\\n~~~\\n\\n##### CONFIGURATION\\n\\n\\n\\n##### OS / ENVIRONMENT\\n\\n\\nCentOS 7\\n\\n##### SUMMARY\\n\\nI tried to follow the steps in INSTALL.md to build CloudStack on CentOS 7.  The instructions aren\\u0026#39;t working.  They seem to be missing some steps, and I wonder if some of the dependency version numbers are outdated (e.g. Maven 3.6.3).\\n\\n##### STEPS TO REPRODUCE\\n\\n\\n\\n~~~\\n\\n~~~\\n\\n\\n\\n##### EXPECTED RESULTS\\n\\n\\n~~~\\n\\n~~~\\n\\n##### ACTUAL RESULTS\\n\\n\\n\\n~~~\\nI had to add a MySQL repository before yum could install MySQL.  I didn\\u0026#39;t know which version to use, so I picked 7.5 because it\\u0026#39;s used in the quick installation guide.\\n\\n```\\nwget http://repo.mysql.com/mysql-community-release-el7-5.noarch.rpm\\nrpm -ivh mysql-community-release-el7-5.noarch.rpm\\n```\\n\\nIn the `Install tools and dependencies` section, I needed to add bzip2 and python3 to the yum command.\\n\\nThe Maven download URL doesn\\u0026#39;t work.  You could change the domain name from www.us.apache.org to archive.apache.org.  That would work, but you\\u0026#39;d still get an old version.  I found it was much easier to just use sdkman.io to install the latest version.\\n\\nThose changes were enough for the build to succeed.  But I couldn\\u0026#39;t create the DB schema.  I\\u0026#39;m wondering if that part of the process needs an older version of MySQL.\\n~~~\\n\",\"state\":\"OPEN\",\"user\":{\"login\":\"mrog\"},\"labels\":[\"component:documentation\",\"status:stale\",\"no-issue-activity\"],\"comments\":4,\"created_at\":\"2022-09-09T20:07:57Z\",\"updated_at\":\"2026-08-17T02:00:25Z\"},{\"number\":6746,\"title\":\"Fix potential leaking of volume maps\",\"body\":\"\\n\\n##### ISSUE TYPE\\n * Enhancement Request\\n \\n##### COMPONENT NAME\\n~~~\\nStorage\\n~~~\\n\\n##### CLOUDSTACK VERSION\\n~~~\\nAny\\n~~~\\n\\n##### SUMMARY\\nUnmapping volumes from a hypervisor host upon VM stop or migration is done on a best-effort basis. The VM is already stopped, or already migrated, we try to unmap, but if something goes wrong there is really no recourse or retry and a warning is logged.  This leaves a potential of leaking maps to hosts over time.\\n\\nIn code review I\\u0026#39;ve also found edge cases where a VM is moved to \\u0026#34;Stopped\\u0026#34; state without necessarily cleaning up network or volume resources, these can also lead to leaked maps over time. Examples are force removing a hypervisor host with running VMs on it, and possibly any other code that just calls `vm.setState(State.Stopped)`.\\n\\nMy request is that we be more thorough during VM start in ensuring that our target host and *only* our target host has access to the volume.  Or at least call the storage plugin involved to let it decide how to do this. It should be as simple as calling the storage service to \\u0026#34;revoke all\\u0026#34; just before we grant access, or allowing for an exclusive grant in the storage API.\\n\\nFor example, with the PowerFlex/ScaleIO storage client there is an `unmapVolumeFromAllSdcs` that could be called just prior to granting access to volumes during VM start. \\n\\nWe may need to add a `revokeAllAccess()` method to the `PrimaryDataStoreDriver`, or add a flag to the existing `revokeAccess` to indicate that the storage driver should revoke all.  \\n\\nOr alternatively (I think I like this better), the `grantAccess()` call might gain a flag `boolean exclusive` so the storage driver can be instructed to ensure that only one mapping exists - the one requested.  This would be cleaner.\\n\\nCrucially - we need to avoid exclusive access during the live migration workflows. It seems safe to ensure exclusive access during VM start, however.\\n\",\"state\":\"OPEN\",\"user\":{\"login\":\"mlsorensen\"},\"labels\":[\"type:enhancement\",\"component:storage\",\"status:stale\",\"no-issue-activity\"],\"comments\":3,\"created_at\":\"2022-09-16T15:38:14Z\",\"updated_at\":\"2026-05-27T02:18:43Z\"},{\"number\":6819,\"title\":\"Config.java contains a lot of ConfigKeys that are no longer referred to\",\"body\":\"\\n\\n##### ISSUE TYPE\\n\\n * Other\\n\\n##### COMPONENT NAME\\n\\n~~~\\nConfig\\n~~~\\n\\n##### CLOUDSTACK VERSION\\n\\n\\n~~~\\n\\n~~~\\n\\n##### CONFIGURATION\\n\\n\\n\\n##### OS / ENVIRONMENT\\n\\n\\n\\n##### SUMMARY\\n\\n\\n\\n##### STEPS TO REPRODUCE\\n\\n\\n\\n~~~\\n\\n~~~\\n\\n\\n\\n##### EXPECTED RESULTS\\n\\n\\n~~~\\n\\n~~~\\n\\n##### ACTUAL RESULTS\\n\\n\\n\\n~~~\\n\\n~~~\\n\",\"state\":\"OPEN\",\"user\":{\"login\":\"DaanHoogland\"},\"labels\":[\"type:config\",\"type:cleanup\",\"complexity:trivial\",\"status:stale\",\"no-issue-activity\"],\"comments\":8,\"created_at\":\"2022-10-11T08:50:32Z\",\"updated_at\":\"2026-05-27T02:18:42Z\"},{\"number\":6827,\"title\":\"Zero size recurring snapshots piling up after server is shutdown\",\"body\":\"\\n\\nSnapshot taking process should follow the following logic:\\n\\n1. If there are zero snapshots but there is a recurring schedule set, then it should still take the first snapshot for completion sake (regardless of whether Volume is detached or attached to a VM which is running or stopped).\\n2. If there are existing snapshots, and the VM was up after the last snapshot, then take a snapshot (regardless of whether the VM is currently up or down or volume is detached since then)\\n3. If there are existing snapshots, but the VM is currently down, AND the last snapshot was after the VM was shutdown, Skip the snapshot and then ADD EVENT - SKIPPING Snapshot for Volume ROOT-X/DATA-X indicating that it is skipped because VM is not running - this Event will help reduce future confusion when someone starts the server and thinks that bunch of days of snapshots are missing.\\n\\n\\n##### ISSUE TYPE\\n\\n  Bug Report \\n\\n##### COMPONENT NAME\\n\\n~~~\\n\\n~~~\\n\\n##### CLOUDSTACK VERSION\\n\\n\\n~~~\\n4.17\\n~~~\\n\\n##### CONFIGURATION\\n\\nN/A\\n\\n##### OS / ENVIRONMENT\\n\\nN/A\\n\\n##### SUMMARY\\n\\n\\n\\nUser has recurring snapshots on a Volume with KEEP 5 setting. \\nThere are snapshots present already and 5 are seen in UI. \\nUser shuts down the VM and leaves it off for several days. \\nEach day, there is a ZERO size snapshot entry made, but in backend it points to the same last snapshot (checked via SQL).\\nBut on Display there are tens of snapshots present and this counts against the MAX 100 snapshots per account (I know I can increase this to higher number). \\nUsers are confused why so many snapshots. \\n\\nNOTE  - as a technical person, I understand why having the Zero size snapshot entry makes sense - essentially shows that the process ran as expected. However from user perspective, it is confusing especially when the server is down for weeks, and they come back to Max snapshots exceeded errors. \\n\\n##### STEPS TO REPRODUCE\\n\\n\\n\\n~~~\\nUser has recurring snapshots on a Volume with KEEP 5 setting. \\nThere are snapshots present already and 5 are seen in UI. \\nUser shuts down the VM and leaves it off for several days. \\nEach day, there is a ZERO size snapshot entry made, but in backend it points to the same last snapshot (checked via SQL).\\nBut on Display there are tens of snapshots present and this counts against the MAX 100 snapshots per account (I know I can increase this to higher number). \\nUsers are confused why so many snapshots. \\n~~~\\n\\n\\n\\n##### EXPECTED RESULTS\\n\\n\\n~~~\\n\\n1. Zero size snapshots should not show up in the UI, and should not form a dependency in the cloud database\\u0026#39;s snapshot table. \\nOR Perhaps indicate zero size snapshot in the UI so users know without contacting Admins.\\n\\n4. The zero size snapshots should not count against the Max 100 limit. \\n~~~\\n\\n##### ACTUAL RESULTS\\n\\n\\n\\n~~~\\nzero size snapshots count against max snapshots.\\nlarge number of snapshots in UI confuses the users\\n~~~\\n\",\"state\":\"OPEN\",\"user\":{\"login\":\"nxsbi\"},\"labels\":[\"type:enhancement\",\"component:storage\",\"status:stale\",\"no-issue-activity\"],\"comments\":7,\"created_at\":\"2022-10-14T03:23:24Z\",\"updated_at\":\"2026-08-19T07:08:50Z\"},{\"number\":6849,\"title\":\"Load balancer counters are reset to 0 if there are load balancer changes\",\"body\":\"CloudStack uses haproxy in VR to implement the load balancer feature. If there are any load balancer changes (add/remove VMs, add/remove rules, etc), the haproxy configuration will be regenerated and haproxy service in VR will be reloaded.\\n\\nWe\\u0026#39;ve found an issue that counters are reset to 0 after haproxy reload, which is incorrect because the existing connections are remain alive. \\n\\nBefore haproxy reload:\\n![image](https://user-images.githubusercontent.com/57355700/197732623-c1d9bb5e-dc71-41f1-a66d-b9b756319560.png)\\n\\nAfter haproxy reload:\\n![image](https://user-images.githubusercontent.com/57355700/197732986-95fcf89d-afb0-4ff1-aeb0-5a9f1e514010.png)\\n\\nAn issue has been created in haproxy community: https://discourse.haproxy.org/t/stats-are-reset-to-0-after-haproxy-reload/8051\\n\\nUsers who monitor the load balancer connections, please pay attention to it.\\n\\n##### ISSUE TYPE\\n\\n * Bug Report\\n\\n##### COMPONENT NAME\\n\\n~~~\\nVR\\n~~~\\n\\n##### CLOUDSTACK VERSION\\n\\n\\n~~~\\n4.17\\n4.18\\n~~~\\n\\n##### CONFIGURATION\\n\\n\\nAdvanced network\\nload balancer\\n\\n##### OS / ENVIRONMENT\\n\\n\\n\\n##### SUMMARY\\n\\n\\n\\n##### STEPS TO REPRODUCE\\n\\n\\n\\n~~~\\n\\n~~~\\n\\n\\n\\n##### EXPECTED RESULTS\\n\\n\\n~~~\\n\\n~~~\\n\\n##### ACTUAL RESULTS\\n\\n\\n\\n~~~\\n\\n~~~\\n\",\"state\":\"OPEN\",\"user\":{\"login\":\"weizhouapache\"},\"labels\":[\"type:bug\",\"component:virtual-router\",\"status:stale\",\"no-issue-activity\"],\"comments\":4,\"created_at\":\"2022-10-25T09:10:45Z\",\"updated_at\":\"2026-05-27T02:18:39Z\"},{\"number\":6857,\"title\":\"Please add refresh button and add zone button \",\"body\":\"\\n##### ISSUE TYPE\\n\\n * Improvement Request\\n\\n![image](https://user-images.githubusercontent.com/4197714/198498100-5660064f-fd12-4165-b17e-836fd60a1a77.png)\\n\\n![image](https://user-images.githubusercontent.com/4197714/198500504-bb2e7a8b-5cdb-4deb-ab18-d072ad7c40bf.png)\\n\\n##### COMPONENT NAME\\n* Image (Template)\\n\\n\\n\\n\\n\\n\",\"state\":\"OPEN\",\"user\":{\"login\":\"xuanyuanaosheng\"},\"labels\":[\"type:improvement\",\"component:templates\",\"status:needs-functional-definition\",\"status:stale\",\"no-issue-activity\"],\"comments\":6,\"created_at\":\"2022-10-28T04:09:43Z\",\"updated_at\":\"2026-08-19T01:59:37Z\"},{\"number\":6861,\"title\":\"VM Password reset - Unable to set Password Complexity requirement for Special Characters\",\"body\":\"\\n\\n##### ISSUE TYPE\\n\\n * Bug Report\\n\\n##### COMPONENT NAME\\n\\n~~~\\nUI\\n~~~\\n\\n##### CLOUDSTACK VERSION\\n\\n\\n~~~\\n4.17.0\\n~~~\\n\\n##### CONFIGURATION\\n\\n\\nN/A\\n\\n##### OS / ENVIRONMENT\\n\\n\\n\\n##### SUMMARY\\n\\n\\nUnable to Set Password Complexity requirement to include special characters \\n\\n##### STEPS TO REPRODUCE\\n\\n\\nOur organization wants to enforce password requirements upon password resets on the VM. The default password requirement is 6 characters. I have updated that to 14 characters using vm.password.length\\n\\nHowever, there is no provision to enforce inclusion of select special characters (like !@#%^\\u0026amp;*()-) -- exclude the $\\n\\nIs there some way to achieve this? \\n\\n\\n~~~\\n\\n~~~\\n\\n\\n\\n##### EXPECTED RESULTS\\n\\n\\n~~~\\nOur organization wants to enforce password requirements upon password resets on the VM. The default password requirement is 6 characters. I have updated that to 14 characters using vm.password.length\\n\\nHowever, there is no provision to enforce inclusion of select special characters (like !@#%^\\u0026amp;*()-) -- exclude the $\\n\\nIs there some way to achieve this? \\n~~~\\n\\n##### ACTUAL RESULTS\\n\\n\\n\\n~~~\\nPassword reset only includes numbers, upper and lower case\\n\\n~~~\\n\",\"state\":\"OPEN\",\"user\":{\"login\":\"nxsbi\"},\"labels\":[\"type:new-feature\",\"status:stale\",\"no-issue-activity\"],\"comments\":26,\"created_at\":\"2022-11-01T17:57:01Z\",\"updated_at\":\"2026-05-27T02:18:38Z\"},{\"number\":6866,\"title\":\"Error Detaching Volume on GlusterFS Primary Storage\",\"body\":\"\\n\\n##### ISSUE TYPE\\n * Bug Report\\n\\n##### COMPONENT NAME\\n\\n~~~\\nPrimary Storage (GlusterFS)\\n~~~\\n\\n##### CLOUDSTACK VERSION\\n\\n\\n~~~\\n4.17.1.0\\n~~~\\n\\n##### CONFIGURATION\\n\\n\\n\\n##### OS / ENVIRONMENT\\n\\n~~~\\nCentOS Linux 7 (Core)\\nqemu-img version 2.12.0\\nglusterfs 6.1\\n\\n~~~\\n\\n##### SUMMARY\\n\\nCan\\u0026#39;t detach volumes created on GlusterFS primary storage from VM. Tested on two different cloudstack installations. Everything works fine with other primary storage types. The volume can be detached and removed if the VM status is stopped but not when running.\\n\\n##### STEPS TO REPRODUCE\\n\\n\\n\\n~~~\\n\\n- Create GlusterFS Primary Storage with tag\\n- Create Disk Offering that uses just crated GlusterFS Primary Storage\\u0026#39;s tag.\\n- Create Volume using just created Disk Offering\\n- Attach Volume to VM\\n- Detach Volume from VM\\n\\n~~~\\n\\n\\n\\n##### EXPECTED RESULTS\\n\\n\\n~~~\\n\\n- Success detaching Volume\\n\\n~~~\\n\\n##### ACTUAL RESULTS\\n\\n\\n\\n~~~\\n\\n- (test-detach) Failed to detach volume test-detach from VM test-vm-for-gluster ; com.cloud.exception.InternalErrorException: disk: /mnt/b440b605-a876-35f8-be84-2b5696650654/5605035d-e060-42a6-89a1-6f9c949463fc is not attached before\\n\\n~~~\\n\",\"state\":\"OPEN\",\"user\":{\"login\":\"kalik1\"},\"labels\":[\"Severity:Minor\",\"status:needs-investigation\",\"has-3rdparty-components\",\"status:stale\",\"no-issue-activity\"],\"comments\":6,\"created_at\":\"2022-11-02T10:41:20Z\",\"updated_at\":\"2026-08-21T02:02:20Z\"},{\"number\":6867,\"title\":\"World Writable Mounts Need Sticky Bit\",\"body\":\"\\n\\n##### ISSUE TYPE\\n * Bug Report\\n\\n\\n##### COMPONENT NAME\\ncomponent:api\\n\\n##### CLOUDSTACK VERSION\\n~~~\\n4.17\\n4.18\\n~~~\\n\\n##### OS / ENVIRONMENT\\nUbuntu\\nRocky Linux 8\\n\\n\\n##### SUMMARY\\nIn java code, NFS mounts are not consistently set to 1777 to prevent world writable issues.\\n\\nReferences to correct setting\\n```\\n./server/src/main/java/org/apache/cloudstack/storage/NfsMountManagerImpl.java: script.add(\\u0026#34;1777\\u0026#34;, mountPoint);\\n./plugins/hypervisors/vmware/src/main/java/com/cloud/hypervisor/vmware/manager/VmwareManagerImpl.java: script.add(\\u0026#34;1777\\u0026#34;, mountPoint);\\n\\n```\\n\\n\\n#### Change 777 to 1777\\n\\n#### ./services/secondary-storage/server/src/main/java/org/apache/cloudstack/storage/resource/LocalNfsSecondaryStorageResource.java\\n```java\\n    @Override\\n    protected void mount(String localRootPath, String remoteDevice, URI uri, String nfsVersion) {\\n        ensureLocalRootPathExists(localRootPath, uri);\\n\\n        if (mountExists(localRootPath, uri)) {\\n            return;\\n        }\\n\\n        attemptMount(localRootPath, remoteDevice, uri, nfsVersion);\\n\\n        // Change permissions for the mountpoint - seems to bypass authentication\\n        Script script = new Script(true, \\u0026#34;chmod\\u0026#34;, _timeout, s_logger);\\n        script.add(\\u0026#34;777\\u0026#34;, localRootPath);\\n        String result = script.execute();\\n        if (result != null) {\\n            String errMsg = \\u0026#34;Unable to set permissions for \\u0026#34; + localRootPath + \\u0026#34; due to \\u0026#34; + result;\\n            s_logger.error(errMsg);\\n            throw new CloudRuntimeException(errMsg);\\n        }\\n        s_logger.debug(\\u0026#34;Successfully set 777 permission for \\u0026#34; + localRootPath);\\n\\n        // XXX: Adding the check for creation of snapshots dir here. Might have\\n        // to move it somewhere more logical later.\\n        checkForSnapshotsDir(localRootPath);\\n        checkForVolumesDir(localRootPath);\\n    }\\n\\n```\\n#### ./plugins/hypervisors/hyperv/src/main/java/com/cloud/hypervisor/hyperv/manager/HypervManagerImpl.java\\n```java\\nprotected String mount(String path, String parent, String scheme, String query) {\\n        String mountPoint = setupMountPoint(parent);\\n        if (mountPoint == null) {\\n            s_logger.warn(\\u0026#34;Unable to create a mount point\\u0026#34;);\\n            return null;\\n        }\\n\\n        Script script = null;\\n        String result = null;\\n        if (scheme.equals(\\u0026#34;cifs\\u0026#34;)) {\\n            String user = System.getProperty(\\u0026#34;user.name\\u0026#34;);\\n            Script command = new Script(true, \\u0026#34;mount\\u0026#34;, _timeout, s_logger);\\n            command.add(\\u0026#34;-t\\u0026#34;, \\u0026#34;cifs\\u0026#34;);\\n            command.add(path);\\n            command.add(mountPoint);\\n\\n            if (user != null) {\\n                command.add(\\u0026#34;-o\\u0026#34;, \\u0026#34;uid=\\u0026#34; + user + \\u0026#34;,gid=\\u0026#34; + user);\\n            }\\n\\n            if (query != null) {\\n                query = query.replace(\\u0026#39;\\u0026amp;\\u0026#39;, \\u0026#39;,\\u0026#39;);\\n                command.add(\\u0026#34;-o\\u0026#34;, query);\\n            }\\n\\n            result = command.execute();\\n        }\\n\\n        if (result != null) {\\n            s_logger.warn(\\u0026#34;Unable to mount \\u0026#34; + path + \\u0026#34; due to \\u0026#34; + result);\\n            File file = new File(mountPoint);\\n            if (file.exists()) {\\n                file.delete();\\n            }\\n            return null;\\n        }\\n\\n        // Change permissions for the mountpoint\\n        script = new Script(true, \\u0026#34;chmod\\u0026#34;, _timeout, s_logger);\\n        script.add(\\u0026#34;-R\\u0026#34;, \\u0026#34;777\\u0026#34;, mountPoint);\\n        result = script.execute();\\n        if (result != null) {\\n            s_logger.warn(\\u0026#34;Unable to set permissions for \\u0026#34; + mountPoint + \\u0026#34; due to \\u0026#34; + result);\\n        }\\n        return mountPoint;\\n    }\\n\\n```\",\"state\":\"OPEN\",\"user\":{\"login\":\"damonb123\"},\"labels\":[\"Severity:Minor\",\"status:needs-investigation\",\"status:stale\",\"no-issue-activity\"],\"comments\":5,\"created_at\":\"2022-11-02T15:10:49Z\",\"updated_at\":\"2026-08-21T02:02:19Z\"},{\"number\":6880,\"title\":\"Global settings improvements and protect against non-acknowledged changes\",\"body\":\"##### ISSUE TYPE\\n * Improvement Request\\n\\n##### COMPONENT NAME\\n~~~\\nUI\\n~~~\\n\\n##### CLOUDSTACK VERSION\\n~~~\\n4.17.*.*\\n~~~\\n\\n##### SUMMARY\\nThis request is for improvements for the \\u0026#34;Global settings\\u0026#34; screen. \\n1. As any user with correct privileges, Protect against \\u0026#34;reset\\u0026#34; button press without acknowledgement.\\n- On the \\u0026#34;Global settings\\u0026#34; screen there is no guard on the reset button.\\n- Clicking the reset button should prompt user.  \\u0026#34;Are you sure you want to reset \\u0026#34;value\\u0026#34; to \\u0026#34;default value\\u0026#34;.\\n- Selecting the \\u0026#34;Yes or Ok\\u0026#34; button would update the value in the database with the default value. \\n- The \\u0026#34;Cancel\\u0026#34; button will close the prompt without changing any values.\\n\\n2. As \\u0026#34;Admin\\u0026#34;, the UI offers a way to update the default value stored in the database.\\n\\n3. As \\u0026#34;Admin\\u0026#34;, the UI offers an editable regular expression to test against, and enforce formatting for the value and default value.\\n\\n4. As \\u0026#34;Admin\\u0026#34;, the UI offers the ability to edit the description.\\n\\n5. Any changes should be logged with before and after values.\\n\\n6. As \\u0026#34;Admin\\u0026#34;, the UI offers a way to update the \\u0026#34;Category\\u0026#34; field value.\\n\\n\\n\",\"state\":\"OPEN\",\"user\":{\"login\":\"damonb123\"},\"labels\":[\"component:UI\",\"type:new-feature\",\"complexity:simple\",\"good-first-issue\",\"complexity:multple-issues\",\"status:stale\"],\"comments\":1,\"created_at\":\"2022-11-08T20:31:09Z\",\"updated_at\":\"2026-06-29T08:16:26Z\"},{\"number\":6913,\"title\":\"Support for Internal LB In shared networks in advanced zone.\",\"body\":\"##### ISSUE TYPE\\n * Feature \\n\\n##### COMPONENT NAME\\n* Internal LB\\n\\n\\n##### CLOUDSTACK VERSION\\n*  CloudStack 4.17.1.0\\n\\n\\n##### CONFIGURATION\\nThe cloudstack env is **using the Ceph RBD and  local storage as cloudstack cluster primary storage** and using shared networks in advanced zone which is in https://github.com/apache/cloudstack/issues/5462\\n\\n\\nThe cloudstack cluster TEST work node is  eno49 and eno50 to bond0.\\n```\\n - bond0  ---\\u0026gt;  bond0.1935 ---\\u0026gt; cloudbr0\\n \\n\\n\\n                         -------\\u0026gt; VLAN 1115\\n - bond0  ---\\u0026gt; cloudbr1 -\\n                         -------\\u0026gt; VLAN 1118\\n \\n```\\n\\nNow we can create the guest instance in VLAN 1115 and VLAN 1118.  But in this mode I  can not fount how to use the *Internal LB*  service,\\n\\n1.   Cloud you please explan does this situation support the Internal LB? \\n2.   If supported, How to use the *Internal LB*  service?\\n\\n\\n![image](https://user-images.githubusercontent.com/4197714/203024087-3009d312-e804-4bd0-8f2c-42c74a3ef23d.png)\\n\\n\",\"state\":\"OPEN\",\"user\":{\"login\":\"xuanyuanaosheng\"},\"labels\":[\"component:advanced-networking\",\"type:new-feature\",\"status:stale\",\"no-issue-activity\"],\"comments\":1,\"created_at\":\"2022-11-21T10:11:40Z\",\"updated_at\":\"2026-08-21T02:02:18Z\"},{\"number\":6934,\"title\":\"Test button addition in Domains LDAP config\",\"body\":\"##### ISSUE TYPE\\n * Improvement Request\\n * Enhancement Request\\n\\n##### COMPONENT NAME\\n* LDAP Config\\n\\n\\n##### SUMMARY\\nPlease add a button to test the ldaps connection or a list button to list some user button.\\n\\n![image](https://user-images.githubusercontent.com/4197714/205022886-bff7c22e-aad4-45b2-8e39-01994ae43a17.png)\\n\\n\\n\",\"state\":\"OPEN\",\"user\":{\"login\":\"xuanyuanaosheng\"},\"labels\":[\"component:UI\",\"type:new-feature\",\"component:LDAP\",\"status:needs-functional-definition\",\"status:stale\",\"gsoc\",\"gsoc2025\"],\"comments\":2,\"created_at\":\"2022-12-01T10:00:38Z\",\"updated_at\":\"2026-08-22T20:11:17Z\"},{\"number\":6940,\"title\":\"Live Storage migration between ceph on Ubuntu 20, does not work\",\"body\":\"Hello, Team\\nI tring use Live Migration with Volume Migration with Shared Storage (Ceph) on KVM (Ubuntu 20). But it\\u0026#39;s failed with:\\n\\n2022-12-02 09:58:27,651 DEBUG [o.a.c.e.o.VolumeOrchestrator] (Work-Job-Executor-92:ctx-136c4df4 job-442/job-443 ctx-6b9bcc45) (logid:ca6829a0) Failed to migrated vm VM instance {id: \\u0026#34;87\\u0026#34;, name: \\u0026#34;i-2-87-VM\\u0026#34;, uuid: \\u0026#34;0780ecb5-a878-4553-8d94-8538a3fff08c\\u0026#34;, type=\\u0026#34;User\\u0026#34;} along with its volumes. Can\\u0026#39;t find strategy to move data. Source Host: ceph-osd01, Destination Host: ceph-osd02, Volume UUIDs: c252edd8-5119-4d70-b3b6-65bca49beeba\\n\\nI\\u0026#39;m tring migrate Vm from one Ceph Pool to Another Ceph pool. Both in same Zone and Cluster\\nCloudStack 4.17.\\n\\n\",\"state\":\"OPEN\",\"user\":{\"login\":\"happyalexkg\"},\"labels\":[\"component:ceph\",\"type:new-feature\",\"status:stale\"],\"comments\":6,\"created_at\":\"2022-12-02T04:00:27Z\",\"updated_at\":\"2026-10-01T01:56:14Z\"},{\"number\":6966,\"title\":\"remove instanceof checks and use reflection for admin cmd invocations\",\"body\":\"\\n\\n##### ISSUE TYPE\\n * cleanup\\n\\n##### COMPONENT NAME\\n\\n~~~\\nAPI\\n~~~\\n\\n##### CLOUDSTACK VERSION\\n\\n\\n~~~\\n4.17\\n~~~\\n\\n##### CONFIGURATION\\n\\n\\n\\n##### OS / ENVIRONMENT\\n\\n\\n\\n##### SUMMARY\\n\\nthe API classes have instances that are for root admin only, these are checked for using `instanceof` in the service layer. This should be cleaned up in favour for reflection invocations as in #6951. It would be better to do all in one go but the fix in #6951 really needs it and is for a point release, so postponing.\\n\\n##### STEPS TO REPRODUCE\\n\\n\\n\\n~~~\\n\\n~~~\\n\\n\\n\\n##### EXPECTED RESULTS\\n\\n\\n~~~\\n\\n~~~\\n\\n##### ACTUAL RESULTS\\n\\n\\n\\n~~~\\n\\n~~~\\n\",\"state\":\"OPEN\",\"user\":{\"login\":\"DaanHoogland\"},\"labels\":[\"status:needs-work\",\"type:technical-debt\",\"status:stale\",\"no-issue-activity\"],\"comments\":5,\"created_at\":\"2022-12-09T15:04:34Z\",\"updated_at\":\"2026-06-02T02:18:37Z\"},{\"number\":6998,\"title\":\"There is no secondary storage VM for system VM, start ssvm failed.\",\"body\":\"Hello everyone\\ni have a problem with cloudstack, it happens like this after i finished creating zone, pod, host, ... And i checked the log it says 2 vm system problem. I am doing lab on hyper v, I don\\u0026#39;t know how many NICS it needs for vm Management server. Looking forward to your help, thanks very much.\\n![image_2022_12_19T09_46_30_175Z](https://user-images.githubusercontent.com/121023233/208399123-74d3733f-0941-4574-9155-8b40dc782b21.png)\\n![image_2022_12_19T09_47_34_561Z](https://user-images.githubusercontent.com/121023233/208399133-7ea29c7a-1800-4f4b-94f5-09737562bc3b.png)\\n\",\"state\":\"OPEN\",\"user\":{\"login\":\"khoinek\"},\"labels\":[\"component:hyperv\",\"status:stale\",\"no-issue-activity\"],\"comments\":10,\"created_at\":\"2022-12-19T10:02:45Z\",\"updated_at\":\"2026-05-31T02:17:43Z\"},{\"number\":6999,\"title\":\"Security group fields in the listVirtualmachines API call\\u0026#39;s response doesn\\u0026#39;t change\",\"body\":\"\\n\\nIn listVirtualMachines\\u0026#39; response, we have a security group field. After further investigation, we noticed that this field doesn\\u0026#39;t change at all even if I add the ingress rule to the VM.\\n\\n```\\n(local) \\u0026gt; list virtualmachines id=\\u0026#34;152ee2cf-d9fb-4281-b222-1a9b1b73ef57\\u0026#34; filter=id,name,displayname,securitygroup listall=true\\n{\\n  \\u0026#34;count\\u0026#34;: 1,\\n  \\u0026#34;virtualmachine\\u0026#34;: [\\n    {\\n      \\u0026#34;displayname\\u0026#34;: \\u0026#34;Sina-test-security-groups\\u0026#34;,\\n      \\u0026#34;id\\u0026#34;: \\u0026#34;152ee2cf-d9fb-4281-b222-1a9b1b73ef57\\u0026#34;,\\n      \\u0026#34;name\\u0026#34;: \\u0026#34;Sina-test-security-groups\\u0026#34;,\\n      \\u0026#34;securitygroup\\u0026#34;: [\\n        {\\n          \\u0026#34;account\\u0026#34;: \\u0026#34;admin\\u0026#34;,\\n          \\u0026#34;description\\u0026#34;: \\u0026#34;\\u0026#34;,\\n          \\u0026#34;egressrule\\u0026#34;: [],\\n          \\u0026#34;id\\u0026#34;: \\u0026#34;a2a75240-a7f2-42a4-9812-a9954b2d5ab2\\u0026#34;,\\n          \\u0026#34;ingressrule\\u0026#34;: [],\\n          \\u0026#34;name\\u0026#34;: \\u0026#34;Sina-test\\u0026#34;,\\n          \\u0026#34;tags\\u0026#34;: [],\\n          \\u0026#34;virtualmachineids\\u0026#34;: []\\n        }\\n      ]\\n    }\\n  ]\\n}\\n(local) \\u0026gt; list securitygroups virtualmachineid=152ee2cf-d9fb-4281-b222-1a9b1b73ef57\\n{\\n  \\u0026#34;count\\u0026#34;: 1,\\n  \\u0026#34;securitygroup\\u0026#34;: [\\n    {\\n      \\u0026#34;account\\u0026#34;: \\u0026#34;admin\\u0026#34;,\\n      \\u0026#34;description\\u0026#34;: \\u0026#34;\\u0026#34;,\\n      \\u0026#34;domain\\u0026#34;: \\u0026#34;ROOT\\u0026#34;,\\n      \\u0026#34;domainid\\u0026#34;: \\u0026#34;84c14489-6263-11e3-aa07-d89d6717918c\\u0026#34;,\\n      \\u0026#34;egressrule\\u0026#34;: [],\\n      \\u0026#34;id\\u0026#34;: \\u0026#34;a2a75240-a7f2-42a4-9812-a9954b2d5ab2\\u0026#34;,\\n      \\u0026#34;ingressrule\\u0026#34;: [\\n        {\\n          \\u0026#34;cidr\\u0026#34;: \\u0026#34;10.0.0.0/8\\u0026#34;,\\n          \\u0026#34;endport\\u0026#34;: 20,\\n          \\u0026#34;protocol\\u0026#34;: \\u0026#34;tcp\\u0026#34;,\\n          \\u0026#34;ruleid\\u0026#34;: \\u0026#34;506815f8-1586-4353-ac70-8009cff65be8\\u0026#34;,\\n          \\u0026#34;startport\\u0026#34;: 20,\\n          \\u0026#34;tags\\u0026#34;: []\\n        }\\n      ],\\n      \\u0026#34;name\\u0026#34;: \\u0026#34;Sina-test\\u0026#34;,\\n      \\u0026#34;tags\\u0026#34;: [],\\n      \\u0026#34;virtualmachinecount\\u0026#34;: 1,\\n      \\u0026#34;virtualmachineids\\u0026#34;: [\\n        \\u0026#34;152ee2cf-d9fb-4281-b222-1a9b1b73ef57\\u0026#34;\\n      ]\\n    }\\n  ]\\n}\\n```\\n\\n##### ISSUE TYPE\\n\\n * Bug Report\\n\\n##### COMPONENT NAME\\n\\n~~~\\nAPI\\n~~~\\n\\n##### CLOUDSTACK VERSION\\n\\n\\n~~~\\n4.17.2\\n~~~\\n\\n##### CONFIGURATION\\n\\n~~~\\nBasic network with security group\\n~~~\\n\\n\\n##### SUMMARY\\n\\n\\nWhen I was testing a firewall rules, I noticed that adding an ingress rules to a VM\\u0026#39;s security group doesn\\u0026#39;t have any affect on the `listVirtualmachines` api call output. The ingress rule is always empty. As a result our automation tools should call two APIs rather than one to get correct informations. One to get the informations about the VM and another one to get security groups.\\n\\n##### STEPS TO REPRODUCE\\n\\n\\n\\n~~~\\n1. Call list virtual machine api call using cmk and check `securitygroup` field, it is empty.\\n2. Add some ingress rules to the security group.\\n3. Call list virtual machine api call using cmk and check `securitygroup` field again, it is empty. \\n~~~\\n\\n\\n\\n##### EXPECTED RESULTS\\n\\n\\n~~~\\nThe ingress rule added to the `securitygroup` field of the virtual machine API call.\\n~~~\\n\\n##### ACTUAL RESULTS\\n\\n\\n\\n~~~\\nThe ingress rule in `securitygroup` is empty.\\n~~~\\n\",\"state\":\"OPEN\",\"user\":{\"login\":\"soreana\"},\"labels\":[\"type:bug\",\"component:api\",\"Severity:Minor\",\"status:stale\",\"no-issue-activity\"],\"comments\":13,\"created_at\":\"2022-12-19T15:48:38Z\",\"updated_at\":\"2026-05-31T02:17:42Z\"},{\"number\":7041,\"title\":\"fix iso tagging tests\",\"body\":\"\\n\\n##### ISSUE TYPE\\n\\n * Other\\n\\n##### COMPONENT NAME\\n\\n~~~\\nmarvin component tests\\n~~~\\n\\n##### CLOUDSTACK VERSION\\n\\n\\n~~~\\n\\n~~~\\n\\n##### CONFIGURATION\\n\\n\\n\\n##### OS / ENVIRONMENT\\n\\n\\n\\n##### SUMMARY\\n\\ntests 7, 16 and 17 of component/test_tags.py fail if an iso is not uploaded. #7040 resolves that but in a way that the tests are skipped if the upload fails. Uploading is not part of the functionality tested but should not fail either. It might be a timing issue.\\n\\n##### STEPS TO REPRODUCE\\n\\n\\n\\n~~~\\n\\n~~~\\n\\n\\n\\n##### EXPECTED RESULTS\\n\\n\\n~~~\\n\\n~~~\\n\\n##### ACTUAL RESULTS\\n\\n\\n\\n~~~\\n\\n~~~\\n\",\"state\":\"OPEN\",\"user\":{\"login\":\"DaanHoogland\"},\"labels\":[\"status:testing\",\"Severity:Minor\",\"good-first-issue\",\"status:stale\"],\"comments\":1,\"created_at\":\"2023-01-03T12:49:21Z\",\"updated_at\":\"2026-06-29T12:53:14Z\"},{\"number\":7129,\"title\":\"Follow up on the #6809 (Reserve memory for host) to add global settings for upper/lower limit\",\"body\":\"##### ISSUE TYPE\\n\\n * Improvement Request\\n\\n\\n##### SUMMARY\\n\\n\\nIn the #6809 PR, @wido suggested to add a new global settings to bound the value of `host.reserved.mem.mb` global setting. Due to the tight schedule, we planed to add these setting in a new PR with different milestone.\\n\\nSuggested **global** settings are:\\n\\n| Name | Description | Default value |\\n|---------------|------------|--------------|\\n| host.reserved.mem.mb.lower.bound | Sets a lower bound for reserved memory in megabytes. It is not possible to reserve less than this amount for any host. | 0|\\n| host.reserved.mem.mb.upper.bound | Sets a upper bound for reserved memory in megabytes. It is not possible to reserve more than this amount for any host. The default value is 1 Tbytes | 1048576| \\n\",\"state\":\"OPEN\",\"user\":{\"login\":\"soreana\"},\"labels\":[\"type:improvement\",\"status:stale\",\"no-issue-activity\"],\"comments\":1,\"created_at\":\"2023-01-24T08:46:42Z\",\"updated_at\":\"2026-05-31T02:17:39Z\"},{\"number\":7142,\"title\":\"Autodetect IPs used inside the VM\",\"body\":\"With regards to IP info reporting, Cloudstack relies entirely on it\\u0026#39;s DHCP data bases and so on. When this is not available (L2 networks etc) no IP information is shown for a given VM.\\n\\nI propose we introduce a mechanism for \\u0026#34;IP autodetection\\u0026#34; and try to discover the IPs used inside the machines by means of querying the hypervisors. For example with KVM/libvirt we can simply do something like this:\\n\\n```\\nroot@fedora35 ~]# virsh domifaddr win2k22 --source agent\\n Name       MAC address          Protocol     Address\\n-------------------------------------------------------------------------------\\n Ethernet   52:54:00:7b:23:6a    ipv4         192.168.0.68/24\\n Loopback Pseudo-Interface 1                      ipv6         ::1/128\\n -          -                    ipv4         127.0.0.1/8\\n```\\n\\nThe above command queries the qemu-guest-agent inside the Windows VM. The VM needs to have the qemu-guest-agent installed and running as well as the virtio serial drivers (easily done in this case with [virtio-win-guest-tools.exe](https://fedorapeople.org/groups/virt/virtio-win/direct-downloads/archive-virtio/virtio-win-0.1.215-2/virtio-win-guest-tools.exe) ) as well as a guest-agent socket channel defined in libvirt.\\n\\nOnce we have this information we could display it in the UI/API as \\u0026#34;Autodetected VM IPs\\u0026#34; or something like that.\\n\\nI imagine it\\u0026#39;s very similar for VMWare and XCP-ng.\\n\\nThank you\",\"state\":\"OPEN\",\"user\":{\"login\":\"NuxRo\"},\"labels\":[\"type:new-feature\",\"status:stale\",\"gsoc\",\"gsoc2025\"],\"comments\":3,\"created_at\":\"2023-01-30T09:39:30Z\",\"updated_at\":\"2026-01-05T13:51:57Z\"},{\"number\":7155,\"title\":\"tests should only run when applicable for adv-sg zone in such env\",\"body\":\"\\n\\n##### ISSUE TYPE\\n\\n * Documentation Report\\n * testing/CI\\n\\n##### COMPONENT NAME\\n\\n~~~\\nmarvin\\n~~~\\n\\n##### CLOUDSTACK VERSION\\n\\n\\n~~~\\n4.18\\n~~~\\n\\n##### CONFIGURATION\\n\\n~~~\\nadvanced zone with security groups.\\n~~~\\n\\n##### OS / ENVIRONMENT\\n\\n\\n\\n##### SUMMARY\\n\\nwhen an advanced zone with security groups is used to test for regressions, a lot of errors occur.\\nan example\\n```\\nERROR: test suite for \\n----------------------------------------------------------------------\\nTraceback (most recent call last):\\n  File \\u0026#34;/usr/local/lib/python3.6/site-packages/nose/suite.py\\u0026#34;, line 210, in run\\n    self.setUp()\\n  File \\u0026#34;/usr/local/lib/python3.6/site-packages/nose/suite.py\\u0026#34;, line 293, in setUp\\n    self.setupContext(ancestor)\\n  File \\u0026#34;/usr/local/lib/python3.6/site-packages/nose/suite.py\\u0026#34;, line 316, in setupContext\\n    try_run(context, names)\\n  File \\u0026#34;/usr/local/lib/python3.6/site-packages/nose/util.py\\u0026#34;, line 471, in try_run\\n    return func()\\n  File \\u0026#34;/marvin/tests/smoke/test_router_dns.py\\u0026#34;, line 92, in setUpClass\\n    zoneid=cls.zone.id)\\n  File \\u0026#34;/usr/local/lib/python3.6/site-packages/marvin/lib/base.py\\u0026#34;, line 3562, in create\\n    return Network(apiclient.createNetwork(cmd).__dict__)\\n  File \\u0026#34;/usr/local/lib/python3.6/site-packages/marvin/cloudstackAPI/cloudstackAPIClient.py\\u0026#34;, line 2981, in createNetwork\\n    response = self.connection.marvinRequest(command, response_type=response, method=method)\\n  File \\u0026#34;/usr/local/lib/python3.6/site-packages/marvin/cloudstackConnection.py\\u0026#34;, line 381, in marvinRequest\\n    raise e\\n  File \\u0026#34;/usr/local/lib/python3.6/site-packages/marvin/cloudstackConnection.py\\u0026#34;, line 376, in marvinRequest\\n    raise self.__lastError\\n  File \\u0026#34;/usr/local/lib/python3.6/site-packages/marvin/cloudstackConnection.py\\u0026#34;, line 310, in __parseAndGetResponse\\n    response_cls)\\n  File \\u0026#34;/usr/local/lib/python3.6/site-packages/marvin/jsonHelper.py\\u0026#34;, line 155, in getResultObj\\n    raise cloudstackException.CloudstackAPIException(respname, errMsg)\\nmarvin.cloudstackException.CloudstackAPIException: Execute cmd: createnetwork failed, due to: errorCode: 431, errorText:Only shared guest network can be created in security group enabled zone\\n```\\n\\nthis is not necessary as we know beforehand that these tests will fail.\\nTests need to be properly tagged to not run in these environments.\\n\\n##### STEPS TO REPRODUCE\\n\\n\\n\\n~~~\\n\\n~~~\\n\\n\\n\\n##### EXPECTED RESULTS\\n\\n\\n~~~\\ntest will not run\\n~~~\\n\\n##### ACTUAL RESULTS\\n\\n\\n\\n~~~\\ntest runs and fails\\n~~~\\n\",\"state\":\"OPEN\",\"user\":{\"login\":\"DaanHoogland\"},\"labels\":[\"type:enhancement\",\"long-term-plan\"],\"comments\":8,\"created_at\":\"2023-02-01T10:22:04Z\",\"updated_at\":\"2026-09-05T14:22:41Z\"},{\"number\":7168,\"title\":\"After cloudstack canceled volume live migration, VMWare still keeps on migrating this volume =\\u0026gt; Cloustack keeps old/wrong location of volume.\",\"body\":\"\\n\\n##### ISSUE TYPE\\n\\n * Bug Report\\n\\n##### COMPONENT NAME\\n\\n~~~\\nAPI, Volume\\n~~~\\n\\n##### CLOUDSTACK VERSION\\n\\n\\n~~~\\n4.17.1.0\\n~~~\\n\\n##### CONFIGURATION\\n\\nVMWare vSphere\\n\\n##### OS / ENVIRONMENT\\n\\n\\n\\n##### SUMMARY\\n\\nI tried to live-migrate a 4TB-volume via following command in cloudmonkey.\\nBut after the given threshold of 120 minutes (\\u0026#34;global settings\\u0026#34; -\\u0026gt; \\u0026#34;job.cancel.threshold.minutes\\u0026#34;) this jobs has been canceled by cloudstack:\\n\\u0026gt; \\u0026#34;jobresult\\u0026#34;: {\\n\\u0026gt;     \\u0026#34;errorcode\\u0026#34;: 530,\\n\\u0026gt;     \\u0026#34;errortext\\u0026#34;: \\u0026#34;Unable to serialize: Job is cancelled as it has been blocking others for too long\\u0026#34;\\n\\nVMWare had new/correct location of volume, but cloustack keeps old/wrong location of volume.\\n\\n##### STEPS TO REPRODUCE\\n\\n\\n\\n~~~\\n* For simmulating, set \\u0026#34;global setting\\u0026#34; \\u0026#34;job.cancel.threshold.minutes\\u0026#34; timeperode to a very small value, or adjust volume-size\\n* Migrate a volume to another storage, what should be canceled during specified timeperode (Also via GUI possible):\\n              CMK\\u0026gt; migrate volume livemigrate=true storageid=xxxxg volumeid=xxxxxx\\n~~~\\n\\n\\n\\n##### EXPECTED RESULTS\\n\\n~~~\\nThis migration in cloudstack has been \\u0026#34;canceled\\u0026#34; correctly, but migration in VMWare should have also been aborted.\\n~~~\\n\\n##### ACTUAL RESULTS\\n\\n\\n\\n~~~\\nVMWare finished the volume livemigration, but cloudstack does not know this new location.\\nIf that corresponding virutal machine is shut down and startet again. this vm will be \\u0026#34;orchestrated\\u0026#34; with the wrong volume-informations and vm will not boot any longer.\\n~~~\\n\\nCloudstack-Error:\\n\\u0026gt; Unable to orchestrate start VM instance {id: \\u0026#34;xxxx\\u0026#34;, name: \\u0026#34;i-xxx-xxxxx-VM\\u0026#34;, uuid: \\u0026#34;xxxx\\u0026#34;, type=\\u0026#34;User\\u0026#34;} due to [Unable to start instance \\u0026#39;xxxxx\\u0026#39; (xxxx), see management server log for details].\\n\\n\\n\",\"state\":\"OPEN\",\"user\":{\"login\":\"fabeulus\"},\"labels\":[\"type:enhancement\",\"status:needs-investigation\",\"status:stale\",\"no-issue-activity\"],\"comments\":4,\"created_at\":\"2023-02-03T11:02:39Z\",\"updated_at\":\"2026-05-31T02:17:38Z\"},{\"number\":7240,\"title\":\"Please consider add some `Health checks` on `System VMs` like `Virtual routers`\",\"body\":\"##### ISSUE TYPE\\n * Enhancement Request\\n\\n\\n##### COMPONENT NAME\\nSystem VM\\n\\n\\n##### SUMMARY\\nPlease consider add some `Health checks` on `System VMs` like `Virtual routers`.   The `Health checks` on  `Virtual routers` is very useful.\\n  \\n\\n![image](https://user-images.githubusercontent.com/4197714/219304261-26158d56-f2ca-4f6e-9a9e-17433e9fd566.png)\\n\\n![image](https://user-images.githubusercontent.com/4197714/219304344-ecee1068-f79c-491a-91b2-240aa4428683.png)\\n\\n\\n\",\"state\":\"OPEN\",\"user\":{\"login\":\"xuanyuanaosheng\"},\"labels\":[\"type:new-feature\",\"status:stale\",\"long-term-plan\"],\"comments\":1,\"created_at\":\"2023-02-16T08:05:13Z\",\"updated_at\":\"2026-09-05T11:33:17Z\"},{\"number\":7280,\"title\":\"CloudStack should support Selinux\",\"body\":\"##### ISSUE TYPE\\nImprovement Request\\n\\n##### COMPONENT NAME\\nManagement Server and Agent\\n\\n##### CLOUDSTACK VERSION\\nAll versions\\n\\n##### OS / ENVIRONMENT\\nAll\\n\\n##### SUMMARY\\nServer security is key to meeting compliance requirements. Most linux distros have supported Selinux for well over a decade.\\n\\nI\\u0026#39;m putting this in for tracking purposes, as Selinux policy would need to be created to support ACS.\\n\\n\",\"state\":\"OPEN\",\"user\":{\"login\":\"kiwiflyer\"},\"labels\":[\"type:security\",\"status:stale\",\"archive\"],\"comments\":5,\"created_at\":\"2023-02-22T17:57:16Z\",\"updated_at\":\"2026-09-04T01:38:17Z\"},{\"number\":7282,\"title\":\"The remote access VPN can not connected\",\"body\":\"##### ISSUE TYPE\\n\\n * Bug Report\\n\\n\\n##### COMPONENT NAME\\n- VPN\\n\\n##### CLOUDSTACK VERSION\\n- CloudStack 4.17.2.0 \\n\\n##### CONFIGURATION\\nUsing  a VPC-102, The public address is 10.26.20.64\\n\\n![image](https://user-images.githubusercontent.com/4197714/220871224-8ccfe234-66ce-416f-99b0-e375b60b487b.png)\\n\\n![image](https://user-images.githubusercontent.com/4197714/220871270-b5b52ac6-5d63-481b-8a06-fdc46bc6d76e.png)\\n\\n##### OS / ENVIRONMENT\\nOS: oracle linux8\\n\\n\\n##### SUMMARY\\nI use the https://docs.cloudstack.apache.org/en/latest/adminguide/networking/using_remote_access.html#microsoft-windows-8 as a direct.\\n\\n\\n##### STEPS TO REPRODUCE\\n1.  Create remote access VPN\\n2.  connect using the windows 10 (https://docs.cloudstack.apache.org/en/latest/adminguide/networking/using_remote_access.html#microsoft-windows-8)\\n\\n##### EXPECTED RESULTS\\ncan connect the remote access VPN\\n\\n##### ACTUAL RESULTS\\ncan not connect remote access VPN\\n\\nThe windows 10 vpn client error is \\n\\n![image](https://user-images.githubusercontent.com/4197714/220872012-e7f7d8aa-f3f8-48d5-a068-1f0d1fc046d0.png)\\n\\nThe cloudstack manager log error is : \\n```\\n2023-02-23 17:26:26,767 DEBUG [c.c.a.ApiServer] (qtp555273695-23:ctx-50335df0 ctx-c4f50adb) (logid:12aebde2) CIDRs from which account \\u0026#39;Acct[86761a89-6cab-11ed-\\nb904-69f592fc371d-admin] -- Account {\\u0026#34;id\\u0026#34;: 2, \\u0026#34;name\\u0026#34;: \\u0026#34;admin\\u0026#34;, \\u0026#34;uuid\\u0026#34;: \\u0026#34;86761a89-6cab-11ed-b904-69f592fc371d\\u0026#34;}\\u0026#39; is allowed to perform API calls: 0.0.0.0/0,::/0\\n2023-02-23 17:26:26,778 DEBUG [c.c.a.ApiServlet] (qtp555273695-23:ctx-50335df0 ctx-c4f50adb) (logid:12aebde2) ===END===  10.64.94.43 -- GET  jobId=c66ab6d8-74f\\n3-42fa-8255-cb855393ce24\\u0026amp;command=queryAsyncJobResult\\u0026amp;response=json\\n2023-02-23 17:26:26,855 DEBUG [c.c.a.ApiServlet] (qtp555273695-14:ctx-0d37275c) (logid:049edc7e) ===START===  10.64.94.43 -- GET  listall=true\\u0026amp;tab=vpn\\u0026amp;id=7b77a\\n8ca-e989-48e0-a4ff-14b1ecee9d25\\u0026amp;allocatedonly=false\\u0026amp;page=1\\u0026amp;pagesize=20\\u0026amp;command=listPublicIpAddresses\\u0026amp;response=json\\n2023-02-23 17:26:26,860 DEBUG [c.c.a.ApiServer] (qtp555273695-14:ctx-0d37275c ctx-3386c022) (logid:049edc7e) CIDRs from which account \\u0026#39;Acct[86761a89-6cab-11ed-\\nb904-69f592fc371d-admin] -- Account {\\u0026#34;id\\u0026#34;: 2, \\u0026#34;name\\u0026#34;: \\u0026#34;admin\\u0026#34;, \\u0026#34;uuid\\u0026#34;: \\u0026#34;86761a89-6cab-11ed-b904-69f592fc371d\\u0026#34;}\\u0026#39; is allowed to perform API calls: 0.0.0.0/0,::/0\\n2023-02-23 17:26:26,863 DEBUG [c.c.a.ApiServlet] (qtp555273695-17:ctx-5439e3ce) (logid:8e9ca2d8) ===START===  10.64.94.43 -- GET  publicipid=7b77a8ca-e989-48e0\\n-a4ff-14b1ecee9d25\\u0026amp;listAll=true\\u0026amp;command=listRemoteAccessVpns\\u0026amp;response=json\\n2023-02-23 17:26:26,865 WARN  [c.c.a.d.ParamGenericValidationWorker] (qtp555273695-14:ctx-0d37275c ctx-3386c022) (logid:049edc7e) Received unknown parameters for command listPublicIpAddresses. Unknown parameters : tab\\n2023-02-23 17:26:26,868 DEBUG [c.c.a.ApiServer] (qtp555273695-17:ctx-5439e3ce ctx-4a866503) (logid:8e9ca2d8) CIDRs from which account \\u0026#39;Acct[86761a89-6cab-11ed-b904-69f592fc371d-admin] -- Account {\\u0026#34;id\\u0026#34;: 2, \\u0026#34;name\\u0026#34;: \\u0026#34;admin\\u0026#34;, \\u0026#34;uuid\\u0026#34;: \\u0026#34;86761a89-6cab-11ed-b904-69f592fc371d\\u0026#34;}\\u0026#39; is allowed to perform API calls: 0.0.0.0/0,::/0\\n2023-02-23 17:26:26,874 DEBUG [c.c.a.ApiServlet] (qtp555273695-17:ctx-5439e3ce ctx-4a866503) (logid:8e9ca2d8) ===END===  10.64.94.43 -- GET  publicipid=7b77a8ca-e989-48e0-a4ff-14b1ecee9d25\\u0026amp;listAll=true\\u0026amp;command=listRemoteAccessVpns\\u0026amp;response=json\\n2023-02-23 17:26:26,890 DEBUG [c.c.a.ApiServlet] (qtp555273695-14:ctx-0d37275c ctx-3386c022) (logid:049edc7e) ===END===  10.64.94.43 -- GET  listall=true\\u0026amp;tab=vpn\\u0026amp;id=7b77a8ca-e989-48e0-a4ff-14b1ecee9d25\\u0026amp;allocatedonly=false\\u0026amp;page=1\\u0026amp;pagesize=20\\u0026amp;command=listPublicIpAddresses\\u0026amp;response=json\\n2023-02-23 17:26:26,894 DEBUG [c.c.a.ApiServlet] (qtp555273695-22:ctx-92a83a62) (logid:a5dc90f0) ===START===  10.64.94.43 -- GET  listall=true\\u0026amp;tab=vpn\\u0026amp;id=7b77a8ca-e989-48e0-a4ff-14b1ecee9d25\\u0026amp;allocatedonly=false\\u0026amp;page=1\\u0026amp;pagesize=20\\u0026amp;command=listPublicIpAddresses\\u0026amp;response=json\\n2023-02-23 17:26:26,898 DEBUG [c.c.a.ApiServer] (qtp555273695-22:ctx-92a83a62 ctx-f0f118dd) (logid:a5dc90f0) CIDRs from which account \\u0026#39;Acct[86761a89-6cab-11ed-b904-69f592fc371d-admin] -- Account {\\u0026#34;id\\u0026#34;: 2, \\u0026#34;name\\u0026#34;: \\u0026#34;admin\\u0026#34;, \\u0026#34;uuid\\u0026#34;: \\u0026#34;86761a89-6cab-11ed-b904-69f592fc371d\\u0026#34;}\\u0026#39; is allowed to perform API calls: 0.0.0.0/0,::/0\\n2023-02-23 17:26:26,901 WARN  [c.c.a.d.ParamGenericValidationWorker] (qtp555273695-22:ctx-92a83a62 ctx-f0f118dd) (logid:a5dc90f0) Received unknown parameters for command listPublicIpAddresses. Unknown parameters : tab\\n2023-02-23 17:26:26,918 DEBUG [c.c.a.ApiServlet] (qtp555273695-22:ctx-92a83a62 ctx-f0f118dd) (logid:a5dc90f0) ===END===  10.64.94.43 -- GET  listall=true\\u0026amp;tab=vpn\\u0026amp;id=7b77a8ca-e989-48e0-a4ff-14b1ecee9d25\\u0026amp;allocatedonly=false\\u0026amp;page=1\\u0026amp;pagesize=20\\u0026amp;command=listPublicIpAddresses\\u0026amp;response=json\\n2023-02-23 17:26:26,933 DEBUG [c.c.a.ApiServlet] (qtp555273695-23:ctx-a6b97ac8) (logid:9169a691) ===START===  10.64.94.43 -- GET  listall=true\\u0026amp;tab=vpn\\u0026amp;id=7b77a8ca-e989-48e0-a4ff-14b1ecee9d25\\u0026amp;allocatedonly=false\\u0026amp;page=1\\u0026amp;pagesize=20\\u0026amp;command=listPublicIpAddresses\\u0026amp;response=json\\n2023-02-23 17:26:26,938 DEBUG [c.c.a.ApiServer] (qtp555273695-23:ctx-a6b97ac8 ctx-63aa5551) (logid:9169a691) CIDRs from which account \\u0026#39;Acct[86761a89-6cab-11ed-b904-69f592fc371d-admin] -- Account {\\u0026#34;id\\u0026#34;: 2, \\u0026#34;name\\u0026#34;: \\u0026#34;admin\\u0026#34;, \\u0026#34;uuid\\u0026#34;: \\u0026#34;86761a89-6cab-11ed-b904-69f592fc371d\\u0026#34;}\\u0026#39; is allowed to perform API calls: 0.0.0.0/0,::/0\\n2023-02-23 17:26:26,942 WARN  [c.c.a.d.ParamGenericValidationWorker] (qtp555273695-23:ctx-a6b97ac8 ctx-63aa5551) (logid:9169a691) Received unknown parameters for command listPublicIpAddresses. Unknown parameters : tab\\n2023-02-23 17:26:26,961 DEBUG [c.c.a.ApiServlet] (qtp555273695-23:ctx-a6b97ac8 ctx-63aa5551) (logid:9169a691) ===END===  10.64.94.43 -- GET  listall=true\\u0026amp;tab=vpn\\u0026amp;id=7b77a8ca-e989-48e0-a4ff-14b1ecee9d25\\u0026amp;allocatedonly=false\\u0026amp;page=1\\u0026amp;pagesize=20\\u0026amp;command=listPublicIpAddresses\\u0026amp;response=json\\n\\n```\\n\\n[management-server.log](https://github.com/apache/cloudstack/files/10812245/management-server.log)\\n\\n Please take a look, Thanks\\n\",\"state\":\"OPEN\",\"user\":{\"login\":\"xuanyuanaosheng\"},\"labels\":[\"Severity:Trivial\",\"status:stale\",\"archive\"],\"comments\":8,\"created_at\":\"2023-02-23T09:48:32Z\",\"updated_at\":\"2026-09-04T01:38:16Z\"}],\"totalCount\":660,\"pageInfo\":{\"hasNextPage\":true,\"hasPreviousPage\":false,\"startCursor\":\"Y3Vyc29yOnYyOpK0MjAxOC0wOS0yN1QxNTo0ODozMlrOFbp0NA==\",\"endCursor\":\"Y3Vyc29yOnYyOpK0MjAyMy0wMi0yM1QwOTo0ODozMlrOXykr9g==\"}}","type":"text"}]}} +798µs
guard:wasm tryCallWasmFunction: guard=github, func=<unknown>, inputSize=93472, outputSize=4194304 +612µs
guard:wasm Using guard allocator path: guard=github +242µs
guard:wasm [guard:github] DEBUG: >>> alloc(93472) +258µs
guard:wasm [guard:github] DEBUG: <<< alloc returning ptr=1107776 +245µs
guard:wasm wasmAlloc: guard=github, size=93472, ptr=1107776 +259µs
guard:wasm [guard:github] DEBUG: >>> alloc(4194304) +252µs
guard:wasm [guard:github] DEBUG: <<< alloc returning ptr=5302576 +236µs
guard:wasm wasmAlloc: guard=github, size=4194304, ptr=5302576 +238µs
guard:wasm [guard:github] INFO: >>> label_response called +337µs
guard:wasm [guard:github] INFO:     input_len=93472, output_size=4194304 +238µs
guard:wasm [guard:github] INFO:     input_preview={"capabilities":{},"tool_args":{"direction":"ASC","orderBy":"CREATED_AT","owner":"apache","perPage":50,"repo":"cloudstack","state":"OPEN"},"tool_name":"list_issues","tool_result":{"content":[{"text":"{\"issues\":[{\"number\":2865,\"title\":\"DNS records for additional local IP addresses\",\"body\":\"##### ISSUE TYPE\\n * Feature Idea\\n\\n##### COMPONENT NAME\\n* DNS\\n\\n##### CLOUDSTACK VERSION\\n/\\n\\n##### CONFIGURATION\\n* for customer isolated network\\n\\n##### OS / ENVIRONMENT\\n/\\n\\n +231µs
guard:wasm [guard:github] INFO:     tool_name=list_issues +1ms
guard:wasm [guard:github] DEBUG: extract_mcp_response: top-level keys=["content"] +243µs
guard:wasm [guard:github] DEBUG: extract_mcp_response: found content array with 1 items +245µs
guard:wasm [guard:github] DEBUG: extract_mcp_response: found text field, len=88262 +245µs
guard:wasm [guard:github] DEBUG: extract_mcp_response: parsed content[0].text as JSON +1ms
guard:wasm [guard:github] DEBUG: Checking repo visibility for apache/cloudstack +267µs
guard:wasm [guard:github] INFO: >>> call_backend: tool=search_repositories +336µs
guard:wasm [guard:github] DEBUG:     args={"perPage":10,"query":"repo:apache/cloudstack"} +292µs
guard:wasm WASM guard calling backend: tool=search_repositories +245µs
server:unified [DIFC] Guard calling backend github tool search_repositories for metadata +1.4s
server:unified executeBackendToolCall: serverID=github, toolName=search_repositories +235µs
launcher:launcher Checking session pool: serverID=github, sessionID=82ETMfnFu36zOUTFvF5DvaYhGvCyRqzWHl94ozcKa3T25DueoUaz61vzUl +1.4s
launcher:pool Reusing connection: backend=github, session=82ETMfnFu36zOUTFvF5DvaYhGvCyRqzWHl94ozcKa3T25DueoUaz61vzUl, requests=83 +1.4s
mcp:connection Dispatching SDK method: tools/call, serverID=github +1.4s
mcp:connection callTool: parsed name=search_repositories, argumentCount=2 +267µs
guard:wasm Backend call failed: calling "tools/call": unknown tool "search_repositories" +4ms
guard:wasm [guard:github] ERROR: <<< call_backend FAILED with code -1 +366µs
guard:wasm [guard:github] WARN: Backend call search_repositories failed with code -1 +604µs
guard:wasm [guard:github] DEBUG: Checking repo visibility for apache/cloudstack +508µs
guard:wasm [guard:github] INFO: >>> call_backend: tool=search_repositories +270µs
guard:wasm [guard:github] DEBUG:     args={"perPage":10,"query":"repo:apache/cloudstack"} +263µs
guard:wasm WASM guard calling backend: tool=search_repositories +261µs
server:unified [DIFC] Guard calling backend github tool search_repositories for metadata +6ms
server:unified executeBackendToolCall: serverID=github, toolName=search_repositories +277µs
launcher:launcher Checking session pool: serverID=github, sessionID=82ETMfnFu36zOUTFvF5DvaYhGvCyRqzWHl94ozcKa3T25DueoUaz61vzUl +7ms
launcher:pool Reusing connection: backend=github, session=82ETMfnFu36zOUTFvF5DvaYhGvCyRqzWHl94ozcKa3T25DueoUaz61vzUl, requests=84 +7ms
mcp:connection Dispatching SDK method: tools/call, serverID=github +6ms
mcp:connection callTool: parsed name=search_repositories, argumentCount=2 +250µs
guard:wasm Backend call failed: calling "tools/call": unknown tool "search_repositories" +4ms
guard:wasm [guard:github] ERROR: <<< call_backend FAILED with code -1 +297µs
guard:wasm [guard:github] WARN: Backend call search_repositories failed with code -1 +520µs
guard:wasm [guard:github] DEBUG: Checking repo visibility for apache/cloudstack +494µs
guard:wasm [guard:github] INFO: >>> call_backend: tool=search_repositories +271µs
guard:wasm [guard:github] DEBUG:     args={"perPage":10,"query":"repo:apache/cloudstack"} +243µs
guard:wasm WASM guard calling backend: tool=search_repositories +255µs
server:unified [DIFC] Guard calling backend github tool search_repositories for metadata +6ms
server:unified executeBackendToolCall: serverID=github, toolName=search_repositories +266µs
launcher:launcher Checking session pool: serverID=github, sessionID=82ETMfnFu36zOUTFvF5DvaYhGvCyRqzWHl94ozcKa3T25DueoUaz61vzUl +6ms
launcher:pool Reusing connection: backend=github, session=82ETMfnFu36zOUTFvF5DvaYhGvCyRqzWHl94ozcKa3T25DueoUaz61vzUl, requests=85 +7ms
mcp:connection Dispatching SDK method: tools/call, serverID=github +6ms
mcp:connection callTool: parsed name=search_repositories, argumentCount=2 +262µs
guard:wasm Backend call failed: calling "tools/call": unknown tool "search_repositories" +4ms
guard:wasm [guard:github] ERROR: <<< call_backend FAILED with code -1 +232µs
guard:wasm [guard:github] WARN: Backend call search_repositories failed with code -1 +454µs
guard:wasm [guard:github] INFO: >>> call_backend: tool=issue_read +448µs
guard:wasm [guard:github] DEBUG:     args={"issue_number":"2865","method":"get","owner":"apache","repo":"cloudstack"} +219µs
guard:wasm WASM guard calling backend: tool=issue_read +233µs
server:unified [DIFC] Guard calling backend github tool issue_read for metadata +7ms
server:unified executeBackendToolCall: serverID=github, toolName=issue_read +296µs
launcher:launcher Checking session pool: serverID=github, sessionID=82ETMfnFu36zOUTFvF5DvaYhGvCyRqzWHl94ozcKa3T25DueoUaz61vzUl +7ms
launcher:pool Reusing connection: backend=github, session=82ETMfnFu36zOUTFvF5DvaYhGvCyRqzWHl94ozcKa3T25DueoUaz61vzUl, requests=86 +7ms
mcp:connection Dispatching SDK method: tools/call, serverID=github +7ms
mcp:connection callTool: parsed name=issue_read, argumentCount=4 +228µs
guard:wasm [guard:github] INFO: <<< call_backend returned 1736 bytes +232ms
guard:wasm [guard:github] DEBUG: extract_mcp_response: top-level keys=["content"] +311µs
guard:wasm [guard:github] DEBUG: extract_mcp_response: found content array with 1 items +269µs
guard:wasm [guard:github] DEBUG: extract_mcp_response: found text field, len=1583 +239µs
guard:wasm [guard:github] DEBUG: extract_mcp_response: parsed content[0].text as JSON +306µs
guard:wasm [guard:github] DEBUG: [integrity] issue:apache/cloudstack#2865 enriched author_association='NONE' +279µs
guard:wasm [guard:github] DEBUG: [integrity] issue:apache/cloudstack#2865: author_association floor below writer (rank=2), checking collaborator permission for IngoJochim +286µs
guard:wasm [guard:github] DEBUG: get_collaborator_permission: cache hit for apache/cloudstack user IngoJochim → permission=Some("read") +280µs
guard:wasm [guard:github] DEBUG: [integrity] issue:apache/cloudstack#2865: collaborator permission=Some("read") → merged rank=2 +272µs
guard:wasm [guard:github] DEBUG: Checking repo visibility for apache/cloudstack +268µs
guard:wasm [guard:github] INFO: >>> call_backend: tool=search_repositories +278µs
guard:wasm [guard:github] DEBUG:     args={"perPage":10,"query":"repo:apache/cloudstack"} +229µs
guard:wasm WASM guard calling backend: tool=search_repositories +338µs
server:unified [DIFC] Guard calling backend github tool search_repositories for metadata +234ms
server:unified executeBackendToolCall: serverID=github, toolName=search_repositories +249µs
launcher:launcher Checking session pool: serverID=github, sessionID=82ETMfnFu36zOUTFvF5DvaYhGvCyRqzWHl94ozcKa3T25DueoUaz61vzUl +234ms
launcher:pool Reusing connection: backend=github, session=82ETMfnFu36zOUTFvF5DvaYhGvCyRqzWHl94ozcKa3T25DueoUaz61vzUl, requests=87 +235ms
mcp:connection Dispatching SDK method: tools/call, serverID=github +234ms
mcp:connection callTool: parsed name=search_repositories, argumentCount=2 +269µs
guard:wasm Backend call failed: calling "tools/call": unknown tool "search_repositories" +5ms
guard:wasm [guard:github] ERROR: <<< call_backend FAILED with code -1 +285µs
guard:wasm [guard:github] WARN: Backend call search_repositories failed with code -1 +472µs
guard:wasm [guard:github] INFO: >>> call_backend: tool=issue_read +526µs
guard:wasm [guard:github] DEBUG:     args={"issue_number":"3253","method":"get","owner":"apache","repo":"cloudstack"} +305µs
guard:wasm WASM guard calling backend: tool=issue_read +297µs
server:unified [DIFC] Guard calling backend github tool issue_read for metadata +7ms
server:unified executeBackendToolCall: serverID=github, toolName=issue_read +274µs
launcher:launcher Checking session pool: serverID=github, sessionID=82ETMfnFu36zOUTFvF5DvaYhGvCyRqzWHl94ozcKa3T25DueoUaz61vzUl +7ms
launcher:pool Reusing connection: backend=github, session=82ETMfnFu36zOUTFvF5DvaYhGvCyRqzWHl94ozcKa3T25DueoUaz61vzUl, requests=88 +7ms
mcp:connection Dispatching SDK method: tools/call, serverID=github +6ms
mcp:connection callTool: parsed name=issue_read, argumentCount=4 +236µs
guard:wasm [guard:github] INFO: <<< call_backend returned 1670 bytes +203ms
guard:wasm [guard:github] DEBUG: extract_mcp_response: top-level keys=["content"] +293µs
guard:wasm [guard:github] DEBUG: extract_mcp_response: found content array with 1 items +234µs
guard:wasm [guard:github] DEBUG: extract_mcp_response: found text field, len=1512 +263µs
guard:wasm [guard:github] DEBUG: extract_mcp_response: parsed content[0].text as JSON +336µs
guard:wasm [guard:github] DEBUG: [integrity] issue:apache/cloudstack#3253 enriched author_association='NONE' +265µs
guard:wasm [guard:github] DEBUG: [integrity] issue:apache/cloudstack#3253: author_association floor below writer (rank=2), checking collaborator permission for DagSonsteboSB +280µs
guard:wasm [guard:github] DEBUG: get_collaborator_permission: cache hit for apache/cloudstack user DagSonsteboSB → permission=Some("read") +316µs
guard:wasm [guard:github] DEBUG: [integrity] issue:apache/cloudstack#3253: collaborator permission=Some("read") → merged rank=2 +297µs
guard:wasm [guard:github] DEBUG: Checking repo visibility for apache/cloudstack +268µs
guard:wasm [guard:github] INFO: >>> call_backend: tool=search_repositories +273µs
guard:wasm [guard:github] DEBUG:     args={"perPage":10,"query":"repo:apache/cloudstack"} +290µs
guard:wasm WASM guard calling backend: tool=search_repositories +239µs
server:unified [DIFC] Guard calling backend github tool search_repositories for metadata +206ms
server:unified executeBackendToolCall: serverID=github, toolName=search_repositories +242µs
launcher:launcher Checking session pool: serverID=github, sessionID=82ETMfnFu36zOUTFvF5DvaYhGvCyRqzWHl94ozcKa3T25DueoUaz61vzUl +206ms
launcher:pool Reusing connection: backend=github, session=82ETMfnFu36zOUTFvF5DvaYhGvCyRqzWHl94ozcKa3T25DueoUaz61vzUl, requests=89 +207ms
mcp:connection Dispatching SDK method: tools/call, serverID=github +206ms
mcp:connection callTool: parsed name=search_repositories, argumentCount=2 +277µs
guard:wasm Backend call failed: calling "tools/call": unknown tool "search_repositories" +5ms
guard:wasm [guard:github] ERROR: <<< call_backend FAILED with code -1 +250µs
guard:wasm [guard:github] WARN: Backend call search_repositories failed with code -1 +425µs
guard:wasm [guard:github] INFO: >>> call_backend: tool=issue_read +517µs
guard:wasm [guard:github] DEBUG:     args={"issue_number":"3360","method":"get","owner":"apache","repo":"cloudstack"} +299µs
guard:wasm WASM guard calling backend: tool=issue_read +293µs
server:unified [DIFC] Guard calling backend github tool issue_read for metadata +7ms
server:unified executeBackendToolCall: serverID=github, toolName=issue_read +267µs
launcher:launcher Checking session pool: serverID=github, sessionID=82ETMfnFu36zOUTFvF5DvaYhGvCyRqzWHl94ozcKa3T25DueoUaz61vzUl +7ms
launcher:pool Reusing connection: backend=github, session=82ETMfnFu36zOUTFvF5DvaYhGvCyRqzWHl94ozcKa3T25DueoUaz61vzUl, requests=90 +7ms
mcp:connection Dispatching SDK method: tools/call, serverID=github +7ms
mcp:connection callTool: parsed name=issue_read, argumentCount=4 +331µs
guard:wasm [guard:github] INFO: <<< call_backend returned 3666 bytes +247ms
guard:wasm [guard:github] DEBUG: extract_mcp_response: top-level keys=["content"] +333µs
guard:wasm [guard:github] DEBUG: extract_mcp_response: found content array with 1 items +262µs
guard:wasm [guard:github] DEBUG: extract_mcp_response: found text field, len=3440 +226µs
guard:wasm [guard:github] DEBUG: extract_mcp_response: parsed content[0].text as JSON +326µs
guard:wasm [guard:github] DEBUG: [integrity] issue:apache/cloudstack#3360 enriched author_association='CONTRIBUTOR' +264µs
guard:wasm [guard:github] DEBUG: [integrity] issue:apache/cloudstack#3360: author_association floor below writer (rank=2), checking collaborator permission for DaanHoogland +287µs
guard:wasm [guard:github] DEBUG: get_collaborator_permission: cache hit for apache/cloudstack user DaanHoogland → permission=Some("write") +238µs
guard:wasm [guard:github] DEBUG: [integrity] issue:apache/cloudstack#3360: collaborator permission=Some("write") → merged rank=3 +299µs
guard:wasm [guard:github] DEBUG: Checking repo visibility for apache/cloudstack +264µs
guard:wasm [guard:github] INFO: >>> call_backend: tool=search_repositories +274µs
guard:wasm [guard:github] DEBUG:     args={"perPage":10,"query":"repo:apache/cloudstack"} +278µs
guard:wasm WASM guard calling backend: tool=search_repositories +324µs
server:unified [DIFC] Guard calling backend github tool search_repositories for metadata +250ms
server:unified executeBackendToolCall: serverID=github, toolName=search_repositories +225µs
launcher:launcher Checking session pool: serverID=github, sessionID=82ETMfnFu36zOUTFvF5DvaYhGvCyRqzWHl94ozcKa3T25DueoUaz61vzUl +250ms
launcher:pool Reusing connection: backend=github, session=82ETMfnFu36zOUTFvF5DvaYhGvCyRqzWHl94ozcKa3T25DueoUaz61vzUl, requests=91 +250ms
mcp:connection Dispatching SDK method: tools/call, serverID=github +250ms
mcp:connection callTool: parsed name=search_repositories, argumentCount=2 +308µs
guard:wasm Backend call failed: calling "tools/call": unknown tool "search_repositories" +5ms
guard:wasm [guard:github] ERROR: <<< call_backend FAILED with code -1 +249µs
guard:wasm [guard:github] WARN: Backend call search_repositories failed with code -1 +540µs
guard:wasm [guard:github] INFO: >>> call_backend: tool=issue_read +457µs
guard:wasm [guard:github] DEBUG:     args={"issue_number":"3679","method":"get","owner":"apache","repo":"cloudstack"} +245µs
guard:wasm WASM guard calling backend: tool=issue_read +326µs
server:unified [DIFC] Guard calling backend github tool issue_read for metadata +6ms
server:unified executeBackendToolCall: serverID=github, toolName=issue_read +232µs
launcher:launcher Checking session pool: serverID=github, sessionID=82ETMfnFu36zOUTFvF5DvaYhGvCyRqzWHl94ozcKa3T25DueoUaz61vzUl +6ms
launcher:pool Reusing connection: backend=github, session=82ETMfnFu36zOUTFvF5DvaYhGvCyRqzWHl94ozcKa3T25DueoUaz61vzUl, requests=92 +6ms
mcp:connection Dispatching SDK method: tools/call, serverID=github +6ms
mcp:connection callTool: parsed name=issue_read, argumentCount=4 +243µs
guard:wasm [guard:github] INFO: <<< call_backend returned 1618 bytes +250ms
guard:wasm [guard:github] DEBUG: extract_mcp_response: top-level keys=["content"] +304µs
guard:wasm [guard:github] DEBUG: extract_mcp_response: found content array with 1 items +266µs
guard:wasm [guard:github] DEBUG: extract_mcp_response: found text field, len=1434 +346µs
guard:wasm [guard:github] DEBUG: extract_mcp_response: parsed content[0].text as JSON +284µs
guard:wasm [guard:github] DEBUG: [integrity] issue:apache/cloudstack#3679 enriched author_association='CONTRIBUTOR' +316µs
guard:wasm [guard:github] DEBUG: [integrity] issue:apache/cloudstack#3679: author_association floor below writer (rank=2), checking collaborator permission for DaanHoogland +288µs
guard:wasm [guard:github] DEBUG: get_collaborator_permission: cache hit for apache/cloudstack user DaanHoogland → permission=Some("write") +262µs
guard:wasm [guard:github] DEBUG: [integrity] issue:apache/cloudstack#3679: collaborator permission=Some("write") → merged rank=3 +290µs
guard:wasm [guard:github] DEBUG: Checking repo visibility for apache/cloudstack +274µs
guard:wasm [guard:github] INFO: >>> call_backend: tool=search_repositories +256µs
guard:wasm [guard:github] DEBUG:     args={"perPage":10,"query":"repo:apache/cloudstack"} +240µs
guard:wasm WASM guard calling backend: tool=search_repositories +235µs
server:unified [DIFC] Guard calling backend github tool search_repositories for metadata +253ms
server:unified executeBackendToolCall: serverID=github, toolName=search_repositories +290µs
launcher:launcher Checking session pool: serverID=github, sessionID=82ETMfnFu36zOUTFvF5DvaYhGvCyRqzWHl94ozcKa3T25DueoUaz61vzUl +253ms
launcher:pool Reusing connection: backend=github, session=82ETMfnFu36zOUTFvF5DvaYhGvCyRqzWHl94ozcKa3T25DueoUaz61vzUl, requests=93 +253ms
mcp:connection Dispatching SDK method: tools/call, serverID=github +253ms
mcp:connection callTool: parsed name=search_repositories, argumentCount=2 +271µs
guard:wasm Backend call failed: calling "tools/call": unknown tool "search_repositories" +5ms
guard:wasm [guard:github] ERROR: <<< call_backend FAILED with code -1 +317µs
guard:wasm [guard:github] WARN: Backend call search_repositories failed with code -1 +491µs
guard:wasm [guard:github] INFO: >>> call_backend: tool=issue_read +502µs
guard:wasm [guard:github] DEBUG:     args={"issue_number":"3687","method":"get","owner":"apache","repo":"cloudstack"} +243µs
guard:wasm WASM guard calling backend: tool=issue_read +257µs
server:unified [DIFC] Guard calling backend github tool issue_read for metadata +6ms
server:unified executeBackendToolCall: serverID=github, toolName=issue_read +236µs
launcher:launcher Checking session pool: serverID=github, sessionID=82ETMfnFu36zOUTFvF5DvaYhGvCyRqzWHl94ozcKa3T25DueoUaz61vzUl +7ms
launcher:pool Reusing connection: backend=github, session=82ETMfnFu36zOUTFvF5DvaYhGvCyRqzWHl94ozcKa3T25DueoUaz61vzUl, requests=94 +7ms
mcp:connection Dispatching SDK method: tools/call, serverID=github +7ms
mcp:connection callTool: parsed name=issue_read, argumentCount=4 +270µs
guard:wasm [guard:github] INFO: <<< call_backend returned 1325 bytes +261ms
guard:wasm [guard:github] DEBUG: extract_mcp_response: top-level keys=["content"] +314µs
guard:wasm [guard:github] DEBUG: extract_mcp_response: found content array with 1 items +234µs
guard:wasm [guard:github] DEBUG: extract_mcp_response: found text field, len=1164 +308µs
guard:wasm [guard:github] DEBUG: extract_mcp_response: parsed content[0].text as JSON +293µs
guard:wasm [guard:github] DEBUG: [integrity] issue:apache/cloudstack#3687 enriched author_association='CONTRIBUTOR' +260µs
guard:wasm [guard:github] DEBUG: [integrity] issue:apache/cloudstack#3687: author_association floor below writer (rank=2), checking collaborator permission for borisstoyanov +324µs
guard:wasm [guard:github] DEBUG: get_collaborator_permission: cache hit for apache/cloudstack user borisstoyanov → permission=Some("write") +269µs
guard:wasm [guard:github] DEBUG: [integrity] issue:apache/cloudstack#3687: collaborator permission=Some("write") → merged rank=3 +262µs
guard:wasm [guard:github] DEBUG: Checking repo visibility for apache/cloudstack +267µs
guard:wasm [guard:github] INFO: >>> call_backend: tool=search_repositories +350µs
guard:wasm [guard:github] DEBUG:     args={"perPage":10,"query":"repo:apache/cloudstack"} +237µs
guard:wasm WASM guard calling backend: tool=search_repositories +242µs
server:unified [DIFC] Guard calling backend github tool search_repositories for metadata +264ms
server:unified executeBackendToolCall: serverID=github, toolName=search_repositories +256µs
launcher:launcher Checking session pool: serverID=github, sessionID=82ETMfnFu36zOUTFvF5DvaYhGvCyRqzWHl94ozcKa3T25DueoUaz61vzUl +264ms
launcher:pool Reusing connection: backend=github, session=82ETMfnFu36zOUTFvF5DvaYhGvCyRqzWHl94ozcKa3T25DueoUaz61vzUl, requests=95 +264ms
mcp:connection Dispatching SDK method: tools/call, serverID=github +263ms
mcp:connection callTool: parsed name=search_repositories, argumentCount=2 +303µs
guard:wasm Backend call failed: calling "tools/call": unknown tool "search_repositories" +4ms
guard:wasm [guard:github] ERROR: <<< call_backend FAILED with code -1 +280µs
guard:wasm [guard:github] WARN: Backend call search_repositories failed with code -1 +581µs
guard:wasm [guard:github] INFO: >>> call_backend: tool=issue_read +463µs
guard:wasm [guard:github] DEBUG:     args={"issue_number":"3693","method":"get","owner":"apache","repo":"cloudstack"} +271µs
guard:wasm WASM guard calling backend: tool=issue_read +340µs
server:unified [DIFC] Guard calling backend github tool issue_read for metadata +6ms
server:unified executeBackendToolCall: serverID=github, toolName=issue_read +293µs
launcher:launcher Checking session pool: serverID=github, sessionID=82ETMfnFu36zOUTFvF5DvaYhGvCyRqzWHl94ozcKa3T25DueoUaz61vzUl +6ms
launcher:pool Reusing connection: backend=github, session=82ETMfnFu36zOUTFvF5DvaYhGvCyRqzWHl94ozcKa3T25DueoUaz61vzUl, requests=96 +6ms
mcp:connection Dispatching SDK method: tools/call, serverID=github +6ms
mcp:connection callTool: parsed name=issue_read, argumentCount=4 +257µs
guard:wasm [guard:github] INFO: <<< call_backend returned 2586 bytes +188ms
guard:wasm [guard:github] DEBUG: extract_mcp_response: top-level keys=["content"] +381µs
guard:wasm [guard:github] DEBUG: extract_mcp_response: found content array with 1 items +240µs
guard:wasm [guard:github] DEBUG: extract_mcp_response: found text field, len=2412 +258µs
guard:wasm [guard:github] DEBUG: extract_mcp_response: parsed content[0].text as JSON +348µs
guard:wasm [guard:github] DEBUG: [integrity] issue:apache/cloudstack#3693 enriched author_association='CONTRIBUTOR' +255µs
guard:wasm [guard:github] DEBUG: [integrity] issue:apache/cloudstack#3693: author_association floor below writer (rank=2), checking collaborator permission for DaanHoogland +303µs
guard:wasm [guard:github] DEBUG: get_collaborator_permission: cache hit for apache/cloudstack user DaanHoogland → permission=Some("write") +277µs
guard:wasm [guard:github] DEBUG: [integrity] issue:apache/cloudstack#3693: collaborator permission=Some("write") → merged rank=3 +287µs
guard:wasm [guard:github] DEBUG: Checking repo visibility for apache/cloudstack +285µs
guard:wasm [guard:github] INFO: >>> call_backend: tool=search_repositories +282µs
guard:wasm [guard:github] DEBUG:     args={"perPage":10,"query":"repo:apache/cloudstack"} +268µs
guard:wasm WASM guard calling backend: tool=search_repositories +249µs
server:unified [DIFC] Guard calling backend github tool search_repositories for metadata +191ms
server:unified executeBackendToolCall: serverID=github, toolName=search_repositories +237µs
launcher:launcher Checking session pool: serverID=github, sessionID=82ETMfnFu36zOUTFvF5DvaYhGvCyRqzWHl94ozcKa3T25DueoUaz61vzUl +191ms
launcher:pool Reusing connection: backend=github, session=82ETMfnFu36zOUTFvF5DvaYhGvCyRqzWHl94ozcKa3T25DueoUaz61vzUl, requests=97 +191ms
mcp:connection Dispatching SDK method: tools/call, serverID=github +191ms
mcp:connection callTool: parsed name=search_repositories, argumentCount=2 +323µs
guard:wasm Backend call failed: calling "tools/call": unknown tool "search_repositories" +5ms
guard:wasm [guard:github] ERROR: <<< call_backend FAILED with code -1 +281µs
guard:wasm [guard:github] WARN: Backend call search_repositories failed with code -1 +513µs
guard:wasm [guard:github] INFO: >>> call_backend: tool=issue_read +497µs
guard:wasm [guard:github] DEBUG:     args={"issue_number":"3751","method":"get","owner":"apache","repo":"cloudstack"} +254µs
guard:wasm WASM guard calling backend: tool=issue_read +258µs
server:unified [DIFC] Guard calling backend github tool issue_read for metadata +6ms
server:unified executeBackendToolCall: serverID=github, toolName=issue_read +266µs
launcher:launcher Checking session pool: serverID=github, sessionID=82ETMfnFu36zOUTFvF5DvaYhGvCyRqzWHl94ozcKa3T25DueoUaz61vzUl +7ms
launcher:pool Reusing connection: backend=github, session=82ETMfnFu36zOUTFvF5DvaYhGvCyRqzWHl94ozcKa3T25DueoUaz61vzUl, requests=98 +7ms
mcp:connection Dispatching SDK method: tools/call, serverID=github +6ms
mcp:connection callTool: parsed name=issue_read, argumentCount=4 +226µs
guard:wasm [guard:github] INFO: <<< call_backend returned 1008 bytes +226ms
guard:wasm [guard:github] DEBUG: extract_mcp_response: top-level keys=["content"] +327µs
guard:wasm [guard:github] DEBUG: extract_mcp_response: found content array with 1 items +237µs
guard:wasm [guard:github] DEBUG: extract_mcp_response: found text field, len=876 +263µs
guard:wasm [guard:github] DEBUG: extract_mcp_response: parsed content[0].text as JSON +472µs
guard:wasm [guard:github] DEBUG: [integrity] issue:apache/cloudstack#3751 enriched author_association='CONTRIBUTOR' +490µs
guard:wasm [guard:github] DEBUG: [integrity] issue:apache/cloudstack#3751: author_association floor below writer (rank=2), checking collaborator permission for aleskxyz +478µs
guard:wasm [guard:github] DEBUG: get_collaborator_permission: cache hit for apache/cloudstack user aleskxyz → permission=Some("read") +315µs
guard:wasm [guard:github] DEBUG: [integrity] issue:apache/cloudstack#3751: collaborator permission=Some("read") → merged rank=2 +322µs
guard:wasm [guard:github] DEBUG: Checking repo visibility for apache/cloudstack +336µs
guard:wasm [guard:github] INFO: >>> call_backend: tool=search_repositories +305µs
guard:wasm [guard:github] DEBUG:     args={"perPage":10,"query":"repo:apache/cloudstack"} +259µs
guard:wasm WASM guard calling backend: tool=search_repositories +360µs
server:unified [DIFC] Guard calling backend github tool search_repositories for metadata +230ms
server:unified executeBackendToolCall: serverID=github, toolName=search_repositories +290µs
launcher:launcher Checking session pool: serverID=github, sessionID=82ETMfnFu36zOUTFvF5DvaYhGvCyRqzWHl94ozcKa3T25DueoUaz61vzUl +230ms
launcher:pool Reusing connection: backend=github, session=82ETMfnFu36zOUTFvF5DvaYhGvCyRqzWHl94ozcKa3T25DueoUaz61vzUl, requests=99 +230ms
mcp:connection Dispatching SDK method: tools/call, serverID=github +230ms
mcp:connection callTool: parsed name=search_repositories, argumentCount=2 +266µs
guard:wasm Backend call failed: calling "tools/call": unknown tool "search_repositories" +4ms
guard:wasm [guard:github] ERROR: <<< call_backend FAILED with code -1 +249µs
guard:wasm [guard:github] WARN: Backend call search_repositories failed with code -1 +468µs
guard:wasm [guard:github] INFO: >>> call_backend: tool=issue_read +556µs
guard:wasm [guard:github] DEBUG:     args={"issue_number":"4370","method":"get","owner":"apache","repo":"cloudstack"} +216µs
guard:wasm WASM guard calling backend: tool=issue_read +261µs
server:unified [DIFC] Guard calling backend github tool issue_read for metadata +6ms
server:unified executeBackendToolCall: serverID=github, toolName=issue_read +239µs
launcher:launcher Checking session pool: serverID=github, sessionID=82ETMfnFu36zOUTFvF5DvaYhGvCyRqzWHl94ozcKa3T25DueoUaz61vzUl +6ms
launcher:pool Reusing connection: backend=github, session=82ETMfnFu36zOUTFvF5DvaYhGvCyRqzWHl94ozcKa3T25DueoUaz61vzUl, requests=100 +6ms
mcp:connection Dispatching SDK method: tools/call, serverID=github +6ms
mcp:connection callTool: parsed name=issue_read, argumentCount=4 +276µs
guard:wasm [guard:github] INFO: <<< call_backend returned 2366 bytes +178ms
guard:wasm [guard:github] DEBUG: extract_mcp_response: top-level keys=["content"] +290µs
guard:wasm [guard:github] DEBUG: extract_mcp_response: found content array with 1 items +253µs
guard:wasm [guard:github] DEBUG: extract_mcp_response: found text field, len=2166 +263µs
guard:wasm [guard:github] DEBUG: extract_mcp_response: parsed content[0].text as JSON +314µs
guard:wasm [guard:github] DEBUG: [integrity] issue:apache/cloudstack#4370 enriched author_association='CONTRIBUTOR' +255µs
guard:wasm [guard:github] DEBUG: [integrity] issue:apache/cloudstack#4370: author_association floor below writer (rank=2), checking collaborator permission for DaanHoogland +305µs
guard:wasm [guard:github] DEBUG: get_collaborator_permission: cache hit for apache/cloudstack user DaanHoogland → permission=Some("write") +345µs
guard:wasm [guard:github] DEBUG: [integrity] issue:apache/cloudstack#4370: collaborator permission=Some("write") → merged rank=3 +306µs
guard:wasm [guard:github] DEBUG: Checking repo visibility for apache/cloudstack +281µs
guard:wasm [guard:github] INFO: >>> call_backend: tool=search_repositories +321µs
guard:wasm [guard:github] DEBUG:     args={"perPage":10,"query":"repo:apache/cloudstack"} +241µs
guard:wasm WASM guard calling backend: tool=search_repositories +233µs
server:unified [DIFC] Guard calling backend github tool search_repositories for metadata +181ms
server:unified executeBackendToolCall: serverID=github, toolName=search_repositories +318µs
launcher:launcher Checking session pool: serverID=github, sessionID=82ETMfnFu36zOUTFvF5DvaYhGvCyRqzWHl94ozcKa3T25DueoUaz61vzUl +182ms
launcher:pool Reusing connection: backend=github, session=82ETMfnFu36zOUTFvF5DvaYhGvCyRqzWHl94ozcKa3T25DueoUaz61vzUl, requests=101 +182ms
mcp:connection Dispatching SDK method: tools/call, serverID=github +181ms
mcp:connection callTool: parsed name=search_repositories, argumentCount=2 +273µs
guard:wasm Backend call failed: calling "tools/call": unknown tool "search_repositories" +5ms
guard:wasm [guard:github] ERROR: <<< call_backend FAILED with code -1 +252µs
guard:wasm [guard:github] WARN: Backend call search_repositories failed with code -1 +452µs
guard:wasm [guard:github] INFO: >>> call_backend: tool=issue_read +553µs
guard:wasm [guard:github] DEBUG:     args={"issue_number":"4542","method":"get","owner":"apache","repo":"cloudstack"} +236µs
guard:wasm WASM guard calling backend: tool=issue_read +264µs
server:unified [DIFC] Guard calling backend github tool issue_read for metadata +6ms
server:unified executeBackendToolCall: serverID=github, toolName=issue_read +260µs
launcher:launcher Checking session pool: serverID=github, sessionID=82ETMfnFu36zOUTFvF5DvaYhGvCyRqzWHl94ozcKa3T25DueoUaz61vzUl +7ms
launcher:pool Reusing connection: backend=github, session=82ETMfnFu36zOUTFvF5DvaYhGvCyRqzWHl94ozcKa3T25DueoUaz61vzUl, requests=102 +7ms
mcp:connection Dispatching SDK method: tools/call, serverID=github +6ms
mcp:connection callTool: parsed name=issue_read, argumentCount=4 +240µs
guard:wasm [guard:github] INFO: <<< call_backend returned 2349 bytes +190ms
guard:wasm [guard:github] DEBUG: extract_mcp_response: top-level keys=["content"] +305µs
guard:wasm [guard:github] DEBUG: extract_mcp_response: found content array with 1 items +308µs
guard:wasm [guard:github] DEBUG: extract_mcp_response: found text field, len=2155 +245µs
guard:wasm [guard:github] DEBUG: extract_mcp_response: parsed content[0].text as JSON +297µs
guard:wasm [guard:github] DEBUG: [integrity] issue:apache/cloudstack#4542 enriched author_association='CONTRIBUTOR' +286µs
guard:wasm [guard:github] DEBUG: [integrity] issue:apache/cloudstack#4542: author_association floor below writer (rank=2), checking collaborator permission for aleskxyz +305µs
guard:wasm [guard:github] DEBUG: get_collaborator_permission: cache hit for apache/cloudstack user aleskxyz → permission=Some("read") +272µs
guard:wasm [guard:github] DEBUG: [integrity] issue:apache/cloudstack#4542: collaborator permission=Some("read") → merged rank=2 +247µs
guard:wasm [guard:github] DEBUG: Checking repo visibility for apache/cloudstack +335µs
guard:wasm [guard:github] INFO: >>> call_backend: tool=search_repositories +294µs
guard:wasm [guard:github] DEBUG:     args={"perPage":10,"query":"repo:apache/cloudstack"} +235µs
guard:wasm WASM guard calling backend: tool=search_repositories +255µs
server:unified [DIFC] Guard calling backend github tool search_repositories for metadata +193ms
server:unified executeBackendToolCall: serverID=github, toolName=search_repositories +262µs
launcher:launcher Checking session pool: serverID=github, sessionID=82ETMfnFu36zOUTFvF5DvaYhGvCyRqzWHl94ozcKa3T25DueoUaz61vzUl +193ms
launcher:pool Reusing connection: backend=github, session=82ETMfnFu36zOUTFvF5DvaYhGvCyRqzWHl94ozcKa3T25DueoUaz61vzUl, requests=103 +193ms
mcp:connection Dispatching SDK method: tools/call, serverID=github +193ms
mcp:connection callTool: parsed name=search_repositories, argumentCount=2 +408µs
guard:wasm Backend call failed: calling "tools/call": unknown tool "search_repositories" +4ms
guard:wasm [guard:github] ERROR: <<< call_backend FAILED with code -1 +312µs
guard:wasm [guard:github] WARN: Backend call search_repositories failed with code -1 +506µs
guard:wasm [guard:github] INFO: >>> call_backend: tool=issue_read +513µs
guard:wasm [guard:github] DEBUG:     args={"issue_number":"5174","method":"get","owner":"apache","repo":"cloudstack"} +265µs
guard:wasm WASM guard calling backend: tool=issue_read +239µs
server:unified [DIFC] Guard calling backend github tool issue_read for metadata +6ms
server:unified executeBackendToolCall: serverID=github, toolName=issue_read +342µs
launcher:launcher Checking session pool: serverID=github, sessionID=82ETMfnFu36zOUTFvF5DvaYhGvCyRqzWHl94ozcKa3T25DueoUaz61vzUl +6ms
launcher:pool Reusing connection: backend=github, session=82ETMfnFu36zOUTFvF5DvaYhGvCyRqzWHl94ozcKa3T25DueoUaz61vzUl, requests=104 +6ms
mcp:connection Dispatching SDK method: tools/call, serverID=github +6ms
mcp:connection callTool: parsed name=issue_read, argumentCount=4 +325µs
guard:wasm [guard:github] INFO: <<< call_backend returned 1593 bytes +311ms
guard:wasm [guard:github] DEBUG: extract_mcp_response: top-level keys=["content"] +331µs
guard:wasm [guard:github] DEBUG: extract_mcp_response: found content array with 1 items +289µs
guard:wasm [guard:github] DEBUG: extract_mcp_response: found text field, len=1397 +232µs
guard:wasm [guard:github] DEBUG: extract_mcp_response: parsed content[0].text as JSON +357µs
guard:wasm [guard:github] DEBUG: [integrity] issue:apache/cloudstack#5174 enriched author_association='CONTRIBUTOR' +340µs
guard:wasm [guard:github] DEBUG: [integrity] issue:apache/cloudstack#5174: author_association floor below writer (rank=2), checking collaborator permission for DaanHoogland +258µs
guard:wasm [guard:github] DEBUG: get_collaborator_permission: cache hit for apache/cloudstack user DaanHoogland → permission=Some("write") +259µs
guard:wasm [guard:github] DEBUG: [integrity] issue:apache/cloudstack#5174: collaborator permission=Some("write") → merged rank=3 +292µs
guard:wasm [guard:github] DEBUG: Checking repo visibility for apache/cloudstack +294µs
guard:wasm [guard:github] INFO: >>> call_backend: tool=search_repositories +283µs
guard:wasm [guard:github] DEBUG:     args={"perPage":10,"query":"repo:apache/cloudstack"} +221µs
guard:wasm WASM guard calling backend: tool=search_repositories +233µs
server:unified [DIFC] Guard calling backend github tool search_repositories for metadata +314ms
server:unified executeBackendToolCall: serverID=github, toolName=search_repositories +242µs
launcher:launcher Checking session pool: serverID=github, sessionID=82ETMfnFu36zOUTFvF5DvaYhGvCyRqzWHl94ozcKa3T25DueoUaz61vzUl +314ms
launcher:pool Reusing connection: backend=github, session=82ETMfnFu36zOUTFvF5DvaYhGvCyRqzWHl94ozcKa3T25DueoUaz61vzUl, requests=105 +314ms
mcp:connection Dispatching SDK method: tools/call, serverID=github +314ms
mcp:connection callTool: parsed name=search_repositories, argumentCount=2 +717µs
guard:wasm Backend call failed: calling "tools/call": unknown tool "search_repositories" +6ms
guard:wasm [guard:github] ERROR: <<< call_backend FAILED with code -1 +325µs
guard:wasm [guard:github] WARN: Backend call search_repositories failed with code -1 +537µs
guard:wasm [guard:github] INFO: >>> call_backend: tool=issue_read +517µs
guard:wasm [guard:github] DEBUG:     args={"issue_number":"5686","method":"get","owner":"apache","repo":"cloudstack"} +250µs
guard:wasm WASM guard calling backend: tool=issue_read +333µs
server:unified [DIFC] Guard calling backend github tool issue_read for metadata +7ms
server:unified executeBackendToolCall: serverID=github, toolName=issue_read +244µs
launcher:launcher Checking session pool: serverID=github, sessionID=82ETMfnFu36zOUTFvF5DvaYhGvCyRqzWHl94ozcKa3T25DueoUaz61vzUl +8ms
launcher:pool Reusing connection: backend=github, session=82ETMfnFu36zOUTFvF5DvaYhGvCyRqzWHl94ozcKa3T25DueoUaz61vzUl, requests=106 +8ms
mcp:connection Dispatching SDK method: tools/call, serverID=github +6ms
mcp:connection callTool: parsed name=issue_read, argumentCount=4 +208µs
guard:wasm [guard:github] INFO: <<< call_backend returned 1988 bytes +209ms
guard:wasm [guard:github] DEBUG: extract_mcp_response: top-level keys=["content"] +405µs
guard:wasm [guard:github] DEBUG: extract_mcp_response: found content array with 1 items +299µs
guard:wasm [guard:github] DEBUG: extract_mcp_response: found text field, len=1809 +260µs
guard:wasm [guard:github] DEBUG: extract_mcp_response: parsed content[0].text as JSON +279µs
guard:wasm [guard:github] DEBUG: [integrity] issue:apache/cloudstack#5686 enriched author_association='NONE' +259µs
guard:wasm [guard:github] DEBUG: [integrity] issue:apache/cloudstack#5686: author_association floor below writer (rank=2), checking collaborator permission for ngrosc +297µs
guard:wasm [guard:github] DEBUG: get_collaborator_permission: cache hit for apache/cloudstack user ngrosc → permission=Some("read") +267µs
guard:wasm [guard:github] DEBUG: [integrity] issue:apache/cloudstack#5686: collaborator permission=Some("read") → merged rank=2 +252µs
guard:wasm [guard:github] DEBUG: Checking repo visibility for apache/cloudstack +270µs
guard:wasm [guard:github] INFO: >>> call_backend: tool=search_repositories +276µs
guard:wasm [guard:github] DEBUG:     args={"perPage":10,"query":"repo:apache/cloudstack"} +214µs
guard:wasm WASM guard calling backend: tool=search_repositories +227µs
server:unified [DIFC] Guard calling backend github tool search_repositories for metadata +212ms
server:unified executeBackendToolCall: serverID=github, toolName=search_repositories +286µs
launcher:launcher Checking session pool: serverID=github, sessionID=82ETMfnFu36zOUTFvF5DvaYhGvCyRqzWHl94ozcKa3T25DueoUaz61vzUl +212ms
launcher:pool Reusing connection: backend=github, session=82ETMfnFu36zOUTFvF5DvaYhGvCyRqzWHl94ozcKa3T25DueoUaz61vzUl, requests=107 +212ms
mcp:connection Dispatching SDK method: tools/call, serverID=github +212ms
mcp:connection callTool: parsed name=search_repositories, argumentCount=2 +286µs
guard:wasm Backend call failed: calling "tools/call": unknown tool "search_repositories" +4ms
guard:wasm [guard:github] ERROR: <<< call_backend FAILED with code -1 +243µs
guard:wasm [guard:github] WARN: Backend call search_repositories failed with code -1 +502µs
guard:wasm [guard:github] INFO: >>> call_backend: tool=issue_read +522µs
guard:wasm [guard:github] DEBUG:     args={"issue_number":"5697","method":"get","owner":"apache","repo":"cloudstack"} +268µs
guard:wasm WASM guard calling backend: tool=issue_read +354µs
server:unified [DIFC] Guard calling backend github tool issue_read for metadata +6ms
server:unified executeBackendToolCall: serverID=github, toolName=issue_read +254µs
launcher:launcher Checking session pool: serverID=github, sessionID=82ETMfnFu36zOUTFvF5DvaYhGvCyRqzWHl94ozcKa3T25DueoUaz61vzUl +6ms
launcher:pool Reusing connection: backend=github, session=82ETMfnFu36zOUTFvF5DvaYhGvCyRqzWHl94ozcKa3T25DueoUaz61vzUl, requests=108 +6ms
mcp:connection Dispatching SDK method: tools/call, serverID=github +6ms
mcp:connection callTool: parsed name=issue_read, argumentCount=4 +253µs
guard:wasm [guard:github] INFO: <<< call_backend returned 2444 bytes +238ms
guard:wasm [guard:github] DEBUG: extract_mcp_response: top-level keys=["content"] +357µs
guard:wasm [guard:github] DEBUG: extract_mcp_response: found content array with 1 items +341µs
guard:wasm [guard:github] DEBUG: extract_mcp_response: found text field, len=2297 +245µs
guard:wasm [guard:github] DEBUG: extract_mcp_response: parsed content[0].text as JSON +386µs
guard:wasm [guard:github] DEBUG: [integrity] issue:apache/cloudstack#5697 enriched author_association='CONTRIBUTOR' +302µs
guard:wasm [guard:github] DEBUG: [integrity] issue:apache/cloudstack#5697: author_association floor below writer (rank=2), checking collaborator permission for alexandru-bagu +279µs
guard:wasm [guard:github] DEBUG: get_collaborator_permission: cache hit for apache/cloudstack user alexandru-bagu → permission=Some("read") +256µs
guard:wasm [guard:github] DEBUG: [integrity] issue:apache/cloudstack#5697: collaborator permission=Some("read") → merged rank=2 +260µs
guard:wasm [guard:github] DEBUG: Checking repo visibility for apache/cloudstack +265µs
guard:wasm [guard:github] INFO: >>> call_backend: tool=search_repositories +277µs
guard:wasm [guard:github] DEBUG:     args={"perPage":10,"query":"repo:apache/cloudstack"} +294µs
guard:wasm WASM guard calling backend: tool=search_repositories +235µs
server:unified [DIFC] Guard calling backend github tool search_repositories for metadata +241ms
server:unified executeBackendToolCall: serverID=github, toolName=search_repositories +223µs
launcher:launcher Checking session pool: serverID=github, sessionID=82ETMfnFu36zOUTFvF5DvaYhGvCyRqzWHl94ozcKa3T25DueoUaz61vzUl +241ms
launcher:pool Reusing connection: backend=github, session=82ETMfnFu36zOUTFvF5DvaYhGvCyRqzWHl94ozcKa3T25DueoUaz61vzUl, requests=109 +241ms
mcp:connection Dispatching SDK method: tools/call, serverID=github +241ms
mcp:connection callTool: parsed name=search_repositories, argumentCount=2 +251µs
guard:wasm Backend call failed: calling "tools/call": unknown tool "search_repositories" +4ms
guard:wasm [guard:github] ERROR: <<< call_backend FAILED with code -1 +235µs
guard:wasm [guard:github] WARN: Backend call search_repositories failed with code -1 +470µs
guard:wasm [guard:github] INFO: >>> call_backend: tool=issue_read +568µs
guard:wasm [guard:github] DEBUG:     args={"issue_number":"5739","method":"get","owner":"apache","repo":"cloudstack"} +253µs
guard:wasm WASM guard calling backend: tool=issue_read +307µs
server:unified [DIFC] Guard calling backend github tool issue_read for metadata +6ms
server:unified executeBackendToolCall: serverID=github, toolName=issue_read +364µs
launcher:launcher Checking session pool: serverID=github, sessionID=82ETMfnFu36zOUTFvF5DvaYhGvCyRqzWHl94ozcKa3T25DueoUaz61vzUl +6ms
launcher:pool Reusing connection: backend=github, session=82ETMfnFu36zOUTFvF5DvaYhGvCyRqzWHl94ozcKa3T25DueoUaz61vzUl, requests=110 +6ms
mcp:connection Dispatching SDK method: tools/call, serverID=github +6ms
mcp:connection callTool: parsed name=issue_read, argumentCount=4 +280µs
guard:wasm [guard:github] INFO: <<< call_backend returned 1759 bytes +204ms
guard:wasm [guard:github] DEBUG: extract_mcp_response: top-level keys=["content"] +296µs
guard:wasm [guard:github] DEBUG: extract_mcp_response: found content array with 1 items +236µs
guard:wasm [guard:github] DEBUG: extract_mcp_response: found text field, len=1562 +293µs
guard:wasm [guard:github] DEBUG: extract_mcp_response: parsed content[0].text as JSON +285µs
guard:wasm [guard:github] DEBUG: [integrity] issue:apache/cloudstack#5739 enriched author_association='MEMBER' +278µs
guard:wasm [guard:github] DEBUG: Checking repo visibility for apache/cloudstack +303µs
guard:wasm [guard:github] INFO: >>> call_backend: tool=search_repositories +277µs
guard:wasm [guard:github] DEBUG:     args={"perPage":10,"query":"repo:apache/cloudstack"} +297µs
guard:wasm WASM guard calling backend: tool=search_repositories +366µs
server:unified [DIFC] Guard calling backend github tool search_repositories for metadata +206ms
server:unified executeBackendToolCall: serverID=github, toolName=search_repositories +239µs
launcher:launcher Checking session pool: serverID=github, sessionID=82ETMfnFu36zOUTFvF5DvaYhGvCyRqzWHl94ozcKa3T25DueoUaz61vzUl +206ms
launcher:pool Reusing connection: backend=github, session=82ETMfnFu36zOUTFvF5DvaYhGvCyRqzWHl94ozcKa3T25DueoUaz61vzUl, requests=111 +206ms
mcp:connection Dispatching SDK method: tools/call, serverID=github +206ms
mcp:connection callTool: parsed name=search_repositories, argumentCount=2 +262µs
guard:wasm Backend call failed: calling "tools/call": unknown tool "search_repositories" +4ms
guard:wasm [guard:github] ERROR: <<< call_backend FAILED with code -1 +302µs
guard:wasm [guard:github] WARN: Backend call search_repositories failed with code -1 +464µs
guard:wasm [guard:github] INFO: >>> call_backend: tool=issue_read +517µs
guard:wasm [guard:github] DEBUG:     args={"issue_number":"5756","method":"get","owner":"apache","repo":"cloudstack"} +237µs
guard:wasm WASM guard calling backend: tool=issue_read +235µs
server:unified [DIFC] Guard calling backend github tool issue_read for metadata +6ms
server:unified executeBackendToolCall: serverID=github, toolName=issue_read +302µs
launcher:launcher Checking session pool: serverID=github, sessionID=82ETMfnFu36zOUTFvF5DvaYhGvCyRqzWHl94ozcKa3T25DueoUaz61vzUl +6ms
launcher:pool Reusing connection: backend=github, session=82ETMfnFu36zOUTFvF5DvaYhGvCyRqzWHl94ozcKa3T25DueoUaz61vzUl, requests=112 +6ms
mcp:connection Dispatching SDK method: tools/call, serverID=github +6ms
mcp:connection callTool: parsed name=issue_read, argumentCount=4 +317µs
guard:wasm [guard:github] INFO: <<< call_backend returned 1044 bytes +248ms
guard:wasm [guard:github] DEBUG: extract_mcp_response: top-level keys=["content"] +262µs
guard:wasm [guard:github] DEBUG: extract_mcp_response: found content array with 1 items +254µs
guard:wasm [guard:github] DEBUG: extract_mcp_response: found text field, len=908 +301µs
guard:wasm [guard:github] DEBUG: extract_mcp_response: parsed content[0].text as JSON +279µs
guard:wasm [guard:github] DEBUG: [integrity] issue:apache/cloudstack#5756 enriched author_association='NONE' +250µs
guard:wasm [guard:github] DEBUG: [integrity] issue:apache/cloudstack#5756: author_association floor below writer (rank=2), checking collaborator permission for lukasmrtvy +236µs
guard:wasm [guard:github] DEBUG: get_collaborator_permission: cache hit for apache/cloudstack user lukasmrtvy → permission=Some("read") +353µs
guard:wasm [guard:github] DEBUG: [integrity] issue:apache/cloudstack#5756: collaborator permission=Some("read") → merged rank=2 +297µs
guard:wasm [guard:github] DEBUG: Checking repo visibility for apache/cloudstack +274µs
guard:wasm [guard:github] INFO: >>> call_backend: tool=search_repositories +312µs
guard:wasm [guard:github] DEBUG:     args={"perPage":10,"query":"repo:apache/cloudstack"} +278µs
guard:wasm WASM guard calling backend: tool=search_repositories +223µs
server:unified [DIFC] Guard calling backend github tool search_repositories for metadata +251ms
server:unified executeBackendToolCall: serverID=github, toolName=search_repositories +244µs
launcher:launcher Checking session pool: serverID=github, sessionID=82ETMfnFu36zOUTFvF5DvaYhGvCyRqzWHl94ozcKa3T25DueoUaz61vzUl +252ms
launcher:pool Reusing connection: backend=github, session=82ETMfnFu36zOUTFvF5DvaYhGvCyRqzWHl94ozcKa3T25DueoUaz61vzUl, requests=113 +251ms
mcp:connection Dispatching SDK method: tools/call, serverID=github +251ms
mcp:connection callTool: parsed name=search_repositories, argumentCount=2 +242µs
guard:wasm Backend call failed: calling "tools/call": unknown tool "search_repositories" +5ms
guard:wasm [guard:github] ERROR: <<< call_backend FAILED with code -1 +358µs
guard:wasm [guard:github] WARN: Backend call search_repositories failed with code -1 +468µs
guard:wasm [guard:github] INFO: >>> call_backend: tool=issue_read +551µs
guard:wasm [guard:github] DEBUG:     args={"issue_number":"5803","method":"get","owner":"apache","repo":"cloudstack"} +267µs
guard:wasm WASM guard calling backend: tool=issue_read +287µs
server:unified [DIFC] Guard calling backend github tool issue_read for metadata +7ms
server:unified executeBackendToolCall: serverID=github, toolName=issue_read +220µs
launcher:launcher Checking session pool: serverID=github, sessionID=82ETMfnFu36zOUTFvF5DvaYhGvCyRqzWHl94ozcKa3T25DueoUaz61vzUl +7ms
launcher:pool Reusing connection: backend=github, session=82ETMfnFu36zOUTFvF5DvaYhGvCyRqzWHl94ozcKa3T25DueoUaz61vzUl, requests=114 +7ms
mcp:connection Dispatching SDK method: tools/call, serverID=github +6ms
mcp:connection callTool: parsed name=issue_read, argumentCount=4 +237µs
guard:wasm [guard:github] INFO: <<< call_backend returned 1556 bytes +183ms
guard:wasm [guard:github] DEBUG: extract_mcp_response: top-level keys=["content"] +276µs
guard:wasm [guard:github] DEBUG: extract_mcp_response: found content array with 1 items +269µs
guard:wasm [guard:github] DEBUG: extract_mcp_response: found text field, len=1400 +339µs
guard:wasm [guard:github] DEBUG: extract_mcp_response: parsed content[0].text as JSON +366µs
guard:wasm [guard:github] DEBUG: [integrity] issue:apache/cloudstack#5803 enriched author_association='NONE' +355µs
guard:wasm [guard:github] DEBUG: [integrity] issue:apache/cloudstack#5803: author_association floor below writer (rank=2), checking collaborator permission for edikevich +292µs
guard:wasm [guard:github] DEBUG: get_collaborator_permission: cache hit for apache/cloudstack user edikevich → permission=Some("read") +293µs
guard:wasm [guard:github] DEBUG: [integrity] issue:apache/cloudstack#5803: collaborator permission=Some("read") → merged rank=2 +275µs
guard:wasm [guard:github] DEBUG: Checking repo visibility for apache/cloudstack +305µs
guard:wasm [guard:github] INFO: >>> call_backend: tool=search_repositories +313µs
guard:wasm [guard:github] DEBUG:     args={"perPage":10,"query":"repo:apache/cloudstack"} +264µs
guard:wasm WASM guard calling backend: tool=search_repositories +262µs
server:unified [DIFC] Guard calling backend github tool search_repositories for metadata +186ms
server:unified executeBackendToolCall: serverID=github, toolName=search_repositories +269µs
launcher:launcher Checking session pool: serverID=github, sessionID=82ETMfnFu36zOUTFvF5DvaYhGvCyRqzWHl94ozcKa3T25DueoUaz61vzUl +186ms
launcher:pool Reusing connection: backend=github, session=82ETMfnFu36zOUTFvF5DvaYhGvCyRqzWHl94ozcKa3T25DueoUaz61vzUl, requests=115 +186ms
mcp:connection Dispatching SDK method: tools/call, serverID=github +186ms
mcp:connection callTool: parsed name=search_repositories, argumentCount=2 +261µs
guard:wasm Backend call failed: calling "tools/call": unknown tool "search_repositories" +4ms
guard:wasm [guard:github] ERROR: <<< call_backend FAILED with code -1 +240µs
guard:wasm [guard:github] WARN: Backend call search_repositories failed with code -1 +534µs
guard:wasm [guard:github] INFO: >>> call_backend: tool=issue_read +571µs
guard:wasm [guard:github] DEBUG:     args={"issue_number":"6163","method":"get","owner":"apache","repo":"cloudstack"} +252µs
guard:wasm WASM guard calling backend: tool=issue_read +277µs
server:unified [DIFC] Guard calling backend github tool issue_read for metadata +6ms
server:unified executeBackendToolCall: serverID=github, toolName=issue_read +225µs
launcher:launcher Checking session pool: serverID=github, sessionID=82ETMfnFu36zOUTFvF5DvaYhGvCyRqzWHl94ozcKa3T25DueoUaz61vzUl +6ms
launcher:pool Reusing connection: backend=github, session=82ETMfnFu36zOUTFvF5DvaYhGvCyRqzWHl94ozcKa3T25DueoUaz61vzUl, requests=116 +6ms
mcp:connection Dispatching SDK method: tools/call, serverID=github +6ms
mcp:connection callTool: parsed name=issue_read, argumentCount=4 +268µs
guard:wasm [guard:github] INFO: <<< call_backend returned 2106 bytes +239ms
guard:wasm [guard:github] DEBUG: extract_mcp_response: top-level keys=["content"] +374µs
guard:wasm [guard:github] DEBUG: extract_mcp_response: found content array with 1 items +265µs
guard:wasm [guard:github] DEBUG: extract_mcp_response: found text field, len=1895 +342µs
guard:wasm [guard:github] DEBUG: extract_mcp_response: parsed content[0].text as JSON +305µs
guard:wasm [guard:github] DEBUG: [integrity] issue:apache/cloudstack#6163 enriched author_association='CONTRIBUTOR' +254µs
guard:wasm [guard:github] DEBUG: [integrity] issue:apache/cloudstack#6163: author_association floor below writer (rank=2), checking collaborator permission for levindecaro +254µs
guard:wasm [guard:github] DEBUG: get_collaborator_permission: cache hit for apache/cloudstack user levindecaro → permission=Some("read") +366µs
guard:wasm [guard:github] DEBUG: [integrity] issue:apache/cloudstack#6163: collaborator permission=Some("read") → merged rank=2 +290µs
guard:wasm [guard:github] DEBUG: Checking repo visibility for apache/cloudstack +275µs
guard:wasm [guard:github] INFO: >>> call_backend: tool=search_repositories +333µs
guard:wasm [guard:github] DEBUG:     args={"perPage":10,"query":"repo:apache/cloudstack"} +237µs
guard:wasm WASM guard calling backend: tool=search_repositories +413µs
server:unified [DIFC] Guard calling backend github tool search_repositories for metadata +243ms
server:unified executeBackendToolCall: serverID=github, toolName=search_repositories +264µs
launcher:launcher Checking session pool: serverID=github, sessionID=82ETMfnFu36zOUTFvF5DvaYhGvCyRqzWHl94ozcKa3T25DueoUaz61vzUl +243ms
launcher:pool Reusing connection: backend=github, session=82ETMfnFu36zOUTFvF5DvaYhGvCyRqzWHl94ozcKa3T25DueoUaz61vzUl, requests=117 +243ms
mcp:connection Dispatching SDK method: tools/call, serverID=github +243ms
mcp:connection callTool: parsed name=search_repositories, argumentCount=2 +233µs
guard:wasm Backend call failed: calling "tools/call": unknown tool "search_repositories" +5ms
guard:wasm [guard:github] ERROR: <<< call_backend FAILED with code -1 +258µs
guard:wasm [guard:github] WARN: Backend call search_repositories failed with code -1 +484µs
guard:wasm [guard:github] INFO: >>> call_backend: tool=issue_read +547µs
guard:wasm [guard:github] DEBUG:     args={"issue_number":"6180","method":"get","owner":"apache","repo":"cloudstack"} +237µs
guard:wasm WASM guard calling backend: tool=issue_read +248µs
server:unified [DIFC] Guard calling backend github tool issue_read for metadata +6ms
server:unified executeBackendToolCall: serverID=github, toolName=issue_read +340µs
launcher:launcher Checking session pool: serverID=github, sessionID=82ETMfnFu36zOUTFvF5DvaYhGvCyRqzWHl94ozcKa3T25DueoUaz61vzUl +6ms
launcher:pool Reusing connection: backend=github, session=82ETMfnFu36zOUTFvF5DvaYhGvCyRqzWHl94ozcKa3T25DueoUaz61vzUl, requests=118 +6ms
mcp:connection Dispatching SDK method: tools/call, serverID=github +6ms
mcp:connection callTool: parsed name=issue_read, argumentCount=4 +304µs
guard:wasm [guard:github] INFO: <<< call_backend returned 4964 bytes +235ms
guard:wasm [guard:github] DEBUG: extract_mcp_response: top-level keys=["content"] +403µs
guard:wasm [guard:github] DEBUG: extract_mcp_response: found content array with 1 items +256µs
guard:wasm [guard:github] DEBUG: extract_mcp_response: found text field, len=4713 +228µs
guard:wasm [guard:github] DEBUG: extract_mcp_response: parsed content[0].text as JSON +310µs
guard:wasm [guard:github] DEBUG: [integrity] issue:apache/cloudstack#6180 enriched author_association='CONTRIBUTOR' +264µs
guard:wasm [guard:github] DEBUG: [integrity] issue:apache/cloudstack#6180: author_association floor below writer (rank=2), checking collaborator permission for wido +268µs
guard:wasm [guard:github] DEBUG: get_collaborator_permission: cache hit for apache/cloudstack user wido → permission=Some("write") +290µs
guard:wasm [guard:github] DEBUG: [integrity] issue:apache/cloudstack#6180: collaborator permission=Some("write") → merged rank=3 +273µs
guard:wasm [guard:github] DEBUG: Checking repo visibility for apache/cloudstack +291µs
guard:wasm [guard:github] INFO: >>> call_backend: tool=search_repositories +288µs
guard:wasm [guard:github] DEBUG:     args={"perPage":10,"query":"repo:apache/cloudstack"} +235µs
guard:wasm WASM guard calling backend: tool=search_repositories +302µs
server:unified [DIFC] Guard calling backend github tool search_repositories for metadata +238ms
server:unified executeBackendToolCall: serverID=github, toolName=search_repositories +253µs
launcher:launcher Checking session pool: serverID=github, sessionID=82ETMfnFu36zOUTFvF5DvaYhGvCyRqzWHl94ozcKa3T25DueoUaz61vzUl +238ms
launcher:pool Reusing connection: backend=github, session=82ETMfnFu36zOUTFvF5DvaYhGvCyRqzWHl94ozcKa3T25DueoUaz61vzUl, requests=119 +238ms
mcp:connection Dispatching SDK method: tools/call, serverID=github +238ms
mcp:connection callTool: parsed name=search_repositories, argumentCount=2 +316µs
guard:wasm Backend call failed: calling "tools/call": unknown tool "search_repositories" +5ms
guard:wasm [guard:github] ERROR: <<< call_backend FAILED with code -1 +294µs
guard:wasm [guard:github] WARN: Backend call search_repositories failed with code -1 +467µs
guard:wasm [guard:github] INFO: >>> call_backend: tool=issue_read +555µs
guard:wasm [guard:github] DEBUG:     args={"issue_number":"6212","method":"get","owner":"apache","repo":"cloudstack"} +319µs
guard:wasm WASM guard calling backend: tool=issue_read +241µs
server:unified [DIFC] Guard calling backend github tool issue_read for metadata +6ms
server:unified executeBackendToolCall: serverID=github, toolName=issue_read +283µs
launcher:launcher Checking session pool: serverID=github, sessionID=82ETMfnFu36zOUTFvF5DvaYhGvCyRqzWHl94ozcKa3T25DueoUaz61vzUl +7ms
launcher:pool Reusing connection: backend=github, session=82ETMfnFu36zOUTFvF5DvaYhGvCyRqzWHl94ozcKa3T25DueoUaz61vzUl, requests=120 +7ms
mcp:connection Dispatching SDK method: tools/call, serverID=github +6ms
mcp:connection callTool: parsed name=issue_read, argumentCount=4 +280µs
guard:wasm [guard:github] INFO: <<< call_backend returned 2952 bytes +244ms
guard:wasm [guard:github] DEBUG: extract_mcp_response: top-level keys=["content"] +384µs
guard:wasm [guard:github] DEBUG: extract_mcp_response: found content array with 1 items +231µs
guard:wasm [guard:github] DEBUG: extract_mcp_response: found text field, len=2755 +253µs
guard:wasm [guard:github] DEBUG: extract_mcp_response: parsed content[0].text as JSON +278µs
guard:wasm [guard:github] DEBUG: [integrity] issue:apache/cloudstack#6212 enriched author_association='NONE' +315µs
guard:wasm [guard:github] DEBUG: [integrity] issue:apache/cloudstack#6212: author_association floor below writer (rank=2), checking collaborator permission for joschi36 +256µs
guard:wasm [guard:github] DEBUG: get_collaborator_permission: cache hit for apache/cloudstack user joschi36 → permission=Some("read") +223µs
guard:wasm [guard:github] DEBUG: [integrity] issue:apache/cloudstack#6212: collaborator permission=Some("read") → merged rank=2 +247µs
guard:wasm [guard:github] DEBUG: Checking repo visibility for apache/cloudstack +295µs
guard:wasm [guard:github] INFO: >>> call_backend: tool=search_repositories +281µs
guard:wasm [guard:github] DEBUG:     args={"perPage":10,"query":"repo:apache/cloudstack"} +251µs
guard:wasm WASM guard calling backend: tool=search_repositories +319µs
server:unified [DIFC] Guard calling backend github tool search_repositories for metadata +247ms
server:unified executeBackendToolCall: serverID=github, toolName=search_repositories +239µs
launcher:launcher Checking session pool: serverID=github, sessionID=82ETMfnFu36zOUTFvF5DvaYhGvCyRqzWHl94ozcKa3T25DueoUaz61vzUl +247ms
launcher:pool Reusing connection: backend=github, session=82ETMfnFu36zOUTFvF5DvaYhGvCyRqzWHl94ozcKa3T25DueoUaz61vzUl, requests=121 +247ms
mcp:connection Dispatching SDK method: tools/call, serverID=github +247ms
mcp:connection callTool: parsed name=search_repositories, argumentCount=2 +264µs
guard:wasm Backend call failed: calling "tools/call": unknown tool "search_repositories" +5ms
guard:wasm [guard:github] ERROR: <<< call_backend FAILED with code -1 +224µs
guard:wasm [guard:github] WARN: Backend call search_repositories failed with code -1 +461µs
guard:wasm [guard:github] INFO: >>> call_backend: tool=issue_read +521µs
guard:wasm [guard:github] DEBUG:     args={"issue_number":"6391","method":"get","owner":"apache","repo":"cloudstack"} +225µs
guard:wasm WASM guard calling backend: tool=issue_read +257µs
server:unified [DIFC] Guard calling backend github tool issue_read for metadata +6ms
server:unified executeBackendToolCall: serverID=github, toolName=issue_read +228µs
launcher:launcher Checking session pool: serverID=github, sessionID=82ETMfnFu36zOUTFvF5DvaYhGvCyRqzWHl94ozcKa3T25DueoUaz61vzUl +6ms
launcher:pool Reusing connection: backend=github, session=82ETMfnFu36zOUTFvF5DvaYhGvCyRqzWHl94ozcKa3T25DueoUaz61vzUl, requests=122 +6ms
mcp:connection Dispatching SDK method: tools/call, serverID=github +6ms
mcp:connection callTool: parsed name=issue_read, argumentCount=4 +243µs
guard:wasm [guard:github] INFO: <<< call_backend returned 3513 bytes +1.2s
guard:wasm [guard:github] DEBUG: extract_mcp_response: top-level keys=["content"] +340µs
guard:wasm [guard:github] DEBUG: extract_mcp_response: found content array with 1 items +265µs
guard:wasm [guard:github] DEBUG: extract_mcp_response: found text field, len=3276 +303µs
guard:wasm [guard:github] DEBUG: extract_mcp_response: parsed content[0].text as JSON +360µs
guard:wasm [guard:github] DEBUG: [integrity] issue:apache/cloudstack#6391 enriched author_association='CONTRIBUTOR' +276µs
guard:wasm [guard:github] DEBUG: [integrity] issue:apache/cloudstack#6391: author_association floor below writer (rank=2), checking collaborator permission for DaanHoogland +281µs
guard:wasm [guard:github] DEBUG: get_collaborator_permission: cache hit for apache/cloudstack user DaanHoogland → permission=Some("write") +243µs
guard:wasm [guard:github] DEBUG: [integrity] issue:apache/cloudstack#6391: collaborator permission=Some("write") → merged rank=3 +270µs
guard:wasm [guard:github] DEBUG: Checking repo visibility for apache/cloudstack +268µs
guard:wasm [guard:github] INFO: >>> call_backend: tool=search_repositories +285µs
guard:wasm [guard:github] DEBUG:     args={"perPage":10,"query":"repo:apache/cloudstack"} +282µs
guard:wasm WASM guard calling backend: tool=search_repositories +328µs
server:unified [DIFC] Guard calling backend github tool search_repositories for metadata +1.2s
server:unified executeBackendToolCall: serverID=github, toolName=search_repositories +264µs
launcher:launcher Checking session pool: serverID=github, sessionID=82ETMfnFu36zOUTFvF5DvaYhGvCyRqzWHl94ozcKa3T25DueoUaz61vzUl +1.2s
launcher:pool Reusing connection: backend=github, session=82ETMfnFu36zOUTFvF5DvaYhGvCyRqzWHl94ozcKa3T25DueoUaz61vzUl, requests=123 +1.2s
mcp:connection Dispatching SDK method: tools/call, serverID=github +1.2s
mcp:connection callTool: parsed name=search_repositories, argumentCount=2 +241µs
guard:wasm Backend call failed: calling "tools/call": unknown tool "search_repositories" +4ms
guard:wasm [guard:github] ERROR: <<< call_backend FAILED with code -1 +238µs
guard:wasm [guard:github] WARN: Backend call search_repositories failed with code -1 +469µs
guard:wasm [guard:github] INFO: >>> call_backend: tool=issue_read +582µs
guard:wasm [guard:github] DEBUG:     args={"issue_number":"6424","method":"get","owner":"apache","repo":"cloudstack"} +263µs
guard:wasm WASM guard calling backend: tool=issue_read +284µs
server:unified [DIFC] Guard calling backend github tool issue_read for metadata +6ms
server:unified executeBackendToolCall: serverID=github, toolName=issue_read +255µs
launcher:launcher Checking session pool: serverID=github, sessionID=82ETMfnFu36zOUTFvF5DvaYhGvCyRqzWHl94ozcKa3T25DueoUaz61vzUl +6ms
launcher:pool Reusing connection: backend=github, session=82ETMfnFu36zOUTFvF5DvaYhGvCyRqzWHl94ozcKa3T25DueoUaz61vzUl, requests=124 +6ms
mcp:connection Dispatching SDK method: tools/call, serverID=github +6ms
mcp:connection callTool: parsed name=issue_read, argumentCount=4 +246µs
guard:wasm [guard:github] INFO: <<< call_backend returned 1219 bytes +241ms
guard:wasm [guard:github] DEBUG: extract_mcp_response: top-level keys=["content"] +287µs
guard:wasm [guard:github] DEBUG: extract_mcp_response: found content array with 1 items +327µs
guard:wasm [guard:github] DEBUG: extract_mcp_response: found text field, len=1090 +270µs
guard:wasm [guard:github] DEBUG: extract_mcp_response: parsed content[0].text as JSON +306µs
guard:wasm [guard:github] DEBUG: [integrity] issue:apache/cloudstack#6424 enriched author_association='CONTRIBUTOR' +302µs
guard:wasm [guard:github] DEBUG: [integrity] issue:apache/cloudstack#6424: author_association floor below writer (rank=2), checking collaborator permission for GutoVeronezi +275µs
guard:wasm [guard:github] DEBUG: get_collaborator_permission: cache hit for apache/cloudstack user GutoVeronezi → permission=Some("write") +247µs
guard:wasm [guard:github] DEBUG: [integrity] issue:apache/cloudstack#6424: collaborator permission=Some("write") → merged rank=3 +252µs
guard:wasm [guard:github] DEBUG: Checking repo visibility for apache/cloudstack +349µs
guard:wasm [guard:github] INFO: >>> call_backend: tool=search_repositories +298µs
guard:wasm [guard:github] DEBUG:     args={"perPage":10,"query":"repo:apache/cloudstack"} +258µs
guard:wasm WASM guard calling backend: tool=search_repositories +298µs
server:unified [DIFC] Guard calling backend github tool search_repositories for metadata +244ms
server:unified executeBackendToolCall: serverID=github, toolName=search_repositories +260µs
launcher:launcher Checking session pool: serverID=github, sessionID=82ETMfnFu36zOUTFvF5DvaYhGvCyRqzWHl94ozcKa3T25DueoUaz61vzUl +245ms
launcher:pool Reusing connection: backend=github, session=82ETMfnFu36zOUTFvF5DvaYhGvCyRqzWHl94ozcKa3T25DueoUaz61vzUl, requests=125 +245ms
mcp:connection Dispatching SDK method: tools/call, serverID=github +244ms
mcp:connection callTool: parsed name=search_repositories, argumentCount=2 +237µs
guard:wasm Backend call failed: calling "tools/call": unknown tool "search_repositories" +5ms
guard:wasm [guard:github] ERROR: <<< call_backend FAILED with code -1 +270µs
guard:wasm [guard:github] WARN: Backend call search_repositories failed with code -1 +598µs
guard:wasm [guard:github] INFO: >>> call_backend: tool=issue_read +553µs
guard:wasm [guard:github] DEBUG:     args={"issue_number":"6647","method":"get","owner":"apache","repo":"cloudstack"} +248µs
guard:wasm WASM guard calling backend: tool=issue_read +253µs
server:unified [DIFC] Guard calling backend github tool issue_read for metadata +6ms
server:unified executeBackendToolCall: serverID=github, toolName=issue_read +239µs
launcher:launcher Checking session pool: serverID=github, sessionID=82ETMfnFu36zOUTFvF5DvaYhGvCyRqzWHl94ozcKa3T25DueoUaz61vzUl +7ms
launcher:pool Reusing connection: backend=github, session=82ETMfnFu36zOUTFvF5DvaYhGvCyRqzWHl94ozcKa3T25DueoUaz61vzUl, requests=126 +7ms
mcp:connection Dispatching SDK method: tools/call, serverID=github +6ms
mcp:connection callTool: parsed name=issue_read, argumentCount=4 +282µs
guard:wasm [guard:github] INFO: <<< call_backend returned 2606 bytes +254ms
guard:wasm [guard:github] DEBUG: extract_mcp_response: top-level keys=["content"] +316µs
guard:wasm [guard:github] DEBUG: extract_mcp_response: found content array with 1 items +259µs
guard:wasm [guard:github] DEBUG: extract_mcp_response: found text field, len=2414 +219µs
guard:wasm [guard:github] DEBUG: extract_mcp_response: parsed content[0].text as JSON +347µs
guard:wasm [guard:github] DEBUG: [integrity] issue:apache/cloudstack#6647 enriched author_association='NONE' +293µs
guard:wasm [guard:github] DEBUG: [integrity] issue:apache/cloudstack#6647: author_association floor below writer (rank=2), checking collaborator permission for gg4126 +299µs
guard:wasm [guard:github] DEBUG: get_collaborator_permission: cache hit for apache/cloudstack user gg4126 → permission=Some("read") +291µs
guard:wasm [guard:github] DEBUG: [integrity] issue:apache/cloudstack#6647: collaborator permission=Some("read") → merged rank=2 +303µs
guard:wasm [guard:github] DEBUG: Checking repo visibility for apache/cloudstack +303µs
guard:wasm [guard:github] INFO: >>> call_backend: tool=search_repositories +291µs
guard:wasm [guard:github] DEBUG:     args={"perPage":10,"query":"repo:apache/cloudstack"} +235µs
guard:wasm WASM guard calling backend: tool=search_repositories +240µs
server:unified [DIFC] Guard calling backend github tool search_repositories for metadata +257ms
server:unified executeBackendToolCall: serverID=github, toolName=search_repositories +264µs
launcher:launcher Checking session pool: serverID=github, sessionID=82ETMfnFu36zOUTFvF5DvaYhGvCyRqzWHl94ozcKa3T25DueoUaz61vzUl +258ms
launcher:pool Reusing connection: backend=github, session=82ETMfnFu36zOUTFvF5DvaYhGvCyRqzWHl94ozcKa3T25DueoUaz61vzUl, requests=127 +258ms
mcp:connection Dispatching SDK method: tools/call, serverID=github +258ms
mcp:connection callTool: parsed name=search_repositories, argumentCount=2 +278µs
guard:wasm Backend call failed: calling "tools/call": unknown tool "search_repositories" +5ms
guard:wasm [guard:github] ERROR: <<< call_backend FAILED with code -1 +242µs
guard:wasm [guard:github] WARN: Backend call search_repositories failed with code -1 +482µs
guard:wasm [guard:github] INFO: >>> call_backend: tool=issue_read +456µs
guard:wasm [guard:github] DEBUG:     args={"issue_number":"6672","method":"get","owner":"apache","repo":"cloudstack"} +1ms
guard:wasm WASM guard calling backend: tool=issue_read +304µs
server:unified [DIFC] Guard calling backend github tool issue_read for metadata +7ms
server:unified executeBackendToolCall: serverID=github, toolName=issue_read +229µs
launcher:launcher Checking session pool: serverID=github, sessionID=82ETMfnFu36zOUTFvF5DvaYhGvCyRqzWHl94ozcKa3T25DueoUaz61vzUl +7ms
launcher:pool Reusing connection: backend=github, session=82ETMfnFu36zOUTFvF5DvaYhGvCyRqzWHl94ozcKa3T25DueoUaz61vzUl, requests=128 +7ms
mcp:connection Dispatching SDK method: tools/call, serverID=github +7ms
mcp:connection callTool: parsed name=issue_read, argumentCount=4 +247µs
guard:wasm [guard:github] INFO: <<< call_backend returned 1716 bytes +214ms
guard:wasm [guard:github] DEBUG: extract_mcp_response: top-level keys=["content"] +322µs
guard:wasm [guard:github] DEBUG: extract_mcp_response: found content array with 1 items +262µs
guard:wasm [guard:github] DEBUG: extract_mcp_response: found text field, len=1552 +254µs
guard:wasm [guard:github] DEBUG: extract_mcp_response: parsed content[0].text as JSON +306µs
guard:wasm [guard:github] DEBUG: [integrity] issue:apache/cloudstack#6672 enriched author_association='NONE' +262µs
guard:wasm [guard:github] DEBUG: [integrity] issue:apache/cloudstack#6672: author_association floor below writer (rank=2), checking collaborator permission for atmaniak +262µs
guard:wasm [guard:github] DEBUG: get_collaborator_permission: cache hit for apache/cloudstack user atmaniak → permission=Some("read") +311µs
guard:wasm [guard:github] DEBUG: [integrity] issue:apache/cloudstack#6672: collaborator permission=Some("read") → merged rank=2 +261µs
guard:wasm [guard:github] DEBUG: Checking repo visibility for apache/cloudstack +259µs
guard:wasm [guard:github] INFO: >>> call_backend: tool=search_repositories +295µs
guard:wasm [guard:github] DEBUG:     args={"perPage":10,"query":"repo:apache/cloudstack"} +223µs
guard:wasm WASM guard calling backend: tool=search_repositories +223µs
server:unified [DIFC] Guard calling backend github tool search_repositories for metadata +217ms
server:unified executeBackendToolCall: serverID=github, toolName=search_repositories +234µs
launcher:launcher Checking session pool: serverID=github, sessionID=82ETMfnFu36zOUTFvF5DvaYhGvCyRqzWHl94ozcKa3T25DueoUaz61vzUl +218ms
launcher:pool Reusing connection: backend=github, session=82ETMfnFu36zOUTFvF5DvaYhGvCyRqzWHl94ozcKa3T25DueoUaz61vzUl, requests=129 +218ms
mcp:connection Dispatching SDK method: tools/call, serverID=github +217ms
mcp:connection callTool: parsed name=search_repositories, argumentCount=2 +278µs
guard:wasm Backend call failed: calling "tools/call": unknown tool "search_repositories" +4ms
guard:wasm [guard:github] ERROR: <<< call_backend FAILED with code -1 +283µs
guard:wasm [guard:github] WARN: Backend call search_repositories failed with code -1 +509µs
guard:wasm [guard:github] INFO: >>> call_backend: tool=issue_read +540µs
guard:wasm [guard:github] DEBUG:     args={"issue_number":"6703","method":"get","owner":"apache","repo":"cloudstack"} +249µs
guard:wasm WASM guard calling backend: tool=issue_read +310µs
server:unified [DIFC] Guard calling backend github tool issue_read for metadata +6ms
server:unified executeBackendToolCall: serverID=github, toolName=issue_read +242µs
launcher:launcher Checking session pool: serverID=github, sessionID=82ETMfnFu36zOUTFvF5DvaYhGvCyRqzWHl94ozcKa3T25DueoUaz61vzUl +6ms
launcher:pool Reusing connection: backend=github, session=82ETMfnFu36zOUTFvF5DvaYhGvCyRqzWHl94ozcKa3T25DueoUaz61vzUl, requests=130 +6ms
mcp:connection Dispatching SDK method: tools/call, serverID=github +6ms
mcp:connection callTool: parsed name=issue_read, argumentCount=4 +259µs
guard:wasm [guard:github] INFO: <<< call_backend returned 1699 bytes +245ms
guard:wasm [guard:github] DEBUG: extract_mcp_response: top-level keys=["content"] +351µs
guard:wasm [guard:github] DEBUG: extract_mcp_response: found content array with 1 items +269µs
guard:wasm [guard:github] DEBUG: extract_mcp_response: found text field, len=1517 +251µs
guard:wasm [guard:github] DEBUG: extract_mcp_response: parsed content[0].text as JSON +355µs
guard:wasm [guard:github] DEBUG: [integrity] issue:apache/cloudstack#6703 enriched author_association='NONE' +230µs
guard:wasm [guard:github] DEBUG: [integrity] issue:apache/cloudstack#6703: author_association floor below writer (rank=2), checking collaborator permission for Hudratronium +239µs
guard:wasm [guard:github] DEBUG: get_collaborator_permission: cache hit for apache/cloudstack user Hudratronium → permission=Some("read") +400µs
guard:wasm [guard:github] DEBUG: [integrity] issue:apache/cloudstack#6703: collaborator permission=Some("read") → merged rank=2 +214µs
guard:wasm [guard:github] DEBUG: Checking repo visibility for apache/cloudstack +224µs
guard:wasm [guard:github] INFO: >>> call_backend: tool=search_repositories +216µs
guard:wasm [guard:github] DEBUG:     args={"perPage":10,"query":"repo:apache/cloudstack"} +248µs
guard:wasm WASM guard calling backend: tool=search_repositories +210µs
server:unified [DIFC] Guard calling backend github tool search_repositories for metadata +248ms
server:unified executeBackendToolCall: serverID=github, toolName=search_repositories +244µs
launcher:launcher Checking session pool: serverID=github, sessionID=82ETMfnFu36zOUTFvF5DvaYhGvCyRqzWHl94ozcKa3T25DueoUaz61vzUl +249ms
launcher:pool Reusing connection: backend=github, session=82ETMfnFu36zOUTFvF5DvaYhGvCyRqzWHl94ozcKa3T25DueoUaz61vzUl, requests=131 +249ms
mcp:connection Dispatching SDK method: tools/call, serverID=github +248ms
mcp:connection callTool: parsed name=search_repositories, argumentCount=2 +268µs
guard:wasm Backend call failed: calling "tools/call": unknown tool "search_repositories" +4ms
guard:wasm [guard:github] ERROR: <<< call_backend FAILED with code -1 +227µs
guard:wasm [guard:github] WARN: Backend call search_repositories failed with code -1 +429µs
guard:wasm [guard:github] INFO: >>> call_backend: tool=issue_read +450µs
guard:wasm [guard:github] DEBUG:     args={"issue_number":"6714","method":"get","owner":"apache","repo":"cloudstack"} +203µs
guard:wasm WASM guard calling backend: tool=issue_read +230µs
server:unified [DIFC] Guard calling backend github tool issue_read for metadata +6ms
server:unified executeBackendToolCall: serverID=github, toolName=issue_read +244µs
launcher:launcher Checking session pool: serverID=github, sessionID=82ETMfnFu36zOUTFvF5DvaYhGvCyRqzWHl94ozcKa3T25DueoUaz61vzUl +6ms
launcher:pool Reusing connection: backend=github, session=82ETMfnFu36zOUTFvF5DvaYhGvCyRqzWHl94ozcKa3T25DueoUaz61vzUl, requests=132 +6ms
mcp:connection Dispatching SDK method: tools/call, serverID=github +6ms
mcp:connection callTool: parsed name=issue_read, argumentCount=4 +267µs
guard:wasm [guard:github] INFO: <<< call_backend returned 1154 bytes +248ms
guard:wasm [guard:github] DEBUG: extract_mcp_response: top-level keys=["content"] +273µs
guard:wasm [guard:github] DEBUG: extract_mcp_response: found content array with 1 items +258µs
guard:wasm [guard:github] DEBUG: extract_mcp_response: found text field, len=1020 +253µs
guard:wasm [guard:github] DEBUG: extract_mcp_response: parsed content[0].text as JSON +283µs
guard:wasm [guard:github] DEBUG: [integrity] issue:apache/cloudstack#6714 enriched author_association='CONTRIBUTOR' +302µs
guard:wasm [guard:github] DEBUG: [integrity] issue:apache/cloudstack#6714: author_association floor below writer (rank=2), checking collaborator permission for NuxRo +280µs
guard:wasm [guard:github] DEBUG: get_collaborator_permission: cache hit for apache/cloudstack user NuxRo → permission=Some("write") +269µs
guard:wasm [guard:github] DEBUG: [integrity] issue:apache/cloudstack#6714: collaborator permission=Some("write") → merged rank=3 +250µs
guard:wasm [guard:github] DEBUG: Checking repo visibility for apache/cloudstack +277µs
guard:wasm [guard:github] INFO: >>> call_backend: tool=search_repositories +262µs
guard:wasm [guard:github] DEBUG:     args={"perPage":10,"query":"repo:apache/cloudstack"} +232µs
guard:wasm WASM guard calling backend: tool=search_repositories +273µs
server:unified [DIFC] Guard calling backend github tool search_repositories for metadata +251ms
server:unified executeBackendToolCall: serverID=github, toolName=search_repositories +230µs
launcher:launcher Checking session pool: serverID=github, sessionID=82ETMfnFu36zOUTFvF5DvaYhGvCyRqzWHl94ozcKa3T25DueoUaz61vzUl +251ms
launcher:pool Reusing connection: backend=github, session=82ETMfnFu36zOUTFvF5DvaYhGvCyRqzWHl94ozcKa3T25DueoUaz61vzUl, requests=133 +251ms
mcp:connection Dispatching SDK method: tools/call, serverID=github +250ms
mcp:connection callTool: parsed name=search_repositories, argumentCount=2 +273µs
guard:wasm Backend call failed: calling "tools/call": unknown tool "search_repositories" +4ms
guard:wasm [guard:github] ERROR: <<< call_backend FAILED with code -1 +273µs
guard:wasm [guard:github] WARN: Backend call search_repositories failed with code -1 +453µs
guard:wasm [guard:github] INFO: >>> call_backend: tool=issue_read +475µs
guard:wasm [guard:github] DEBUG:     args={"issue_number":"6715","method":"get","owner":"apache","repo":"cloudstack"} +234µs
guard:wasm WASM guard calling backend: tool=issue_read +240µs
server:unified [DIFC] Guard calling backend github tool issue_read for metadata +6ms
server:unified executeBackendToolCall: serverID=github, toolName=issue_read +239µs
launcher:launcher Checking session pool: serverID=github, sessionID=82ETMfnFu36zOUTFvF5DvaYhGvCyRqzWHl94ozcKa3T25DueoUaz61vzUl +6ms
launcher:pool Reusing connection: backend=github, session=82ETMfnFu36zOUTFvF5DvaYhGvCyRqzWHl94ozcKa3T25DueoUaz61vzUl, requests=134 +6ms
mcp:connection Dispatching SDK method: tools/call, serverID=github +6ms
mcp:connection callTool: parsed name=issue_read, argumentCount=4 +270µs
guard:wasm [guard:github] INFO: <<< call_backend returned 3913 bytes +268ms
guard:wasm [guard:github] DEBUG: extract_mcp_response: top-level keys=["content"] +336µs
guard:wasm [guard:github] DEBUG: extract_mcp_response: found content array with 1 items +264µs
guard:wasm [guard:github] DEBUG: extract_mcp_response: found text field, len=3713 +242µs
guard:wasm [guard:github] DEBUG: extract_mcp_response: parsed content[0].text as JSON +298µs
guard:wasm [guard:github] DEBUG: [integrity] issue:apache/cloudstack#6715 enriched author_association='CONTRIBUTOR' +254µs
guard:wasm [guard:github] DEBUG: [integrity] issue:apache/cloudstack#6715: author_association floor below writer (rank=2), checking collaborator permission for Rubueno +236µs
guard:wasm [guard:github] DEBUG: get_collaborator_permission: cache hit for apache/cloudstack user Rubueno → permission=Some("read") +251µs
guard:wasm [guard:github] DEBUG: [integrity] issue:apache/cloudstack#6715: collaborator permission=Some("read") → merged rank=2 +248µs
guard:wasm [guard:github] DEBUG: Checking repo visibility for apache/cloudstack +341µs
guard:wasm [guard:github] INFO: >>> call_backend: tool=search_repositories +258µs
guard:wasm [guard:github] DEBUG:     args={"perPage":10,"query":"repo:apache/cloudstack"} +232µs
guard:wasm WASM guard calling backend: tool=search_repositories +229µs
server:unified [DIFC] Guard calling backend github tool search_repositories for metadata +271ms
server:unified executeBackendToolCall: serverID=github, toolName=search_repositories +224µs
launcher:launcher Checking session pool: serverID=github, sessionID=82ETMfnFu36zOUTFvF5DvaYhGvCyRqzWHl94ozcKa3T25DueoUaz61vzUl +271ms
launcher:pool Reusing connection: backend=github, session=82ETMfnFu36zOUTFvF5DvaYhGvCyRqzWHl94ozcKa3T25DueoUaz61vzUl, requests=135 +271ms
mcp:connection Dispatching SDK method: tools/call, serverID=github +271ms
mcp:connection callTool: parsed name=search_repositories, argumentCount=2 +283µs
guard:wasm Backend call failed: calling "tools/call": unknown tool "search_repositories" +5ms
guard:wasm [guard:github] ERROR: <<< call_backend FAILED with code -1 +269µs
guard:wasm [guard:github] WARN: Backend call search_repositories failed with code -1 +439µs
guard:wasm [guard:github] INFO: >>> call_backend: tool=issue_read +474µs
guard:wasm [guard:github] DEBUG:     args={"issue_number":"6718","method":"get","owner":"apache","repo":"cloudstack"} +229µs
guard:wasm WASM guard calling backend: tool=issue_read +238µs
server:unified [DIFC] Guard calling backend github tool issue_read for metadata +6ms
server:unified executeBackendToolCall: serverID=github, toolName=issue_read +231µs
launcher:launcher Checking session pool: serverID=github, sessionID=82ETMfnFu36zOUTFvF5DvaYhGvCyRqzWHl94ozcKa3T25DueoUaz61vzUl +6ms
launcher:pool Reusing connection: backend=github, session=82ETMfnFu36zOUTFvF5DvaYhGvCyRqzWHl94ozcKa3T25DueoUaz61vzUl, requests=136 +6ms
launcher:launcher Retrieved server IDs: count=2, ids=[github safeoutputs] +1ms
mcp:connection Dispatching SDK method: tools/call, serverID=github +6ms
launcher:health Running health check: checking 2 servers +30.0s
mcp:connection callTool: parsed name=issue_read, argumentCount=4 +754µs
guard:wasm [guard:github] INFO: <<< call_backend returned 1688 bytes +205ms
guard:wasm [guard:github] DEBUG: extract_mcp_response: top-level keys=["content"] +309µs
guard:wasm [guard:github] DEBUG: extract_mcp_response: found content array with 1 items +265µs
guard:wasm [guard:github] DEBUG: extract_mcp_response: found text field, len=1517 +264µs
guard:wasm [guard:github] DEBUG: extract_mcp_response: parsed content[0].text as JSON +352µs
guard:wasm [guard:github] DEBUG: [integrity] issue:apache/cloudstack#6718 enriched author_association='NONE' +284µs
guard:wasm [guard:github] DEBUG: Checking repo visibility for apache/cloudstack +268µs
guard:wasm [guard:github] INFO: >>> call_backend: tool=search_repositories +309µs
guard:wasm [guard:github] DEBUG:     args={"perPage":10,"query":"repo:apache/cloudstack"} +254µs
guard:wasm WASM guard calling backend: tool=search_repositories +241µs
server:unified [DIFC] Guard calling backend github tool search_repositories for metadata +208ms
server:unified executeBackendToolCall: serverID=github, toolName=search_repositories +223µs
launcher:launcher Checking session pool: serverID=github, sessionID=82ETMfnFu36zOUTFvF5DvaYhGvCyRqzWHl94ozcKa3T25DueoUaz61vzUl +206ms
launcher:pool Reusing connection: backend=github, session=82ETMfnFu36zOUTFvF5DvaYhGvCyRqzWHl94ozcKa3T25DueoUaz61vzUl, requests=137 +208ms
mcp:connection Dispatching SDK method: tools/call, serverID=github +207ms
mcp:connection callTool: parsed name=search_repositories, argumentCount=2 +258µs
guard:wasm Backend call failed: calling "tools/call": unknown tool "search_repositories" +4ms
guard:wasm [guard:github] ERROR: <<< call_backend FAILED with code -1 +247µs
guard:wasm [guard:github] WARN: Backend call search_repositories failed with code -1 +598µs
guard:wasm [guard:github] INFO: >>> call_backend: tool=issue_read +631µs
guard:wasm [guard:github] DEBUG:     args={"issue_number":"6726","method":"get","owner":"apache","repo":"cloudstack"} +281µs
guard:wasm WASM guard calling backend: tool=issue_read +419µs
server:unified [DIFC] Guard calling backend github tool issue_read for metadata +7ms
server:unified executeBackendToolCall: serverID=github, toolName=issue_read +275µs
launcher:launcher Checking session pool: serverID=github, sessionID=82ETMfnFu36zOUTFvF5DvaYhGvCyRqzWHl94ozcKa3T25DueoUaz61vzUl +7ms
launcher:pool Reusing connection: backend=github, session=82ETMfnFu36zOUTFvF5DvaYhGvCyRqzWHl94ozcKa3T25DueoUaz61vzUl, requests=138 +7ms
mcp:connection Dispatching SDK method: tools/call, serverID=github +7ms
mcp:connection callTool: parsed name=issue_read, argumentCount=4 +249µs
guard:wasm [guard:github] INFO: <<< call_backend returned 2347 bytes +234ms
guard:wasm [guard:github] DEBUG: extract_mcp_response: top-level keys=["content"] +283µs
guard:wasm [guard:github] DEBUG: extract_mcp_response: found content array with 1 items +246µs
guard:wasm [guard:github] DEBUG: extract_mcp_response: found text field, len=2150 +241µs
guard:wasm [guard:github] DEBUG: extract_mcp_response: parsed content[0].text as JSON +321µs
guard:wasm [guard:github] DEBUG: [integrity] issue:apache/cloudstack#6726 enriched author_association='CONTRIBUTOR' +274µs
guard:wasm [guard:github] DEBUG: [integrity] issue:apache/cloudstack#6726: author_association floor below writer (rank=2), checking collaborator permission for mrog +252µs
guard:wasm [guard:github] DEBUG: get_collaborator_permission: cache hit for apache/cloudstack user mrog → permission=Some("read") +263µs
guard:wasm [guard:github] DEBUG: [integrity] issue:apache/cloudstack#6726: collaborator permission=Some("read") → merged rank=2 +394µs
guard:wasm [guard:github] DEBUG: Checking repo visibility for apache/cloudstack +297µs
guard:wasm [guard:github] INFO: >>> call_backend: tool=search_repositories +270µs
guard:wasm [guard:github] DEBUG:     args={"perPage":10,"query":"repo:apache/cloudstack"} +317µs
guard:wasm WASM guard calling backend: tool=search_repositories +290µs
server:unified [DIFC] Guard calling backend github tool search_repositories for metadata +237ms
server:unified executeBackendToolCall: serverID=github, toolName=search_repositories +270µs
launcher:launcher Checking session pool: serverID=github, sessionID=82ETMfnFu36zOUTFvF5DvaYhGvCyRqzWHl94ozcKa3T25DueoUaz61vzUl +237ms
launcher:pool Reusing connection: backend=github, session=82ETMfnFu36zOUTFvF5DvaYhGvCyRqzWHl94ozcKa3T25DueoUaz61vzUl, requests=139 +237ms
mcp:connection Dispatching SDK method: tools/call, serverID=github +237ms
mcp:connection callTool: parsed name=search_repositories, argumentCount=2 +324µs
guard:wasm Backend call failed: calling "tools/call": unknown tool "search_repositories" +5ms
guard:wasm [guard:github] ERROR: <<< call_backend FAILED with code -1 +224µs
guard:wasm [guard:github] WARN: Backend call search_repositories failed with code -1 +477µs
guard:wasm [guard:github] INFO: >>> call_backend: tool=issue_read +494µs
guard:wasm [guard:github] DEBUG:     args={"issue_number":"6746","method":"get","owner":"apache","repo":"cloudstack"} +250µs
guard:wasm WASM guard calling backend: tool=issue_read +315µs
server:unified [DIFC] Guard calling backend github tool issue_read for metadata +6ms
server:unified executeBackendToolCall: serverID=github, toolName=issue_read +240µs
launcher:launcher Checking session pool: serverID=github, sessionID=82ETMfnFu36zOUTFvF5DvaYhGvCyRqzWHl94ozcKa3T25DueoUaz61vzUl +6ms
launcher:pool Reusing connection: backend=github, session=82ETMfnFu36zOUTFvF5DvaYhGvCyRqzWHl94ozcKa3T25DueoUaz61vzUl, requests=140 +6ms
mcp:connection Dispatching SDK method: tools/call, serverID=github +6ms
mcp:connection callTool: parsed name=issue_read, argumentCount=4 +246µs
guard:wasm [guard:github] INFO: <<< call_backend returned 2771 bytes +205ms
guard:wasm [guard:github] DEBUG: extract_mcp_response: top-level keys=["content"] +282µs
guard:wasm [guard:github] DEBUG: extract_mcp_response: found content array with 1 items +276µs
guard:wasm [guard:github] DEBUG: extract_mcp_response: found text field, len=2616 +309µs
guard:wasm [guard:github] DEBUG: extract_mcp_response: parsed content[0].text as JSON +288µs
guard:wasm [guard:github] DEBUG: [integrity] issue:apache/cloudstack#6746 enriched author_association='CONTRIBUTOR' +288µs
guard:wasm [guard:github] DEBUG: [integrity] issue:apache/cloudstack#6746: author_association floor below writer (rank=2), checking collaborator permission for mlsorensen +286µs
guard:wasm [guard:github] DEBUG: get_collaborator_permission: cache hit for apache/cloudstack user mlsorensen → permission=Some("write") +283µs
guard:wasm [guard:github] DEBUG: [integrity] issue:apache/cloudstack#6746: collaborator permission=Some("write") → merged rank=3 +250µs
guard:wasm [guard:github] DEBUG: Checking repo visibility for apache/cloudstack +286µs
guard:wasm [guard:github] INFO: >>> call_backend: tool=search_repositories +318µs
guard:wasm [guard:github] DEBUG:     args={"perPage":10,"query":"repo:apache/cloudstack"} +344µs
guard:wasm WASM guard calling backend: tool=search_repositories +234µs
server:unified [DIFC] Guard calling backend github tool search_repositories for metadata +208ms
server:unified executeBackendToolCall: serverID=github, toolName=search_repositories +225µs
launcher:launcher Checking session pool: serverID=github, sessionID=82ETMfnFu36zOUTFvF5DvaYhGvCyRqzWHl94ozcKa3T25DueoUaz61vzUl +208ms
launcher:pool Reusing connection: backend=github, session=82ETMfnFu36zOUTFvF5DvaYhGvCyRqzWHl94ozcKa3T25DueoUaz61vzUl, requests=141 +208ms
mcp:connection Dispatching SDK method: tools/call, serverID=github +208ms
mcp:connection callTool: parsed name=search_repositories, argumentCount=2 +233µs
guard:wasm Backend call failed: calling "tools/call": unknown tool "search_repositories" +5ms
guard:wasm [guard:github] ERROR: <<< call_backend FAILED with code -1 +296µs
guard:wasm [guard:github] WARN: Backend call search_repositories failed with code -1 +518µs
guard:wasm [guard:github] INFO: >>> call_backend: tool=issue_read +494µs
guard:wasm [guard:github] DEBUG:     args={"issue_number":"6819","method":"get","owner":"apache","repo":"cloudstack"} +271µs
guard:wasm WASM guard calling backend: tool=issue_read +275µs
server:unified [DIFC] Guard calling backend github tool issue_read for metadata +7ms
server:unified executeBackendToolCall: serverID=github, toolName=issue_read +267µs
launcher:launcher Checking session pool: serverID=github, sessionID=82ETMfnFu36zOUTFvF5DvaYhGvCyRqzWHl94ozcKa3T25DueoUaz61vzUl +7ms
launcher:pool Reusing connection: backend=github, session=82ETMfnFu36zOUTFvF5DvaYhGvCyRqzWHl94ozcKa3T25DueoUaz61vzUl, requests=142 +7ms
mcp:connection Dispatching SDK method: tools/call, serverID=github +7ms
mcp:connection callTool: parsed name=issue_read, argumentCount=4 +313µs
guard:wasm [guard:github] INFO: <<< call_backend returned 1204 bytes +224ms
guard:wasm [guard:github] DEBUG: extract_mcp_response: top-level keys=["content"] +306µs
guard:wasm [guard:github] DEBUG: extract_mcp_response: found content array with 1 items +352µs
guard:wasm [guard:github] DEBUG: extract_mcp_response: found text field, len=1026 +279µs
guard:wasm [guard:github] DEBUG: extract_mcp_response: parsed content[0].text as JSON +295µs
guard:wasm [guard:github] DEBUG: [integrity] issue:apache/cloudstack#6819 enriched author_association='CONTRIBUTOR' +249µs
guard:wasm [guard:github] DEBUG: [integrity] issue:apache/cloudstack#6819: author_association floor below writer (rank=2), checking collaborator permission for DaanHoogland +256µs
guard:wasm [guard:github] DEBUG: get_collaborator_permission: cache hit for apache/cloudstack user DaanHoogland → permission=Some("write") +274µs
guard:wasm [guard:github] DEBUG: [integrity] issue:apache/cloudstack#6819: collaborator permission=Some("write") → merged rank=3 +287µs
guard:wasm [guard:github] DEBUG: Checking repo visibility for apache/cloudstack +251µs
guard:wasm [guard:github] INFO: >>> call_backend: tool=search_repositories +240µs
guard:wasm [guard:github] DEBUG:     args={"perPage":10,"query":"repo:apache/cloudstack"} +242µs
guard:wasm WASM guard calling backend: tool=search_repositories +230µs
server:unified [DIFC] Guard calling backend github tool search_repositories for metadata +227ms
server:unified executeBackendToolCall: serverID=github, toolName=search_repositories +220µs
launcher:launcher Checking session pool: serverID=github, sessionID=82ETMfnFu36zOUTFvF5DvaYhGvCyRqzWHl94ozcKa3T25DueoUaz61vzUl +227ms
launcher:pool Reusing connection: backend=github, session=82ETMfnFu36zOUTFvF5DvaYhGvCyRqzWHl94ozcKa3T25DueoUaz61vzUl, requests=143 +227ms
mcp:connection Dispatching SDK method: tools/call, serverID=github +226ms
mcp:connection callTool: parsed name=search_repositories, argumentCount=2 +234µs
guard:wasm Backend call failed: calling "tools/call": unknown tool "search_repositories" +4ms
guard:wasm [guard:github] ERROR: <<< call_backend FAILED with code -1 +293µs
guard:wasm [guard:github] WARN: Backend call search_repositories failed with code -1 +514µs
guard:wasm [guard:github] INFO: >>> call_backend: tool=issue_read +487µs
guard:wasm [guard:github] DEBUG:     args={"issue_number":"6827","method":"get","owner":"apache","repo":"cloudstack"} +244µs
guard:wasm WASM guard calling backend: tool=issue_read +258µs
server:unified [DIFC] Guard calling backend github tool issue_read for metadata +6ms
server:unified executeBackendToolCall: serverID=github, toolName=issue_read +214µs
launcher:launcher Checking session pool: serverID=github, sessionID=82ETMfnFu36zOUTFvF5DvaYhGvCyRqzWHl94ozcKa3T25DueoUaz61vzUl +6ms
launcher:pool Reusing connection: backend=github, session=82ETMfnFu36zOUTFvF5DvaYhGvCyRqzWHl94ozcKa3T25DueoUaz61vzUl, requests=144 +6ms
mcp:connection Dispatching SDK method: tools/call, serverID=github +6ms
mcp:connection callTool: parsed name=issue_read, argumentCount=4 +253µs
guard:wasm [guard:github] INFO: <<< call_backend returned 3794 bytes +188ms
guard:wasm [guard:github] DEBUG: extract_mcp_response: top-level keys=["content"] +393µs
guard:wasm [guard:github] DEBUG: extract_mcp_response: found content array with 1 items +327µs
guard:wasm [guard:github] DEBUG: extract_mcp_response: found text field, len=3591 +282µs
guard:wasm [guard:github] DEBUG: extract_mcp_response: parsed content[0].text as JSON +342µs
guard:wasm [guard:github] DEBUG: [integrity] issue:apache/cloudstack#6827 enriched author_association='NONE' +290µs
guard:wasm [guard:github] DEBUG: [integrity] issue:apache/cloudstack#6827: author_association floor below writer (rank=2), checking collaborator permission for nxsbi +256µs
guard:wasm [guard:github] DEBUG: get_collaborator_permission: cache hit for apache/cloudstack user nxsbi → permission=Some("read") +276µs
guard:wasm [guard:github] DEBUG: [integrity] issue:apache/cloudstack#6827: collaborator permission=Some("read") → merged rank=2 +227µs
guard:wasm [guard:github] DEBUG: Checking repo visibility for apache/cloudstack +263µs
guard:wasm [guard:github] INFO: >>> call_backend: tool=search_repositories +272µs
guard:wasm [guard:github] DEBUG:     args={"perPage":10,"query":"repo:apache/cloudstack"} +219µs
guard:wasm WASM guard calling backend: tool=search_repositories +296µs
server:unified [DIFC] Guard calling backend github tool search_repositories for metadata +191ms
server:unified executeBackendToolCall: serverID=github, toolName=search_repositories +252µs
launcher:launcher Checking session pool: serverID=github, sessionID=82ETMfnFu36zOUTFvF5DvaYhGvCyRqzWHl94ozcKa3T25DueoUaz61vzUl +191ms
launcher:pool Reusing connection: backend=github, session=82ETMfnFu36zOUTFvF5DvaYhGvCyRqzWHl94ozcKa3T25DueoUaz61vzUl, requests=145 +191ms
mcp:connection Dispatching SDK method: tools/call, serverID=github +191ms
mcp:connection callTool: parsed name=search_repositories, argumentCount=2 +248µs
guard:wasm Backend call failed: calling "tools/call": unknown tool "search_repositories" +4ms
guard:wasm [guard:github] ERROR: <<< call_backend FAILED with code -1 +292µs
guard:wasm [guard:github] WARN: Backend call search_repositories failed with code -1 +526µs
guard:wasm [guard:github] INFO: >>> call_backend: tool=issue_read +499µs
guard:wasm [guard:github] DEBUG:     args={"issue_number":"6849","method":"get","owner":"apache","repo":"cloudstack"} +278µs
guard:wasm WASM guard calling backend: tool=issue_read +270µs
server:unified [DIFC] Guard calling backend github tool issue_read for metadata +6ms
server:unified executeBackendToolCall: serverID=github, toolName=issue_read +237µs
launcher:launcher Checking session pool: serverID=github, sessionID=82ETMfnFu36zOUTFvF5DvaYhGvCyRqzWHl94ozcKa3T25DueoUaz61vzUl +6ms
launcher:pool Reusing connection: backend=github, session=82ETMfnFu36zOUTFvF5DvaYhGvCyRqzWHl94ozcKa3T25DueoUaz61vzUl, requests=146 +6ms
mcp:connection Dispatching SDK method: tools/call, serverID=github +6ms
mcp:connection callTool: parsed name=issue_read, argumentCount=4 +245µs
guard:wasm [guard:github] INFO: <<< call_backend returned 2165 bytes +230ms
guard:wasm [guard:github] DEBUG: extract_mcp_response: top-level keys=["content"] +305µs
guard:wasm [guard:github] DEBUG: extract_mcp_response: found content array with 1 items +730µs
guard:wasm [guard:github] DEBUG: extract_mcp_response: found text field, len=1969 +306µs
guard:wasm [guard:github] DEBUG: extract_mcp_response: parsed content[0].text as JSON +306µs
guard:wasm [guard:github] DEBUG: [integrity] issue:apache/cloudstack#6849 enriched author_association='MEMBER' +501µs
guard:wasm [guard:github] DEBUG: Checking repo visibility for apache/cloudstack +445µs
guard:wasm [guard:github] INFO: >>> call_backend: tool=search_repositories +335µs
guard:wasm [guard:github] DEBUG:     args={"perPage":10,"query":"repo:apache/cloudstack"} +275µs
guard:wasm WASM guard calling backend: tool=search_repositories +243µs
server:unified [DIFC] Guard calling backend github tool search_repositories for metadata +233ms
server:unified executeBackendToolCall: serverID=github, toolName=search_repositories +247µs
launcher:launcher Checking session pool: serverID=github, sessionID=82ETMfnFu36zOUTFvF5DvaYhGvCyRqzWHl94ozcKa3T25DueoUaz61vzUl +233ms
launcher:pool Reusing connection: backend=github, session=82ETMfnFu36zOUTFvF5DvaYhGvCyRqzWHl94ozcKa3T25DueoUaz61vzUl, requests=147 +233ms
mcp:connection Dispatching SDK method: tools/call, serverID=github +233ms
mcp:connection callTool: parsed name=search_repositories, argumentCount=2 +296µs
guard:wasm Backend call failed: calling "tools/call": unknown tool "search_repositories" +5ms
guard:wasm [guard:github] ERROR: <<< call_backend FAILED with code -1 +275µs
guard:wasm [guard:github] WARN: Backend call search_repositories failed with code -1 +514µs
guard:wasm [guard:github] INFO: >>> call_backend: tool=issue_read +503µs
guard:wasm [guard:github] DEBUG:     args={"issue_number":"6857","method":"get","owner":"apache","repo":"cloudstack"} +232µs
guard:wasm WASM guard calling backend: tool=issue_read +298µs
server:unified [DIFC] Guard calling backend github tool issue_read for metadata +6ms
server:unified executeBackendToolCall: serverID=github, toolName=issue_read +243µs
launcher:launcher Checking session pool: serverID=github, sessionID=82ETMfnFu36zOUTFvF5DvaYhGvCyRqzWHl94ozcKa3T25DueoUaz61vzUl +7ms
launcher:pool Reusing connection: backend=github, session=82ETMfnFu36zOUTFvF5DvaYhGvCyRqzWHl94ozcKa3T25DueoUaz61vzUl, requests=148 +7ms
mcp:connection Dispatching SDK method: tools/call, serverID=github +8ms
mcp:connection callTool: parsed name=issue_read, argumentCount=4 +274µs
guard:wasm [guard:github] INFO: <<< call_backend returned 1161 bytes +221ms
guard:wasm [guard:github] DEBUG: extract_mcp_response: top-level keys=["content"] +309µs
guard:wasm [guard:github] DEBUG: extract_mcp_response: found content array with 1 items +258µs
guard:wasm [guard:github] DEBUG: extract_mcp_response: found text field, len=1022 +230µs
guard:wasm [guard:github] DEBUG: extract_mcp_response: parsed content[0].text as JSON +310µs
guard:wasm [guard:github] DEBUG: [integrity] issue:apache/cloudstack#6857 enriched author_association='NONE' +291µs
guard:wasm [guard:github] DEBUG: [integrity] issue:apache/cloudstack#6857: author_association floor below writer (rank=2), checking collaborator permission for xuanyuanaosheng +266µs
guard:wasm [guard:github] DEBUG: get_collaborator_permission: fetching permission for apache/cloudstack user xuanyuanaosheng +303µs
guard:wasm [guard:github] INFO: >>> call_backend: tool=get_collaborator_permission +423µs
guard:wasm [guard:github] DEBUG:     args={"owner":"apache","repo":"cloudstack","username":"xuanyuanaosheng"} +303µs
guard:wasm WASM guard calling backend: tool=get_collaborator_permission +305µs
envutil:github Looking up GitHub token: checking 4 candidate env vars +24.7s
envutil:github GitHub token found: source=GITHUB_MCP_SERVER_TOKEN +238µs
envutil:github GitHub API URL using default:  +330µs
envutil:github Deriving API URL from server URL: https://github.com +280µs
envutil:github GitHub.com detected, using default API URL: https://api.github.com +233µs
envutil:github GitHub API URL derived from GITHUB_SERVER_URL=https://github.com: https://api.github.com +232µs
httputil:collaborator_permission FetchCollaboratorPermission: owner=apache, repo=cloudstack, username=xuanyuanaosheng, apiPath=/repos/apache/cloudstack/collaborators/xuanyuanaosheng/permission +24.5s
server:unified get_collaborator_permission: GET /repos/apache/cloudstack/collaborators/xuanyuanaosheng/permission (for apache/cloudstack user xuanyuanaosheng) +226ms
httputil:httputil GitHub GET: baseURL="https://api.github.com", path="/repos/apache/cloudstack/collaborators/xuanyuanaosheng/permission", hasAuth=true +24.5s
httputil:httputil Applying GitHub API headers: method="GET", path="/repos/apache/cloudstack/collaborators/xuanyuanaosheng/permission", hasAuth=true +290µs
httputil:httputil GitHub GET response: path="/repos/apache/cloudstack/collaborators/xuanyuanaosheng/permission", status=200 +190ms
httputil:collaborator_permission FetchCollaboratorPermission: response received: status=200, bodyLen=1169 +192ms
server:unified get_collaborator_permission: apache/cloudstack user xuanyuanaosheng → permission="read" (HTTP 200) +192ms
guard:wasm [guard:github] INFO: <<< call_backend returned 1306 bytes +194ms
guard:wasm [guard:github] DEBUG: extract_mcp_response: top-level keys=["content"] +294µs
guard:wasm [guard:github] DEBUG: extract_mcp_response: found content array with 1 items +246µs
guard:wasm [guard:github] DEBUG: extract_mcp_response: found text field, len=1169 +229µs
guard:wasm [guard:github] DEBUG: extract_mcp_response: parsed content[0].text as JSON +307µs
guard:wasm [guard:github] INFO: get_collaborator_permission: apache/cloudstack user xuanyuanaosheng → permission=Some("read") login=Some("xuanyuanaosheng") +249µs
guard:wasm [guard:github] DEBUG: [integrity] issue:apache/cloudstack#6857: collaborator permission=Some("read") → merged rank=2 +293µs
guard:wasm [guard:github] DEBUG: Checking repo visibility for apache/cloudstack +273µs
guard:wasm [guard:github] INFO: >>> call_backend: tool=search_repositories +311µs
guard:wasm [guard:github] DEBUG:     args={"perPage":10,"query":"repo:apache/cloudstack"} +267µs
guard:wasm WASM guard calling backend: tool=search_repositories +239µs
server:unified [DIFC] Guard calling backend github tool search_repositories for metadata +3ms
server:unified executeBackendToolCall: serverID=github, toolName=search_repositories +236µs
launcher:launcher Checking session pool: serverID=github, sessionID=82ETMfnFu36zOUTFvF5DvaYhGvCyRqzWHl94ozcKa3T25DueoUaz61vzUl +422ms
launcher:pool Reusing connection: backend=github, session=82ETMfnFu36zOUTFvF5DvaYhGvCyRqzWHl94ozcKa3T25DueoUaz61vzUl, requests=149 +422ms
mcp:connection Dispatching SDK method: tools/call, serverID=github +420ms
mcp:connection callTool: parsed name=search_repositories, argumentCount=2 +305µs
guard:wasm Backend call failed: calling "tools/call": unknown tool "search_repositories" +5ms
guard:wasm [guard:github] ERROR: <<< call_backend FAILED with code -1 +275µs
guard:wasm [guard:github] WARN: Backend call search_repositories failed with code -1 +438µs
guard:wasm [guard:github] INFO: >>> call_backend: tool=issue_read +490µs
guard:wasm [guard:github] DEBUG:     args={"issue_number":"6861","method":"get","owner":"apache","repo":"cloudstack"} +234µs
guard:wasm WASM guard calling backend: tool=issue_read +228µs
server:unified [DIFC] Guard calling backend github tool issue_read for metadata +6ms
server:unified executeBackendToolCall: serverID=github, toolName=issue_read +341µs
launcher:launcher Checking session pool: serverID=github, sessionID=82ETMfnFu36zOUTFvF5DvaYhGvCyRqzWHl94ozcKa3T25DueoUaz61vzUl +7ms
launcher:pool Reusing connection: backend=github, session=82ETMfnFu36zOUTFvF5DvaYhGvCyRqzWHl94ozcKa3T25DueoUaz61vzUl, requests=150 +7ms
mcp:connection Dispatching SDK method: tools/call, serverID=github +6ms
mcp:connection callTool: parsed name=issue_read, argumentCount=4 +294µs
guard:wasm [guard:github] INFO: <<< call_backend returned 2069 bytes +211ms
guard:wasm [guard:github] DEBUG: extract_mcp_response: top-level keys=["content"] +333µs
guard:wasm [guard:github] DEBUG: extract_mcp_response: found content array with 1 items +294µs
guard:wasm [guard:github] DEBUG: extract_mcp_response: found text field, len=1880 +288µs
guard:wasm [guard:github] DEBUG: extract_mcp_response: parsed content[0].text as JSON +314µs
guard:wasm [guard:github] DEBUG: [integrity] issue:apache/cloudstack#6861 enriched author_association='NONE' +279µs
guard:wasm [guard:github] DEBUG: [integrity] issue:apache/cloudstack#6861: author_association floor below writer (rank=2), checking collaborator permission for nxsbi +293µs
guard:wasm [guard:github] DEBUG: get_collaborator_permission: cache hit for apache/cloudstack user nxsbi → permission=Some("read") +280µs
guard:wasm [guard:github] DEBUG: [integrity] issue:apache/cloudstack#6861: collaborator permission=Some("read") → merged rank=2 +263µs
guard:wasm [guard:github] DEBUG: Checking repo visibility for apache/cloudstack +260µs
guard:wasm [guard:github] INFO: >>> call_backend: tool=search_repositories +299µs
guard:wasm [guard:github] DEBUG:     args={"perPage":10,"query":"repo:apache/cloudstack"} +246µs
guard:wasm WASM guard calling backend: tool=search_repositories +259µs
server:unified [DIFC] Guard calling backend github tool search_repositories for metadata +214ms
server:unified executeBackendToolCall: serverID=github, toolName=search_repositories +275µs
launcher:launcher Checking session pool: serverID=github, sessionID=82ETMfnFu36zOUTFvF5DvaYhGvCyRqzWHl94ozcKa3T25DueoUaz61vzUl +214ms
launcher:pool Reusing connection: backend=github, session=82ETMfnFu36zOUTFvF5DvaYhGvCyRqzWHl94ozcKa3T25DueoUaz61vzUl, requests=151 +215ms
mcp:connection Dispatching SDK method: tools/call, serverID=github +214ms
mcp:connection callTool: parsed name=search_repositories, argumentCount=2 +278µs
guard:wasm Backend call failed: calling "tools/call": unknown tool "search_repositories" +5ms
guard:wasm [guard:github] ERROR: <<< call_backend FAILED with code -1 +405µs
guard:wasm [guard:github] WARN: Backend call search_repositories failed with code -1 +481µs
guard:wasm [guard:github] INFO: >>> call_backend: tool=issue_read +518µs
guard:wasm [guard:github] DEBUG:     args={"issue_number":"6866","method":"get","owner":"apache","repo":"cloudstack"} +221µs
guard:wasm WASM guard calling backend: tool=issue_read +263µs
server:unified [DIFC] Guard calling backend github tool issue_read for metadata +6ms
server:unified executeBackendToolCall: serverID=github, toolName=issue_read +216µs
launcher:launcher Checking session pool: serverID=github, sessionID=82ETMfnFu36zOUTFvF5DvaYhGvCyRqzWHl94ozcKa3T25DueoUaz61vzUl +6ms
launcher:pool Reusing connection: backend=github, session=82ETMfnFu36zOUTFvF5DvaYhGvCyRqzWHl94ozcKa3T25DueoUaz61vzUl, requests=152 +6ms
mcp:connection Dispatching SDK method: tools/call, serverID=github +6ms
mcp:connection callTool: parsed name=issue_read, argumentCount=4 +246µs
guard:wasm [guard:github] INFO: <<< call_backend returned 2080 bytes +236ms
guard:wasm [guard:github] DEBUG: extract_mcp_response: top-level keys=["content"] +361µs
guard:wasm [guard:github] DEBUG: extract_mcp_response: found content array with 1 items +274µs
guard:wasm [guard:github] DEBUG: extract_mcp_response: found text field, len=1886 +301µs
guard:wasm [guard:github] DEBUG: extract_mcp_response: parsed content[0].text as JSON +324µs
guard:wasm [guard:github] DEBUG: [integrity] issue:apache/cloudstack#6866 enriched author_association='NONE' +271µs
guard:wasm [guard:github] DEBUG: [integrity] issue:apache/cloudstack#6866: author_association floor below writer (rank=2), checking collaborator permission for kalik1 +261µs
guard:wasm [guard:github] DEBUG: get_collaborator_permission: fetching permission for apache/cloudstack user kalik1 +307µs
guard:wasm [guard:github] INFO: >>> call_backend: tool=get_collaborator_permission +293µs
guard:wasm [guard:github] DEBUG:     args={"owner":"apache","repo":"cloudstack","username":"kalik1"} +250µs
guard:wasm WASM guard calling backend: tool=get_collaborator_permission +264µs
envutil:github Looking up GitHub token: checking 4 candidate env vars +664ms
envutil:github GitHub token found: source=GITHUB_MCP_SERVER_TOKEN +267µs
envutil:github GitHub API URL using default:  +249µs
envutil:github Deriving API URL from server URL: https://github.com +270µs
envutil:github GitHub.com detected, using default API URL: https://api.github.com +224µs
envutil:github GitHub API URL derived from GITHUB_SERVER_URL=https://github.com: https://api.github.com +241µs
httputil:collaborator_permission FetchCollaboratorPermission: owner=apache, repo=cloudstack, username=kalik1, apiPath=/repos/apache/cloudstack/collaborators/kalik1/permission +473ms
server:unified get_collaborator_permission: GET /repos/apache/cloudstack/collaborators/kalik1/permission (for apache/cloudstack user kalik1) +240ms
httputil:httputil GitHub GET: baseURL="https://api.github.com", path="/repos/apache/cloudstack/collaborators/kalik1/permission", hasAuth=true +474ms
httputil:httputil Applying GitHub API headers: method="GET", path="/repos/apache/cloudstack/collaborators/kalik1/permission", hasAuth=true +256µs
httputil:httputil GitHub GET response: path="/repos/apache/cloudstack/collaborators/kalik1/permission", status=200 +182ms
httputil:collaborator_permission FetchCollaboratorPermission: response received: status=200, bodyLen=1063 +183ms
server:unified get_collaborator_permission: apache/cloudstack user kalik1 → permission="read" (HTTP 200) +183ms
guard:wasm [guard:github] INFO: <<< call_backend returned 1200 bytes +186ms
guard:wasm [guard:github] DEBUG: extract_mcp_response: top-level keys=["content"] +316µs
guard:wasm [guard:github] DEBUG: extract_mcp_response: found content array with 1 items +239µs
guard:wasm [guard:github] DEBUG: extract_mcp_response: found text field, len=1063 +224µs
guard:wasm [guard:github] DEBUG: extract_mcp_response: parsed content[0].text as JSON +337µs
guard:wasm [guard:github] INFO: get_collaborator_permission: apache/cloudstack user kalik1 → permission=Some("read") login=Some("kalik1") +340µs
guard:wasm [guard:github] DEBUG: [integrity] issue:apache/cloudstack#6866: collaborator permission=Some("read") → merged rank=2 +276µs
guard:wasm [guard:github] DEBUG: Checking repo visibility for apache/cloudstack +303µs
guard:wasm [guard:github] INFO: >>> call_backend: tool=search_repositories +266µs
guard:wasm [guard:github] DEBUG:     args={"perPage":10,"query":"repo:apache/cloudstack"} +216µs
guard:wasm WASM guard calling backend: tool=search_repositories +247µs
server:unified [DIFC] Guard calling backend github tool search_repositories for metadata +3ms
server:unified executeBackendToolCall: serverID=github, toolName=search_repositories +263µs
launcher:launcher Checking session pool: serverID=github, sessionID=82ETMfnFu36zOUTFvF5DvaYhGvCyRqzWHl94ozcKa3T25DueoUaz61vzUl +428ms
launcher:pool Reusing connection: backend=github, session=82ETMfnFu36zOUTFvF5DvaYhGvCyRqzWHl94ozcKa3T25DueoUaz61vzUl, requests=153 +428ms
mcp:connection Dispatching SDK method: tools/call, serverID=github +427ms
mcp:connection callTool: parsed name=search_repositories, argumentCount=2 +244µs
guard:wasm Backend call failed: calling "tools/call": unknown tool "search_repositories" +4ms
guard:wasm [guard:github] ERROR: <<< call_backend FAILED with code -1 +280µs
guard:wasm [guard:github] WARN: Backend call search_repositories failed with code -1 +455µs
guard:wasm [guard:github] INFO: >>> call_backend: tool=issue_read +568µs
guard:wasm [guard:github] DEBUG:     args={"issue_number":"6867","method":"get","owner":"apache","repo":"cloudstack"} +250µs
guard:wasm WASM guard calling backend: tool=issue_read +220µs
server:unified [DIFC] Guard calling backend github tool issue_read for metadata +6ms
server:unified executeBackendToolCall: serverID=github, toolName=issue_read +296µs
launcher:launcher Checking session pool: serverID=github, sessionID=82ETMfnFu36zOUTFvF5DvaYhGvCyRqzWHl94ozcKa3T25DueoUaz61vzUl +6ms
launcher:pool Reusing connection: backend=github, session=82ETMfnFu36zOUTFvF5DvaYhGvCyRqzWHl94ozcKa3T25DueoUaz61vzUl, requests=154 +6ms
mcp:connection Dispatching SDK method: tools/call, serverID=github +6ms
mcp:connection callTool: parsed name=issue_read, argumentCount=4 +245µs
guard:wasm [guard:github] INFO: <<< call_backend returned 4988 bytes +284ms
guard:wasm [guard:github] DEBUG: extract_mcp_response: top-level keys=["content"] +342µs
guard:wasm [guard:github] DEBUG: extract_mcp_response: found content array with 1 items +286µs
guard:wasm [guard:github] DEBUG: extract_mcp_response: found text field, len=4702 +278µs
guard:wasm [guard:github] DEBUG: extract_mcp_response: parsed content[0].text as JSON +329µs
guard:wasm [guard:github] DEBUG: [integrity] issue:apache/cloudstack#6867 enriched author_association='NONE' +279µs
guard:wasm [guard:github] DEBUG: [integrity] issue:apache/cloudstack#6867: author_association floor below writer (rank=2), checking collaborator permission for damonb123 +258µs
guard:wasm [guard:github] DEBUG: get_collaborator_permission: fetching permission for apache/cloudstack user damonb123 +250µs
guard:wasm [guard:github] INFO: >>> call_backend: tool=get_collaborator_permission +270µs
guard:wasm [guard:github] DEBUG:     args={"owner":"apache","repo":"cloudstack","username":"damonb123"} +270µs
guard:wasm WASM guard calling backend: tool=get_collaborator_permission +254µs
envutil:github Looking up GitHub token: checking 4 candidate env vars +482ms
envutil:github GitHub token found: source=GITHUB_MCP_SERVER_TOKEN +218µs
envutil:github GitHub API URL using default:  +287µs
envutil:github Deriving API URL from server URL: https://github.com +218µs
envutil:github GitHub.com detected, using default API URL: https://api.github.com +255µs
envutil:github GitHub API URL derived from GITHUB_SERVER_URL=https://github.com: https://api.github.com +217µs
httputil:collaborator_permission FetchCollaboratorPermission: owner=apache, repo=cloudstack, username=damonb123, apiPath=/repos/apache/cloudstack/collaborators/damonb123/permission +299ms
server:unified get_collaborator_permission: GET /repos/apache/cloudstack/collaborators/damonb123/permission (for apache/cloudstack user damonb123) +289ms
httputil:httputil GitHub GET: baseURL="https://api.github.com", path="/repos/apache/cloudstack/collaborators/damonb123/permission", hasAuth=true +301ms
httputil:httputil Applying GitHub API headers: method="GET", path="/repos/apache/cloudstack/collaborators/damonb123/permission", hasAuth=true +281µs
httputil:httputil GitHub GET response: path="/repos/apache/cloudstack/collaborators/damonb123/permission", status=200 +137ms
httputil:collaborator_permission FetchCollaboratorPermission: response received: status=200, bodyLen=1099 +139ms
server:unified get_collaborator_permission: apache/cloudstack user damonb123 → permission="read" (HTTP 200) +139ms
guard:wasm [guard:github] INFO: <<< call_backend returned 1236 bytes +142ms
guard:wasm [guard:github] DEBUG: extract_mcp_response: top-level keys=["content"] +297µs
guard:wasm [guard:github] DEBUG: extract_mcp_response: found content array with 1 items +301µs
guard:wasm [guard:github] DEBUG: extract_mcp_response: found text field, len=1099 +254µs
guard:wasm [guard:github] DEBUG: extract_mcp_response: parsed content[0].text as JSON +269µs
guard:wasm [guard:github] INFO: get_collaborator_permission: apache/cloudstack user damonb123 → permission=Some("read") login=Some("damonb123") +224µs
guard:wasm [guard:github] DEBUG: [integrity] issue:apache/cloudstack#6867: collaborator permission=Some("read") → merged rank=2 +341µs
guard:wasm [guard:github] DEBUG: Checking repo visibility for apache/cloudstack +256µs
guard:wasm [guard:github] INFO: >>> call_backend: tool=search_repositories +242µs
guard:wasm [guard:github] DEBUG:     args={"perPage":10,"query":"repo:apache/cloudstack"} +252µs
guard:wasm WASM guard calling backend: tool=search_repositories +397µs
server:unified [DIFC] Guard calling backend github tool search_repositories for metadata +3ms
server:unified executeBackendToolCall: serverID=github, toolName=search_repositories +267µs
launcher:launcher Checking session pool: serverID=github, sessionID=82ETMfnFu36zOUTFvF5DvaYhGvCyRqzWHl94ozcKa3T25DueoUaz61vzUl +432ms
launcher:pool Reusing connection: backend=github, session=82ETMfnFu36zOUTFvF5DvaYhGvCyRqzWHl94ozcKa3T25DueoUaz61vzUl, requests=155 +432ms
mcp:connection Dispatching SDK method: tools/call, serverID=github +432ms
mcp:connection callTool: parsed name=search_repositories, argumentCount=2 +264µs
guard:wasm Backend call failed: calling "tools/call": unknown tool "search_repositories" +5ms
guard:wasm [guard:github] ERROR: <<< call_backend FAILED with code -1 +276µs
guard:wasm [guard:github] WARN: Backend call search_repositories failed with code -1 +487µs
guard:wasm [guard:github] INFO: >>> call_backend: tool=issue_read +459µs
guard:wasm [guard:github] DEBUG:     args={"issue_number":"6880","method":"get","owner":"apache","repo":"cloudstack"} +327µs
guard:wasm WASM guard calling backend: tool=issue_read +281µs
server:unified [DIFC] Guard calling backend github tool issue_read for metadata +6ms
server:unified executeBackendToolCall: serverID=github, toolName=issue_read +225µs
launcher:launcher Checking session pool: serverID=github, sessionID=82ETMfnFu36zOUTFvF5DvaYhGvCyRqzWHl94ozcKa3T25DueoUaz61vzUl +7ms
launcher:pool Reusing connection: backend=github, session=82ETMfnFu36zOUTFvF5DvaYhGvCyRqzWHl94ozcKa3T25DueoUaz61vzUl, requests=156 +7ms
mcp:connection Dispatching SDK method: tools/call, serverID=github +6ms
mcp:connection callTool: parsed name=issue_read, argumentCount=4 +255µs
guard:wasm [guard:github] INFO: <<< call_backend returned 2258 bytes +223ms
guard:wasm [guard:github] DEBUG: extract_mcp_response: top-level keys=["content"] +335µs
guard:wasm [guard:github] DEBUG: extract_mcp_response: found content array with 1 items +311µs
guard:wasm [guard:github] DEBUG: extract_mcp_response: found text field, len=2072 +236µs
guard:wasm [guard:github] DEBUG: extract_mcp_response: parsed content[0].text as JSON +293µs
guard:wasm [guard:github] DEBUG: [integrity] issue:apache/cloudstack#6880 enriched author_association='NONE' +243µs
guard:wasm [guard:github] DEBUG: [integrity] issue:apache/cloudstack#6880: author_association floor below writer (rank=2), checking collaborator permission for damonb123 +238µs
guard:wasm [guard:github] DEBUG: get_collaborator_permission: cache hit for apache/cloudstack user damonb123 → permission=Some("read") +241µs
guard:wasm [guard:github] DEBUG: [integrity] issue:apache/cloudstack#6880: collaborator permission=Some("read") → merged rank=2 +279µs
guard:wasm [guard:github] DEBUG: Checking repo visibility for apache/cloudstack +335µs
guard:wasm [guard:github] INFO: >>> call_backend: tool=search_repositories +254µs
guard:wasm [guard:github] DEBUG:     args={"perPage":10,"query":"repo:apache/cloudstack"} +232µs
guard:wasm WASM guard calling backend: tool=search_repositories +308µs
server:unified [DIFC] Guard calling backend github tool search_repositories for metadata +226ms
server:unified executeBackendToolCall: serverID=github, toolName=search_repositories +243µs
launcher:launcher Checking session pool: serverID=github, sessionID=82ETMfnFu36zOUTFvF5DvaYhGvCyRqzWHl94ozcKa3T25DueoUaz61vzUl +226ms
launcher:pool Reusing connection: backend=github, session=82ETMfnFu36zOUTFvF5DvaYhGvCyRqzWHl94ozcKa3T25DueoUaz61vzUl, requests=157 +226ms
mcp:connection Dispatching SDK method: tools/call, serverID=github +226ms
mcp:connection callTool: parsed name=search_repositories, argumentCount=2 +290µs
guard:wasm Backend call failed: calling "tools/call": unknown tool "search_repositories" +5ms
guard:wasm [guard:github] ERROR: <<< call_backend FAILED with code -1 +237µs
guard:wasm [guard:github] WARN: Backend call search_repositories failed with code -1 +479µs
guard:wasm [guard:github] INFO: >>> call_backend: tool=issue_read +583µs
guard:wasm [guard:github] DEBUG:     args={"issue_number":"6913","method":"get","owner":"apache","repo":"cloudstack"} +260µs
guard:wasm WASM guard calling backend: tool=issue_read +228µs
server:unified [DIFC] Guard calling backend github tool issue_read for metadata +6ms
server:unified executeBackendToolCall: serverID=github, toolName=issue_read +240µs
launcher:launcher Checking session pool: serverID=github, sessionID=82ETMfnFu36zOUTFvF5DvaYhGvCyRqzWHl94ozcKa3T25DueoUaz61vzUl +6ms
launcher:pool Reusing connection: backend=github, session=82ETMfnFu36zOUTFvF5DvaYhGvCyRqzWHl94ozcKa3T25DueoUaz61vzUl, requests=158 +6ms
mcp:connection Dispatching SDK method: tools/call, serverID=github +6ms
mcp:connection callTool: parsed name=issue_read, argumentCount=4 +269µs
guard:wasm [guard:github] INFO: <<< call_backend returned 1887 bytes +222ms
guard:wasm [guard:github] DEBUG: extract_mcp_response: top-level keys=["content"] +296µs
guard:wasm [guard:github] DEBUG: extract_mcp_response: found content array with 1 items +233µs
guard:wasm [guard:github] DEBUG: extract_mcp_response: found text field, len=1726 +263µs
guard:wasm [guard:github] DEBUG: extract_mcp_response: parsed content[0].text as JSON +283µs
guard:wasm [guard:github] DEBUG: [integrity] issue:apache/cloudstack#6913 enriched author_association='NONE' +251µs
guard:wasm [guard:github] DEBUG: [integrity] issue:apache/cloudstack#6913: author_association floor below writer (rank=2), checking collaborator permission for xuanyuanaosheng +261µs
guard:wasm [guard:github] DEBUG: get_collaborator_permission: cache hit for apache/cloudstack user xuanyuanaosheng → permission=Some("read") +417µs
guard:wasm [guard:github] DEBUG: [integrity] issue:apache/cloudstack#6913: collaborator permission=Some("read") → merged rank=2 +247µs
guard:wasm [guard:github] DEBUG: Checking repo visibility for apache/cloudstack +267µs
guard:wasm [guard:github] INFO: >>> call_backend: tool=search_repositories +335µs
guard:wasm [guard:github] DEBUG:     args={"perPage":10,"query":"repo:apache/cloudstack"} +245µs
guard:wasm WASM guard calling backend: tool=search_repositories +246µs
server:unified [DIFC] Guard calling backend github tool search_repositories for metadata +225ms
server:unified executeBackendToolCall: serverID=github, toolName=search_repositories +277µs
launcher:launcher Checking session pool: serverID=github, sessionID=82ETMfnFu36zOUTFvF5DvaYhGvCyRqzWHl94ozcKa3T25DueoUaz61vzUl +225ms
launcher:pool Reusing connection: backend=github, session=82ETMfnFu36zOUTFvF5DvaYhGvCyRqzWHl94ozcKa3T25DueoUaz61vzUl, requests=159 +225ms
mcp:connection Dispatching SDK method: tools/call, serverID=github +225ms
mcp:connection callTool: parsed name=search_repositories, argumentCount=2 +225µs
guard:wasm Backend call failed: calling "tools/call": unknown tool "search_repositories" +4ms
guard:wasm [guard:github] ERROR: <<< call_backend FAILED with code -1 +249µs
guard:wasm [guard:github] WARN: Backend call search_repositories failed with code -1 +513µs
guard:wasm [guard:github] INFO: >>> call_backend: tool=issue_read +453µs
guard:wasm [guard:github] DEBUG:     args={"issue_number":"6934","method":"get","owner":"apache","repo":"cloudstack"} +251µs
guard:wasm WASM guard calling backend: tool=issue_read +301µs
server:unified [DIFC] Guard calling backend github tool issue_read for metadata +6ms
server:unified executeBackendToolCall: serverID=github, toolName=issue_read +252µs
launcher:launcher Checking session pool: serverID=github, sessionID=82ETMfnFu36zOUTFvF5DvaYhGvCyRqzWHl94ozcKa3T25DueoUaz61vzUl +6ms
launcher:pool Reusing connection: backend=github, session=82ETMfnFu36zOUTFvF5DvaYhGvCyRqzWHl94ozcKa3T25DueoUaz61vzUl, requests=160 +6ms
mcp:connection Dispatching SDK method: tools/call, serverID=github +6ms
mcp:connection callTool: parsed name=issue_read, argumentCount=4 +241µs
guard:wasm [guard:github] INFO: <<< call_backend returned 1170 bytes +253ms
guard:wasm [guard:github] DEBUG: extract_mcp_response: top-level keys=["content"] +355µs
guard:wasm [guard:github] DEBUG: extract_mcp_response: found content array with 1 items +397µs
guard:wasm [guard:github] DEBUG: extract_mcp_response: found text field, len=1029 +332µs
guard:wasm [guard:github] DEBUG: extract_mcp_response: parsed content[0].text as JSON +339µs
guard:wasm [guard:github] DEBUG: [integrity] issue:apache/cloudstack#6934 enriched author_association='NONE' +269µs
guard:wasm [guard:github] DEBUG: [integrity] issue:apache/cloudstack#6934: author_association floor below writer (rank=2), checking collaborator permission for xuanyuanaosheng +291µs
guard:wasm [guard:github] DEBUG: get_collaborator_permission: cache hit for apache/cloudstack user xuanyuanaosheng → permission=Some("read") +291µs
guard:wasm [guard:github] DEBUG: [integrity] issue:apache/cloudstack#6934: collaborator permission=Some("read") → merged rank=2 +291µs
guard:wasm [guard:github] DEBUG: Checking repo visibility for apache/cloudstack +269µs
guard:wasm [guard:github] INFO: >>> call_backend: tool=search_repositories +257µs
guard:wasm [guard:github] DEBUG:     args={"perPage":10,"query":"repo:apache/cloudstack"} +314µs
guard:wasm WASM guard calling backend: tool=search_repositories +222µs
server:unified [DIFC] Guard calling backend github tool search_repositories for metadata +257ms
server:unified executeBackendToolCall: serverID=github, toolName=search_repositories +245µs
launcher:launcher Checking session pool: serverID=github, sessionID=82ETMfnFu36zOUTFvF5DvaYhGvCyRqzWHl94ozcKa3T25DueoUaz61vzUl +257ms
launcher:pool Reusing connection: backend=github, session=82ETMfnFu36zOUTFvF5DvaYhGvCyRqzWHl94ozcKa3T25DueoUaz61vzUl, requests=161 +256ms
mcp:connection Dispatching SDK method: tools/call, serverID=github +256ms
mcp:connection callTool: parsed name=search_repositories, argumentCount=2 +281µs
guard:wasm Backend call failed: calling "tools/call": unknown tool "search_repositories" +5ms
guard:wasm [guard:github] ERROR: <<< call_backend FAILED with code -1 +243µs
guard:wasm [guard:github] WARN: Backend call search_repositories failed with code -1 +522µs
guard:wasm [guard:github] INFO: >>> call_backend: tool=issue_read +500µs
guard:wasm [guard:github] DEBUG:     args={"issue_number":"6940","method":"get","owner":"apache","repo":"cloudstack"} +325µs
guard:wasm WASM guard calling backend: tool=issue_read +241µs
server:unified [DIFC] Guard calling backend github tool issue_read for metadata +6ms
server:unified executeBackendToolCall: serverID=github, toolName=issue_read +227µs
launcher:launcher Checking session pool: serverID=github, sessionID=82ETMfnFu36zOUTFvF5DvaYhGvCyRqzWHl94ozcKa3T25DueoUaz61vzUl +6ms
launcher:pool Reusing connection: backend=github, session=82ETMfnFu36zOUTFvF5DvaYhGvCyRqzWHl94ozcKa3T25DueoUaz61vzUl, requests=162 +7ms
mcp:connection Dispatching SDK method: tools/call, serverID=github +6ms
mcp:connection callTool: parsed name=issue_read, argumentCount=4 +250µs
guard:wasm [guard:github] INFO: <<< call_backend returned 1589 bytes +199ms
guard:wasm [guard:github] DEBUG: extract_mcp_response: top-level keys=["content"] +317µs
guard:wasm [guard:github] DEBUG: extract_mcp_response: found content array with 1 items +262µs
guard:wasm [guard:github] DEBUG: extract_mcp_response: found text field, len=1447 +295µs
guard:wasm [guard:github] DEBUG: extract_mcp_response: parsed content[0].text as JSON +285µs
guard:wasm [guard:github] DEBUG: [integrity] issue:apache/cloudstack#6940 enriched author_association='NONE' +238µs
guard:wasm [guard:github] DEBUG: [integrity] issue:apache/cloudstack#6940: author_association floor below writer (rank=2), checking collaborator permission for happyalexkg +238µs
guard:wasm [guard:github] DEBUG: get_collaborator_permission: fetching permission for apache/cloudstack user happyalexkg +346µs
guard:wasm [guard:github] INFO: >>> call_backend: tool=get_collaborator_permission +277µs
guard:wasm [guard:github] DEBUG:     args={"owner":"apache","repo":"cloudstack","username":"happyalexkg"} +243µs
guard:wasm WASM guard calling backend: tool=get_collaborator_permission +321µs
envutil:github Looking up GitHub token: checking 4 candidate env vars +1.1s
envutil:github GitHub token found: source=GITHUB_MCP_SERVER_TOKEN +223µs
envutil:github GitHub API URL using default:  +225µs
envutil:github Deriving API URL from server URL: https://github.com +313µs
envutil:github GitHub.com detected, using default API URL: https://api.github.com +224µs
envutil:github GitHub API URL derived from GITHUB_SERVER_URL=https://github.com: https://api.github.com +251µs
httputil:collaborator_permission FetchCollaboratorPermission: owner=apache, repo=cloudstack, username=happyalexkg, apiPath=/repos/apache/cloudstack/collaborators/happyalexkg/permission +945ms
server:unified get_collaborator_permission: GET /repos/apache/cloudstack/collaborators/happyalexkg/permission (for apache/cloudstack user happyalexkg) +204ms
httputil:httputil GitHub GET: baseURL="https://api.github.com", path="/repos/apache/cloudstack/collaborators/happyalexkg/permission", hasAuth=true +946ms
httputil:httputil Applying GitHub API headers: method="GET", path="/repos/apache/cloudstack/collaborators/happyalexkg/permission", hasAuth=true +232µs
httputil:httputil GitHub GET response: path="/repos/apache/cloudstack/collaborators/happyalexkg/permission", status=200 +145ms
httputil:collaborator_permission FetchCollaboratorPermission: response received: status=200, bodyLen=1121 +146ms
server:unified get_collaborator_permission: apache/cloudstack user happyalexkg → permission="read" (HTTP 200) +146ms
guard:wasm [guard:github] INFO: <<< call_backend returned 1258 bytes +148ms
guard:wasm [guard:github] DEBUG: extract_mcp_response: top-level keys=["content"] +384µs
guard:wasm [guard:github] DEBUG: extract_mcp_response: found content array with 1 items +369µs
guard:wasm [guard:github] DEBUG: extract_mcp_response: found text field, len=1121 +291µs
guard:wasm [guard:github] DEBUG: extract_mcp_response: parsed content[0].text as JSON +325µs
guard:wasm [guard:github] INFO: get_collaborator_permission: apache/cloudstack user happyalexkg → permission=Some("read") login=Some("happyalexkg") +272µs
guard:wasm [guard:github] DEBUG: [integrity] issue:apache/cloudstack#6940: collaborator permission=Some("read") → merged rank=2 +266µs
guard:wasm [guard:github] DEBUG: Checking repo visibility for apache/cloudstack +278µs
guard:wasm [guard:github] INFO: >>> call_backend: tool=search_repositories +279µs
guard:wasm [guard:github] DEBUG:     args={"perPage":10,"query":"repo:apache/cloudstack"} +237µs
guard:wasm WASM guard calling backend: tool=search_repositories +242µs
server:unified [DIFC] Guard calling backend github tool search_repositories for metadata +3ms
server:unified executeBackendToolCall: serverID=github, toolName=search_repositories +252µs
launcher:launcher Checking session pool: serverID=github, sessionID=82ETMfnFu36zOUTFvF5DvaYhGvCyRqzWHl94ozcKa3T25DueoUaz61vzUl +354ms
launcher:pool Reusing connection: backend=github, session=82ETMfnFu36zOUTFvF5DvaYhGvCyRqzWHl94ozcKa3T25DueoUaz61vzUl, requests=163 +354ms
mcp:connection Dispatching SDK method: tools/call, serverID=github +354ms
mcp:connection callTool: parsed name=search_repositories, argumentCount=2 +267µs
guard:wasm Backend call failed: calling "tools/call": unknown tool "search_repositories" +5ms
guard:wasm [guard:github] ERROR: <<< call_backend FAILED with code -1 +265µs
guard:wasm [guard:github] WARN: Backend call search_repositories failed with code -1 +501µs
guard:wasm [guard:github] INFO: >>> call_backend: tool=issue_read +491µs
guard:wasm [guard:github] DEBUG:     args={"issue_number":"6966","method":"get","owner":"apache","repo":"cloudstack"} +244µs
guard:wasm WASM guard calling backend: tool=issue_read +245µs
server:unified [DIFC] Guard calling backend github tool issue_read for metadata +6ms
server:unified executeBackendToolCall: serverID=github, toolName=issue_read +223µs
launcher:launcher Checking session pool: serverID=github, sessionID=82ETMfnFu36zOUTFvF5DvaYhGvCyRqzWHl94ozcKa3T25DueoUaz61vzUl +7ms
launcher:pool Reusing connection: backend=github, session=82ETMfnFu36zOUTFvF5DvaYhGvCyRqzWHl94ozcKa3T25DueoUaz61vzUl, requests=164 +7ms
mcp:connection Dispatching SDK method: tools/call, serverID=github +7ms
mcp:connection callTool: parsed name=issue_read, argumentCount=4 +282µs
guard:wasm [guard:github] INFO: <<< call_backend returned 1510 bytes +191ms
guard:wasm [guard:github] DEBUG: extract_mcp_response: top-level keys=["content"] +331µs
guard:wasm [guard:github] DEBUG: extract_mcp_response: found content array with 1 items +308µs
guard:wasm [guard:github] DEBUG: extract_mcp_response: found text field, len=1335 +293µs
guard:wasm [guard:github] DEBUG: extract_mcp_response: parsed content[0].text as JSON +294µs
guard:wasm [guard:github] DEBUG: [integrity] issue:apache/cloudstack#6966 enriched author_association='CONTRIBUTOR' +268µs
guard:wasm [guard:github] DEBUG: [integrity] issue:apache/cloudstack#6966: author_association floor below writer (rank=2), checking collaborator permission for DaanHoogland +293µs
guard:wasm [guard:github] DEBUG: get_collaborator_permission: cache hit for apache/cloudstack user DaanHoogland → permission=Some("write") +250µs
guard:wasm [guard:github] DEBUG: [integrity] issue:apache/cloudstack#6966: collaborator permission=Some("write") → merged rank=3 +288µs
guard:wasm [guard:github] DEBUG: Checking repo visibility for apache/cloudstack +265µs
guard:wasm [guard:github] INFO: >>> call_backend: tool=search_repositories +261µs
guard:wasm [guard:github] DEBUG:     args={"perPage":10,"query":"repo:apache/cloudstack"} +232µs
guard:wasm WASM guard calling backend: tool=search_repositories +260µs
server:unified [DIFC] Guard calling backend github tool search_repositories for metadata +194ms
server:unified executeBackendToolCall: serverID=github, toolName=search_repositories +230µs
launcher:launcher Checking session pool: serverID=github, sessionID=82ETMfnFu36zOUTFvF5DvaYhGvCyRqzWHl94ozcKa3T25DueoUaz61vzUl +195ms
launcher:pool Reusing connection: backend=github, session=82ETMfnFu36zOUTFvF5DvaYhGvCyRqzWHl94ozcKa3T25DueoUaz61vzUl, requests=165 +195ms
mcp:connection Dispatching SDK method: tools/call, serverID=github +194ms
mcp:connection callTool: parsed name=search_repositories, argumentCount=2 +241µs
guard:wasm Backend call failed: calling "tools/call": unknown tool "search_repositories" +5ms
guard:wasm [guard:github] ERROR: <<< call_backend FAILED with code -1 +221µs
guard:wasm [guard:github] WARN: Backend call search_repositories failed with code -1 +473µs
guard:wasm [guard:github] INFO: >>> call_backend: tool=issue_read +486µs
guard:wasm [guard:github] DEBUG:     args={"issue_number":"6998","method":"get","owner":"apache","repo":"cloudstack"} +226µs
guard:wasm WASM guard calling backend: tool=issue_read +229µs
server:unified [DIFC] Guard calling backend github tool issue_read for metadata +6ms
server:unified executeBackendToolCall: serverID=github, toolName=issue_read +285µs
launcher:launcher Checking session pool: serverID=github, sessionID=82ETMfnFu36zOUTFvF5DvaYhGvCyRqzWHl94ozcKa3T25DueoUaz61vzUl +6ms
launcher:pool Reusing connection: backend=github, session=82ETMfnFu36zOUTFvF5DvaYhGvCyRqzWHl94ozcKa3T25DueoUaz61vzUl, requests=166 +6ms
mcp:connection Dispatching SDK method: tools/call, serverID=github +6ms
mcp:connection callTool: parsed name=issue_read, argumentCount=4 +241µs
guard:wasm [guard:github] INFO: <<< call_backend returned 1362 bytes +202ms
guard:wasm [guard:github] DEBUG: extract_mcp_response: top-level keys=["content"] +268µs
guard:wasm [guard:github] DEBUG: extract_mcp_response: found content array with 1 items +298µs
guard:wasm [guard:github] DEBUG: extract_mcp_response: found text field, len=1238 +259µs
guard:wasm [guard:github] DEBUG: extract_mcp_response: parsed content[0].text as JSON +269µs
guard:wasm [guard:github] DEBUG: [integrity] issue:apache/cloudstack#6998 enriched author_association='NONE' +292µs
guard:wasm [guard:github] DEBUG: [integrity] issue:apache/cloudstack#6998: author_association floor below writer (rank=2), checking collaborator permission for khoinek +259µs
guard:wasm [guard:github] DEBUG: get_collaborator_permission: fetching permission for apache/cloudstack user khoinek +246µs
guard:wasm [guard:github] INFO: >>> call_backend: tool=get_collaborator_permission +299µs
guard:wasm [guard:github] DEBUG:     args={"owner":"apache","repo":"cloudstack","username":"khoinek"} +313µs
guard:wasm WASM guard calling backend: tool=get_collaborator_permission +230µs
envutil:github Looking up GitHub token: checking 4 candidate env vars +565ms
envutil:github GitHub token found: source=GITHUB_MCP_SERVER_TOKEN +262µs
envutil:github GitHub API URL using default:  +277µs
envutil:github Deriving API URL from server URL: https://github.com +302µs
envutil:github GitHub.com detected, using default API URL: https://api.github.com +257µs
envutil:github GitHub API URL derived from GITHUB_SERVER_URL=https://github.com: https://api.github.com +237µs
httputil:collaborator_permission FetchCollaboratorPermission: owner=apache, repo=cloudstack, username=khoinek, apiPath=/repos/apache/cloudstack/collaborators/khoinek/permission +419ms
server:unified get_collaborator_permission: GET /repos/apache/cloudstack/collaborators/khoinek/permission (for apache/cloudstack user khoinek) +207ms
httputil:httputil GitHub GET: baseURL="https://api.github.com", path="/repos/apache/cloudstack/collaborators/khoinek/permission", hasAuth=true +420ms
httputil:httputil Applying GitHub API headers: method="GET", path="/repos/apache/cloudstack/collaborators/khoinek/permission", hasAuth=true +237µs
httputil:httputil GitHub GET response: path="/repos/apache/cloudstack/collaborators/khoinek/permission", status=200 +139ms
httputil:collaborator_permission FetchCollaboratorPermission: response received: status=200, bodyLen=1069 +140ms
server:unified get_collaborator_permission: apache/cloudstack user khoinek → permission="read" (HTTP 200) +140ms
guard:wasm [guard:github] INFO: <<< call_backend returned 1206 bytes +143ms
guard:wasm [guard:github] DEBUG: extract_mcp_response: top-level keys=["content"] +297µs
guard:wasm [guard:github] DEBUG: extract_mcp_response: found content array with 1 items +272µs
guard:wasm [guard:github] DEBUG: extract_mcp_response: found text field, len=1069 +266µs
guard:wasm [guard:github] DEBUG: extract_mcp_response: parsed content[0].text as JSON +301µs
guard:wasm [guard:github] INFO: get_collaborator_permission: apache/cloudstack user khoinek → permission=Some("read") login=Some("khoinek") +286µs
guard:wasm [guard:github] DEBUG: [integrity] issue:apache/cloudstack#6998: collaborator permission=Some("read") → merged rank=2 +278µs
guard:wasm [guard:github] DEBUG: Checking repo visibility for apache/cloudstack +250µs
guard:wasm [guard:github] INFO: >>> call_backend: tool=search_repositories +247µs
guard:wasm [guard:github] DEBUG:     args={"perPage":10,"query":"repo:apache/cloudstack"} +302µs
guard:wasm WASM guard calling backend: tool=search_repositories +270µs
server:unified [DIFC] Guard calling backend github tool search_repositories for metadata +3ms
server:unified executeBackendToolCall: serverID=github, toolName=search_repositories +278µs
launcher:launcher Checking session pool: serverID=github, sessionID=82ETMfnFu36zOUTFvF5DvaYhGvCyRqzWHl94ozcKa3T25DueoUaz61vzUl +351ms
launcher:pool Reusing connection: backend=github, session=82ETMfnFu36zOUTFvF5DvaYhGvCyRqzWHl94ozcKa3T25DueoUaz61vzUl, requests=167 +351ms
mcp:connection Dispatching SDK method: tools/call, serverID=github +351ms
mcp:connection callTool: parsed name=search_repositories, argumentCount=2 +270µs
guard:wasm Backend call failed: calling "tools/call": unknown tool "search_repositories" +5ms
guard:wasm [guard:github] ERROR: <<< call_backend FAILED with code -1 +242µs
guard:wasm [guard:github] WARN: Backend call search_repositories failed with code -1 +560µs
guard:wasm [guard:github] INFO: >>> call_backend: tool=issue_read +539µs
guard:wasm [guard:github] DEBUG:     args={"issue_number":"6999","method":"get","owner":"apache","repo":"cloudstack"} +248µs
guard:wasm WASM guard calling backend: tool=issue_read +236µs
server:unified [DIFC] Guard calling backend github tool issue_read for metadata +6ms
server:unified executeBackendToolCall: serverID=github, toolName=issue_read +317µs
launcher:launcher Checking session pool: serverID=github, sessionID=82ETMfnFu36zOUTFvF5DvaYhGvCyRqzWHl94ozcKa3T25DueoUaz61vzUl +7ms
launcher:pool Reusing connection: backend=github, session=82ETMfnFu36zOUTFvF5DvaYhGvCyRqzWHl94ozcKa3T25DueoUaz61vzUl, requests=168 +7ms
mcp:connection Dispatching SDK method: tools/call, serverID=github +6ms
mcp:connection callTool: parsed name=issue_read, argumentCount=4 +301µs
guard:wasm [guard:github] INFO: <<< call_backend returned 4814 bytes +186ms
guard:wasm [guard:github] DEBUG: extract_mcp_response: top-level keys=["content"] +333µs
guard:wasm [guard:github] DEBUG: extract_mcp_response: found content array with 1 items +290µs
guard:wasm [guard:github] DEBUG: extract_mcp_response: found text field, len=4462 +246µs
guard:wasm [guard:github] DEBUG: extract_mcp_response: parsed content[0].text as JSON +326µs
guard:wasm [guard:github] DEBUG: [integrity] issue:apache/cloudstack#6999 enriched author_association='MEMBER' +291µs
guard:wasm [guard:github] DEBUG: Checking repo visibility for apache/cloudstack +277µs
guard:wasm [guard:github] INFO: >>> call_backend: tool=search_repositories +253µs
guard:wasm [guard:github] DEBUG:     args={"perPage":10,"query":"repo:apache/cloudstack"} +241µs
guard:wasm WASM guard calling backend: tool=search_repositories +304µs
server:unified [DIFC] Guard calling backend github tool search_repositories for metadata +188ms
server:unified executeBackendToolCall: serverID=github, toolName=search_repositories +236µs
launcher:launcher Checking session pool: serverID=github, sessionID=82ETMfnFu36zOUTFvF5DvaYhGvCyRqzWHl94ozcKa3T25DueoUaz61vzUl +188ms
launcher:pool Reusing connection: backend=github, session=82ETMfnFu36zOUTFvF5DvaYhGvCyRqzWHl94ozcKa3T25DueoUaz61vzUl, requests=169 +188ms
mcp:connection Dispatching SDK method: tools/call, serverID=github +188ms
mcp:connection callTool: parsed name=search_repositories, argumentCount=2 +281µs
guard:wasm Backend call failed: calling "tools/call": unknown tool "search_repositories" +4ms
guard:wasm [guard:github] ERROR: <<< call_backend FAILED with code -1 +271µs
guard:wasm [guard:github] WARN: Backend call search_repositories failed with code -1 +448µs
guard:wasm [guard:github] INFO: >>> call_backend: tool=issue_read +514µs
guard:wasm [guard:github] DEBUG:     args={"issue_number":"7041","method":"get","owner":"apache","repo":"cloudstack"} +232µs
guard:wasm WASM guard calling backend: tool=issue_read +222µs
server:unified [DIFC] Guard calling backend github tool issue_read for metadata +6ms
server:unified executeBackendToolCall: serverID=github, toolName=issue_read +223µs
launcher:launcher Checking session pool: serverID=github, sessionID=82ETMfnFu36zOUTFvF5DvaYhGvCyRqzWHl94ozcKa3T25DueoUaz61vzUl +6ms
launcher:pool Reusing connection: backend=github, session=82ETMfnFu36zOUTFvF5DvaYhGvCyRqzWHl94ozcKa3T25DueoUaz61vzUl, requests=170 +6ms
mcp:connection Dispatching SDK method: tools/call, serverID=github +6ms
mcp:connection callTool: parsed name=issue_read, argumentCount=4 +302µs
guard:wasm [guard:github] INFO: <<< call_backend returned 1411 bytes +218ms
guard:wasm [guard:github] DEBUG: extract_mcp_response: top-level keys=["content"] +386µs
guard:wasm [guard:github] DEBUG: extract_mcp_response: found content array with 1 items +407µs
guard:wasm [guard:github] DEBUG: extract_mcp_response: found text field, len=1235 +295µs
guard:wasm [guard:github] DEBUG: extract_mcp_response: parsed content[0].text as JSON +335µs
guard:wasm [guard:github] DEBUG: [integrity] issue:apache/cloudstack#7041 enriched author_association='CONTRIBUTOR' +250µs
guard:wasm [guard:github] DEBUG: [integrity] issue:apache/cloudstack#7041: author_association floor below writer (rank=2), checking collaborator permission for DaanHoogland +261µs
guard:wasm [guard:github] DEBUG: get_collaborator_permission: cache hit for apache/cloudstack user DaanHoogland → permission=Some("write") +244µs
guard:wasm [guard:github] DEBUG: [integrity] issue:apache/cloudstack#7041: collaborator permission=Some("write") → merged rank=3 +251µs
guard:wasm [guard:github] DEBUG: Checking repo visibility for apache/cloudstack +283µs
guard:wasm [guard:github] INFO: >>> call_backend: tool=search_repositories +280µs
guard:wasm [guard:github] DEBUG:     args={"perPage":10,"query":"repo:apache/cloudstack"} +247µs
guard:wasm WASM guard calling backend: tool=search_repositories +254µs
server:unified [DIFC] Guard calling backend github tool search_repositories for metadata +221ms
server:unified executeBackendToolCall: serverID=github, toolName=search_repositories +242µs
launcher:launcher Checking session pool: serverID=github, sessionID=82ETMfnFu36zOUTFvF5DvaYhGvCyRqzWHl94ozcKa3T25DueoUaz61vzUl +221ms
launcher:pool Reusing connection: backend=github, session=82ETMfnFu36zOUTFvF5DvaYhGvCyRqzWHl94ozcKa3T25DueoUaz61vzUl, requests=171 +221ms
mcp:connection Dispatching SDK method: tools/call, serverID=github +221ms
mcp:connection callTool: parsed name=search_repositories, argumentCount=2 +279µs
guard:wasm Backend call failed: calling "tools/call": unknown tool "search_repositories" +4ms
guard:wasm [guard:github] ERROR: <<< call_backend FAILED with code -1 +296µs
guard:wasm [guard:github] WARN: Backend call search_repositories failed with code -1 +493µs
guard:wasm [guard:github] INFO: >>> call_backend: tool=issue_read +535µs
guard:wasm [guard:github] DEBUG:     args={"issue_number":"7129","method":"get","owner":"apache","repo":"cloudstack"} +347µs
guard:wasm WASM guard calling backend: tool=issue_read +294µs
server:unified [DIFC] Guard calling backend github tool issue_read for metadata +6ms
server:unified executeBackendToolCall: serverID=github, toolName=issue_read +239µs
launcher:launcher Checking session pool: serverID=github, sessionID=82ETMfnFu36zOUTFvF5DvaYhGvCyRqzWHl94ozcKa3T25DueoUaz61vzUl +6ms
launcher:pool Reusing connection: backend=github, session=82ETMfnFu36zOUTFvF5DvaYhGvCyRqzWHl94ozcKa3T25DueoUaz61vzUl, requests=172 +6ms
mcp:connection Dispatching SDK method: tools/call, serverID=github +6ms
mcp:connection callTool: parsed name=issue_read, argumentCount=4 +314µs
guard:wasm [guard:github] INFO: <<< call_backend returned 1606 bytes +275ms
guard:wasm [guard:github] DEBUG: extract_mcp_response: top-level keys=["content"] +313µs
guard:wasm [guard:github] DEBUG: extract_mcp_response: found content array with 1 items +234µs
guard:wasm [guard:github] DEBUG: extract_mcp_response: found text field, len=1467 +251µs
guard:wasm [guard:github] DEBUG: extract_mcp_response: parsed content[0].text as JSON +289µs
guard:wasm [guard:github] DEBUG: [integrity] issue:apache/cloudstack#7129 enriched author_association='MEMBER' +277µs
guard:wasm [guard:github] DEBUG: Checking repo visibility for apache/cloudstack +279µs
guard:wasm [guard:github] INFO: >>> call_backend: tool=search_repositories +398µs
guard:wasm [guard:github] DEBUG:     args={"perPage":10,"query":"repo:apache/cloudstack"} +250µs
guard:wasm WASM guard calling backend: tool=search_repositories +263µs
server:unified [DIFC] Guard calling backend github tool search_repositories for metadata +277ms
server:unified executeBackendToolCall: serverID=github, toolName=search_repositories +225µs
launcher:launcher Checking session pool: serverID=github, sessionID=82ETMfnFu36zOUTFvF5DvaYhGvCyRqzWHl94ozcKa3T25DueoUaz61vzUl +277ms
launcher:pool Reusing connection: backend=github, session=82ETMfnFu36zOUTFvF5DvaYhGvCyRqzWHl94ozcKa3T25DueoUaz61vzUl, requests=173 +277ms
mcp:connection Dispatching SDK method: tools/call, serverID=github +277ms
mcp:connection callTool: parsed name=search_repositories, argumentCount=2 +293µs
guard:wasm Backend call failed: calling "tools/call": unknown tool "search_repositories" +4ms
guard:wasm [guard:github] ERROR: <<< call_backend FAILED with code -1 +247µs
guard:wasm [guard:github] WARN: Backend call search_repositories failed with code -1 +516µs
guard:wasm [guard:github] INFO: >>> call_backend: tool=issue_read +472µs
guard:wasm [guard:github] DEBUG:     args={"issue_number":"7142","method":"get","owner":"apache","repo":"cloudstack"} +341µs
guard:wasm WASM guard calling backend: tool=issue_read +237µs
server:unified [DIFC] Guard calling backend github tool issue_read for metadata +6ms
server:unified executeBackendToolCall: serverID=github, toolName=issue_read +213µs
launcher:launcher Checking session pool: serverID=github, sessionID=82ETMfnFu36zOUTFvF5DvaYhGvCyRqzWHl94ozcKa3T25DueoUaz61vzUl +6ms
launcher:pool Reusing connection: backend=github, session=82ETMfnFu36zOUTFvF5DvaYhGvCyRqzWHl94ozcKa3T25DueoUaz61vzUl, requests=174 +6ms
mcp:connection Dispatching SDK method: tools/call, serverID=github +6ms
mcp:connection callTool: parsed name=issue_read, argumentCount=4 +239µs
guard:wasm [guard:github] INFO: <<< call_backend returned 2218 bytes +211ms
guard:wasm [guard:github] DEBUG: extract_mcp_response: top-level keys=["content"] +354µs
guard:wasm [guard:github] DEBUG: extract_mcp_response: found content array with 1 items +256µs
guard:wasm [guard:github] DEBUG: extract_mcp_response: found text field, len=2072 +250µs
guard:wasm [guard:github] DEBUG: extract_mcp_response: parsed content[0].text as JSON +353µs
guard:wasm [guard:github] DEBUG: [integrity] issue:apache/cloudstack#7142 enriched author_association='CONTRIBUTOR' +262µs
guard:wasm [guard:github] DEBUG: [integrity] issue:apache/cloudstack#7142: author_association floor below writer (rank=2), checking collaborator permission for NuxRo +268µs
guard:wasm [guard:github] DEBUG: get_collaborator_permission: cache hit for apache/cloudstack user NuxRo → permission=Some("write") +336µs
guard:wasm [guard:github] DEBUG: [integrity] issue:apache/cloudstack#7142: collaborator permission=Some("write") → merged rank=3 +248µs
guard:wasm [guard:github] DEBUG: Checking repo visibility for apache/cloudstack +297µs
guard:wasm [guard:github] INFO: >>> call_backend: tool=search_repositories +244µs
guard:wasm [guard:github] DEBUG:     args={"perPage":10,"query":"repo:apache/cloudstack"} +214µs
guard:wasm WASM guard calling backend: tool=search_repositories +250µs
server:unified [DIFC] Guard calling backend github tool search_repositories for metadata +214ms
server:unified executeBackendToolCall: serverID=github, toolName=search_repositories +313µs
launcher:launcher Checking session pool: serverID=github, sessionID=82ETMfnFu36zOUTFvF5DvaYhGvCyRqzWHl94ozcKa3T25DueoUaz61vzUl +214ms
launcher:pool Reusing connection: backend=github, session=82ETMfnFu36zOUTFvF5DvaYhGvCyRqzWHl94ozcKa3T25DueoUaz61vzUl, requests=175 +214ms
mcp:connection Dispatching SDK method: tools/call, serverID=github +214ms
mcp:connection callTool: parsed name=search_repositories, argumentCount=2 +240µs
guard:wasm Backend call failed: calling "tools/call": unknown tool "search_repositories" +4ms
guard:wasm [guard:github] ERROR: <<< call_backend FAILED with code -1 +243µs
guard:wasm [guard:github] WARN: Backend call search_repositories failed with code -1 +477µs
guard:wasm [guard:github] INFO: >>> call_backend: tool=issue_read +546µs
guard:wasm [guard:github] DEBUG:     args={"issue_number":"7155","method":"get","owner":"apache","repo":"cloudstack"} +263µs
guard:wasm WASM guard calling backend: tool=issue_read +264µs
server:unified [DIFC] Guard calling backend github tool issue_read for metadata +6ms
server:unified executeBackendToolCall: serverID=github, toolName=issue_read +234µs
launcher:launcher Checking session pool: serverID=github, sessionID=82ETMfnFu36zOUTFvF5DvaYhGvCyRqzWHl94ozcKa3T25DueoUaz61vzUl +6ms
launcher:pool Reusing connection: backend=github, session=82ETMfnFu36zOUTFvF5DvaYhGvCyRqzWHl94ozcKa3T25DueoUaz61vzUl, requests=176 +6ms
mcp:connection Dispatching SDK method: tools/call, serverID=github +6ms
mcp:connection callTool: parsed name=issue_read, argumentCount=4 +254µs
guard:wasm [guard:github] INFO: <<< call_backend returned 3562 bytes +213ms
guard:wasm [guard:github] DEBUG: extract_mcp_response: top-level keys=["content"] +366µs
guard:wasm [guard:github] DEBUG: extract_mcp_response: found content array with 1 items +244µs
guard:wasm [guard:github] DEBUG: extract_mcp_response: found text field, len=3333 +291µs
guard:wasm [guard:github] DEBUG: extract_mcp_response: parsed content[0].text as JSON +324µs
guard:wasm [guard:github] DEBUG: [integrity] issue:apache/cloudstack#7155 enriched author_association='CONTRIBUTOR' +289µs
guard:wasm [guard:github] DEBUG: [integrity] issue:apache/cloudstack#7155: author_association floor below writer (rank=2), checking collaborator permission for DaanHoogland +264µs
guard:wasm [guard:github] DEBUG: get_collaborator_permission: cache hit for apache/cloudstack user DaanHoogland → permission=Some("write") +328µs
guard:wasm [guard:github] DEBUG: [integrity] issue:apache/cloudstack#7155: collaborator permission=Some("write") → merged rank=3 +253µs
guard:wasm [guard:github] DEBUG: Checking repo visibility for apache/cloudstack +272µs
guard:wasm [guard:github] INFO: >>> call_backend: tool=search_repositories +262µs
guard:wasm [guard:github] DEBUG:     args={"perPage":10,"query":"repo:apache/cloudstack"} +237µs
guard:wasm WASM guard calling backend: tool=search_repositories +253µs
server:unified [DIFC] Guard calling backend github tool search_repositories for metadata +216ms
server:unified executeBackendToolCall: serverID=github, toolName=search_repositories +238µs
launcher:launcher Checking session pool: serverID=github, sessionID=82ETMfnFu36zOUTFvF5DvaYhGvCyRqzWHl94ozcKa3T25DueoUaz61vzUl +216ms
launcher:pool Reusing connection: backend=github, session=82ETMfnFu36zOUTFvF5DvaYhGvCyRqzWHl94ozcKa3T25DueoUaz61vzUl, requests=177 +216ms
mcp:connection Dispatching SDK method: tools/call, serverID=github +216ms
mcp:connection callTool: parsed name=search_repositories, argumentCount=2 +245µs
guard:wasm Backend call failed: calling "tools/call": unknown tool "search_repositories" +4ms
guard:wasm [guard:github] ERROR: <<< call_backend FAILED with code -1 +267µs
guard:wasm [guard:github] WARN: Backend call search_repositories failed with code -1 +485µs
guard:wasm [guard:github] INFO: >>> call_backend: tool=issue_read +522µs
guard:wasm [guard:github] DEBUG:     args={"issue_number":"7168","method":"get","owner":"apache","repo":"cloudstack"} +250µs
guard:wasm WASM guard calling backend: tool=issue_read +247µs
server:unified [DIFC] Guard calling backend github tool issue_read for metadata +6ms
server:unified executeBackendToolCall: serverID=github, toolName=issue_read +216µs
launcher:launcher Checking session pool: serverID=github, sessionID=82ETMfnFu36zOUTFvF5DvaYhGvCyRqzWHl94ozcKa3T25DueoUaz61vzUl +6ms
launcher:pool Reusing connection: backend=github, session=82ETMfnFu36zOUTFvF5DvaYhGvCyRqzWHl94ozcKa3T25DueoUaz61vzUl, requests=178 +6ms
mcp:connection Dispatching SDK method: tools/call, serverID=github +6ms
mcp:connection callTool: parsed name=issue_read, argumentCount=4 +273µs
guard:wasm [guard:github] INFO: <<< call_backend returned 3081 bytes +201ms
guard:wasm [guard:github] DEBUG: extract_mcp_response: top-level keys=["content"] +405µs
guard:wasm [guard:github] DEBUG: extract_mcp_response: found content array with 1 items +311µs
guard:wasm [guard:github] DEBUG: extract_mcp_response: found text field, len=2851 +324µs
guard:wasm [guard:github] DEBUG: extract_mcp_response: parsed content[0].text as JSON +348µs
guard:wasm [guard:github] DEBUG: [integrity] issue:apache/cloudstack#7168 enriched author_association='NONE' +403µs
guard:wasm [guard:github] DEBUG: [integrity] issue:apache/cloudstack#7168: author_association floor below writer (rank=2), checking collaborator permission for fabeulus +261µs
guard:wasm [guard:github] DEBUG: get_collaborator_permission: fetching permission for apache/cloudstack user fabeulus +252µs
guard:wasm [guard:github] INFO: >>> call_backend: tool=get_collaborator_permission +267µs
guard:wasm [guard:github] DEBUG:     args={"owner":"apache","repo":"cloudstack","username":"fabeulus"} +240µs
guard:wasm WASM guard calling backend: tool=get_collaborator_permission +261µs
envutil:github Looking up GitHub token: checking 4 candidate env vars +1.5s
envutil:github GitHub token found: source=GITHUB_MCP_SERVER_TOKEN +271µs
envutil:github GitHub API URL using default:  +324µs
envutil:github Deriving API URL from server URL: https://github.com +282µs
envutil:github GitHub.com detected, using default API URL: https://api.github.com +236µs
envutil:github GitHub API URL derived from GITHUB_SERVER_URL=https://github.com: https://api.github.com +250µs
httputil:collaborator_permission FetchCollaboratorPermission: owner=apache, repo=cloudstack, username=fabeulus, apiPath=/repos/apache/cloudstack/collaborators/fabeulus/permission +1.4s
server:unified get_collaborator_permission: GET /repos/apache/cloudstack/collaborators/fabeulus/permission (for apache/cloudstack user fabeulus) +206ms
httputil:httputil GitHub GET: baseURL="https://api.github.com", path="/repos/apache/cloudstack/collaborators/fabeulus/permission", hasAuth=true +1.4s
httputil:httputil Applying GitHub API headers: method="GET", path="/repos/apache/cloudstack/collaborators/fabeulus/permission", hasAuth=true +246µs
httputil:httputil GitHub GET response: path="/repos/apache/cloudstack/collaborators/fabeulus/permission", status=200 +133ms
httputil:collaborator_permission FetchCollaboratorPermission: response received: status=200, bodyLen=1081 +135ms
server:unified get_collaborator_permission: apache/cloudstack user fabeulus → permission="read" (HTTP 200) +135ms
guard:wasm [guard:github] INFO: <<< call_backend returned 1218 bytes +137ms
guard:wasm [guard:github] DEBUG: extract_mcp_response: top-level keys=["content"] +297µs
guard:wasm [guard:github] DEBUG: extract_mcp_response: found content array with 1 items +233µs
guard:wasm [guard:github] DEBUG: extract_mcp_response: found text field, len=1081 +243µs
guard:wasm [guard:github] DEBUG: extract_mcp_response: parsed content[0].text as JSON +278µs
guard:wasm [guard:github] INFO: get_collaborator_permission: apache/cloudstack user fabeulus → permission=Some("read") login=Some("fabeulus") +222µs
guard:wasm [guard:github] DEBUG: [integrity] issue:apache/cloudstack#7168: collaborator permission=Some("read") → merged rank=2 +269µs
guard:wasm [guard:github] DEBUG: Checking repo visibility for apache/cloudstack +280µs
guard:wasm [guard:github] INFO: >>> call_backend: tool=search_repositories +310µs
guard:wasm [guard:github] DEBUG:     args={"perPage":10,"query":"repo:apache/cloudstack"} +235µs
guard:wasm WASM guard calling backend: tool=search_repositories +353µs
server:unified [DIFC] Guard calling backend github tool search_repositories for metadata +3ms
server:unified executeBackendToolCall: serverID=github, toolName=search_repositories +235µs
launcher:launcher Checking session pool: serverID=github, sessionID=82ETMfnFu36zOUTFvF5DvaYhGvCyRqzWHl94ozcKa3T25DueoUaz61vzUl +345ms
launcher:pool Reusing connection: backend=github, session=82ETMfnFu36zOUTFvF5DvaYhGvCyRqzWHl94ozcKa3T25DueoUaz61vzUl, requests=179 +345ms
mcp:connection Dispatching SDK method: tools/call, serverID=github +344ms
mcp:connection callTool: parsed name=search_repositories, argumentCount=2 +253µs
guard:wasm Backend call failed: calling "tools/call": unknown tool "search_repositories" +4ms
guard:wasm [guard:github] ERROR: <<< call_backend FAILED with code -1 +268µs
guard:wasm [guard:github] WARN: Backend call search_repositories failed with code -1 +497µs
guard:wasm [guard:github] INFO: >>> call_backend: tool=issue_read +515µs
guard:wasm [guard:github] DEBUG:     args={"issue_number":"7240","method":"get","owner":"apache","repo":"cloudstack"} +285µs
guard:wasm WASM guard calling backend: tool=issue_read +239µs
server:unified [DIFC] Guard calling backend github tool issue_read for metadata +6ms
server:unified executeBackendToolCall: serverID=github, toolName=issue_read +257µs
launcher:launcher Checking session pool: serverID=github, sessionID=82ETMfnFu36zOUTFvF5DvaYhGvCyRqzWHl94ozcKa3T25DueoUaz61vzUl +7ms
launcher:pool Reusing connection: backend=github, session=82ETMfnFu36zOUTFvF5DvaYhGvCyRqzWHl94ozcKa3T25DueoUaz61vzUl, requests=180 +7ms
mcp:connection Dispatching SDK method: tools/call, serverID=github +6ms
mcp:connection callTool: parsed name=issue_read, argumentCount=4 +230µs
guard:wasm [guard:github] INFO: <<< call_backend returned 1277 bytes +221ms
guard:wasm [guard:github] DEBUG: extract_mcp_response: top-level keys=["content"] +310µs
guard:wasm [guard:github] DEBUG: extract_mcp_response: found content array with 1 items +475µs
guard:wasm [guard:github] DEBUG: extract_mcp_response: found text field, len=1141 +464µs
guard:wasm [guard:github] DEBUG: extract_mcp_response: parsed content[0].text as JSON +383µs
guard:wasm [guard:github] DEBUG: [integrity] issue:apache/cloudstack#7240 enriched author_association='NONE' +312µs
guard:wasm [guard:github] DEBUG: [integrity] issue:apache/cloudstack#7240: author_association floor below writer (rank=2), checking collaborator permission for xuanyuanaosheng +265µs
guard:wasm [guard:github] DEBUG: get_collaborator_permission: cache hit for apache/cloudstack user xuanyuanaosheng → permission=Some("read") +329µs
guard:wasm [guard:github] DEBUG: [integrity] issue:apache/cloudstack#7240: collaborator permission=Some("read") → merged rank=2 +249µs
guard:wasm [guard:github] DEBUG: Checking repo visibility for apache/cloudstack +270µs
guard:wasm [guard:github] INFO: >>> call_backend: tool=search_repositories +303µs
guard:wasm [guard:github] DEBUG:     args={"perPage":10,"query":"repo:apache/cloudstack"} +290µs
guard:wasm WASM guard calling backend: tool=search_repositories +274µs
server:unified [DIFC] Guard calling backend github tool search_repositories for metadata +225ms
server:unified executeBackendToolCall: serverID=github, toolName=search_repositories +328µs
launcher:launcher Checking session pool: serverID=github, sessionID=82ETMfnFu36zOUTFvF5DvaYhGvCyRqzWHl94ozcKa3T25DueoUaz61vzUl +225ms
launcher:pool Reusing connection: backend=github, session=82ETMfnFu36zOUTFvF5DvaYhGvCyRqzWHl94ozcKa3T25DueoUaz61vzUl, requests=181 +225ms
mcp:connection Dispatching SDK method: tools/call, serverID=github +225ms
mcp:connection callTool: parsed name=search_repositories, argumentCount=2 +290µs
guard:wasm Backend call failed: calling "tools/call": unknown tool "search_repositories" +5ms
guard:wasm [guard:github] ERROR: <<< call_backend FAILED with code -1 +274µs
guard:wasm [guard:github] WARN: Backend call search_repositories failed with code -1 +550µs
guard:wasm [guard:github] INFO: >>> call_backend: tool=issue_read +576µs
guard:wasm [guard:github] DEBUG:     args={"issue_number":"7280","method":"get","owner":"apache","repo":"cloudstack"} +290µs
guard:wasm WASM guard calling backend: tool=issue_read +279µs
server:unified [DIFC] Guard calling backend github tool issue_read for metadata +6ms
server:unified executeBackendToolCall: serverID=github, toolName=issue_read +252µs
launcher:launcher Checking session pool: serverID=github, sessionID=82ETMfnFu36zOUTFvF5DvaYhGvCyRqzWHl94ozcKa3T25DueoUaz61vzUl +7ms
launcher:pool Reusing connection: backend=github, session=82ETMfnFu36zOUTFvF5DvaYhGvCyRqzWHl94ozcKa3T25DueoUaz61vzUl, requests=182 +7ms
mcp:connection Dispatching SDK method: tools/call, serverID=github +7ms
mcp:connection callTool: parsed name=issue_read, argumentCount=4 +232µs
guard:wasm [guard:github] INFO: <<< call_backend returned 1167 bytes +224ms
guard:wasm [guard:github] DEBUG: extract_mcp_response: top-level keys=["content"] +282µs
guard:wasm [guard:github] DEBUG: extract_mcp_response: found content array with 1 items +244µs
guard:wasm [guard:github] DEBUG: extract_mcp_response: found text field, len=1030 +230µs
guard:wasm [guard:github] DEBUG: extract_mcp_response: parsed content[0].text as JSON +412µs
guard:wasm [guard:github] DEBUG: [integrity] issue:apache/cloudstack#7280 enriched author_association='CONTRIBUTOR' +279µs
guard:wasm [guard:github] DEBUG: [integrity] issue:apache/cloudstack#7280: author_association floor below writer (rank=2), checking collaborator permission for kiwiflyer +277µs
guard:wasm [guard:github] DEBUG: get_collaborator_permission: fetching permission for apache/cloudstack user kiwiflyer +283µs
guard:wasm [guard:github] INFO: >>> call_backend: tool=get_collaborator_permission +258µs
guard:wasm [guard:github] DEBUG:     args={"owner":"apache","repo":"cloudstack","username":"kiwiflyer"} +308µs
guard:wasm WASM guard calling backend: tool=get_collaborator_permission +301µs
envutil:github Looking up GitHub token: checking 4 candidate env vars +606ms
envutil:github GitHub token found: source=GITHUB_MCP_SERVER_TOKEN +230µs
envutil:github GitHub API URL using default:  +238µs
envutil:github Deriving API URL from server URL: https://github.com +268µs
envutil:github GitHub.com detected, using default API URL: https://api.github.com +222µs
envutil:github GitHub API URL derived from GITHUB_SERVER_URL=https://github.com: https://api.github.com +223µs
httputil:collaborator_permission FetchCollaboratorPermission: owner=apache, repo=cloudstack, username=kiwiflyer, apiPath=/repos/apache/cloudstack/collaborators/kiwiflyer/permission +472ms
server:unified get_collaborator_permission: GET /repos/apache/cloudstack/collaborators/kiwiflyer/permission (for apache/cloudstack user kiwiflyer) +228ms
httputil:httputil GitHub GET: baseURL="https://api.github.com", path="/repos/apache/cloudstack/collaborators/kiwiflyer/permission", hasAuth=true +473ms
httputil:httputil Applying GitHub API headers: method="GET", path="/repos/apache/cloudstack/collaborators/kiwiflyer/permission", hasAuth=true +217µs
httputil:httputil GitHub GET response: path="/repos/apache/cloudstack/collaborators/kiwiflyer/permission", status=200 +190ms
httputil:collaborator_permission FetchCollaboratorPermission: response received: status=200, bodyLen=1100 +191ms
server:unified get_collaborator_permission: apache/cloudstack user kiwiflyer → permission="write" (HTTP 200) +191ms
guard:wasm [guard:github] INFO: <<< call_backend returned 1237 bytes +193ms
guard:wasm [guard:github] DEBUG: extract_mcp_response: top-level keys=["content"] +286µs
guard:wasm [guard:github] DEBUG: extract_mcp_response: found content array with 1 items +252µs
guard:wasm [guard:github] DEBUG: extract_mcp_response: found text field, len=1100 +239µs
guard:wasm [guard:github] DEBUG: extract_mcp_response: parsed content[0].text as JSON +284µs
guard:wasm [guard:github] INFO: get_collaborator_permission: apache/cloudstack user kiwiflyer → permission=Some("write") login=Some("kiwiflyer") +281µs
guard:wasm [guard:github] DEBUG: [integrity] issue:apache/cloudstack#7280: collaborator permission=Some("write") → merged rank=3 +284µs
guard:wasm [guard:github] DEBUG: Checking repo visibility for apache/cloudstack +267µs
guard:wasm [guard:github] INFO: >>> call_backend: tool=search_repositories +252µs
guard:wasm [guard:github] DEBUG:     args={"perPage":10,"query":"repo:apache/cloudstack"} +358µs
guard:wasm WASM guard calling backend: tool=search_repositories +249µs
server:unified [DIFC] Guard calling backend github tool search_repositories for metadata +3ms
server:unified executeBackendToolCall: serverID=github, toolName=search_repositories +334µs
launcher:launcher Checking session pool: serverID=github, sessionID=82ETMfnFu36zOUTFvF5DvaYhGvCyRqzWHl94ozcKa3T25DueoUaz61vzUl +423ms
launcher:pool Reusing connection: backend=github, session=82ETMfnFu36zOUTFvF5DvaYhGvCyRqzWHl94ozcKa3T25DueoUaz61vzUl, requests=183 +423ms
mcp:connection Dispatching SDK method: tools/call, serverID=github +423ms
mcp:connection callTool: parsed name=search_repositories, argumentCount=2 +332µs
guard:wasm Backend call failed: calling "tools/call": unknown tool "search_repositories" +5ms
guard:wasm [guard:github] ERROR: <<< call_backend FAILED with code -1 +298µs
guard:wasm [guard:github] WARN: Backend call search_repositories failed with code -1 +525µs
guard:wasm [guard:github] INFO: >>> call_backend: tool=issue_read +535µs
guard:wasm [guard:github] DEBUG:     args={"issue_number":"7282","method":"get","owner":"apache","repo":"cloudstack"} +272µs
guard:wasm WASM guard calling backend: tool=issue_read +410µs
server:unified [DIFC] Guard calling backend github tool issue_read for metadata +7ms
server:unified executeBackendToolCall: serverID=github, toolName=issue_read +282µs
launcher:launcher Checking session pool: serverID=github, sessionID=82ETMfnFu36zOUTFvF5DvaYhGvCyRqzWHl94ozcKa3T25DueoUaz61vzUl +7ms
launcher:pool Reusing connection: backend=github, session=82ETMfnFu36zOUTFvF5DvaYhGvCyRqzWHl94ozcKa3T25DueoUaz61vzUl, requests=184 +7ms
mcp:connection Dispatching SDK method: tools/call, serverID=github +7ms
mcp:connection callTool: parsed name=issue_read, argumentCount=4 +259µs
guard:wasm [guard:github] INFO: <<< call_backend returned 7857 bytes +190ms
guard:wasm [guard:github] DEBUG: extract_mcp_response: top-level keys=["content"] +367µs
guard:wasm [guard:github] DEBUG: extract_mcp_response: found content array with 1 items +221µs
guard:wasm [guard:github] DEBUG: extract_mcp_response: found text field, len=7558 +208µs
guard:wasm [guard:github] DEBUG: extract_mcp_response: parsed content[0].text as JSON +365µs
guard:wasm [guard:github] DEBUG: [integrity] issue:apache/cloudstack#7282 enriched author_association='NONE' +250µs
guard:wasm [guard:github] DEBUG: [integrity] issue:apache/cloudstack#7282: author_association floor below writer (rank=2), checking collaborator permission for xuanyuanaosheng +232µs
guard:wasm [guard:github] DEBUG: get_collaborator_permission: cache hit for apache/cloudstack user xuanyuanaosheng → permission=Some("read") +239µs
guard:wasm [guard:github] DEBUG: [integrity] issue:apache/cloudstack#7282: collaborator permission=Some("read") → merged rank=2 +216µs
guard:wasm [guard:github] INFO:     using path-based labeling with 50 paths +365µs
guard:wasm [guard:github] INFO:     path_output_preview={"labeled_paths":[{"path":"/issues/0","labels":{"description":"issue:apache/cloudstack#2865","secrecy":[],"integrity":["none:all","unapproved:all"]}},{"path":"/issues/1","labels":{"description":"issue:apache/cloudstack#3253","secrecy":[],"integrity":["none:all","unapproved:all"]}},{"path":"/issues/2","labels":{"description":"issue:apache/cloudstack#3360","secrecy":[],"integrity":["none:all","unapproved:all","approved:all"]}},{"path":"/issues/3","labels":{"description":"issue:apache/cloudstack#36 +456µs
guard:wasm [guard:github] INFO: <<< label_response returning 7076 bytes (path-based) +194µs
guard:wasm [guard:github] DEBUG: >>> dealloc(ptr=5302576, size=4194304) +299µs
guard:wasm [guard:github] DEBUG: <<< dealloc complete +228µs
guard:wasm [guard:github] DEBUG: >>> dealloc(ptr=1107776, size=93472) +229µs
guard:wasm [guard:github] DEBUG: <<< dealloc complete +208µs
guard:wasm parsePathLabeledResponse: responseSize=7076 +389µs
difc:path_labels ParsePathLabels: parsing 7076 bytes +29.8s
difc:path_labels ParsePathLabels: parsed 50 labeled paths, hasDefaultLabels=true +498µs
guard:wasm parsePathLabeledResponse: parsed 50 path labels +973µs
difc:path_labels unwrapMCPResponse: detected MCP-wrapped response, unwrapping inner JSON +1ms
difc:path_labels NewPathLabeledData: isMCPWrapped=true, labeledPaths=50 +318µs
difc:path_labels getItems: navigating to items at path=/issues +246µs
difc:path_labels getItems: found 50 items at path=/issues +246µs
difc:path_labels resolve: resolving 50 items with 50 explicit path labels +266µs
guard:wasm parsePathLabeledResponse: converted to CollectionLabeledData successfully +3ms
difc:evaluator Filtering collection: operation=read, totalItems=50 +15.3s
difc:evaluator Evaluating access: operation=read, resource=issue:apache/cloudstack#2865 +224µs
difc:evaluator Evaluating read access (mode=filter): resource=issue:apache/cloudstack#2865, agentSecrecy=[], agentIntegrity=[none:all] +408µs
difc:evaluator Read access allowed: resource=issue:apache/cloudstack#2865 +244µs
difc:evaluator Evaluating access: operation=read, resource=issue:apache/cloudstack#3253 +192µs
difc:evaluator Evaluating read access (mode=filter): resource=issue:apache/cloudstack#3253, agentSecrecy=[], agentIntegrity=[none:all] +180µs
difc:evaluator Read access allowed: resource=issue:apache/cloudstack#3253 +320µs
difc:evaluator Evaluating access: operation=read, resource=issue:apache/cloudstack#3360 +190µs
difc:evaluator Evaluating read access (mode=filter): resource=issue:apache/cloudstack#3360, agentSecrecy=[], agentIntegrity=[none:all] +232µs
difc:evaluator Read access allowed: resource=issue:apache/cloudstack#3360 +177µs
difc:evaluator Evaluating access: operation=read, resource=issue:apache/cloudstack#3679 +181µs
difc:evaluator Evaluating read access (mode=filter): resource=issue:apache/cloudstack#3679, agentSecrecy=[], agentIntegrity=[none:all] +235µs
difc:evaluator Read access allowed: resource=issue:apache/cloudstack#3679 +210µs
difc:evaluator Evaluating access: operation=read, resource=issue:apache/cloudstack#3687 +217µs
difc:evaluator Evaluating read access (mode=filter): resource=issue:apache/cloudstack#3687, agentSecrecy=[], agentIntegrity=[none:all] +224µs
difc:evaluator Read access allowed: resource=issue:apache/cloudstack#3687 +351µs
difc:evaluator Evaluating access: operation=read, resource=issue:apache/cloudstack#3693 +325µs
difc:evaluator Evaluating read access (mode=filter): resource=issue:apache/cloudstack#3693, agentSecrecy=[], agentIntegrity=[none:all] +549µs
difc:evaluator Read access allowed: resource=issue:apache/cloudstack#3693 +305µs
difc:evaluator Evaluating access: operation=read, resource=issue:apache/cloudstack#3751 +243µs
difc:evaluator Evaluating read access (mode=filter): resource=issue:apache/cloudstack#3751, agentSecrecy=[], agentIntegrity=[none:all] +214µs
difc:evaluator Read access allowed: resource=issue:apache/cloudstack#3751 +229µs
difc:evaluator Evaluating access: operation=read, resource=issue:apache/cloudstack#4370 +231µs
difc:evaluator Evaluating read access (mode=filter): resource=issue:apache/cloudstack#4370, agentSecrecy=[], agentIntegrity=[none:all] +216µs
difc:evaluator Read access allowed: resource=issue:apache/cloudstack#4370 +347µs
difc:evaluator Evaluating access: operation=read, resource=issue:apache/cloudstack#4542 +312µs
difc:evaluator Evaluating read access (mode=filter): resource=issue:apache/cloudstack#4542, agentSecrecy=[], agentIntegrity=[none:all] +263µs
difc:evaluator Read access allowed: resource=issue:apache/cloudstack#4542 +243µs
difc:evaluator Evaluating access: operation=read, resource=issue:apache/cloudstack#5174 +223µs
difc:evaluator Evaluating read access (mode=filter): resource=issue:apache/cloudstack#5174, agentSecrecy=[], agentIntegrity=[none:all] +311µs
difc:evaluator Read access allowed: resource=issue:apache/cloudstack#5174 +247µs
difc:evaluator Evaluating access: operation=read, resource=issue:apache/cloudstack#5686 +215µs
difc:evaluator Evaluating read access (mode=filter): resource=issue:apache/cloudstack#5686, agentSecrecy=[], agentIntegrity=[none:all] +220µs
difc:evaluator Read access allowed: resource=issue:apache/cloudstack#5686 +315µs
difc:evaluator Evaluating access: operation=read, resource=issue:apache/cloudstack#5697 +230µs
difc:evaluator Evaluating read access (mode=filter): resource=issue:apache/cloudstack#5697, agentSecrecy=[], agentIntegrity=[none:all] +236µs
difc:evaluator Read access allowed: resource=issue:apache/cloudstack#5697 +211µs
difc:evaluator Evaluating access: operation=read, resource=issue:apache/cloudstack#5739 +270µs
difc:evaluator Evaluating read access (mode=filter): resource=issue:apache/cloudstack#5739, agentSecrecy=[], agentIntegrity=[none:all] +348µs
difc:evaluator Read access allowed: resource=issue:apache/cloudstack#5739 +218µs
difc:evaluator Evaluating access: operation=read, resource=issue:apache/cloudstack#5756 +209µs
difc:evaluator Evaluating read access (mode=filter): resource=issue:apache/cloudstack#5756, agentSecrecy=[], agentIntegrity=[none:all] +262µs
difc:evaluator Read access allowed: resource=issue:apache/cloudstack#5756 +231µs
difc:evaluator Evaluating access: operation=read, resource=issue:apache/cloudstack#5803 +229µs
difc:evaluator Evaluating read access (mode=filter): resource=issue:apache/cloudstack#5803, agentSecrecy=[], agentIntegrity=[none:all] +209µs
difc:evaluator Read access allowed: resource=issue:apache/cloudstack#5803 +287µs
difc:evaluator Evaluating access: operation=read, resource=issue:apache/cloudstack#6163 +241µs
difc:evaluator Evaluating read access (mode=filter): resource=issue:apache/cloudstack#6163, agentSecrecy=[], agentIntegrity=[none:all] +223µs
difc:evaluator Read access allowed: resource=issue:apache/cloudstack#6163 +207µs
difc:evaluator Evaluating access: operation=read, resource=issue:apache/cloudstack#6180 +296µs
difc:evaluator Evaluating read access (mode=filter): resource=issue:apache/cloudstack#6180, agentSecrecy=[], agentIntegrity=[none:all] +201µs
difc:evaluator Read access allowed: resource=issue:apache/cloudstack#6180 +205µs
difc:evaluator Evaluating access: operation=read, resource=issue:apache/cloudstack#6212 +216µs
difc:evaluator Evaluating read access (mode=filter): resource=issue:apache/cloudstack#6212, agentSecrecy=[], agentIntegrity=[none:all] +227µs
difc:evaluator Read access allowed: resource=issue:apache/cloudstack#6212 +288µs
difc:evaluator Evaluating access: operation=read, resource=issue:apache/cloudstack#6391 +224µs
difc:evaluator Evaluating read access (mode=filter): resource=issue:apache/cloudstack#6391, agentSecrecy=[], agentIntegrity=[none:all] +229µs
difc:evaluator Read access allowed: resource=issue:apache/cloudstack#6391 +237µs
difc:evaluator Evaluating access: operation=read, resource=issue:apache/cloudstack#6424 +258µs
difc:evaluator Evaluating read access (mode=filter): resource=issue:apache/cloudstack#6424, agentSecrecy=[], agentIntegrity=[none:all] +230µs
difc:evaluator Read access allowed: resource=issue:apache/cloudstack#6424 +220µs
difc:evaluator Evaluating access: operation=read, resource=issue:apache/cloudstack#6647 +211µs
difc:evaluator Evaluating read access (mode=filter): resource=issue:apache/cloudstack#6647, agentSecrecy=[], agentIntegrity=[none:all] +216µs
difc:evaluator Read access allowed: resource=issue:apache/cloudstack#6647 +228µs
difc:evaluator Evaluating access: operation=read, resource=issue:apache/cloudstack#6672 +235µs
difc:evaluator Evaluating read access (mode=filter): resource=issue:apache/cloudstack#6672, agentSecrecy=[], agentIntegrity=[none:all] +224µs
difc:evaluator Read access allowed: resource=issue:apache/cloudstack#6672 +267µs
difc:evaluator Evaluating access: operation=read, resource=issue:apache/cloudstack#6703 +241µs
difc:evaluator Evaluating read access (mode=filter): resource=issue:apache/cloudstack#6703, agentSecrecy=[], agentIntegrity=[none:all] +291µs
difc:evaluator Read access allowed: resource=issue:apache/cloudstack#6703 +219µs
difc:evaluator Evaluating access: operation=read, resource=issue:apache/cloudstack#6714 +223µs
difc:evaluator Evaluating read access (mode=filter): resource=issue:apache/cloudstack#6714, agentSecrecy=[], agentIntegrity=[none:all] +251µs
difc:evaluator Read access allowed: resource=issue:apache/cloudstack#6714 +221µs
difc:evaluator Evaluating access: operation=read, resource=issue:apache/cloudstack#6715 +227µs
difc:evaluator Evaluating read access (mode=filter): resource=issue:apache/cloudstack#6715, agentSecrecy=[], agentIntegrity=[none:all] +239µs
difc:evaluator Read access allowed: resource=issue:apache/cloudstack#6715 +241µs
difc:evaluator Evaluating access: operation=read, resource=issue:apache/cloudstack#6718 +229µs
difc:evaluator Evaluating read access (mode=filter): resource=issue:apache/cloudstack#6718, agentSecrecy=[], agentIntegrity=[none:all] +227µs
difc:evaluator Read access allowed: resource=issue:apache/cloudstack#6718 +248µs
difc:evaluator Evaluating access: operation=read, resource=issue:apache/cloudstack#6726 +261µs
difc:evaluator Evaluating read access (mode=filter): resource=issue:apache/cloudstack#6726, agentSecrecy=[], agentIntegrity=[none:all] +219µs
difc:evaluator Read access allowed: resource=issue:apache/cloudstack#6726 +226µs
difc:evaluator Evaluating access: operation=read, resource=issue:apache/cloudstack#6746 +205µs
difc:evaluator Evaluating read access (mode=filter): resource=issue:apache/cloudstack#6746, agentSecrecy=[], agentIntegrity=[none:all] +205µs
difc:evaluator Read access allowed: resource=issue:apache/cloudstack#6746 +222µs
difc:evaluator Evaluating access: operation=read, resource=issue:apache/cloudstack#6819 +211µs
difc:evaluator Evaluating read access (mode=filter): resource=issue:apache/cloudstack#6819, agentSecrecy=[], agentIntegrity=[none:all] +212µs
difc:evaluator Read access allowed: resource=issue:apache/cloudstack#6819 +224µs
difc:evaluator Evaluating access: operation=read, resource=issue:apache/cloudstack#6827 +216µs
difc:evaluator Evaluating read access (mode=filter): resource=issue:apache/cloudstack#6827, agentSecrecy=[], agentIntegrity=[none:all] +317µs
difc:evaluator Read access allowed: resource=issue:apache/cloudstack#6827 +2ms
difc:evaluator Evaluating access: operation=read, resource=issue:apache/cloudstack#6849 +263µs
difc:evaluator Evaluating read access (mode=filter): resource=issue:apache/cloudstack#6849, agentSecrecy=[], agentIntegrity=[none:all] +240µs
difc:evaluator Read access allowed: resource=issue:apache/cloudstack#6849 +229µs
difc:evaluator Evaluating access: operation=read, resource=issue:apache/cloudstack#6857 +226µs
difc:evaluator Evaluating read access (mode=filter): resource=issue:apache/cloudstack#6857, agentSecrecy=[], agentIntegrity=[none:all] +227µs
difc:evaluator Read access allowed: resource=issue:apache/cloudstack#6857 +240µs
difc:evaluator Evaluating access: operation=read, resource=issue:apache/cloudstack#6861 +257µs
difc:evaluator Evaluating read access (mode=filter): resource=issue:apache/cloudstack#6861, agentSecrecy=[], agentIntegrity=[none:all] +299µs
difc:evaluator Read access allowed: resource=issue:apache/cloudstack#6861 +236µs
difc:evaluator Evaluating access: operation=read, resource=issue:apache/cloudstack#6866 +211µs
difc:evaluator Evaluating read access (mode=filter): resource=issue:apache/cloudstack#6866, agentSecrecy=[], agentIntegrity=[none:all] +214µs
difc:evaluator Read access allowed: resource=issue:apache/cloudstack#6866 +270µs
difc:evaluator Evaluating access: operation=read, resource=issue:apache/cloudstack#6867 +223µs
difc:evaluator Evaluating read access (mode=filter): resource=issue:apache/cloudstack#6867, agentSecrecy=[], agentIntegrity=[none:all] +291µs
difc:evaluator Read access allowed: resource=issue:apache/cloudstack#6867 +322µs
difc:evaluator Evaluating access: operation=read, resource=issue:apache/cloudstack#6880 +268µs
difc:evaluator Evaluating read access (mode=filter): resource=issue:apache/cloudstack#6880, agentSecrecy=[], agentIntegrity=[none:all] +257µs
difc:evaluator Read access allowed: resource=issue:apache/cloudstack#6880 +254µs
difc:evaluator Evaluating access: operation=read, resource=issue:apache/cloudstack#6913 +234µs
difc:evaluator Evaluating read access (mode=filter): resource=issue:apache/cloudstack#6913, agentSecrecy=[], agentIntegrity=[none:all] +232µs
difc:evaluator Read access allowed: resource=issue:apache/cloudstack#6913 +238µs
difc:evaluator Evaluating access: operation=read, resource=issue:apache/cloudstack#6934 +237µs
difc:evaluator Evaluating read access (mode=filter): resource=issue:apache/cloudstack#6934, agentSecrecy=[], agentIntegrity=[none:all] +233µs
difc:evaluator Read access allowed: resource=issue:apache/cloudstack#6934 +212µs
difc:evaluator Evaluating access: operation=read, resource=issue:apache/cloudstack#6940 +242µs
difc:evaluator Evaluating read access (mode=filter): resource=issue:apache/cloudstack#6940, agentSecrecy=[], agentIntegrity=[none:all] +277µs
difc:evaluator Read access allowed: resource=issue:apache/cloudstack#6940 +215µs
difc:evaluator Evaluating access: operation=read, resource=issue:apache/cloudstack#6966 +253µs
difc:evaluator Evaluating read access (mode=filter): resource=issue:apache/cloudstack#6966, agentSecrecy=[], agentIntegrity=[none:all] +239µs
difc:evaluator Read access allowed: resource=issue:apache/cloudstack#6966 +288µs
difc:evaluator Evaluating access: operation=read, resource=issue:apache/cloudstack#6998 +226µs
difc:evaluator Evaluating read access (mode=filter): resource=issue:apache/cloudstack#6998, agentSecrecy=[], agentIntegrity=[none:all] +220µs
difc:evaluator Read access allowed: resource=issue:apache/cloudstack#6998 +242µs
difc:evaluator Evaluating access: operation=read, resource=issue:apache/cloudstack#6999 +266µs
difc:evaluator Evaluating read access (mode=filter): resource=issue:apache/cloudstack#6999, agentSecrecy=[], agentIntegrity=[none:all] +247µs
difc:evaluator Read access allowed: resource=issue:apache/cloudstack#6999 +220µs
difc:evaluator Evaluating access: operation=read, resource=issue:apache/cloudstack#7041 +246µs
difc:evaluator Evaluating read access (mode=filter): resource=issue:apache/cloudstack#7041, agentSecrecy=[], agentIntegrity=[none:all] +376µs
difc:evaluator Read access allowed: resource=issue:apache/cloudstack#7041 +285µs
difc:evaluator Evaluating access: operation=read, resource=issue:apache/cloudstack#7129 +276µs
difc:evaluator Evaluating read access (mode=filter): resource=issue:apache/cloudstack#7129, agentSecrecy=[], agentIntegrity=[none:all] +255µs
difc:evaluator Read access allowed: resource=issue:apache/cloudstack#7129 +258µs
difc:evaluator Evaluating access: operation=read, resource=issue:apache/cloudstack#7142 +253µs
difc:evaluator Evaluating read access (mode=filter): resource=issue:apache/cloudstack#7142, agentSecrecy=[], agentIntegrity=[none:all] +212µs
difc:evaluator Read access allowed: resource=issue:apache/cloudstack#7142 +243µs
difc:evaluator Evaluating access: operation=read, resource=issue:apache/cloudstack#7155 +228µs
difc:evaluator Evaluating read access (mode=filter): resource=issue:apache/cloudstack#7155, agentSecrecy=[], agentIntegrity=[none:all] +272µs
difc:evaluator Read access allowed: resource=issue:apache/cloudstack#7155 +238µs
difc:evaluator Evaluating access: operation=read, resource=issue:apache/cloudstack#7168 +230µs
difc:evaluator Evaluating read access (mode=filter): resource=issue:apache/cloudstack#7168, agentSecrecy=[], agentIntegrity=[none:all] +277µs
difc:evaluator Read access allowed: resource=issue:apache/cloudstack#7168 +224µs
difc:evaluator Evaluating access: operation=read, resource=issue:apache/cloudstack#7240 +363µs
difc:evaluator Evaluating read access (mode=filter): resource=issue:apache/cloudstack#7240, agentSecrecy=[], agentIntegrity=[none:all] +406µs
difc:evaluator Read access allowed: resource=issue:apache/cloudstack#7240 +302µs
difc:evaluator Evaluating access: operation=read, resource=issue:apache/cloudstack#7280 +255µs
difc:evaluator Evaluating read access (mode=filter): resource=issue:apache/cloudstack#7280, agentSecrecy=[], agentIntegrity=[none:all] +274µs
difc:evaluator Read access allowed: resource=issue:apache/cloudstack#7280 +247µs
difc:evaluator Evaluating access: operation=read, resource=issue:apache/cloudstack#7282 +219µs
difc:evaluator Evaluating read access (mode=filter): resource=issue:apache/cloudstack#7282, agentSecrecy=[], agentIntegrity=[none:all] +247µs
difc:evaluator Read access allowed: resource=issue:apache/cloudstack#7282 +255µs
difc:evaluator Collection filtered: accessible=50, filtered=0, total=50 +230µs
server:unified [DIFC] Filtered collection: 50/50 items accessible +239ms
difc:pipeline_decisions ShouldBlockFilteredResponse: mode=filter, filteredCount=0, block=false +14.0s
difc:resource FilteredCollectionLabeledData.ToResult: returning 50 accessible items (filter_reason=DIFC policy) +15.4s
difc:pipeline_decisions ShouldAccumulateReadLabels: operation=read, mode=filter, accumulate=false +483µs
mcp:tool_result Converting backend result to CallToolResult +15.4s
mcp:tool_result Backend returned array, wrapping as text +238µs
server:response_writer Writing response body: 93111 bytes +15.4s
server:response_writer Retrieving captured body: 93111 bytes +518µs
server:response_writer Retrieving captured status code: 200 +255µs
server:sdk-frontend <<< SDK Response [routed:github] status=200 duration=15.67641577s (non-JSON or stream) +15.4s
server:sdk-frontend     Raw response (truncated): event: message
data: {"jsonrpc":"2.0","id":8,"result":{"content":[{"type":"text","text":"[{\"body\":\"##### ISSUE TYPE\\n * Feature Idea\\n\\n##### COMPONENT NAME\\n* DNS\\n\\n##### CLOUDSTACK VERSION\\n/\\n\\n##### CONFIGURATION\\n* for customer isolated network\\n\\n##### OS / ENVIRONMENT\\n/\\n\\n##### SUMMARY\\nFor adaptive computing it\\u0026#39;s important to get use of additional application local IP addresses which you can move between machines in case of a failure of one of the virtual ... +320µs
tracing:provider Handling request: span=gateway.request, method=POST, path=/mcp/safeoutputs, remoteParent=false +24.9s
tracing:provider Span started: span=gateway.request, traceID=00000000000000000000000000000000 +539µs
server:auth Authenticating request: method=POST, path=/mcp/safeoutputs, remote=172.30.0.20:46320 +24.9s
auth:header Extracting session ID from auth header: sanitized=82ET... +24.9s
auth:header Using plain API key as session ID +330µs
server:sdk-frontend >>> SDK Request [routed:safeoutputs] session=82ETMfnF... mcp-session=(none) method=POST path=/mcp/safeoutputs +9.2s
server:sdk-frontend     JSON-RPC Request: method=initialize id=1 +309µs
server:response_writer Creating new response writer with default status 200 +9.2s
server:session Extracting session from request: remote=172.30.0.20:46320, path=/mcp/safeoutputs +24.8s
auth:header Extracting session ID from auth header: sanitized=82ET... +1ms
auth:header Using plain API key as session ID +261µs
server:session Session extracted successfully: sessionID=82ETMfnF..., remote=172.30.0.20:46320 +803µs
server:helpers Checking request body: method=POST, hasBody=true, sessionID=82ETMfnF... +54.9s
server:helpers Request body read: size=163 bytes, sessionID=82ETMfnF..., backendID=safeoutputs +263µs
server:helpers Request body logged for debugging +626µs
server:session Injecting session context: sessionID=82ETMfnF..., backendID=safeoutputs +1ms
guard:context Setting agent ID in context: 82ETMfnFu36zOUTFvF5DvaYhGvCyRqzWHl94ozcKa3T25DueoUaz61vzUl +23.2s
server:session Adding backend ID to context: backendID=safeoutputs +515µs
server:session Session context injected successfully +246µs
server:routed [CACHE] Cache hit: key=safeoutputs/82ETMfnF... +54.9s
server:routed [INFO] server connecting +267µs
server:routed [INFO] server session connected session_id=SGUSEPJ4MS6R5WQMKDIYB3LD3K +293µs
server:response_writer Writing response body: 209 bytes +4ms
server:response_writer Retrieving captured body: 209 bytes +351µs
server:response_writer Retrieving captured status code: 200 +262µs
server:sdk-frontend <<< SDK Response [routed:safeoutputs] status=200 duration=6.453532ms (non-JSON or stream) +6ms
server:sdk-frontend     Raw response: event: message
data: {"jsonrpc":"2.0","id":1,"result":{"capabilities":{"logging":{},"tools":{"listChanged":true}},"protocolVersion":"2024-11-05","serverInfo":{"name":"awmg-safeoutputs","version":"v0.3.19"}}}

 +241µs
tracing:provider Handling request: span=gateway.request, method=POST, path=/mcp/safeoutputs, remoteParent=false +12ms
tracing:provider Span started: span=gateway.request, traceID=00000000000000000000000000000000 +370µs
server:auth Authenticating request: method=POST, path=/mcp/safeoutputs, remote=172.30.0.20:46320 +13ms
auth:header Extracting session ID from auth header: sanitized=82ET... +11ms
auth:header Using plain API key as session ID +253µs
server:sdk-frontend >>> SDK Request [routed:safeoutputs] session=82ETMfnF... mcp-session=SGUSEPJ4... method=POST path=/mcp/safeoutputs +6ms
server:sdk-frontend     JSON-RPC Request: method=notifications/initialized id=<nil> +324µs
server:response_writer Creating new response writer with default status 200 +8ms
server:response_writer Setting response status code: 202 +334µs
server:routed [INFO] session initialized +9ms
server:response_writer Retrieving captured body: 0 bytes +279µs
server:response_writer Retrieving captured status code: 202 +251µs
server:sdk-frontend <<< SDK Response [routed:safeoutputs] status=202 duration=2.068275ms (empty body) +1ms
tracing:provider Handling request: span=gateway.request, method=POST, path=/mcp/safeoutputs, remoteParent=false +5ms
tracing:provider Span started: span=gateway.request, traceID=00000000000000000000000000000000 +436µs
server:auth Authenticating request: method=POST, path=/mcp/safeoutputs, remote=172.30.0.20:46320 +6ms
auth:header Extracting session ID from auth header: sanitized=82ET... +5ms
auth:header Using plain API key as session ID +297µs
server:sdk-frontend >>> SDK Request [routed:safeoutputs] session=82ETMfnF... mcp-session=SGUSEPJ4... method=POST path=/mcp/safeoutputs +4ms
server:sdk-frontend     JSON-RPC Request: method=tools/call id=2 +208µs
server:response_writer Creating new response writer with default status 200 +5ms
2026/10/02 13:37:20 [ROUTED] Calling unified handler for: noop
server:session Extracted session ID from context: 82ETMfnF... +16ms
mcp:tool_result Parsing arguments for tool: noop +9.2s
mcp:tool_result Parsed 1 arguments +248µs
server:session Extracted session ID from context: 82ETMfnF... +965µs
server:session Extracted session ID from context: 82ETMfnF... +535µs
server:session Checking session: sessionID=82ETMfnF... +277µs
server:session Session validated for ID: 82ETMfnF... +304µs
server:unified callBackendTool: serverID=safeoutputs, toolName=noop, args=map[message:Checked apache/cloudstack for untriaged open issues (no:label search and manual scan of oldest 50 open issues). No issues without labels were found — the backlog is currently fully labeled. No triage actions taken this run.] +9.2s
guard:registry Getting guard for serverID=safeoutputs +24.9s
guard:registry Found guard for serverID=safeoutputs, guardName=write-sink +289µs
server:session Extracted session ID from context: 82ETMfnF... +1ms
server:guard_init Resolving guard policy: serverID=safeoutputs +24.9s
config:guard_policy ParseServerGuardPolicy: serverID=safeoutputs, keyCount=1 +24.9s
config:guard_policy ParsePolicyMap: hasAllowOnly=false, hasWriteSink=true, keyCount=1 +344µs
config:guard_policy Parsing guard policy JSON: len=31 +336µs
config:guard_policy UnmarshalJSON: parsing guard policy, keys=1 +248µs
config:guard_policy UnmarshalJSON: guard policy type is write-sink +269µs
config:guard_policy ValidateGuardPolicy: delegating to write-sink validation, acceptCount=1 +234µs
config:guard_policy ValidateWriteSinkPolicy: acceptCount=1 +247µs
config:guard_policy ValidateWriteSinkPolicy: wildcard accept, policy is valid +246µs
server:guard_init Using server-level guard policy: serverID=safeoutputs +2ms
guard:wasm BuildLabelAgentPayload: trustedBots=0, trustedUsers=0 +9.3s
guard:context Retrieved agent ID from context: 82ETMfnFu36zOUTFvF5DvaYhGvCyRqzWHl94ozcKa3T25DueoUaz61vzUl +24ms
difc:agent GetOrCreate called for agentID=82ETMfnFu36zOUTFvF5DvaYhGvCyRqzWHl94ozcKa3T25DueoUaz61vzUl +24.9s
guard:label_agent Calling LabelAgent: guard=write-sink +52.1s
guard:write-sink LabelAgent: returning empty labels (write-sink does not label agents) +1.3m
guard:guard Creating empty agent labels result: mode="filter" +52.1s
guard:guard Applying label agent result: difc_mode="filter", secrecy_tags=0, integrity_tags=0, defaultMode=strict +259µs
guard:guard Enforcement mode overridden: default=strict, override=filter +247µs
difc:agent Agent 82ETMfnFu36zOUTFvF5DvaYhGvCyRqzWHl94ozcKa3T25DueoUaz61vzUl adding 0 secrecy tags +1ms
difc:agent Agent 82ETMfnFu36zOUTFvF5DvaYhGvCyRqzWHl94ozcKa3T25DueoUaz61vzUl adding 0 integrity tags +260µs
guard:guard Label agent result applied: effective_mode=filter +763µs
guard:label_agent LabelAgent completed: guard=write-sink, mode=filter +2ms
guard:context Retrieved agent ID from context: 82ETMfnFu36zOUTFvF5DvaYhGvCyRqzWHl94ozcKa3T25DueoUaz61vzUl +3ms
difc:agent GetOrCreate called for agentID=82ETMfnFu36zOUTFvF5DvaYhGvCyRqzWHl94ozcKa3T25DueoUaz61vzUl +1ms
server:unified [DIFC] Agent 82ETMfnFu36zOUTFvF5DvaYhGvCyRqzWHl94ozcKa3T25DueoUaz61vzUl | Secrecy: [] | Integrity: [none:all] +9ms
guard:context Setting request state in context +703µs
guard:write-sink LabelResource: tool=noop, operation=write, accept_tags=1 +3ms
difc:labels Creating label with 1 initial tags: [*] +24.6s
server:unified [DIFC] Resource: write-sink (noop) | Operation: write | Secrecy: [*] | Integrity: [] +1ms
difc:pipeline_decisions ShouldBypassCoarseDeny: operation=write, bypass=false +9.2s
difc:evaluator Evaluating access: operation=write, resource=write-sink (noop) +9.3s
difc:evaluator Evaluating write access: resource=write-sink (noop), agentSecrecy=[], agentIntegrity=[none:all] +201µs
difc:evaluator Write access allowed: resource=write-sink (noop) +235µs
server:unified [DIFC] Access ALLOWED for agent 82ETMfnFu36zOUTFvF5DvaYhGvCyRqzWHl94ozcKa3T25DueoUaz61vzUl to write-sink (noop) +1ms
server:unified executeBackendToolCall: serverID=safeoutputs, toolName=noop +239µs
launcher:launcher HTTP backend detected, using stateless connection: serverID=safeoutputs +9.5s
mcp:connection Dispatching SDK method: tools/call, serverID=safeoutputs +9.5s
mcp:connection callTool: parsed name=noop, argumentCount=1 +243µs
difc:pipeline_decisions ShouldCallLabelResponse: operation=write, mode=filter, result=false +8ms
server:unified [DIFC] Skipping LabelResponse() for write operation in filter mode +7ms
difc:pipeline_decisions ShouldAccumulateReadLabels: operation=write, mode=filter, accumulate=false +532µs
mcp:tool_result Converting backend result to CallToolResult +21ms
mcp:tool_result Converted result: content_items=1, is_error=false +236µs
server:response_writer Writing response body: 120 bytes +23ms
server:response_writer Retrieving captured body: 120 bytes +298µs
server:response_writer Retrieving captured status code: 200 +257µs
server:sdk-frontend <<< SDK Response [routed:safeoutputs] status=200 duration=24.951717ms (non-JSON or stream) +24ms
server:sdk-frontend     Raw response: event: message
data: {"jsonrpc":"2.0","id":2,"result":{"content":[{"type":"text","text":"{\"result\":\"success\"}"}]}}

 +262µs
tracing:provider Handling request: span=gateway.request, method=DELETE, path=/mcp/github, remoteParent=false +2.4s
tracing:provider Handling request: span=gateway.request, method=DELETE, path=/mcp/safeoutputs, remoteParent=false +204µs
tracing:provider Span started: span=gateway.request, traceID=00000000000000000000000000000000 +271µs
server:auth Authenticating request: method=DELETE, path=/mcp/github, remote=172.30.0.20:46334 +2.4s
auth:header Extracting session ID from auth header: sanitized=82ET... +2.4s
tracing:provider Span started: span=gateway.request, traceID=00000000000000000000000000000000 +1ms
server:auth Authenticating request: method=DELETE, path=/mcp/safeoutputs, remote=172.30.0.20:46336 +1ms
auth:header Using plain API key as session ID +813µs
auth:header Extracting session ID from auth header: sanitized=82ET... +2ms
server:sdk-frontend >>> SDK Request [routed:github] session=82ETMfnF... mcp-session=3H4QIZWT... method=DELETE path=/mcp/github +2.4s
server:response_writer Creating new response writer with default status 200 +2.4s
server:response_writer Retrieving captured body: 0 bytes +294µs
server:routed [INFO] server session disconnected session_id=3H4QIZWTKK5TJXIKOSCVEL4GJU +2.4s
server:response_writer Retrieving captured status code: 200 +357µs
auth:header Using plain API key as session ID +1ms
server:response_writer Setting response status code: 204 +549µs
server:sdk-frontend <<< SDK Response [routed:github] status=200 duration=57.365759538s (empty body) +1ms
server:sdk-frontend >>> SDK Request [routed:safeoutputs] session=82ETMfnF... mcp-session=A4ZGYUOB... method=DELETE path=/mcp/safeoutputs +596µs
server:response_writer Creating new response writer with default status 200 +1ms
server:response_writer Retrieving captured body: 0 bytes +270µs
server:routed [INFO] server session disconnected session_id=A4ZGYUOBKCOTP42WMWSJX2A4LL +2ms
server:response_writer Retrieving captured body: 0 bytes +200µs
server:response_writer Retrieving captured status code: 204 +303µs
server:sdk-frontend <<< SDK Response [routed:github] status=204 duration=7.042662ms (empty body) +1ms
server:response_writer Retrieving captured status code: 200 +562µs
server:sdk-frontend <<< SDK Response [routed:safeoutputs] status=200 duration=57.365077688s (empty body) +458µs
server:response_writer Setting response status code: 204 +484µs
server:response_writer Retrieving captured body: 0 bytes +831µs
server:response_writer Retrieving captured status code: 204 +307µs
server:sdk-frontend <<< SDK Response [routed:safeoutputs] status=204 duration=5.577103ms (empty body) +1ms
server:response_writer Creating new response writer with default status 200 +1.7s
server:auth Authenticating request: method=POST, path=/close, remote=[::1]:39518 +1.8s
2026/10/02 13:37:24 [[::1]:39518] POST /close
server:handlers Initiating gateway shutdown +1.3m
launcher:health Stopping health monitor, waiting for background goroutine to finish +20.4s
launcher:health Health monitor stopped +220µs
launcher:launcher Retrieved server IDs: count=2, ids=[github safeoutputs] +4.2s
launcher:launcher Closing launcher: connections=2, hasSessionPool=true +443µs
launcher:launcher Closing 2 connections +229µs
mcp:connection Closing connection: serverID=safeoutputs, isHTTP=true +4.2s
mcp:connection Closing connection: serverID=github, isHTTP=false +855µs
launcher:launcher Stopping session connection pool +4ms
launcher:pool Stopping connection pool +13.7s
launcher:pool Context cancelled, stopping cleanup +352µs
launcher:pool Cleanup goroutine stopped +445µs
launcher:pool Closing connection: backend=github, session=82ETMfnFu36zOUTFvF5DvaYhGvCyRqzWHl94ozcKa3T25DueoUaz61vzUl +500µs
launcher:pool Connection pool stopped +326µs
launcher:launcher Launcher closed successfully +2ms
guard:wasm Closing global compilation cache +4.2s
guard:wasm Global compilation cache closed +247µs
server:handlers Shutdown completed: servers_terminated=2 +10ms
httputil:httputil Writing JSON response: statusCode=200 +13.7s
server:response_writer Setting response status code: 200 +12ms
httputil:httputil JSON response body size: 80 bytes +670µs
server:response_writer Writing response body: 80 bytes +562µs
2026/10/02 13:37:24 Gateway shutdown initiated. Terminated 2 server(s)
server:response_writer Retrieving captured body: 80 bytes +508µs
server:response_writer Retrieving captured body: 80 bytes +280µs
server:response_writer Retrieving captured status code: 200 +314µs
server:helpers [[::1]:39518] POST /close - Status: 200, Response: {"message":"Gateway shutdown initiated","serversTerminated":2,"status":"closed"} +4.2s
cmd:root Shutting down tracing provider +1.3m
2026/10/02 13:37:24 Shutting down...
cmd:root Tracing provider shut down successfully +812µs
